run,n,side,neuron,energy,dom_dim,dom_k,e_dom,single,alpha_refl,r1
D59_MLP_seed1,59,x,0,385.5429313565574,2,8,0.9941487277169632,True,0.9979539730364259,0.9999999632723444
D59_MLP_seed1,59,x,1,737.485938806284,2,6,0.9958698243791096,True,0.9988347961679288,0.9999952446941438
D59_MLP_seed1,59,x,2,331.3465785798357,2,14,0.9726901425463885,True,0.9980965064482653,0.9999852568880706
D59_MLP_seed1,59,x,3,199.63150173481773,2,14,0.9648377668468703,True,0.9976501208449198,0.9999934327594043
D59_MLP_seed1,59,x,4,615.5809236077699,2,14,0.9640461048328942,True,0.9975981761317558,0.999990892653894
D59_MLP_seed1,59,x,5,726.2927265721481,2,19,0.9942020947324924,True,0.998308796028993,0.9999979568114677
D59_MLP_seed1,59,x,6,513.6922950972029,2,8,0.9916650729647265,True,0.9984146714294457,0.9999998031128482
D59_MLP_seed1,59,x,7,436.6631489504418,2,20,0.9858830062091721,True,0.9979056353763747,0.9999843395099962
D59_MLP_seed1,59,x,8,357.2327739454584,2,3,0.9892406781976223,True,0.9968015613797578,0.999999034319173
D59_MLP_seed1,59,x,9,673.080053396064,2,19,0.9904577377464614,True,0.9947858286659383,0.9999835074537343
D59_MLP_seed1,59,x,10,649.1887201104779,2,19,0.9931834458714665,True,0.9963143061638052,0.9999857532056214
D59_MLP_seed1,59,x,11,489.35786686579945,2,6,0.9945131321128915,True,0.9978507587342587,0.999996558221939
D59_MLP_seed1,59,x,12,409.6041990957479,2,19,0.991797381167602,True,0.9958522881810764,0.9999710376447309
D59_MLP_seed1,59,x,13,418.76696982219534,2,20,0.9858971814740651,True,0.9979105674508825,0.9999852993216254
D59_MLP_seed1,59,x,14,605.5962089548042,2,3,0.9939618258407591,True,0.998704132601136,0.999999370678027
D59_MLP_seed1,59,x,15,367.1241986091582,2,8,0.9935784589156038,True,0.998809733253795,0.9999928086995741
D59_MLP_seed1,59,x,16,698.5966668275325,2,3,0.9930775898738953,True,0.9985697772052025,0.9999968629808503
D59_MLP_seed1,59,x,17,617.0611466830384,2,8,0.9927603309992321,True,0.9992271810018456,0.9999994102012937
D59_MLP_seed1,59,x,18,392.29500838884195,2,14,0.9643773230280361,True,0.9976818536854037,0.9999919312514403
D59_MLP_seed1,59,x,19,536.2163228650847,2,8,0.9921239773247527,True,0.9979853781860397,0.9999984634682804
D59_MLP_seed1,59,x,20,429.0245819435725,2,19,0.9941143846480887,True,0.9963932349339527,0.9999754430725953
D59_MLP_seed1,59,x,21,418.3876297569054,2,6,0.9943847631505068,True,0.9984444276726238,0.9999943323465865
D59_MLP_seed1,59,x,22,356.885605079407,2,19,0.9936327368283118,True,0.9978083655076343,0.9999793208352582
D59_MLP_seed1,59,x,23,611.8091560021115,2,3,0.9942070878593772,True,0.9989134838257367,0.9999970733457676
D59_MLP_seed1,59,x,24,454.33619831263377,2,8,0.9916273865585908,True,0.9980210397598472,0.9999962623269323
D59_MLP_seed1,59,x,25,420.8087763678975,2,20,0.9858009661925257,True,0.9977523630694253,0.9999841987952119
D59_MLP_seed1,59,x,26,621.6772784784642,2,8,0.9922093366395193,True,0.9985009958833582,0.9999999274592691
D59_MLP_seed1,59,x,27,158.94015706201353,2,7,0.9046421947489501,True,0.9961398334237217,0.9999956162528861
D59_MLP_seed1,59,x,28,355.7895937052263,2,19,0.9931285222445354,True,0.9968158110244217,0.9999742302602225
D59_MLP_seed1,59,x,29,511.87090896185657,2,8,0.9942548519621967,True,0.9988600866389675,0.9999998831494827
D59_MLP_seed1,59,x,30,481.2056232475401,2,19,0.99253491726598,True,0.997083236585588,0.9999842080470462
D59_MLP_seed1,59,x,31,506.78534950016785,2,19,0.992180677697694,True,0.9967979672028217,0.9999981054572576
D59_MLP_seed1,59,x,32,510.169249897289,2,15,0.9871715863851022,True,0.9930293282458889,0.9999999966837176
D59_MLP_seed1,59,x,33,158.91282024851037,2,7,0.9046418652440015,True,0.996140312330387,0.999995614064867
D59_MLP_seed1,59,x,34,936.9256066705299,2,15,0.9907126414493578,True,0.9974752556276931,0.9999999861784816
D59_MLP_seed1,59,x,35,606.7842571700025,2,15,0.9886198082832758,True,0.9989437116068105,0.9999999907621777
D59_MLP_seed1,59,x,36,416.5005358346005,2,14,0.9775321925221483,True,0.9985407437924998,0.999988070337562
D59_MLP_seed1,59,x,37,178.00897704181352,2,7,0.9049997071615834,True,0.9964150388703227,0.9999952105804039
D59_MLP_seed1,59,x,38,410.2372716343026,2,20,0.9872570195119615,True,0.9981723475424957,0.99996140640134
D59_MLP_seed1,59,x,39,349.5341016841731,2,3,0.9923323754408913,True,0.9982073427143643,0.9999995955335257
D59_MLP_seed1,59,x,40,496.003164435055,2,8,0.9900902908836238,True,0.9986260488949147,0.9999999930718708
D59_MLP_seed1,59,x,41,655.06265143413,2,19,0.9934173777017392,True,0.9963700917021139,0.9999746898445888
D59_MLP_seed1,59,x,42,442.14248538949784,2,19,0.990325323533772,True,0.9955735408221005,0.9999765554999362
D59_MLP_seed1,59,x,43,577.6949687983293,2,15,0.9856658265256668,True,0.9963300282159737,0.9999999341336248
D59_MLP_seed1,59,x,44,603.2736302761552,2,8,0.9907637169376237,True,0.9980974247416862,0.9999954885071972
D59_MLP_seed1,59,x,45,404.4612036166899,2,20,0.9871956003171601,True,0.9980320399512138,0.9999606539112631
D59_MLP_seed1,59,x,46,835.1131580159229,2,15,0.9929014493905635,True,0.9967460577986853,0.9999858088229177
D59_MLP_seed1,59,x,47,356.8870591819917,2,19,0.993633316361983,True,0.997807923562294,0.9999793192480382
D59_MLP_seed1,59,x,48,616.7682043273819,2,14,0.9640085840021586,True,0.9976671623097596,0.9999919807900872
D59_MLP_seed1,59,x,49,679.2114082360789,2,3,0.993617056874077,True,0.9987904399882513,0.9999973366715037
D59_MLP_seed1,59,x,50,199.62813572199485,2,14,0.9648374019972303,True,0.9976501618050074,0.999993432451174
D59_MLP_seed1,59,x,51,348.2964290596601,2,14,0.9774179248401103,True,0.9982100687370551,0.9999874826767765
D59_MLP_seed1,59,x,52,417.24091737122666,2,20,0.9858414045598256,True,0.99792457403689,0.9999857995064693
D59_MLP_seed1,59,x,53,787.2808039968729,2,6,0.9945054747947172,True,0.9989111788132595,0.9999911538261034
D59_MLP_seed1,59,x,54,641.8408937707684,2,15,0.9896220865550788,True,0.9959357230794995,0.9999938582978515
D59_MLP_seed1,59,x,55,599.7973669758888,2,8,0.9915804173406,True,0.9988954888707713,0.9999996418038304
D59_MLP_seed1,59,x,56,213.70587103045048,2,8,0.9870201401346675,True,0.997456226373405,0.999995241221124
D59_MLP_seed1,59,x,57,310.1219328769607,2,7,0.9045098991155552,True,0.9963797437169393,0.9999961792271869
D59_MLP_seed1,59,x,58,620.4259122439507,2,8,0.9906437961865592,True,0.9981221132810325,0.9999941425548154
D59_MLP_seed1,59,x,59,663.7892917077737,2,3,0.9938783665560894,True,0.9990609412465297,0.9999943075825979
D59_MLP_seed1,59,x,60,324.5315527715656,2,14,0.9636846767486473,True,0.9973548465601678,0.9999922261642332
D59_MLP_seed1,59,x,61,354.49068691762733,2,14,0.9763814081268656,True,0.9983591599268521,0.9999813128426471
D59_MLP_seed1,59,x,62,390.18173661469933,2,19,0.9896192926829195,True,0.9953221862617849,0.9999949291484996
D59_MLP_seed1,59,x,63,418.50351271278845,2,20,0.9857270626163898,True,0.9979241485513578,0.9999865553279927
D59_MLP_seed1,59,x,64,411.78362085592283,2,20,0.987200197464031,True,0.998247078035365,0.9999604346709596
D59_MLP_seed1,59,x,65,648.5578902021826,2,3,0.9939866983323169,True,0.9989315058108721,0.9999981563254265
D59_MLP_seed1,59,x,66,616.2973123406529,2,15,0.9881924785639673,True,0.9987040473289054,0.9999906646466188
D59_MLP_seed1,59,x,67,421.9382350582542,2,20,0.9857853608383546,True,0.9978739347611019,0.9999834722364079
D59_MLP_seed1,59,x,68,434.77280918179883,2,15,0.9922922252977031,True,0.9976270840714985,0.9999899158202645
D59_MLP_seed1,59,x,69,794.6651148467336,2,6,0.994195182205815,True,0.9983879513297058,0.9999976208182911
D59_MLP_seed1,59,x,70,433.28262673979305,2,19,0.9938494620670655,True,0.9971767283043664,0.9999966995703974
D59_MLP_seed1,59,x,71,389.8721623237673,2,8,0.9927608106990353,True,0.9986494086078925,0.999997966491515
D59_MLP_seed1,59,x,72,1000.5384067528364,2,15,0.9915031499012708,True,0.9985755238742171,0.9999995847303629
D59_MLP_seed1,59,x,73,964.262079291951,2,15,0.9922611114880222,True,0.9966712439913132,0.9999994308739145
D59_MLP_seed1,59,x,74,182.51184566537844,2,7,0.9048731042819095,True,0.9965628233708933,0.9999967637529488
D59_MLP_seed1,59,x,75,355.78992058517554,2,19,0.9931284780357769,True,0.9968156839399058,0.9999742297894615
D59_MLP_seed1,59,x,76,345.4374401228875,2,19,0.992779702357765,True,0.9959099274838603,0.9999684245951742
D59_MLP_seed1,59,x,77,184.90079577653017,2,7,0.9047768770510548,True,0.9964640652005747,0.9999964960266249
D59_MLP_seed1,59,x,78,425.58408767841735,2,20,0.9857207141639662,True,0.9978462000301777,0.9999843831927071
D59_MLP_seed1,59,x,79,327.012876880629,2,14,0.9651039071140428,True,0.9972271031780552,0.999986768492559
D59_MLP_seed1,59,x,80,171.16037890248123,2,14,0.9777824296109596,True,0.9983518260769481,0.9999886691195853
D59_MLP_seed1,59,x,81,472.87121807035584,2,19,0.9912866638394651,True,0.9954566854747487,0.9999868617944814
D59_MLP_seed1,59,x,82,813.3707052125038,2,6,0.9937436438051949,True,0.9986954487271889,0.9999956814561249
D59_MLP_seed1,59,x,83,784.3574028738112,2,6,0.9944860758528863,True,0.9989430743290187,0.9999914182837136
D59_MLP_seed1,59,x,84,812.023382988065,2,6,0.9936869637286028,True,0.9984827532323476,0.9999948909959604
D59_MLP_seed1,59,x,85,642.5988656367356,2,3,0.9923457742278128,True,0.9979947026746212,0.9999971538107724
D59_MLP_seed1,59,x,86,560.7293449354592,2,8,0.9907880484007658,True,0.9986004593933775,0.9999965668488044
D59_MLP_seed1,59,x,87,801.1721110956125,2,6,0.9950562898013715,True,0.9993308120811458,0.9999951472411226
D59_MLP_seed1,59,x,88,685.8142339381619,2,15,0.9925392752634707,True,0.9976324375419006,0.9999838516072529
D59_MLP_seed1,59,x,89,779.4488296416091,2,6,0.994334892890228,True,0.9988469562788558,0.9999946276897248
D59_MLP_seed1,59,x,90,431.0042976923797,2,14,0.9774934103964777,True,0.9982725644633822,0.9999847670438737
D59_MLP_seed1,59,x,91,605.4619298167624,2,3,0.9930841186901662,True,0.9985094061521381,0.9999991300535267
D59_MLP_seed1,59,x,92,622.4620592500753,2,3,0.992645314998944,True,0.9987185166817758,0.9999974925957856
D59_MLP_seed1,59,x,93,341.52230517479984,2,8,0.991891078194882,True,0.9986348530240141,0.9999999230713386
D59_MLP_seed1,59,x,94,434.777009149093,2,15,0.992293298719209,True,0.997627703324307,0.9999899135765395
D59_MLP_seed1,59,x,95,597.7137049396434,2,8,0.9905167780040187,True,0.9985184323526015,0.9999959746061767
D59_MLP_seed1,59,x,96,427.13177702220787,2,6,0.9923688737138422,True,0.996270420773443,0.9999835960350771
D59_MLP_seed1,59,x,97,814.4178044235935,2,15,0.9923394469826161,True,0.9984318132107233,0.9999898878834131
D59_MLP_seed1,59,x,98,623.95609525975,2,8,0.9911628988781576,True,0.9984366864538656,0.9999988414458442
D59_MLP_seed1,59,x,99,598.1763781440063,2,15,0.9884678501414991,True,0.9975839589992024,0.9999957853038957
D59_MLP_seed1,59,x,100,480.26664431701727,2,19,0.9942227746742981,True,0.9974930540765371,0.9999989347238208
D59_MLP_seed1,59,x,101,607.4793211732979,2,15,0.9931191926322865,True,0.9983042783826884,0.9999998521733339
D59_MLP_seed1,59,x,102,415.9251877839722,2,19,0.9924880327674402,True,0.9962021221402582,0.9999895168603827
D59_MLP_seed1,59,x,103,347.37299452158953,2,14,0.9770516582792478,True,0.9986431771893616,0.9999834383434636
D59_MLP_seed1,59,x,104,632.2541067025873,2,3,0.9942683035883757,True,0.9988439126352103,0.9999996704218773
D59_MLP_seed1,59,x,105,0.005324896881138375,2,19,0.9891682691879528,True,0.9944406775449997,0.9999732757223363
D59_MLP_seed1,59,x,106,498.93876434332327,2,8,0.9900385350894005,True,0.9984926254423486,0.9999995853180927
D59_MLP_seed1,59,x,107,421.72038146967606,2,20,0.9872032056119158,True,0.9982591694933548,0.9999616028385528
D59_MLP_seed1,59,x,108,732.500604652591,2,6,0.9940728362933207,True,0.9977161664530139,0.9999904739536094
D59_MLP_seed1,59,x,109,580.9701166100285,2,8,0.991705672291776,True,0.9989362648120345,0.9999997998314475
D59_MLP_seed1,59,x,110,481.29031020543607,2,19,0.9951224575858458,True,0.9972734571292164,0.9999726910100564
D59_MLP_seed1,59,x,111,190.41002437897396,2,7,0.9050086062859137,True,0.9963706647318038,0.9999953276304178
D59_MLP_seed1,59,x,112,407.4159333025745,2,20,0.9858530559365359,True,0.997764834019047,0.9999870037481248
D59_MLP_seed1,59,x,113,421.3295342847986,2,20,0.9871603600888341,True,0.9980162151467669,0.9999596313133885
D59_MLP_seed1,59,x,114,785.4595546022057,2,6,0.9939940792955948,True,0.9985162639828615,0.9999921969309269
D59_MLP_seed1,59,x,115,348.54130733955486,2,19,0.9939537128569826,True,0.9974633002117378,0.9999986774325854
D59_MLP_seed1,59,x,116,434.54269345242847,2,20,0.9870952780570968,True,0.9981171165279501,0.999958293288593
D59_MLP_seed1,59,x,117,171.15744096240567,2,14,0.9777821660732661,True,0.9983513782465805,0.9999886672002243
D59_MLP_seed1,59,x,118,414.6918442921767,2,20,0.9872801644840398,True,0.9982225235206471,0.9999570064201946
D59_MLP_seed1,59,x,119,634.8289417082635,2,3,0.9930987007881639,True,0.9988034361095852,0.9999962917102581
D59_MLP_seed1,59,x,120,758.31849539082,2,15,0.985826540855773,True,0.9983235557090703,0.9999999296137851
D59_MLP_seed1,59,x,121,1010.4810161792162,2,15,0.9909981470695177,True,0.9972411663577453,0.9999967154243914
D59_MLP_seed1,59,x,122,348.53743173976665,2,19,0.9939530617201872,True,0.9974629537563084,0.9999986770751422
D59_MLP_seed1,59,x,123,414.16532410706463,2,20,0.9871721745686256,True,0.9981390180650278,0.9999616510472265
D59_MLP_seed1,59,x,124,418.38662074783537,2,6,0.9943841987285834,True,0.9984443084414836,0.9999943331293717
D59_MLP_seed1,59,x,125,543.5320379573083,2,15,0.9839286060229886,True,0.9971706084693035,0.9999958787218923
D59_MLP_seed1,59,x,126,662.2854039332442,2,15,0.9867637815412006,True,0.9980931241926579,0.9999956349342766
D59_MLP_seed1,59,x,127,770.9386749612667,2,15,0.9917200695051499,True,0.9963220710479439,0.9999998497325165
D59_MLP_seed1,59,y,0,404.59022489608515,2,8,0.9916345020252733,True,0.9984646741625355,0.9999894118320193
D59_MLP_seed1,59,y,1,786.0885454035925,2,6,0.9932741434908957,True,0.9988312352184924,0.9999616359405021
D59_MLP_seed1,59,y,2,327.886141983309,2,14,0.9692126461498436,True,0.9963223037885086,0.9999989248757134
D59_MLP_seed1,59,y,3,193.9062944097127,2,14,0.9746275271596359,True,0.9980965684280747,0.9999991926129634
D59_MLP_seed1,59,y,4,594.279696244794,2,14,0.9723215492757327,True,0.9983734807630869,0.9999995873292228
D59_MLP_seed1,59,y,5,745.345493393357,2,19,0.9960872552413756,True,0.9989863384727138,0.9999989873529701
D59_MLP_seed1,59,y,6,532.8059335128054,2,8,0.9941117923607568,True,0.9987162928731295,0.9999956891767584
D59_MLP_seed1,59,y,7,434.35031190165734,2,20,0.9867918933214666,True,0.9988269131357755,0.999997611248957
D59_MLP_seed1,59,y,8,353.7767408374077,2,3,0.9900553032054976,True,0.9967687478138507,0.9999975112486621
D59_MLP_seed1,59,y,9,709.4595396073026,2,19,0.9934580749560892,True,0.9984020618082589,0.9999921499660235
D59_MLP_seed1,59,y,10,682.9715677063365,2,19,0.9936161300708626,True,0.9979382052147504,0.9999992407885492
D59_MLP_seed1,59,y,11,508.5127620272788,2,6,0.9937618656259717,True,0.9990599149546087,0.9999912028885457
D59_MLP_seed1,59,y,12,421.46793548936785,2,19,0.992547853882986,True,0.9987997232793664,0.9999905772461868
D59_MLP_seed1,59,y,13,418.9967596435372,2,20,0.9859449463677491,True,0.9991179980261025,0.9999682184576478
D59_MLP_seed1,59,y,14,632.8841841150927,2,3,0.9915464167341036,True,0.998678776553714,0.9999980029205642
D59_MLP_seed1,59,y,15,396.6727748432731,2,8,0.9920389983835823,True,0.9989549818584074,0.9999931004106679
D59_MLP_seed1,59,y,16,733.7279204958261,2,3,0.9916473479310829,True,0.9986511796532453,0.9999964483562465
D59_MLP_seed1,59,y,17,653.6711863883104,2,8,0.9924250406744416,True,0.9992072933880323,0.9999997474666195
D59_MLP_seed1,59,y,18,379.7070802139527,2,14,0.9750288164594344,True,0.998049376397183,0.999998756203961
D59_MLP_seed1,59,y,19,560.1278226296255,2,8,0.9922964996758794,True,0.9986858006424524,0.9999998672115451
D59_MLP_seed1,59,y,20,423.28636841286306,2,19,0.9941730694858693,True,0.9978277035752802,0.999999693425015
D59_MLP_seed1,59,y,21,445.0744926137403,2,6,0.9932177291007714,True,0.9988487981770295,0.9999647633735036
D59_MLP_seed1,59,y,22,369.3923508953416,2,19,0.9913694724500987,True,0.9967448731556078,0.9999985179736044
D59_MLP_seed1,59,y,23,646.1156440321602,2,3,0.9911757058292703,True,0.9987295748342536,0.9999972472799323
D59_MLP_seed1,59,y,24,477.10065483737947,2,8,0.9893396561965865,True,0.9986170992089914,0.9999997471685264
D59_MLP_seed1,59,y,25,420.80484518812494,2,20,0.9860290502144082,True,0.9992025725913732,0.999967930409886
D59_MLP_seed1,59,y,26,647.7893660462295,2,8,0.99162274159201,True,0.9993197994926236,0.9999912280746619
D59_MLP_seed1,59,y,27,135.55941351978703,2,7,0.9369522853887664,True,0.9855941275943273,0.9999341607721709
D59_MLP_seed1,59,y,28,372.9804768163485,2,19,0.9962502742876154,True,0.9992314032404254,0.9999995153255409
D59_MLP_seed1,59,y,29,544.4517543892488,2,8,0.9933238489088856,True,0.9986696340262651,0.9999997830197561
D59_MLP_seed1,59,y,30,491.0583894342141,2,19,0.9936159131909525,True,0.9982562828516454,0.9999934010219158
D59_MLP_seed1,59,y,31,519.6377626608365,2,19,0.9945062879283458,True,0.99904681394098,0.9999961902466505
D59_MLP_seed1,59,y,32,511.1060268147107,2,15,0.990004849250155,True,0.995706562283722,0.9999982498004197
D59_MLP_seed1,59,y,33,135.53751722463508,2,7,0.9369524563850095,True,0.9855946925623885,0.999934166543121
D59_MLP_seed1,59,y,34,937.4858161073231,2,15,0.9869392069716939,True,0.9983602140362281,0.9999995481181856
D59_MLP_seed1,59,y,35,595.7630025835897,2,15,0.9914877411247162,True,0.9984552693456318,0.9999988457949831
D59_MLP_seed1,59,y,36,427.35515093740486,2,14,0.9755573686082787,True,0.9984116036280395,0.999999074890675
D59_MLP_seed1,59,y,37,148.91470015801752,2,7,0.9619983798116238,True,0.9927926154556956,0.9999681248021121
D59_MLP_seed1,59,y,38,414.44390250956815,2,20,0.9860936522654212,True,0.99921300739896,0.9999661935142439
D59_MLP_seed1,59,y,39,361.09874575410026,2,3,0.9883308802274294,True,0.9972085245038466,0.9999968286157914
D59_MLP_seed1,59,y,40,519.4359835847351,2,8,0.9907647401128661,True,0.9989168984164731,0.9999912098449305
D59_MLP_seed1,59,y,41,679.2168072685308,2,19,0.9942533958635259,True,0.9989924607019118,0.9999925992498506
D59_MLP_seed1,59,y,42,461.0153215620848,2,19,0.993642595555277,True,0.9981883140077474,0.9999936307172483
D59_MLP_seed1,59,y,43,561.2794238098212,2,15,0.9904726286568577,True,0.9985055457006015,0.999999022562781
D59_MLP_seed1,59,y,44,627.8726966186571,2,8,0.9934338724261942,True,0.9983612000768307,0.9999922664542232
D59_MLP_seed1,59,y,45,407.48724653196905,2,20,0.9868152797694081,True,0.9988742547611051,0.9999974687132976
D59_MLP_seed1,59,y,46,857.1521985056409,2,15,0.9919513957664959,True,0.997787075266514,0.9999766183550008
D59_MLP_seed1,59,y,47,369.39263246929136,2,19,0.9913682139990042,True,0.9967454002834009,0.999998517732658
D59_MLP_seed1,59,y,48,595.8128267590378,2,14,0.9723065100598839,True,0.9983723625799276,0.999999738577355
D59_MLP_seed1,59,y,49,725.9575142600605,2,3,0.9903149403912181,True,0.9989104633083385,0.9999989020392969
D59_MLP_seed1,59,y,50,193.91122926361334,2,14,0.9746267990332538,True,0.9980956464012796,0.9999991928977866
D59_MLP_seed1,59,y,51,351.2061465435327,2,14,0.9728457534383476,True,0.9977541395030068,0.9999986437623264
D59_MLP_seed1,59,y,52,414.86299331640646,2,20,0.9868423088778714,True,0.9988466841237102,0.9999976981076959
D59_MLP_seed1,59,y,53,818.3557586812757,2,6,0.9935496886231032,True,0.998348241237913,0.999993816702507
D59_MLP_seed1,59,y,54,643.1701431951085,2,15,0.9914730235573878,True,0.9970568611144286,0.9999999994425428
D59_MLP_seed1,59,y,55,635.7485340029465,2,8,0.9907356994124868,True,0.9992269249738014,0.9999994082525593
D59_MLP_seed1,59,y,56,207.22927929412307,2,8,0.9847561698538779,True,0.9976460334165034,0.9999787355195897
D59_MLP_seed1,59,y,57,264.405236693546,2,7,0.9367176742385038,True,0.9852924682728798,0.9999350830769346
D59_MLP_seed1,59,y,58,656.26360607215,2,8,0.9905541805204477,True,0.9987496926275475,0.9999931603336866
D59_MLP_seed1,59,y,59,691.8449630128595,2,3,0.9885075700245579,True,0.9983785914370363,0.9999960567782986
D59_MLP_seed1,59,y,60,313.5337784643248,2,14,0.974708963597996,True,0.9982964187285107,0.9999991474186123
D59_MLP_seed1,59,y,61,358.30434619559185,2,14,0.9711355583296546,True,0.9969788761936,0.999999262774811
D59_MLP_seed1,59,y,62,400.82695601653376,2,19,0.9926078525170969,True,0.9982562925785264,0.9999931635343642
D59_MLP_seed1,59,y,63,416.24262003390857,2,20,0.9867576429537785,True,0.9988607427201981,0.99999762780704
D59_MLP_seed1,59,y,64,416.58653117340873,2,20,0.9861010137041879,True,0.9992604081533518,0.9999648108541594
D59_MLP_seed1,59,y,65,685.8104047674994,2,3,0.9913896901449785,True,0.9985636145074824,0.9999969044063793
D59_MLP_seed1,59,y,66,650.7836167477395,2,15,0.9870109363661455,True,0.9970628717740836,0.9999996070683804
D59_MLP_seed1,59,y,67,419.6898417116521,2,20,0.9867515729823054,True,0.9988173946913269,0.9999977966492339
D59_MLP_seed1,59,y,68,443.8180839926563,2,15,0.9920867438774477,True,0.9984196504751098,0.9999989136873328
D59_MLP_seed1,59,y,69,829.7632409506494,2,6,0.9932830546590895,True,0.99882112146958,0.9999600846101936
D59_MLP_seed1,59,y,70,422.84441380011947,2,19,0.9937642141249995,True,0.9983413520395367,0.9999994792914777
D59_MLP_seed1,59,y,71,411.93153748731123,2,8,0.9917603227807232,True,0.9992294669662437,0.9999999452655592
D59_MLP_seed1,59,y,72,985.0105901545235,2,15,0.9921899691455528,True,0.9984288116442583,0.9999746774851208
D59_MLP_seed1,59,y,73,968.1523778792293,2,15,0.9917587752868675,True,0.9981902991064104,0.9999812682906044
D59_MLP_seed1,59,y,74,152.64799359719004,2,7,0.9621315312351183,True,0.9927786049147359,0.9999705824335434
D59_MLP_seed1,59,y,75,372.97080930459646,2,19,0.9962503344317413,True,0.9992313164049378,0.9999995152841832
D59_MLP_seed1,59,y,76,335.16318523608675,2,19,0.9903608430641362,True,0.9975931748058431,0.9999980404109743
D59_MLP_seed1,59,y,77,154.72350983566696,2,7,0.962035581251687,True,0.9928805069672544,0.9999665701185613
D59_MLP_seed1,59,y,78,425.7674818257063,2,20,0.9859097359625167,True,0.9991279429751249,0.9999653703797546
D59_MLP_seed1,59,y,79,319.89010205401763,2,14,0.9750303380360625,True,0.9982991031667208,0.9999986336006587
D59_MLP_seed1,59,y,80,174.98569650508017,2,14,0.9756398796563045,True,0.9981986185204079,0.9999988862794624
D59_MLP_seed1,59,y,81,475.78540581235586,2,19,0.9960441668673348,True,0.9990906398308639,0.9999995910655214
D59_MLP_seed1,59,y,82,841.0802421480996,2,6,0.9941901772359694,True,0.9992094886847204,0.9999927297116789
D59_MLP_seed1,59,y,83,835.809889204488,2,6,0.9929816271818521,True,0.9986654630639629,0.9999633680069705
D59_MLP_seed1,59,y,84,849.8269815219103,2,6,0.9936835077781102,True,0.9990116839060335,0.9999917386293441
D59_MLP_seed1,59,y,85,677.6948065699938,2,3,0.9897387839127895,True,0.9984790507137479,0.9999985514619958
D59_MLP_seed1,59,y,86,583.3087623262792,2,8,0.9921642668639852,True,0.9989485147625473,0.9999995320738172
D59_MLP_seed1,59,y,87,832.550909132353,2,6,0.9934582344962867,True,0.9987932884938501,0.9999597146949448
D59_MLP_seed1,59,y,88,669.428178211484,2,15,0.9950604455566967,True,0.9974115202927339,0.9999999873505542
D59_MLP_seed1,59,y,89,817.8983282270108,2,6,0.9940721796699781,True,0.9990872226951628,0.9999913831098421
D59_MLP_seed1,59,y,90,437.06175093384473,2,14,0.9757618075703868,True,0.9983769641228283,0.9999995059813126
D59_MLP_seed1,59,y,91,648.5476478404122,2,3,0.9906075393688516,True,0.9991858498227596,0.9999982509834394
D59_MLP_seed1,59,y,92,664.2526382785595,2,3,0.9904995152599361,True,0.9986021931931106,0.9999982332775726
D59_MLP_seed1,59,y,93,329.04285220078555,2,8,0.9880927796733499,True,0.9983655946082644,0.9999804224191565
D59_MLP_seed1,59,y,94,443.81831765495855,2,15,0.9920877019698715,True,0.998420145412698,0.9999989134090567
D59_MLP_seed1,59,y,95,633.1911670839403,2,8,0.9915564225532322,True,0.9994718446484345,0.9999999185151227
D59_MLP_seed1,59,y,96,438.23173445556887,2,6,0.9918338549125765,True,0.9986172009148852,0.9999948562232499
D59_MLP_seed1,59,y,97,830.2278670850161,2,15,0.9897868686969963,True,0.9979775797762952,0.9999722966047233
D59_MLP_seed1,59,y,98,657.2155569619775,2,8,0.9918690583105654,True,0.9984847891672537,0.9999926152588964
D59_MLP_seed1,59,y,99,605.4443261833324,2,15,0.9907823679411447,True,0.9978529186313875,0.9999969701129839
D59_MLP_seed1,59,y,100,475.1461489335274,2,19,0.9942346158215276,True,0.9983602089976774,0.9999992861926609
D59_MLP_seed1,59,y,101,590.7959421527435,2,15,0.9946586244915299,True,0.9980064814508761,0.99999974150134
D59_MLP_seed1,59,y,102,422.7373473019558,2,19,0.9938697029135521,True,0.9978487839214035,0.9999964668158208
D59_MLP_seed1,59,y,103,340.55498014377616,2,14,0.9710407080825053,True,0.9967312595606188,0.9999974740531
D59_MLP_seed1,59,y,104,679.8569318564728,2,3,0.9901729669341277,True,0.9980761803713927,0.9999986387616477
D59_MLP_seed1,59,y,105,0.005456998263426941,2,19,0.9921343310293793,True,0.997828416336593,0.9999999148958176
D59_MLP_seed1,59,y,106,519.9378966823942,2,8,0.9913347430024106,True,0.9989166805634838,0.9999994675454597
D59_MLP_seed1,59,y,107,426.22292448913345,2,20,0.9860483271346748,True,0.9991844505997408,0.9999646710318939
D59_MLP_seed1,59,y,108,769.8849752827134,2,6,0.9941926843713528,True,0.9992479968898794,0.9999937783642688
D59_MLP_seed1,59,y,109,609.1138212927299,2,8,0.9928949068954913,True,0.9988777990370942,0.9999968544039644
D59_MLP_seed1,59,y,110,507.75226582008645,2,19,0.9949040168144706,True,0.9992189478330873,0.9999905125579239
D59_MLP_seed1,59,y,111,159.27402801790456,2,7,0.9621459352819561,True,0.9928458471773325,0.9999706205760982
D59_MLP_seed1,59,y,112,407.4410877402219,2,20,0.9860135664141118,True,0.9991552925368118,0.9999657264390233
D59_MLP_seed1,59,y,113,424.6392894888979,2,20,0.986801525986266,True,0.9988958137392875,0.9999974380045522
D59_MLP_seed1,59,y,114,832.3717246717918,2,6,0.9933093383976102,True,0.9987057341020179,0.9999618621816984
D59_MLP_seed1,59,y,115,361.5636089826375,2,19,0.9933008723517134,True,0.9989202893464582,0.9999928622850036
D59_MLP_seed1,59,y,116,436.5824243421747,2,20,0.9868145822524123,True,0.9988209067539786,0.999998047794365
D59_MLP_seed1,59,y,117,174.98731103819037,2,14,0.9756395284166773,True,0.9981986593728368,0.9999988868071783
D59_MLP_seed1,59,y,118,419.69532959930007,2,20,0.9860838251204667,True,0.9992415352935984,0.9999629584257441
D59_MLP_seed1,59,y,119,665.9853428899545,2,3,0.9903983958797317,True,0.9992921982603181,0.9999981026766297
D59_MLP_seed1,59,y,120,739.9101747675905,2,15,0.9878719726554672,True,0.9984611193049154,0.999998539977994
D59_MLP_seed1,59,y,121,1014.275956275189,2,15,0.9905233472355367,True,0.9976933667267136,0.99999810238971
D59_MLP_seed1,59,y,122,361.5658367035119,2,19,0.9933007105649013,True,0.9989203744002693,0.9999928619263413
D59_MLP_seed1,59,y,123,416.198731134721,2,20,0.9867305153442478,True,0.9988289338212453,0.9999980273880704
D59_MLP_seed1,59,y,124,445.0717359560478,2,6,0.9932170236571769,True,0.9988481723263242,0.999964762804034
D59_MLP_seed1,59,y,125,539.8368830060042,2,15,0.9892554810506979,True,0.9986207863637949,0.9999998764545207
D59_MLP_seed1,59,y,126,668.4754529790482,2,15,0.9891811532301641,True,0.9986824866400735,0.9999956884048786
D59_MLP_seed1,59,y,127,775.0650406236279,2,15,0.9913870492697879,True,0.997419044265063,0.9999982499428332
D59_MLP_seed2,59,x,0,696.1048801218843,2,18,0.9986345652882699,True,0.9998030632287919,0.9999967635727655
D59_MLP_seed2,59,x,1,704.9579929125888,2,19,0.9975327336041717,True,0.9995340228552914,0.9999999738703657
D59_MLP_seed2,59,x,2,765.0520800583683,2,18,0.9975886132586065,True,0.9992374500897391,0.9999953014177841
D59_MLP_seed2,59,x,3,695.3239501400633,2,10,0.9989728350263362,True,0.9994024556547223,0.9999999592522802
D59_MLP_seed2,59,x,4,356.0615191843614,2,6,0.9631644415407897,True,0.9979394015571926,0.9999999113169105
D59_MLP_seed2,59,x,5,476.7440225329081,2,26,0.9867727241834049,True,0.9985578706781914,0.9999976057024811
D59_MLP_seed2,59,x,6,640.0349169309299,2,18,0.9977855938358361,True,0.9992643751557084,0.9999981280756276
D59_MLP_seed2,59,x,7,439.403659102859,2,26,0.9880497793182884,True,0.9982508380236981,0.9999790295343544
D59_MLP_seed2,59,x,8,489.1003136694148,2,26,0.9743602486427658,True,0.9988038316241449,0.9999980801922546
D59_MLP_seed2,59,x,9,721.6533747990784,2,10,0.9987659903355621,True,0.9993629380324544,0.9999999586007258
D59_MLP_seed2,59,x,10,895.3369553861188,2,19,0.9977024116901912,True,0.9995912279024554,0.9999999481705032
D59_MLP_seed2,59,x,11,431.60603862530184,2,19,0.9969662844957616,True,0.998750550351623,0.9999991216170917
D59_MLP_seed2,59,x,12,576.4420599712134,2,19,0.9979572212643222,True,0.9993631804936457,0.9999857360683445
D59_MLP_seed2,59,x,13,535.9130639703808,2,6,0.9667738738633007,True,0.9991889154101604,0.9999997734651138
D59_MLP_seed2,59,x,14,906.1692749376186,2,18,0.9976647730399142,True,0.9994972841472162,0.9999808016021563
D59_MLP_seed2,59,x,15,706.6849410822986,2,18,0.9983791296769443,True,0.9996740362993141,0.9999946123072612
D59_MLP_seed2,59,x,16,522.0383062382086,2,26,0.9808738423616852,True,0.9988046728148097,0.9999969826882168
D59_MLP_seed2,59,x,17,541.7922095759887,2,26,0.9879934424171515,True,0.9986216333111366,0.9999857943833983
D59_MLP_seed2,59,x,18,820.7264945202126,2,18,0.9976658516232659,True,0.9994982790355125,0.9999833367008182
D59_MLP_seed2,59,x,19,867.8877455587129,2,19,0.9979528538273421,True,0.9992008831276924,0.9999991639084733
D59_MLP_seed2,59,x,20,776.275498272486,2,18,0.9977916695927328,True,0.99942613007775,0.9999772543571374
D59_MLP_seed2,59,x,21,550.783660766371,2,6,0.9640308458053499,True,0.9996755073122418,0.9999999011947535
D59_MLP_seed2,59,x,22,786.2448045274332,1,0,0.9999999970770994,False,1.9801588350982184e-09,
D59_MLP_seed2,59,x,23,447.1202076210609,2,26,0.9793154554402983,True,0.9990740373612611,0.99998489288591
D59_MLP_seed2,59,x,24,554.0470814248827,2,26,0.9852958128725624,True,0.9980280132963409,0.99997930709191
D59_MLP_seed2,59,x,25,396.17043219983,2,26,0.9768391737024416,True,0.9984889257168906,0.9999828796509258
D59_MLP_seed2,59,x,26,7.677451110038049,2,6,0.9585245805187737,True,0.9995875185831093,0.9999999140857859
D59_MLP_seed2,59,x,27,441.79613799612514,2,26,0.986380125399538,True,0.9980826283927169,0.9999960542638001
D59_MLP_seed2,59,x,28,518.7321169816616,2,6,0.965654071545134,True,0.9997276600235356,0.9999999311436987
D59_MLP_seed2,59,x,29,0.5915573716183639,2,19,0.9971313763088064,True,0.998742654648965,0.9999988544259414
D59_MLP_seed2,59,x,30,964.4124557881047,2,19,0.9983706992794757,True,0.9996969281898375,0.999995507184002
D59_MLP_seed2,59,x,31,791.9271351731936,2,19,0.9965860252264289,True,0.9992543531403544,0.9999999147398222
D59_MLP_seed2,59,x,32,854.7552392662203,2,19,0.9978377801000554,True,0.9992342117334333,0.9999962767441668
D59_MLP_seed2,59,x,33,694.1719471255908,2,18,0.9978457162612626,True,0.9995204835232632,0.9999805385077137
D59_MLP_seed2,59,x,34,0.2527615204782806,2,19,0.9976215416046931,True,0.9994748793595173,0.9999968473880462
D59_MLP_seed2,59,x,36,726.1282804911492,2,10,0.9984701322734976,True,0.9994378168403658,0.9999986761999013
D59_MLP_seed2,59,x,37,542.0236999453084,2,6,0.9594341907496436,True,0.9995555635157448,0.9999999531006044
D59_MLP_seed2,59,x,38,517.804382168254,2,26,0.9862723599038931,True,0.9991587315875745,0.9999819878920813
D59_MLP_seed2,59,x,39,1026.7414682119297,2,18,0.9986557781805174,True,0.9997466078782804,0.9999995898879933
D59_MLP_seed2,59,x,40,679.6351097355939,2,19,0.9974556522316175,True,0.9996067711899274,0.9999992675358569
D59_MLP_seed2,59,x,41,659.0963030035332,2,19,0.9973689781986125,True,0.9993222572590258,0.9999988139707987
D59_MLP_seed2,59,x,42,775.6412686418261,2,10,0.9985519774581909,True,0.9993732407411282,0.9999899544125569
D59_MLP_seed2,59,x,43,1078.7189434223878,2,19,0.9984008359820116,True,0.9994626141577766,0.999994623948405
D59_MLP_seed2,59,x,44,847.380603311141,2,19,0.9981561187998211,True,0.999373826127442,0.9999991912982151
D59_MLP_seed2,59,x,45,736.8562243903488,2,18,0.9978994134236966,True,0.9996288752191308,0.999984362461429
D59_MLP_seed2,59,x,46,1056.0203019501134,2,18,0.9986572612716054,True,0.9997351585516338,0.9999993862662028
D59_MLP_seed2,59,x,47,829.0447864333386,2,18,0.9976733097929886,True,0.9996385820389327,0.9999809162015841
D59_MLP_seed2,59,x,48,756.1020293893117,2,18,0.9977065103672869,True,0.999458645192775,0.999981805686097
D59_MLP_seed2,59,x,49,589.3568309368108,2,26,0.9891213064713623,True,0.9982231218663256,0.9999829853200527
D59_MLP_seed2,59,x,50,839.9200298608441,2,18,0.9979307296795753,True,0.999175855390259,0.9999999221588923
D59_MLP_seed2,59,x,51,405.35080982371494,2,26,0.9784826744080574,True,0.998916945524693,0.9999811616191517
D59_MLP_seed2,59,x,52,525.4892708468522,2,6,0.9620382730730085,True,0.9997127475987263,0.9999999749680143
D59_MLP_seed2,59,x,53,849.754998765866,2,19,0.9977653306955853,True,0.9995025191505189,0.9999997792758871
D59_MLP_seed2,59,x,54,515.4508197549341,2,19,0.997248353354315,True,0.9994175081526536,0.9999999931425361
D59_MLP_seed2,59,x,55,11.618082534449819,2,6,0.9590321094987575,True,0.9987964839764775,0.9999999615085109
D59_MLP_seed2,59,x,56,701.7669958106612,2,18,0.9980725912385406,True,0.9996199624145601,0.999995544796625
D59_MLP_seed2,59,x,57,559.1930212655471,2,6,0.962868260657368,True,0.9997418544235288,0.9999999164846846
D59_MLP_seed2,59,x,58,745.492056255402,2,10,0.9986991521739966,True,0.9994560543904065,0.9999987908109168
D59_MLP_seed2,59,x,59,284.04880914657514,2,6,0.9679121245271969,True,0.9992468678744899,0.9999991488724398
D59_MLP_seed2,59,x,60,316.829032454745,2,18,0.9974580662750955,True,0.9991550972188022,0.9999784748417815
D59_MLP_seed2,59,x,62,1000.0989128248062,2,19,0.9981691591838386,True,0.9992913160081648,0.9999975941227649
D59_MLP_seed2,59,x,63,507.37510947514323,2,10,0.9980691324518463,True,0.999088588120369,0.9999999247153267
D59_MLP_seed2,59,x,64,484.31497758209065,2,6,0.9652151207768402,True,0.9994064400829371,0.999999896451287
D59_MLP_seed2,59,x,65,818.5263672454334,2,10,0.9982820105126005,True,0.999349762531261,0.9999940888345471
D59_MLP_seed2,59,x,66,620.7155258858069,2,19,0.9975105033418201,True,0.9993320457757937,0.999983831487118
D59_MLP_seed2,59,x,67,704.4367441409552,2,10,0.9981700338440063,True,0.9990317400867349,0.9999984772324758
D59_MLP_seed2,59,x,68,762.7961656192958,2,10,0.9987133650630002,True,0.9993107919228978,0.9999905728900162
D59_MLP_seed2,59,x,69,772.8695764685507,2,19,0.9981815423296947,True,0.9997547403786439,0.9999999770597846
D59_MLP_seed2,59,x,70,541.5375277102756,2,6,0.9642552217652837,True,0.9995223662941096,0.9999997689560478
D59_MLP_seed2,59,x,71,510.22065684137226,2,6,0.9636491042667126,True,0.9996078392883958,0.999999911094606
D59_MLP_seed2,59,x,72,492.9043150987818,2,26,0.9794632332990277,True,0.9986261825348068,0.9999836324619116
D59_MLP_seed2,59,x,73,447.814872519729,2,26,0.9781442179186497,True,0.9985504048667787,0.999983717205448
D59_MLP_seed2,59,x,74,748.9823473949992,2,18,0.9982816478598475,True,0.9996624263801656,0.9999974959801573
D59_MLP_seed2,59,x,75,748.6597182547465,2,10,0.998582626254124,True,0.9992819468438261,0.9999961989034103
D59_MLP_seed2,59,x,76,554.5089168914975,2,6,0.962750875165382,True,0.999566717254521,0.9999997601313126
D59_MLP_seed2,59,x,77,776.71888754167,2,10,0.9986631164696682,True,0.9993202677265872,0.9999968109450988
D59_MLP_seed2,59,x,78,465.59468056788506,2,26,0.9709621612491062,True,0.9986764009926182,0.9999966931452536
D59_MLP_seed2,59,x,79,501.22366727250994,1,0,0.9999999973959243,False,1.7671677785055e-09,
D59_MLP_seed2,59,x,80,1002.2457276716855,2,19,0.9984716234049201,True,0.999574572667275,0.9999972237410054
D59_MLP_seed2,59,x,81,874.5469134749111,2,19,0.9978759806169796,True,0.9995250014878523,0.9999995429091013
D59_MLP_seed2,59,x,82,567.634360470569,2,10,0.9984876427291913,True,0.999326769573886,0.9999998613998178
D59_MLP_seed2,59,x,83,712.2544442615073,2,10,0.9987925820684032,True,0.9993759395535237,0.9999999608488405
D59_MLP_seed2,59,x,84,467.8275453347362,2,19,0.9982218662959319,True,0.99935474329088,0.9999904200610008
D59_MLP_seed2,59,x,85,563.7874995974554,2,6,0.9634274588727522,True,0.9998080462270079,0.9999998981912933
D59_MLP_seed2,59,x,86,2.8998161512301803e-05,2,19,0.997175159621112,True,0.9993434723878114,0.9999964851282178
D59_MLP_seed2,59,x,87,787.4885919646572,2,10,0.9988129810035076,True,0.999481739185149,0.9999947304168386
D59_MLP_seed2,59,x,88,706.1430797007646,2,19,0.9984011925890043,True,0.9995217563020722,0.9999928142372047
D59_MLP_seed2,59,x,89,723.3653888124326,2,19,0.9979024691487454,True,0.9995950021743114,0.9999997684085379
D59_MLP_seed2,59,x,90,406.74131749174944,2,6,0.9593198184417013,True,0.9992996654918027,0.9999998754438129
D59_MLP_seed2,59,x,91,473.1510931020224,2,26,0.9832056636336284,True,0.9990423989541604,0.9999845354342017
D59_MLP_seed2,59,x,92,402.66190704229206,2,26,0.9768390057739881,True,0.9989940241937343,0.999984797546884
D59_MLP_seed2,59,x,93,1007.558784464124,2,18,0.997668908249604,True,0.9995450402525442,0.9999814444359542
D59_MLP_seed2,59,x,94,675.1282589112876,2,18,0.9983670053647817,True,0.9996198685629977,0.9999989815160065
D59_MLP_seed2,59,x,95,537.9957946324965,2,6,0.9645138973783398,True,0.9991466263328826,0.9999998621953808
D59_MLP_seed2,59,x,96,518.4225498481302,2,6,0.9621431429168175,True,0.9989572855425073,0.9999997666007692
D59_MLP_seed2,59,x,97,1024.1320999530851,1,0,0.9999999956816814,False,2.808447747865572e-09,
D59_MLP_seed2,59,x,98,490.5764281270862,2,10,0.9968491190303438,True,0.9984942488961699,0.9999973506918024
D59_MLP_seed2,59,x,99,682.7795494594657,2,18,0.9981340724020623,True,0.9996576568460053,0.9999978905128306
D59_MLP_seed2,59,x,100,516.7454857821236,2,6,0.9654152457402921,True,0.9997852655335213,0.9999998903125009
D59_MLP_seed2,59,x,101,904.4152720499098,2,18,0.997758567362712,True,0.9996079503154243,0.9999808325118565
D59_MLP_seed2,59,x,102,454.6596579781745,2,26,0.9800797083670978,True,0.9988363925688967,0.9999885626017225
D59_MLP_seed2,59,x,103,844.1908603109846,2,19,0.9976792359483319,True,0.9995376863907849,0.9999997513643115
D59_MLP_seed2,59,x,104,443.81063692656784,2,26,0.980757308899739,True,0.9985412083555228,0.9999972147000247
D59_MLP_seed2,59,x,106,504.971325856663,2,19,0.998682975139774,True,0.9996929292779844,0.9999923364364866
D59_MLP_seed2,59,x,107,830.4072395826951,2,19,0.9971919681050547,True,0.9992605408660538,0.9999999989710592
D59_MLP_seed2,59,x,108,836.002415475655,2,10,0.998227517644657,True,0.9992873393134781,0.9999902882113157
D59_MLP_seed2,59,x,109,326.91161051432283,2,6,0.9620094105751265,True,0.9987292990305271,0.9999993047948172
D59_MLP_seed2,59,x,110,678.3021941903535,2,19,0.9975065486919634,True,0.9995452832360954,0.9999999719073467
D59_MLP_seed2,59,x,111,389.14778125988585,2,26,0.984452155041108,True,0.9982114338257343,0.9999903376966155
D59_MLP_seed2,59,x,112,535.3583120503569,2,6,0.9641842000108277,True,0.9992552797930441,0.999999922130606
D59_MLP_seed2,59,x,113,759.2290584245143,2,18,0.9985243095227516,True,0.9995838278873578,0.9999966680233422
D59_MLP_seed2,59,x,114,1001.3493088163806,2,18,0.9978451555968558,True,0.9995513535306625,0.9999744951684935
D59_MLP_seed2,59,x,115,556.5444933887851,2,6,0.9635076102988496,True,0.9992777078621516,0.9999999646285459
D59_MLP_seed2,59,x,116,501.17717002607645,1,0,0.9999999972389545,False,1.8895298595391586e-09,
D59_MLP_seed2,59,x,117,792.3111514333118,2,19,0.9980478752689855,True,0.9997308338952108,0.999999586696879
D59_MLP_seed2,59,x,118,787.5024374031683,1,0,0.9999999961602194,False,2.5556724548920728e-09,
D59_MLP_seed2,59,x,119,411.32603686594604,2,26,0.9763121301414588,True,0.9994641248873944,0.9999830770181436
D59_MLP_seed2,59,x,120,11.262766746745084,2,6,0.9590392932989799,True,0.9987967659179149,0.9999999615802097
D59_MLP_seed2,59,x,121,616.5531470262104,2,10,0.9963299863822874,True,0.9985780038461447,0.9999986462381467
D59_MLP_seed2,59,x,122,332.9043520881977,2,18,0.997455711207652,True,0.9991540558658731,0.9999784690262147
D59_MLP_seed2,59,x,123,740.3298896867623,2,19,0.9977280578048918,True,0.9996357120058916,0.9999999838130499
D59_MLP_seed2,59,x,124,470.09957230120676,2,26,0.9811474909097508,True,0.9989027051148489,0.999997009549592
D59_MLP_seed2,59,x,125,858.565999190841,2,10,0.9987271736092117,True,0.9993791383817384,0.9999888240477007
D59_MLP_seed2,59,x,126,706.5643880494957,2,18,0.9985063943593196,True,0.9996157177151643,0.9999994975153036
D59_MLP_seed2,59,x,127,824.4834482465026,2,18,0.9977231890576539,True,0.9996372765789212,0.9999809137419384
D59_MLP_seed2,59,y,0,667.5987959210044,2,18,0.9989276819270451,True,0.9995060929491185,0.9999835850398969
D59_MLP_seed2,59,y,1,694.3329020858743,2,19,0.9995994203864216,True,0.9998467477559375,0.9999999781220125
D59_MLP_seed2,59,y,2,754.7786421219685,2,18,0.9988835710915637,True,0.9992259174590247,0.9999530297576323
D59_MLP_seed2,59,y,3,713.6105407087106,2,10,0.9978993552438356,True,0.9990193833906084,0.999996712815641
D59_MLP_seed2,59,y,4,359.06573316911636,2,6,0.958048125090481,True,0.9990729050958842,0.9999998031948687
D59_MLP_seed2,59,y,5,476.34896121959196,2,26,0.9900258740936329,True,0.9991943069638477,0.9999951864768075
D59_MLP_seed2,59,y,6,618.2528272609467,2,18,0.9983111534956776,True,0.9991665104679277,0.9999937311782351
D59_MLP_seed2,59,y,7,441.47936924422703,2,26,0.9858126751440981,True,0.9993902401824969,0.9999919297639771
D59_MLP_seed2,59,y,8,484.47623659025186,2,26,0.974747628736544,True,0.9990360387051799,0.9999971989782105
D59_MLP_seed2,59,y,9,747.7723821832443,2,10,0.9972545481884834,True,0.9993478791779646,0.9999977041482678
D59_MLP_seed2,59,y,10,868.3185053216607,2,19,0.9992383168319635,True,0.9996737778614564,0.999996633367528
D59_MLP_seed2,59,y,11,430.13707982392975,2,19,0.9980976241994219,True,0.9988520572803422,0.9999964173685062
D59_MLP_seed2,59,y,12,589.7392289005859,2,19,0.9978177872938002,True,0.998991512242612,0.9999997619054777
D59_MLP_seed2,59,y,13,542.6201229503005,2,6,0.961523881413847,True,0.9997500921349953,0.9999997249216149
D59_MLP_seed2,59,y,14,872.7169509589747,2,18,0.9991618609960693,True,0.9994866317812295,0.9999539327128388
D59_MLP_seed2,59,y,15,711.9737515847719,2,18,0.998349123026915,True,0.9993305241811716,0.999955857742035
D59_MLP_seed2,59,y,16,512.7390502774216,2,26,0.9849918733900631,True,0.9986364373093041,0.9999930447829664
D59_MLP_seed2,59,y,17,526.0842381527359,2,26,0.9944463829195782,True,0.9990958361214053,0.9999902038414702
D59_MLP_seed2,59,y,18,781.5362430627412,2,18,0.9990704760041602,True,0.9994236724911236,0.9999788834846814
D59_MLP_seed2,59,y,19,853.6692019256453,2,19,0.9986865758363097,True,0.9994295207098801,0.9999988836862331
D59_MLP_seed2,59,y,20,747.8386917437317,2,18,0.998801535055902,True,0.9993801597185801,0.9999721699650342
D59_MLP_seed2,59,y,21,546.8171387002037,2,6,0.9646454820438269,True,0.9997768367440635,0.9999998488418355
D59_MLP_seed2,59,y,22,786.1433412692899,1,0,0.9999999958480792,False,3.0424517463085784e-09,
D59_MLP_seed2,59,y,23,449.74064002419874,2,26,0.9810189902937761,True,0.9977157600059732,0.9999892485020375
D59_MLP_seed2,59,y,24,561.9540033024141,2,26,0.9835507913999989,True,0.9992329720172854,0.9999962776775311
D59_MLP_seed2,59,y,25,402.35088723763715,2,26,0.9778389344370684,True,0.9989209759540248,0.9999958173507174
D59_MLP_seed2,59,y,26,7.609381940747377,2,6,0.9614327235156496,True,0.9982965995477726,0.9999999725805375
D59_MLP_seed2,59,y,27,446.80239956122415,2,26,0.9856482258720031,True,0.9986746142430775,0.9999953293542753
D59_MLP_seed2,59,y,28,526.6435765898324,2,6,0.962640439766803,True,0.9998106388414195,0.9999997369830788
D59_MLP_seed2,59,y,29,0.5921630950111764,2,19,0.9982280438604323,True,0.9989486683205937,0.9999965705584751
D59_MLP_seed2,59,y,30,945.0235820464998,2,19,0.9987929489177927,True,0.9994900846876816,0.9999986620042023
D59_MLP_seed2,59,y,31,778.6039722238374,2,19,0.9986352275335257,True,0.9993353788407829,0.9999995221623794
D59_MLP_seed2,59,y,32,856.5969676018177,2,19,0.9991829563531968,True,0.9996770225648757,0.9999975990613418
D59_MLP_seed2,59,y,33,669.6535657626512,2,18,0.9988700150140153,True,0.9997013180030365,0.9999768629803207
D59_MLP_seed2,59,y,34,0.24847860479692307,2,19,0.9973390952685157,True,0.9990975940101002,0.9999990393017177
D59_MLP_seed2,59,y,36,751.9211760660461,2,10,0.997589825254412,True,0.9994570742977649,0.9999975228696832
D59_MLP_seed2,59,y,37,542.7428787042825,2,6,0.9599376515785037,True,0.9998256580923407,0.9999997609657385
D59_MLP_seed2,59,y,38,512.2904570347824,2,26,0.9894370555158387,True,0.9991475931268807,0.9999906267511645
D59_MLP_seed2,59,y,39,996.2528282876698,2,18,0.9985588482778198,True,0.9994663740701455,0.9999611821823833
D59_MLP_seed2,59,y,40,648.3708675522272,2,19,0.9987901074249286,True,0.9993568802254004,0.9999995784199559
D59_MLP_seed2,59,y,41,643.3324383016047,2,19,0.99898851478223,True,0.9995022003860238,0.9999991598602271
D59_MLP_seed2,59,y,42,778.2782707976028,2,10,0.9978338877595496,True,0.9995299394630051,0.9999986008452522
D59_MLP_seed2,59,y,43,1049.5809608205982,2,19,0.9986055554224499,True,0.9994238072535526,0.9999979978798902
D59_MLP_seed2,59,y,44,804.9235766477726,2,19,0.9989176894220063,True,0.9994435631159844,0.9999992043176746
D59_MLP_seed2,59,y,45,699.1592486574712,2,18,0.9986932070018284,True,0.9994082951283596,0.9999818824982268
D59_MLP_seed2,59,y,46,1033.134281564334,2,18,0.9988811441754599,True,0.9995190447021408,0.9999790164003811
D59_MLP_seed2,59,y,47,780.8861138911834,2,18,0.9992161902123358,True,0.9996069590913172,0.9999923871028092
D59_MLP_seed2,59,y,48,714.6023323014589,2,18,0.9992444165856355,True,0.9995743346188569,0.999993159645581
D59_MLP_seed2,59,y,49,596.9038982533501,2,26,0.9888324652606185,True,0.9988264655367117,0.9999946308596904
D59_MLP_seed2,59,y,50,817.40536621659,2,18,0.9989523443043686,True,0.9995016435527594,0.9999981576899272
D59_MLP_seed2,59,y,51,403.4963008688672,2,26,0.9760911979345657,True,0.9993215506588365,0.9999933157653106
D59_MLP_seed2,59,y,52,531.1178738057378,2,6,0.9616454955581579,True,0.9996946528299762,0.9999999455100707
D59_MLP_seed2,59,y,53,841.7978147736046,2,19,0.9981362043389724,True,0.9993276983027082,0.9999993271581786
D59_MLP_seed2,59,y,54,506.2794478978987,2,19,0.9985580907287235,True,0.9994070152038369,0.9999999999998856
D59_MLP_seed2,59,y,55,11.605094609354442,2,6,0.9615711199511557,True,0.9984674459140346,0.9999998707759935
D59_MLP_seed2,59,y,56,708.427920953776,2,18,0.9990051903494018,True,0.9995405911572101,0.9999888035764823
D59_MLP_seed2,59,y,57,562.5348043143933,2,6,0.9595412726514345,True,0.9996647004380933,0.9999998274451081
D59_MLP_seed2,59,y,58,773.8170454287965,2,10,0.9978467880337789,True,0.9994761785055098,0.9999985841216534
D59_MLP_seed2,59,y,59,284.51281283511435,2,6,0.9615755344947506,True,0.9997820692801086,0.9999998758394067
D59_MLP_seed2,59,y,60,325.1106751917507,2,18,0.9988709919358351,True,0.9994398438443058,0.9999609399968282
D59_MLP_seed2,59,y,62,981.307163252236,2,19,0.99943420215469,True,0.9996673466604349,0.9999997677853649
D59_MLP_seed2,59,y,63,510.72579978088527,2,10,0.9959160266672938,True,0.9976263412026259,0.9999993400157279
D59_MLP_seed2,59,y,64,489.810449985146,2,6,0.963531858227371,True,0.9988998485762839,0.9999998204343734
D59_MLP_seed2,59,y,65,822.666608068009,2,10,0.9979102213915092,True,0.999189037802034,0.9999969623501492
D59_MLP_seed2,59,y,66,607.8977695652931,2,19,0.9994819902985352,True,0.9998089904025478,0.999999982075003
D59_MLP_seed2,59,y,67,706.1509953294733,2,10,0.9983924166543169,True,0.9993279074718884,0.9999965248442814
D59_MLP_seed2,59,y,68,758.095917056733,2,10,0.9981754480224968,True,0.9992642512192726,0.9999962956188136
D59_MLP_seed2,59,y,69,758.4471514109292,2,19,0.9989126367630818,True,0.9995768176694059,0.9999996127920807
D59_MLP_seed2,59,y,70,549.1401329643718,2,6,0.9584531130047822,True,0.9995678088798314,0.9999999277539071
D59_MLP_seed2,59,y,71,514.0158619369257,2,6,0.9605253034741721,True,0.9996984866745999,0.9999998446848376
D59_MLP_seed2,59,y,72,482.6060634830931,2,26,0.9835131442066826,True,0.9987593918023799,0.9999930186421417
D59_MLP_seed2,59,y,73,443.89325960099626,2,26,0.9795150836029124,True,0.999093149250519,0.9999965228769722
D59_MLP_seed2,59,y,74,704.331549360117,2,18,0.9986241096501611,True,0.9994016089189359,0.999991961598021
D59_MLP_seed2,59,y,75,766.2967148906216,2,10,0.9972241275438045,True,0.999469225961319,0.9999982719515613
D59_MLP_seed2,59,y,76,562.2724988298025,2,6,0.9622320453070132,True,0.9997230125259357,0.9999997655482875
D59_MLP_seed2,59,y,77,781.8281453764916,2,10,0.9978615692173686,True,0.9991811160573046,0.9999966914404336
D59_MLP_seed2,59,y,78,459.31375699937433,2,26,0.9695926933382247,True,0.9987723249605794,0.9999924822853762
D59_MLP_seed2,59,y,79,501.1941337513478,1,0,0.9999999970461558,False,2.138341416101052e-09,
D59_MLP_seed2,59,y,80,982.1342241739734,2,19,0.9985271905438597,True,0.9990660352888326,0.9999974660597213
D59_MLP_seed2,59,y,81,845.30805551068,2,19,0.9992131136624373,True,0.9998476514697152,0.9999999111886536
D59_MLP_seed2,59,y,82,567.3955195644588,2,10,0.9967940188673784,True,0.9985764578124011,0.9999945853418537
D59_MLP_seed2,59,y,83,741.9689895092204,2,10,0.9973438888197338,True,0.9994758370306236,0.9999986643482863
D59_MLP_seed2,59,y,84,455.8859561333232,2,19,0.9988708666585663,True,0.9995322518784262,0.9999999982958268
D59_MLP_seed2,59,y,85,566.9611658161765,2,6,0.9612913658587414,True,0.9994849602064195,0.9999998996010789
D59_MLP_seed2,59,y,86,2.946841731814264e-05,2,19,0.9977656366292191,True,0.9991004378591642,0.9999998735236955
D59_MLP_seed2,59,y,87,812.6856113352877,2,10,0.9970569187036231,True,0.9993102786814227,0.9999983154195803
D59_MLP_seed2,59,y,88,682.8395336151378,2,19,0.9991375169166953,True,0.9996341901443616,0.9999968373520746
D59_MLP_seed2,59,y,89,727.5645722995765,2,19,0.9986935757557607,True,0.9993980387153018,0.9999997187531295
D59_MLP_seed2,59,y,90,400.96886345143423,2,6,0.9636441821354123,True,0.9996926068373875,0.999999908129063
D59_MLP_seed2,59,y,91,467.4621789837023,2,26,0.9858797110107632,True,0.9992478742561101,0.9999930276411363
D59_MLP_seed2,59,y,92,399.9565032452099,2,26,0.9837726473924199,True,0.9988803630358646,0.9999969854949714
D59_MLP_seed2,59,y,93,986.7622819279551,2,18,0.9992281131032309,True,0.9996686583187956,0.999986586306585
D59_MLP_seed2,59,y,94,639.9149943759645,2,18,0.9991578905620568,True,0.999694051119285,0.999985636545035
D59_MLP_seed2,59,y,95,543.4947382936535,2,6,0.9607622600144603,True,0.9988711590211462,0.9999998142551964
D59_MLP_seed2,59,y,96,524.4174085651972,2,6,0.9576974552477756,True,0.9997033792446096,0.9999999315240762
D59_MLP_seed2,59,y,97,1024.1120359276442,1,0,0.9999999802108159,False,1.3739981681961285e-08,
D59_MLP_seed2,59,y,98,499.65949075891433,2,10,0.9973181272764013,True,0.9989620142815143,0.9999990213414821
D59_MLP_seed2,59,y,99,691.1500320935309,2,18,0.997832008636554,True,0.9991383741180937,0.9999948198522992
D59_MLP_seed2,59,y,100,518.8267993515904,2,6,0.9630239734600432,True,0.9995941092892051,0.9999998115285136
D59_MLP_seed2,59,y,101,868.5211100984394,2,18,0.9991496318054878,True,0.9995920183555179,0.9999829072026034
D59_MLP_seed2,59,y,102,436.7534741780161,2,26,0.9816265302855929,True,0.999039645943924,0.999996351658877
D59_MLP_seed2,59,y,103,819.0171943462624,2,19,0.9980164840946062,True,0.9988590327447275,0.9999987398955227
D59_MLP_seed2,59,y,104,444.9117504108793,2,26,0.97909112686155,True,0.9991867345381624,0.9999900340796782
D59_MLP_seed2,59,y,106,487.88968468511774,2,19,0.9989600207801984,True,0.9994221876367276,0.9999996593509374
D59_MLP_seed2,59,y,107,806.8573243252056,2,19,0.9988099561283285,True,0.9992560367727165,0.9999997407613807
D59_MLP_seed2,59,y,108,844.8870399963753,2,10,0.9975333592246229,True,0.9994432010902309,0.9999984228763568
D59_MLP_seed2,59,y,109,328.684522059652,2,6,0.9590219178991145,True,0.9977744530217718,0.999999753404304
D59_MLP_seed2,59,y,110,672.1698972000739,2,19,0.9992907066865088,True,0.9996218821722868,0.9999970072287627
D59_MLP_seed2,59,y,111,397.8461438181773,2,26,0.987305305854533,True,0.9987164260864014,0.9999935601255285
D59_MLP_seed2,59,y,112,540.3625324788069,2,6,0.9588223544026413,True,0.9997352537746207,0.9999999268416474
D59_MLP_seed2,59,y,113,774.3323836662647,2,18,0.998866359670387,True,0.9996667486699349,0.9999871709883709
D59_MLP_seed2,59,y,114,979.7802861312512,2,18,0.9989851287140905,True,0.999491342354137,0.9999852334955925
D59_MLP_seed2,59,y,115,564.7348170143825,2,6,0.9595063004717961,True,0.9997997829141768,0.9999999185584326
D59_MLP_seed2,59,y,116,501.1304553774824,1,0,0.9999999971676542,False,2.0630068356755476e-09,
D59_MLP_seed2,59,y,117,773.9587721454895,2,19,0.998819189289433,True,0.9992996827428103,0.9999997434799699
D59_MLP_seed2,59,y,118,787.4636864445611,1,0,0.9999999961305999,False,2.6322633898469854e-09,
D59_MLP_seed2,59,y,119,404.71011419553656,2,26,0.9770418564279003,True,0.9992244607644908,0.9999914223221197
D59_MLP_seed2,59,y,120,11.250196655918835,2,6,0.96157161522152,True,0.9984662550119485,0.9999998706091908
D59_MLP_seed2,59,y,121,623.0141510500993,2,10,0.9973101818774397,True,0.9990632241724727,0.9999941667736394
D59_MLP_seed2,59,y,122,341.5937508320521,2,18,0.9988691290636501,True,0.9994381389044362,0.9999609275361827
D59_MLP_seed2,59,y,123,718.877222734416,2,19,0.9990008125486893,True,0.9994406911134184,0.9999967417703552
D59_MLP_seed2,59,y,124,459.61898347311023,2,26,0.9872171889360216,True,0.9994680538606129,0.9999926864609471
D59_MLP_seed2,59,y,125,859.821613780158,2,10,0.9981008042713521,True,0.9995195292252148,0.9999963907960929
D59_MLP_seed2,59,y,126,706.2169770953242,2,18,0.9992321684383936,True,0.9996465569668187,0.9999524384340432
D59_MLP_seed2,59,y,127,813.6354181741577,2,18,0.998928629392692,True,0.9997334017357739,0.9999819737946473
D59_MLP_seed3,59,x,0,556.8941031928804,2,16,0.9718113120156588,True,0.999451164636959,0.9999998739891955
D59_MLP_seed3,59,x,1,496.799232761332,2,9,0.9931740096544075,True,0.9980919849261529,0.9999860753673818
D59_MLP_seed3,59,x,2,842.2842546070452,2,22,0.9956937801333507,True,0.99782925867199,0.9999755559469837
D59_MLP_seed3,59,x,3,521.9431830360514,2,20,0.9877004131622371,True,0.9994143665691746,0.9999999953734073
D59_MLP_seed3,59,x,4,545.8624309474999,2,16,0.9679133060631693,True,0.9991831279976078,0.9999996695602114
D59_MLP_seed3,59,x,5,735.5038512995064,2,22,0.9971995485986012,True,0.9981304405237977,0.999980238594574
D59_MLP_seed3,59,x,6,400.12554373000313,2,20,0.987618007051808,True,0.9993520094978687,0.9999999242412497
D59_MLP_seed3,59,x,7,1227.6097027948947,2,22,0.9976757338378465,True,0.9985951668320635,0.9999637455059429
D59_MLP_seed3,59,x,9,529.9178655796536,1,0,0.9999435310208254,False,3.1201710844542586e-05,
D59_MLP_seed3,59,x,10,214.62710583956425,2,11,0.9828605850762373,True,0.9976367735826853,0.9999989734305198
D59_MLP_seed3,59,x,11,676.742696454543,2,12,0.9955595990811396,True,0.9976536045276742,0.9999892133260956
D59_MLP_seed3,59,x,12,820.8233411930665,2,22,0.9966167536184074,True,0.9985675700991489,0.9999572801589839
D59_MLP_seed3,59,x,13,725.7086101235964,2,12,0.9958831749994328,True,0.9988914569282027,0.9999955197726871
D59_MLP_seed3,59,x,14,461.29305311814176,2,16,0.9702930731072926,True,0.9994306009500237,0.999999908393657
D59_MLP_seed3,59,x,15,845.2180703391998,2,22,0.9963013398028463,True,0.9981483389043163,0.9999940507182742
D59_MLP_seed3,59,x,16,681.1653530469182,2,9,0.993881488920817,True,0.9991981266914349,0.99999969200007
D59_MLP_seed3,59,x,17,371.5657873230277,2,20,0.9869959654358013,True,0.998819964594181,0.999999946584141
D59_MLP_seed3,59,x,18,1032.7258604714095,2,22,0.997493628292328,True,0.9986880392765691,0.9999982426343926
D59_MLP_seed3,59,x,19,720.4625718810777,2,9,0.9936805539955421,True,0.9981256771361334,0.9999880547937074
D59_MLP_seed3,59,x,20,675.8755698715864,2,9,0.993763982949709,True,0.9977390457867716,0.999999153564843
D59_MLP_seed3,59,x,21,635.0849055558591,2,12,0.9957170573559007,True,0.9973940285580333,0.9999856413488231
D59_MLP_seed3,59,x,22,280.9402656114002,2,11,0.9828170250071167,True,0.9976225594871322,0.9999994814626918
D59_MLP_seed3,59,x,23,267.8037871894241,2,11,0.9763289224287425,True,0.9955451484943734,0.9999961805017545
D59_MLP_seed3,59,x,24,282.68506623046284,2,16,0.9630481424140259,True,0.9986832471801885,0.9999999944553475
D59_MLP_seed3,59,x,25,420.7205592091985,2,9,0.9928257204440961,True,0.997119505671541,0.9999941655384523
D59_MLP_seed3,59,x,26,458.4645340355562,2,16,0.9694255043913914,True,0.9992902860998554,0.9999995699605407
D59_MLP_seed3,59,x,27,470.87003207008996,2,16,0.9676626488123392,True,0.9992602952743513,0.9999992480351363
D59_MLP_seed3,59,x,28,1197.4732982499613,2,22,0.9977936036330347,True,0.9989171254887859,0.9999999256303542
D59_MLP_seed3,59,x,29,797.709600343484,2,22,0.9975132068980301,True,0.9989761490686028,0.9999999563634551
D59_MLP_seed3,59,x,30,860.1392380571796,2,12,0.9961627131345967,True,0.9986007927538544,0.9999952401556675
D59_MLP_seed3,59,x,31,725.4891317720299,2,12,0.9965058505299812,True,0.9986796256038831,0.9999903845772263
D59_MLP_seed3,59,x,32,859.242123518062,2,12,0.9963655804008167,True,0.9992229109818987,0.9999965856588029
D59_MLP_seed3,59,x,33,668.848746020876,2,9,0.9934045496288199,True,0.9978026747684229,0.9999883966441254
D59_MLP_seed3,59,x,34,879.444759177707,2,22,0.9972592374722093,True,0.9982814370477897,0.9999993414107646
D59_MLP_seed3,59,x,35,514.6852305500931,2,16,0.9721078758477812,True,0.9993644230223248,0.9999996422642993
D59_MLP_seed3,59,x,36,449.04774587438203,2,20,0.9877726397011715,True,0.9990088377434916,0.999999970121625
D59_MLP_seed3,59,x,37,622.8303374891361,2,20,0.9877139790812474,True,0.9992050682318033,0.9999999961483871
D59_MLP_seed3,59,x,38,401.6298104703684,2,20,0.986694378153791,True,0.9993728235933823,0.999999815716512
D59_MLP_seed3,59,x,39,258.15698914766125,2,11,0.982726460915997,True,0.9974530276422761,0.9999988412106915
D59_MLP_seed3,59,x,40,647.0017503817503,2,12,0.9959788146205493,True,0.9983484027562075,0.999996197140395
D59_MLP_seed3,59,x,41,1062.5356481539698,1,0,0.9999429617484473,False,3.10024273834726e-05,
D59_MLP_seed3,59,x,42,481.82752895617716,2,16,0.975284500341476,True,0.9994195151062221,0.9999999195189805
D59_MLP_seed3,59,x,43,788.0194837493016,2,12,0.996340388612636,True,0.9989890729958343,0.9999877726977151
D59_MLP_seed3,59,x,44,637.3809182962725,2,12,0.9967444650853813,True,0.9983923872122424,0.9999883788408046
D59_MLP_seed3,59,x,45,645.483121124425,2,12,0.9966483909558839,True,0.9987385243780587,0.9999976917791153
D59_MLP_seed3,59,x,46,1096.7824325146457,2,22,0.9976432466485788,True,0.9992561902602958,0.9999543518064065
D59_MLP_seed3,59,x,47,0.039519525513778436,2,22,0.996702561156697,True,0.9983393350519925,0.9999725335782174
D59_MLP_seed3,59,x,48,536.1478391321111,2,20,0.9877200640094965,True,0.9992208148269145,0.999999995331523
D59_MLP_seed3,59,x,49,264.19280178344724,2,11,0.9824361657352428,True,0.9972549615374886,0.9999985017896591
D59_MLP_seed3,59,x,50,587.6047036927954,2,20,0.9880400611152264,True,0.9992695265366546,0.999999971359496
D59_MLP_seed3,59,x,51,843.8668915072693,2,22,0.997887871480199,True,0.9988375022878525,0.9999970273177438
D59_MLP_seed3,59,x,53,578.7541852613066,2,20,0.9871871252953757,True,0.9994513081051775,0.9999998234225144
D59_MLP_seed3,59,x,54,269.71080870654043,2,11,0.9764772041528749,True,0.9954833693824905,0.9999961019682788
D59_MLP_seed3,59,x,55,275.4945253888405,2,11,0.9764526854686522,True,0.9955751321977655,0.9999959032335597
D59_MLP_seed3,59,x,56,461.6526675396364,2,16,0.9665012842204798,True,0.9993918765142266,0.9999997206339063
D59_MLP_seed3,59,x,57,788.1549563786888,2,22,0.9976535214740113,True,0.9985477470931426,0.9999961425511197
D59_MLP_seed3,59,x,58,768.0064769292496,2,22,0.9978185132846545,True,0.999142522275889,0.9999979007728677
D59_MLP_seed3,59,x,61,803.2755402591672,2,12,0.9965167804022104,True,0.9989991413294196,0.9999952918577882
D59_MLP_seed3,59,x,62,220.68461886904115,2,11,0.9829225742889647,True,0.9976461002215459,0.9999993230750943
D59_MLP_seed3,59,x,63,548.0944136451144,2,12,0.993768439901504,True,0.998171243707561,0.9999966610259404
D59_MLP_seed3,59,x,64,666.8123513071208,2,12,0.9965153442290268,True,0.998405394314268,0.9999836136323482
D59_MLP_seed3,59,x,65,601.9589387373385,2,20,0.9870971750710293,True,0.9993865741509192,0.99999976048335
D59_MLP_seed3,59,x,66,756.6559327821436,2,12,0.9966780226270957,True,0.9981211084810561,0.9999866298514093
D59_MLP_seed3,59,x,67,271.0700856479539,2,11,0.9763009785620076,True,0.9955565003973091,0.9999965202700775
D59_MLP_seed3,59,x,68,517.9047554170376,2,12,0.9968652583159971,True,0.9985030042408294,0.9999904985009072
D59_MLP_seed3,59,x,69,528.8866010633441,2,16,0.9666998397805632,True,0.9994685985547735,0.9999997034505049
D59_MLP_seed3,59,x,70,751.9360266339874,2,12,0.995190334361787,True,0.997733216846157,0.9999964326572258
D59_MLP_seed3,59,x,71,818.5116953779553,2,22,0.9968245575262397,True,0.998416498296248,0.9999626331834024
D59_MLP_seed3,59,x,72,523.1384390816515,2,9,0.993018083967758,True,0.9992337355220577,0.9999998225720683
D59_MLP_seed3,59,x,73,825.5070174580214,2,12,0.9958023666463546,True,0.9980905752595096,0.9999934513336931
D59_MLP_seed3,59,x,74,688.7422275520522,2,9,0.9931081209702043,True,0.9973324289055069,0.999999035374855
D59_MLP_seed3,59,x,75,556.0899322735814,2,20,0.986974389216886,True,0.9992963624953335,0.9999995861267781
D59_MLP_seed3,59,x,76,599.4795588271937,2,9,0.992789725925118,True,0.9976988199385454,0.9999883897156882
D59_MLP_seed3,59,x,77,521.7391007298,2,9,0.9917601647296852,True,0.9959698543102795,0.9999991999333306
D59_MLP_seed3,59,x,78,531.9656262027657,1,0,0.9999430812796484,False,3.112548488638742e-05,
D59_MLP_seed3,59,x,79,571.9286730475942,2,12,0.9957280448056531,True,0.99867891926014,0.9999871508317998
D59_MLP_seed3,59,x,80,1070.126387701715,2,22,0.997660536068494,True,0.9989420272298858,0.9999952952136624
D59_MLP_seed3,59,x,81,603.3589945558202,2,20,0.986983204200308,True,0.9993630649845355,0.9999995690879846
D59_MLP_seed3,59,x,82,803.302588053085,2,22,0.9979462343141327,True,0.9995707196395687,0.9999959511769017
D59_MLP_seed3,59,x,83,511.8516461936873,2,9,0.9921658670626378,True,0.9971995976464101,0.9999890681669112
D59_MLP_seed3,59,x,84,639.261246576729,2,20,0.9881249853493499,True,0.9993977987965469,0.9999999930798268
D59_MLP_seed3,59,x,85,357.62590901240276,2,16,0.9799301874566061,True,0.9991720642712338,0.9999992052778919
D59_MLP_seed3,59,x,86,10.422968544640385,2,20,0.9765481545974553,True,0.9985703437809804,0.9999957074615682
D59_MLP_seed3,59,x,87,251.0719518320518,2,11,0.9762934382483591,True,0.9955361413318352,0.9999965277951893
D59_MLP_seed3,59,x,88,529.8290908639142,1,0,0.999943499056686,False,3.122522919096932e-05,
D59_MLP_seed3,59,x,89,526.8614339646246,2,16,0.9670756217156549,True,0.999595370096434,0.9999997255680467
D59_MLP_seed3,59,x,90,687.9377958908138,2,9,0.9936492319645501,True,0.9981559436242959,0.999985216607683
D59_MLP_seed3,59,x,91,1143.2166044031007,2,22,0.9979848389488909,True,0.9989136420681605,0.9999999034237504
D59_MLP_seed3,59,x,92,594.8413455493285,2,20,0.9880087813485876,True,0.9994190015192089,0.9999999628672576
D59_MLP_seed3,59,x,93,357.6267676663482,2,16,0.979930159495549,True,0.9991721241124936,0.9999992052197378
D59_MLP_seed3,59,x,94,531.9931310277386,1,0,0.9999430875610522,False,3.1130732863236834e-05,
D59_MLP_seed3,59,x,95,656.9249206127153,2,9,0.9937348694173357,True,0.9977306643396222,0.9999993322296858
D59_MLP_seed3,59,x,96,596.3264081046468,2,20,0.9868125349722715,True,0.9992820363487047,0.999999337249626
D59_MLP_seed3,59,x,97,244.36532199183853,2,11,0.9762349778900293,True,0.9956449143447033,0.999996069391113
D59_MLP_seed3,59,x,98,235.2765286231361,2,11,0.9823542597261172,True,0.9971514463526663,0.9999988751841932
D59_MLP_seed3,59,x,99,632.3202163263082,2,12,0.996820132369446,True,0.9986448369782603,0.9999868107398678
D59_MLP_seed3,59,x,100,494.8555055575853,2,16,0.9708524209656408,True,0.9994628372002596,0.9999995438929359
D59_MLP_seed3,59,x,101,557.4712225491103,2,16,0.9741940295626361,True,0.999488784875939,0.9999999564877041
D59_MLP_seed3,59,x,102,370.23982609367044,2,20,0.987709225496736,True,0.9987606697106945,0.9999999519816041
D59_MLP_seed3,59,x,103,164.21972564258297,2,11,0.9827299046293784,True,0.9975890837250249,0.9999991953166087
D59_MLP_seed3,59,x,104,547.3970468176879,2,12,0.9940728822322087,True,0.9972767583442046,0.9999957790270083
D59_MLP_seed3,59,x,105,629.2528379662801,2,9,0.9935870622289387,True,0.9981136707678029,0.9999900166513546
D59_MLP_seed3,59,x,107,852.4485908483626,2,12,0.9959281870995854,True,0.9980090794166687,0.9999928410511639
D59_MLP_seed3,59,x,108,528.8278558267674,2,16,0.9797018719518626,True,0.9993109898126675,0.9999996711716851
D59_MLP_seed3,59,x,109,715.8187712141845,2,22,0.9963528788460106,True,0.9977752201225962,0.9999694032024201
D59_MLP_seed3,59,x,110,549.7776573865901,2,9,0.9918926437295905,True,0.9986824589684573,0.9999999817263451
D59_MLP_seed3,59,x,111,593.208252817265,2,20,0.9869964144256897,True,0.9993520830669319,0.9999995916232124
D59_MLP_seed3,59,x,112,261.73288997370423,2,11,0.9827248356521331,True,0.9973268613646243,0.9999990596929933
D59_MLP_seed3,59,x,113,1057.5321687565174,1,0,0.9999425692285059,False,3.122426106700345e-05,
D59_MLP_seed3,59,x,114,634.55536910626,2,12,0.9957698747310627,True,0.9978666906463567,0.9999893574436093
D59_MLP_seed3,59,x,115,473.0434441200865,2,16,0.9696247344043342,True,0.9994703557576355,0.9999999934457159
D59_MLP_seed3,59,x,116,264.080723834231,2,11,0.9764634928547179,True,0.9955370546819413,0.9999956879968535
D59_MLP_seed3,59,x,117,571.5294744479529,2,9,0.9923089106388033,True,0.996682602084508,0.9999999588926215
D59_MLP_seed3,59,x,118,164.21701646303995,2,11,0.9827304246207539,True,0.9975892347529078,0.9999991943293083
D59_MLP_seed3,59,x,119,375.9270894429324,2,20,0.986627946202124,True,0.9993989085646345,0.9999997072835413
D59_MLP_seed3,59,x,120,603.9236277667766,2,9,0.9939593726137713,True,0.9978585434396128,0.9999996691760878
D59_MLP_seed3,59,x,121,627.3981104054599,2,9,0.993445008271968,True,0.9980997364904112,0.9999991063044879
D59_MLP_seed3,59,x,122,585.0212807032582,2,20,0.9869836706328033,True,0.9994277982706217,0.9999997404702093
D59_MLP_seed3,59,x,123,252.60826622288982,2,11,0.9763580503644197,True,0.9956520044029009,0.9999952904042295
D59_MLP_seed3,59,x,124,702.3519837289501,2,9,0.9933438691511463,True,0.9978799689682314,0.9999876169754626
D59_MLP_seed3,59,x,125,696.289981477139,2,9,0.9931618254280556,True,0.9978619558599882,0.9999853112414069
D59_MLP_seed3,59,x,126,480.2200896753486,2,16,0.968473709593924,True,0.9995318538332404,0.9999997723357533
D59_MLP_seed3,59,x,127,714.9333389474615,2,12,0.9963668995795433,True,0.9983213174785018,0.9999900426204827
D59_MLP_seed3,59,y,0,567.7100541468702,2,16,0.9667664323348585,True,0.999675920719014,0.9999994476976827
D59_MLP_seed3,59,y,1,483.2752031009762,2,9,0.9959748565890661,True,0.9991504127213274,0.9999951661009489
D59_MLP_seed3,59,y,2,837.3461078853476,2,22,0.997393976157245,True,0.9989678555279473,0.9999994209622426
D59_MLP_seed3,59,y,3,477.69786937023423,2,20,0.9921051170052737,True,0.9976903285038244,0.9999984159685955
D59_MLP_seed3,59,y,4,548.7777727774942,2,16,0.9672469591065384,True,0.9995675594563574,0.9999989729893536
D59_MLP_seed3,59,y,5,730.8597365194117,2,22,0.9973235723240151,True,0.9989790892533822,0.9999960725591309
D59_MLP_seed3,59,y,6,358.8358052021794,2,20,0.9902651426939627,True,0.9970490817367766,0.9999686751459075
D59_MLP_seed3,59,y,7,1222.2903798619443,2,22,0.9985602088427891,True,0.9996204677372132,0.9999999742604065
D59_MLP_seed3,59,y,9,532.1942589856993,1,0,0.9999996954713435,False,1.6004372788854422e-07,
D59_MLP_seed3,59,y,10,220.48483556807471,2,11,0.9796045386220741,True,0.9969480149609405,0.9999938636447852
D59_MLP_seed3,59,y,11,658.8526639678636,2,12,0.9977547103909041,True,0.9990411567994096,0.9999990616501766
D59_MLP_seed3,59,y,12,823.5506517478536,2,22,0.9972109149994303,True,0.9985219879715378,0.9999981843011017
D59_MLP_seed3,59,y,13,696.0654868454636,2,12,0.997414773985545,True,0.9983190683385428,0.9999986823779852
D59_MLP_seed3,59,y,14,466.50759270625133,2,16,0.9680106065341023,True,0.9995770507947526,0.9999999875550565
D59_MLP_seed3,59,y,15,844.9027604724337,2,22,0.9969916004303117,True,0.9991442366607228,0.9999980989594659
D59_MLP_seed3,59,y,16,689.9885677839696,2,9,0.9962221479449713,True,0.9992888002826132,0.9999945147199375
D59_MLP_seed3,59,y,17,315.6528332759119,2,20,0.9904483687219751,True,0.9970720808045871,0.9999862302319441
D59_MLP_seed3,59,y,18,1064.7738199983278,2,22,0.9968852734173255,True,0.9993833086198172,0.9999986548128768
D59_MLP_seed3,59,y,19,713.9414456943962,2,9,0.996073901851806,True,0.9990162433260459,0.9999926962594669
D59_MLP_seed3,59,y,20,680.0427535570839,2,9,0.995789638525669,True,0.9989448292677107,0.9999951673185824
D59_MLP_seed3,59,y,21,631.7478470574989,2,12,0.9971403143502794,True,0.9991154486560134,0.9999993472131896
D59_MLP_seed3,59,y,22,288.4413997029775,2,11,0.9803195525133768,True,0.997634586742383,0.9999935969490373
D59_MLP_seed3,59,y,23,270.48060028173325,2,11,0.9803644641663773,True,0.9976575798880881,0.9999935136457304
D59_MLP_seed3,59,y,24,269.26149233104445,2,16,0.977061863319351,True,0.9987779561501646,0.9999999473562607
D59_MLP_seed3,59,y,25,430.8417228235082,2,9,0.9953661539961606,True,0.9986116349170332,0.9999965772529971
D59_MLP_seed3,59,y,26,467.3416531293349,2,16,0.9671828635426962,True,0.9996738763535753,0.9999999496224886
D59_MLP_seed3,59,y,27,481.30679200236165,2,16,0.9622742896782279,True,0.9996997608363762,0.9999998664541281
D59_MLP_seed3,59,y,28,1200.9327744380419,2,22,0.9984510055358904,True,0.9989691538784767,0.9999999578085181
D59_MLP_seed3,59,y,29,794.2129290941349,2,22,0.9978164992995372,True,0.9986705658054434,0.999996836067468
D59_MLP_seed3,59,y,30,830.7289111267811,2,12,0.9980309199311691,True,0.9988576784883786,0.9999990885649328
D59_MLP_seed3,59,y,31,711.5300940603563,2,12,0.9989313793459633,True,0.9992930508046708,0.999998912534279
D59_MLP_seed3,59,y,32,841.2111862510347,2,12,0.9980865285103264,True,0.999212657187195,0.9999999689774628
D59_MLP_seed3,59,y,33,662.4286548116348,2,9,0.9962961838960516,True,0.9993495118812513,0.9999953764171577
D59_MLP_seed3,59,y,34,903.807271263238,2,22,0.9982874458444035,True,0.9989426020623947,0.9999980168453678
D59_MLP_seed3,59,y,35,513.580063328792,2,16,0.9747940416533503,True,0.999609682777747,0.9999998362925075
D59_MLP_seed3,59,y,36,401.7361841528762,2,20,0.9912112033173773,True,0.9977849736521169,0.999957438798342
D59_MLP_seed3,59,y,37,569.5731730231206,2,20,0.9921010747806319,True,0.9974286758134945,0.9999972598820508
D59_MLP_seed3,59,y,38,363.2297575414896,2,20,0.9914769353817318,True,0.9973192891394334,0.9999986724248194
D59_MLP_seed3,59,y,39,266.96882412079907,2,11,0.9790825367390182,True,0.9984548775446663,0.9999974817938299
D59_MLP_seed3,59,y,40,639.3632299707808,2,12,0.9986471262682519,True,0.9990689514878185,0.9999988819390861
D59_MLP_seed3,59,y,41,1067.2711521198325,1,0,0.9999996863223194,False,1.821716418564539e-07,
D59_MLP_seed3,59,y,42,498.7090671064683,2,16,0.966841320879513,True,0.999568844091453,0.9999992584767002
D59_MLP_seed3,59,y,43,760.8849930887784,2,12,0.9979404749040779,True,0.9992300527708059,0.9999998911864826
D59_MLP_seed3,59,y,44,639.959175301879,2,12,0.9981190321651736,True,0.9993879115491167,0.9999997552256629
D59_MLP_seed3,59,y,45,638.152592674156,2,12,0.9976090099682365,True,0.9984163999342192,0.9999995125857926
D59_MLP_seed3,59,y,46,1141.5084818519613,2,22,0.9971352534475456,True,0.9988283930945094,0.9999988014534072
D59_MLP_seed3,59,y,47,0.0398696866911482,2,22,0.9959987119159018,True,0.9984005979545834,0.9999915206019079
D59_MLP_seed3,59,y,48,484.31135646044186,2,20,0.9918846261915844,True,0.9978525191620621,0.9999926887173054
D59_MLP_seed3,59,y,49,272.7735331970904,2,11,0.9792176816475577,True,0.9985881292443769,0.9999983530283186
D59_MLP_seed3,59,y,50,537.1447746388955,2,20,0.9921265045181902,True,0.9969190579976684,0.9999928930852507
D59_MLP_seed3,59,y,51,811.6812667143653,2,22,0.9984361420786662,True,0.9990931914782927,0.9999973600825802
D59_MLP_seed3,59,y,53,527.3110702594325,2,20,0.9930132149196914,True,0.998130565171298,0.9999827771483673
D59_MLP_seed3,59,y,54,273.46855693121415,2,11,0.9804740512963774,True,0.9976901484011691,0.9999930080048125
D59_MLP_seed3,59,y,55,281.0402205357575,2,11,0.9791162202997098,True,0.9983997027032727,0.9999978106740162
D59_MLP_seed3,59,y,56,466.0082574298375,2,16,0.9660884232210318,True,0.9995663989696375,0.9999999118144826
D59_MLP_seed3,59,y,57,783.1120656079385,2,22,0.9981513307997929,True,0.9988193456410508,0.9999984006476085
D59_MLP_seed3,59,y,58,760.8164843569408,2,22,0.9974716071007805,True,0.998559499541624,0.9999976445125552
D59_MLP_seed3,59,y,61,765.7934475554423,2,12,0.9983506351007817,True,0.9988094387542612,0.9999997109480889
D59_MLP_seed3,59,y,62,226.1238135882957,2,11,0.9801796386973436,True,0.997482794917213,0.9999920811278687
D59_MLP_seed3,59,y,63,582.118894899654,2,12,0.9972218650188691,True,0.9984754921349168,0.9999999990887004
D59_MLP_seed3,59,y,64,653.9034096820934,2,12,0.998644117700896,True,0.9990102484402916,0.9999988487253945
D59_MLP_seed3,59,y,65,550.5618081890716,2,20,0.9930435241715281,True,0.9977894864220926,0.9999745454466206
D59_MLP_seed3,59,y,66,764.8837879787078,2,12,0.998397940546229,True,0.9988204145910651,0.9999997476452178
D59_MLP_seed3,59,y,67,276.8178315230858,2,11,0.9791223628372884,True,0.9983891820931655,0.9999970644282877
D59_MLP_seed3,59,y,68,515.0407441963893,2,12,0.997342293814732,True,0.9978790366829394,0.9999994740256273
D59_MLP_seed3,59,y,69,536.9959191080628,2,16,0.962808359877054,True,0.9994951875110635,0.9999989141914645
D59_MLP_seed3,59,y,70,744.8644584930668,2,12,0.9967430258839953,True,0.9978590360875222,0.999999635531158
D59_MLP_seed3,59,y,71,824.9612320531958,2,22,0.9974047898858301,True,0.9983395441306959,0.9999978649413708
D59_MLP_seed3,59,y,72,502.58897709685283,2,9,0.9949903881709856,True,0.9979455158556455,0.999987729234111
D59_MLP_seed3,59,y,73,788.7447958580857,2,12,0.9976404949422782,True,0.9986388157134933,0.9999997521382815
D59_MLP_seed3,59,y,74,685.7983398953154,2,9,0.9959404051443327,True,0.9991024947144113,0.9999947447571892
D59_MLP_seed3,59,y,75,519.8507619336867,2,20,0.9910399374122261,True,0.9977518438663306,0.9999917461801733
D59_MLP_seed3,59,y,76,571.1354108492887,2,9,0.9952516780097764,True,0.9982928953534089,0.9999934331208413
D59_MLP_seed3,59,y,77,494.918403390572,2,9,0.9958487213315727,True,0.9985989798643133,0.9999903049923083
D59_MLP_seed3,59,y,78,534.2674564293228,1,0,0.9999996980487451,False,1.5827604245429964e-07,
D59_MLP_seed3,59,y,79,568.1504319998263,2,12,0.9975411533635801,True,0.9992235711557743,0.9999992260475262
D59_MLP_seed3,59,y,80,1116.640135117066,2,22,0.9974851259369664,True,0.9992328440183819,0.9999991115728784
D59_MLP_seed3,59,y,81,568.3031575278584,2,20,0.9907422166149021,True,0.9975093450675825,0.9999998161814024
D59_MLP_seed3,59,y,82,783.0591623928602,2,22,0.9975519847712462,True,0.9986747525623377,0.9999968221880222
D59_MLP_seed3,59,y,83,488.0844125549654,2,9,0.9939756946846577,True,0.9976445525631986,0.999998565352014
D59_MLP_seed3,59,y,84,591.5463848062097,2,20,0.992112132659753,True,0.9979711466112745,0.999989948089013
D59_MLP_seed3,59,y,85,375.0390336284136,2,16,0.9690675800423079,True,0.9996181352381083,0.9999997275010214
D59_MLP_seed3,59,y,86,9.208957910648056,2,20,0.983437691140372,True,0.9947734137292122,0.9999959082737631
D59_MLP_seed3,59,y,87,253.33032747440004,2,11,0.9805209148911082,True,0.9976939266640023,0.9999930251200041
D59_MLP_seed3,59,y,88,532.1084090169371,1,0,0.9999996955850411,False,1.5903430577740553e-07,
D59_MLP_seed3,59,y,89,533.9449911152952,2,16,0.9659580646781724,True,0.9996398506503033,0.9999998793187012
D59_MLP_seed3,59,y,90,669.9253748296774,2,9,0.996200092690446,True,0.9993641488593663,0.9999941491432345
D59_MLP_seed3,59,y,91,1148.0743430300377,2,22,0.9975885560858767,True,0.9988613373669517,0.9999998412542872
D59_MLP_seed3,59,y,92,547.5569881014178,2,20,0.9920326413183262,True,0.9979428429598212,0.9999977490033037
D59_MLP_seed3,59,y,93,375.0394785760592,2,16,0.969066784460324,True,0.9996180748370174,0.9999997273671173
D59_MLP_seed3,59,y,94,534.299222113246,1,0,0.9999996973766437,False,1.5846446694675269e-07,
D59_MLP_seed3,59,y,95,670.7581440829863,2,9,0.9959984641135786,True,0.9992103578929322,0.999993966926369
D59_MLP_seed3,59,y,96,562.413953517875,2,20,0.9907752455640751,True,0.9977928377680709,0.9999999775824817
D59_MLP_seed3,59,y,97,249.20668135720084,2,11,0.9791122210756268,True,0.9985189842991254,0.99999837074554
D59_MLP_seed3,59,y,98,243.10511432060554,2,11,0.9792315368484952,True,0.9985668540848622,0.9999983139185248
D59_MLP_seed3,59,y,99,607.5603491250151,2,12,0.9972240930537589,True,0.9980575892077814,0.9999999999938726
D59_MLP_seed3,59,y,100,502.2485043421728,2,16,0.9661556784077093,True,0.9993050946705848,0.999999609667754
D59_MLP_seed3,59,y,101,572.3623404216963,2,16,0.9691484991696782,True,0.9994548153436582,0.9999995437676512
D59_MLP_seed3,59,y,102,303.0986221171863,2,20,0.9884265065852225,True,0.9963919271394818,0.9999628564824135
D59_MLP_seed3,59,y,103,168.6292982284355,2,11,0.9804170129256451,True,0.9977778338279917,0.9999926285881743
D59_MLP_seed3,59,y,104,575.7238873150795,2,12,0.9977968676837606,True,0.9989010922559508,0.999999223341779
D59_MLP_seed3,59,y,105,614.5273191734292,2,9,0.995690010750648,True,0.9987159676139841,0.9999931069130519
D59_MLP_seed3,59,y,107,838.0579937711017,2,12,0.9970424146118063,True,0.9986186537060497,0.9999994516752345
D59_MLP_seed3,59,y,108,558.3010758765538,2,16,0.966832083100284,True,0.999368408920214,0.9999985241600462
D59_MLP_seed3,59,y,109,732.870422347411,2,22,0.9975722764905567,True,0.9988209229550284,0.9999999958933866
D59_MLP_seed3,59,y,110,518.5734070569706,2,9,0.9959576551840404,True,0.9989377815677044,0.9999971126524932
D59_MLP_seed3,59,y,111,553.0194669240268,2,20,0.9911629524761049,True,0.9974405068770867,0.9999842419308131
D59_MLP_seed3,59,y,112,271.09216882196745,2,11,0.9791905725319747,True,0.9984295118525416,0.99999823723641
D59_MLP_seed3,59,y,113,1062.316693588569,1,0,0.99999966221502,False,1.756267837588134e-07,
D59_MLP_seed3,59,y,114,637.8003632357329,2,12,0.9979722677469636,True,0.998484307539679,0.9999984834937029
D59_MLP_seed3,59,y,115,478.7587166548447,2,16,0.9659074327998256,True,0.999564751794018,0.9999999746878389
D59_MLP_seed3,59,y,116,268.0754538613691,2,11,0.980333232764373,True,0.9977105682699137,0.9999928747365304
D59_MLP_seed3,59,y,117,547.6634239063463,2,9,0.9955523780947653,True,0.9987014395669649,0.9999964208312213
D59_MLP_seed3,59,y,118,168.62653601715758,2,11,0.9804172393333263,True,0.997776843533721,0.9999926277062323
D59_MLP_seed3,59,y,119,329.7778436317301,2,20,0.9907163535904112,True,0.9963237355529047,0.9998827026495083
D59_MLP_seed3,59,y,120,593.6724210349398,2,9,0.9961213421974232,True,0.9992358726117702,0.9999957710663581
D59_MLP_seed3,59,y,121,629.3197154082703,2,9,0.9961137888361011,True,0.9993820231844786,0.9999955315072746
D59_MLP_seed3,59,y,122,533.9167088806591,2,20,0.992956239895379,True,0.9981007216099476,0.9999684100711379
D59_MLP_seed3,59,y,123,257.39097519483636,2,11,0.9790550605989304,True,0.9984876023662037,0.9999979245631012
D59_MLP_seed3,59,y,124,694.7659326204621,2,9,0.9962198527248662,True,0.9993899475586094,0.9999950038957105
D59_MLP_seed3,59,y,125,691.0093805271744,2,9,0.9957879477824791,True,0.9992827736278416,0.9999950906871438
D59_MLP_seed3,59,y,126,484.57564654678305,2,16,0.9684665892468759,True,0.9996559713468165,0.999999884048773
D59_MLP_seed3,59,y,127,702.6331437320117,2,12,0.9982460790637353,True,0.9992770680956106,0.9999984563565842
D59_MLP_seed4,59,x,0,1153.4483651537105,2,10,0.9983099504928574,True,0.9991088869325047,0.9999991488970591
D59_MLP_seed4,59,x,1,1141.688515877945,2,10,0.9986726821270661,True,0.9994709826195607,0.999998676675198
D59_MLP_seed4,59,x,3,1132.889878136711,2,15,0.9985885224710014,True,0.9992079257618528,0.9999899281665284
D59_MLP_seed4,59,x,4,981.5725260010192,2,21,0.9989137436777777,True,0.9996260978625896,0.9999995367710105
D59_MLP_seed4,59,x,5,781.1737902205817,2,21,0.9990748637557584,True,0.9996524991956993,0.9999985287540348
D59_MLP_seed4,59,x,6,1199.2193462470623,2,15,0.998905518550255,True,0.9993353052663625,0.9999932094335937
D59_MLP_seed4,59,x,7,1123.9689516971991,2,15,0.9987045656360245,True,0.9992193276660933,0.9999967586086244
D59_MLP_seed4,59,x,8,491.4703206232015,2,7,0.9641397483300376,True,0.9998343494277901,0.9999979022469787
D59_MLP_seed4,59,x,9,987.7098086030536,2,10,0.9987651536237264,True,0.9988741108768378,0.9999993978491468
D59_MLP_seed4,59,x,10,92.32433379491198,2,19,0.9373385141044345,True,0.9955747387768726,0.9999893967846507
D59_MLP_seed4,59,x,11,89.35761291974133,2,19,0.9373110715891263,True,0.9956857016454631,0.9999828866381993
D59_MLP_seed4,59,x,12,1037.814220576275,2,21,0.9985551357395441,True,0.9993968904257063,0.9999999650143583
D59_MLP_seed4,59,x,13,969.0537890941708,1,0,0.9999999919882848,False,5.117115744783442e-09,
D59_MLP_seed4,59,x,14,858.7543219545876,2,21,0.9991131725327863,True,0.9996270721671852,0.9999985347475326
D59_MLP_seed4,59,x,15,775.9087450275821,2,21,0.9985371089255918,True,0.9992834354052907,0.9999989250360016
D59_MLP_seed4,59,x,16,858.0551371532919,2,21,0.9987598050075872,True,0.9994205784804718,0.9999984577611029
D59_MLP_seed4,59,x,17,1263.6879191871433,2,10,0.9983141024916854,True,0.9994658428249888,0.9999984582500129
D59_MLP_seed4,59,x,18,89.36314822514848,2,19,0.937309462546874,True,0.9956851580030491,0.999982886136318
D59_MLP_seed4,59,x,19,464.1511248663167,2,7,0.9671075245927219,True,0.999717861216812,0.9999967770864883
D59_MLP_seed4,59,x,20,1237.4039656348,2,15,0.9987924657602809,True,0.998917050125774,0.9999986506834497
D59_MLP_seed4,59,x,21,988.7419645595571,2,10,0.997812771850099,True,0.9985951740155682,0.9999993577486611
D59_MLP_seed4,59,x,22,1142.23109583451,2,15,0.9982819703261959,True,0.9990158499009185,0.9999977112654472
D59_MLP_seed4,59,x,23,748.2010468539721,2,21,0.998243375096915,True,0.9991576712173592,0.999999934310394
D59_MLP_seed4,59,x,24,709.4632307531937,2,7,0.9668302923997478,True,0.9999096742096598,0.9999994333212767
D59_MLP_seed4,59,x,25,1169.1102838153756,2,15,0.9984860830232392,True,0.9990674952449982,0.9999963714024692
D59_MLP_seed4,59,x,26,1158.8950829917007,2,10,0.998257753575728,True,0.9991185601488032,0.9999992380317704
D59_MLP_seed4,59,x,27,740.2737714341285,2,7,0.9657735606170097,True,0.9999615865247731,0.9999999718738198
D59_MLP_seed4,59,x,28,1011.5086975248963,2,15,0.9987707418856094,True,0.9992957725842679,0.9999984707897108
D59_MLP_seed4,59,x,29,1079.3978727941587,2,10,0.9983433307784169,True,0.9992178782417822,0.9999988039685213
D59_MLP_seed4,59,x,30,1177.7514286520948,2,15,0.9985851380762444,True,0.9993029666355636,0.9999983744829652
D59_MLP_seed4,59,x,31,933.6089912506005,2,21,0.9987598672679051,True,0.9991987865071286,0.9999992003904429
D59_MLP_seed4,59,x,32,1140.3826937399301,2,10,0.9988625722259312,True,0.9991287789860429,0.9999956259973972
D59_MLP_seed4,59,x,33,1039.025486853474,2,10,0.9988684876295827,True,0.999022640673667,0.9999968761393845
D59_MLP_seed4,59,x,34,445.4128783782638,2,7,0.9648262501587701,True,0.999819295392273,0.9999995909078897
D59_MLP_seed4,59,x,36,639.1136341049399,2,7,0.9663252996525873,True,0.9999092220242759,0.9999984948979366
D59_MLP_seed4,59,x,37,1001.347893444135,2,15,0.9982362631621103,True,0.9991108352009512,0.9999891956003584
D59_MLP_seed4,59,x,38,1344.8280921806108,2,10,0.9984954389412594,True,0.998812977905263,0.9999940243998972
D59_MLP_seed4,59,x,39,1087.8573171118155,2,15,0.9975049472059808,True,0.9982946390329092,0.999998084236092
D59_MLP_seed4,59,x,40,492.98288523703326,2,7,0.9649425920207435,True,0.999878873024508,0.9999998005862344
D59_MLP_seed4,59,x,41,1140.320672527393,2,15,0.9982385295549415,True,0.9987201170880997,0.9999944549480875
D59_MLP_seed4,59,x,42,998.8759733968143,2,21,0.9986706610144829,True,0.9992535948992949,0.9999984920394236
D59_MLP_seed4,59,x,43,1083.14270375246,2,10,0.9985771571763294,True,0.9992597322795681,0.9999967779964526
D59_MLP_seed4,59,x,44,1151.8078840291103,2,15,0.9985725880424365,True,0.9989756661685899,0.9999973278717956
D59_MLP_seed4,59,x,45,1283.7441048062926,2,15,0.9987853117033888,True,0.9995423753225774,0.9999926225505574
D59_MLP_seed4,59,x,46,1014.1596521120894,2,15,0.9988348753080051,True,0.9996007107902292,0.9999893745397943
D59_MLP_seed4,59,x,47,112.47239622180287,2,19,0.9376091464650765,True,0.9956917541035557,0.9999863211987766
D59_MLP_seed4,59,x,48,1146.291601526379,2,15,0.9989496303106085,True,0.9992679059848106,0.9999971559627095
D59_MLP_seed4,59,x,51,629.9589770939559,2,7,0.96466585217764,True,0.9999135880531277,0.9999979594715603
D59_MLP_seed4,59,x,52,783.1220198565055,2,7,0.9645111976636164,True,0.9999427814985059,0.9999999576538678
D59_MLP_seed4,59,x,54,859.2138714448786,2,21,0.9986453041370957,True,0.9995014854181307,0.9999954359126533
D59_MLP_seed4,59,x,56,810.3636365571576,2,21,0.9990900563507873,True,0.9996795755319717,0.9999949269848709
D59_MLP_seed4,59,x,57,960.6387362544154,1,0,0.9999999958798645,False,2.8208125305793658e-09,
D59_MLP_seed4,59,x,59,956.5166666207552,2,21,0.9988554581730544,True,0.9995175878781668,0.9999972292104891
D59_MLP_seed4,59,x,60,716.9837105333445,2,7,0.9650132347688485,True,0.9999447086869228,0.9999999378479032
D59_MLP_seed4,59,x,61,1068.3306973221422,2,10,0.9976920755337573,True,0.9982573873461713,0.9999930003238073
D59_MLP_seed4,59,x,62,1151.6669191657338,2,15,0.9988720841725784,True,0.9993789849476323,0.9999964215700381
D59_MLP_seed4,59,x,63,851.2571997822668,2,21,0.9985689546518542,True,0.9995097787660832,0.999998906971972
D59_MLP_seed4,59,x,64,730.8707141703192,2,21,0.9991469243798248,True,0.999621864688694,0.9999990656786528
D59_MLP_seed4,59,x,66,1166.5783276754,2,15,0.9982248529308855,True,0.9992680882467397,0.9999959932752758
D59_MLP_seed4,59,x,68,846.2085481186905,2,21,0.9989002470481353,True,0.999711993980747,0.9999998948711688
D59_MLP_seed4,59,x,69,765.4358958723042,2,7,0.9652400801679553,True,0.9999313088980992,0.999999022978071
D59_MLP_seed4,59,x,70,1149.19110925935,2,10,0.9977987738883859,True,0.9989373173494168,0.9999931678014901
D59_MLP_seed4,59,x,71,1114.6974310903927,2,15,0.9981787191150553,True,0.9984779809939245,0.999998024894768
D59_MLP_seed4,59,x,72,1130.7895701646096,2,10,0.9987019681582178,True,0.999051167396416,0.9999948817230843
D59_MLP_seed4,59,x,73,989.4479199882828,2,10,0.9982214944738154,True,0.9988361477601724,0.9999954223513965
D59_MLP_seed4,59,x,74,683.7621497744525,2,7,0.9647793499322876,True,0.9999329475369768,0.9999999700805422
D59_MLP_seed4,59,x,75,1328.007448565607,2,15,0.9989829868997702,True,0.9990092734333236,0.9999923448538082
D59_MLP_seed4,59,x,76,1148.2448129751424,2,15,0.9989017044409334,True,0.9991553872322544,0.9999980813994228
D59_MLP_seed4,59,x,77,1182.5751811872665,2,10,0.9982415385903555,True,0.9988414592425076,0.9999979974606963
D59_MLP_seed4,59,x,78,867.4758322351572,2,21,0.999039550996581,True,0.9994882964494172,0.9999998578605628
D59_MLP_seed4,59,x,80,1090.6768384113475,2,15,0.9987287253126151,True,0.9986955272953669,0.9999995763658365
D59_MLP_seed4,59,x,81,963.7922414046523,1,0,0.9999999932703428,False,4.1787155707063044e-09,
D59_MLP_seed4,59,x,82,717.6550264223926,2,7,0.966275139556219,True,0.9999113756749571,0.9999994499846451
D59_MLP_seed4,59,x,83,757.3886498076635,2,7,0.9649438755953034,True,0.999924755706207,0.9999993972254805
D59_MLP_seed4,59,x,84,1110.5016081905585,2,15,0.9983702038543347,True,0.999174157010382,0.9999938261977646
D59_MLP_seed4,59,x,85,1095.7733622477338,2,10,0.9976692944100091,True,0.9989936915294233,0.9999975623860273
D59_MLP_seed4,59,x,87,957.838306139013,2,21,0.9983618732315873,True,0.9992412276563343,0.9999999973826553
D59_MLP_seed4,59,x,88,92.34298686030031,2,19,0.9373378749822024,True,0.9955747621812301,0.9999893975865203
D59_MLP_seed4,59,x,89,914.2891336540334,2,21,0.9985869440671185,True,0.9993980821113413,0.9999981242212657
D59_MLP_seed4,59,x,90,959.2139644248723,1,0,0.9999999944757488,False,3.4478978262942045e-09,
D59_MLP_seed4,59,x,91,790.0463775496278,2,21,0.998792247464323,True,0.9996625809014695,0.9999970228743024
D59_MLP_seed4,59,x,92,936.6149674267876,2,10,0.9983922782994133,True,0.9990347867494882,0.9999932388246351
D59_MLP_seed4,59,x,93,952.4937232603271,2,15,0.9960871035076959,True,0.9974398247366717,0.9999891722976333
D59_MLP_seed4,59,x,94,468.76128797873554,2,7,0.9684021845291445,True,0.9998757470269203,0.9999997724452043
D59_MLP_seed4,59,x,95,455.2733126717194,2,7,0.9692246971664008,True,0.9997098127957993,0.9999987684941792
D59_MLP_seed4,59,x,96,715.058496284093,2,21,0.9985823123296247,True,0.9992033530145528,0.9999999939539086
D59_MLP_seed4,59,x,97,1301.5132030117766,2,10,0.9987484461651782,True,0.9989454681812908,0.9999940908680326
D59_MLP_seed4,59,x,98,103.96818782925473,2,19,0.9375984972724674,True,0.9957866646490116,0.9999815794253788
D59_MLP_seed4,59,x,100,1007.9381130490913,2,10,0.9986043421913683,True,0.9992668754965868,0.9999970387317102
D59_MLP_seed4,59,x,101,1037.6501335690866,2,10,0.9986176091651817,True,0.9992581857012709,0.999996582603836
D59_MLP_seed4,59,x,102,879.4072423707125,2,21,0.9987202905130672,True,0.9993215140839248,0.9999999329309505
D59_MLP_seed4,59,x,103,920.8353394608806,2,21,0.9986275904620464,True,0.9991384060507694,0.9999981696828572
D59_MLP_seed4,59,x,105,845.1320145671889,2,21,0.9988483543740039,True,0.9994496995263404,0.999999990099133
D59_MLP_seed4,59,x,106,931.9831679406079,2,10,0.9980004652696272,True,0.998814881923292,0.999995650714555
D59_MLP_seed4,59,x,107,939.557942138948,2,15,0.9986772878019444,True,0.998863778923719,0.9999939982521704
D59_MLP_seed4,59,x,108,737.6280997153635,2,7,0.9658584398339529,True,0.9999103167971605,0.999999283698284
D59_MLP_seed4,59,x,109,1048.9099070691655,2,15,0.9983512385563404,True,0.9987392357729923,0.9999976426883873
D59_MLP_seed4,59,x,110,1233.539788813291,2,15,0.9987228146597686,True,0.9988629075458876,0.9999921728883635
D59_MLP_seed4,59,x,111,460.73695915299373,2,7,0.9623461623212723,True,0.9999065926769635,0.9999989859950451
D59_MLP_seed4,59,x,112,708.1742242204374,2,7,0.9649171828652631,True,0.9999501590642068,0.9999999979992141
D59_MLP_seed4,59,x,113,1103.8280892291505,2,15,0.9989708838891952,True,0.9995286658189692,0.9999968374786469
D59_MLP_seed4,59,x,114,1116.6874401978296,2,15,0.9983687363273333,True,0.9985966809504643,0.9999899791348671
D59_MLP_seed4,59,x,116,1084.512351563965,2,10,0.9989020375803774,True,0.9992085363515767,0.9999953511129575
D59_MLP_seed4,59,x,117,1048.265009390939,2,15,0.9989434341139473,True,0.9994601505135844,0.9999902974613197
D59_MLP_seed4,59,x,118,1151.477608651865,2,10,0.9980962880723243,True,0.9989980142273294,0.9999978004619927
D59_MLP_seed4,59,x,119,1104.8534495396195,2,15,0.9985181363508403,True,0.99909939749911,0.9999911153529057
D59_MLP_seed4,59,x,120,748.9465067736272,2,21,0.9988766867304434,True,0.9994942234653376,0.9999992581209957
D59_MLP_seed4,59,x,122,1192.3781697708948,2,10,0.9983989442633624,True,0.9986538856283693,0.9999990792932678
D59_MLP_seed4,59,x,123,649.6518400114155,2,7,0.9654507991209633,True,0.9999312191940802,0.999998731303073
D59_MLP_seed4,59,x,124,720.4487321496382,2,7,0.9661758733706356,True,0.999922693683381,0.999999207425679
D59_MLP_seed4,59,x,125,846.379273457271,2,21,0.998956805876366,True,0.9996131595466989,0.999996180271261
D59_MLP_seed4,59,x,126,514.5326509916636,2,7,0.9627487211150618,True,0.999827368481688,0.9999985031749038
D59_MLP_seed4,59,y,0,1149.951195736563,2,10,0.9980649119042093,True,0.9987887130774544,0.9999959026793777
D59_MLP_seed4,59,y,1,1121.314092296135,2,10,0.9981640535727616,True,0.9990059472836429,0.9999996323189754
D59_MLP_seed4,59,y,3,1142.4394688487866,2,15,0.9987199541498836,True,0.9991330144699309,0.9999927021837218
D59_MLP_seed4,59,y,4,982.4809485351697,2,21,0.998457774813651,True,0.9995765066698373,0.9999999870340608
D59_MLP_seed4,59,y,5,793.7706522050872,2,21,0.9984083169135418,True,0.9996277358063426,0.9999999988249705
D59_MLP_seed4,59,y,6,1186.9278212669715,2,15,0.9983099863292907,True,0.9996227786233076,0.9999976526142073
D59_MLP_seed4,59,y,7,1126.1844420120997,2,15,0.9986620076924241,True,0.999317278911737,0.9999969019378514
D59_MLP_seed4,59,y,8,488.8466730351154,2,7,0.9653417053480614,True,0.9999210801375568,0.9999998866428399
D59_MLP_seed4,59,y,9,999.9483705203241,2,10,0.9970961918098908,True,0.9983720130154344,0.9999990476435253
D59_MLP_seed4,59,y,10,90.24357649975192,2,19,0.9442543801632469,True,0.9931046887887844,0.9999996759433774
D59_MLP_seed4,59,y,11,87.36316696838654,2,19,0.945079999606232,True,0.9934963755813206,0.9999988106728274
D59_MLP_seed4,59,y,12,1042.842794158533,2,21,0.9987861663993959,True,0.9996801289348117,0.9999965025905999
D59_MLP_seed4,59,y,13,969.1994102569563,1,0,0.9999999871608971,False,7.911312875398162e-09,
D59_MLP_seed4,59,y,14,848.0977592769892,2,21,0.9985656257608418,True,0.9994964800251502,0.9999867484361645
D59_MLP_seed4,59,y,15,776.7874561232235,2,21,0.9980884925952662,True,0.9992808970615227,0.9999989636862902
D59_MLP_seed4,59,y,16,887.3704480157619,2,21,0.998261826123729,True,0.9993677635239486,0.9999996538031665
D59_MLP_seed4,59,y,17,1243.0426767478625,2,10,0.9972533941721997,True,0.998629458453284,0.9999999084899144
D59_MLP_seed4,59,y,18,87.36542769568187,2,19,0.9450789131917565,True,0.9934961363432163,0.9999988105983924
D59_MLP_seed4,59,y,19,463.14757531884004,2,7,0.9681803042590691,True,0.9998213501581923,0.999999559555478
D59_MLP_seed4,59,y,20,1254.6263103774695,2,15,0.9984449513791905,True,0.998727901278143,0.9999977882364006
D59_MLP_seed4,59,y,21,987.9193345173067,2,10,0.9985142718748438,True,0.999436709210126,0.9999988016068113
D59_MLP_seed4,59,y,22,1142.4436988637585,2,15,0.9987376648683342,True,0.9988248340447345,0.9999970243543468
D59_MLP_seed4,59,y,23,727.0696991245187,2,21,0.9985098191606039,True,0.9994693859232128,0.9999926974815596
D59_MLP_seed4,59,y,24,714.4920198232103,2,7,0.9648393661588429,True,0.9999488304796005,0.9999997656845993
D59_MLP_seed4,59,y,25,1162.5575294342473,2,15,0.9983669712589057,True,0.9989994402529546,0.9999932358348659
D59_MLP_seed4,59,y,26,1157.4759873951239,2,10,0.9986147415143553,True,0.998997086782188,0.9999963563773657
D59_MLP_seed4,59,y,27,744.9966306223765,2,7,0.9638816841147366,True,0.999960401132187,0.9999998094611432
D59_MLP_seed4,59,y,28,1004.5563141014543,2,15,0.9981423396707637,True,0.9993803498286707,0.9999955209839014
D59_MLP_seed4,59,y,29,1067.3801120588234,2,10,0.9987227774465722,True,0.999252753552643,0.9999954768034902
D59_MLP_seed4,59,y,30,1193.8674754618048,2,15,0.9981975908430182,True,0.9991211904233444,0.9999920700887547
D59_MLP_seed4,59,y,31,945.2380281603738,2,21,0.9982665526541141,True,0.9993525522637297,0.9999998350037066
D59_MLP_seed4,59,y,32,1139.1836735802958,2,10,0.9973482720982901,True,0.9987629763025475,0.9999998181742007
D59_MLP_seed4,59,y,33,1062.019690740027,2,10,0.998183090892703,True,0.998932187251161,0.9999997764080357
D59_MLP_seed4,59,y,34,448.7564880130814,2,7,0.962622990227215,True,0.9999135390874255,0.9999998773772136
D59_MLP_seed4,59,y,36,643.3467771674325,2,7,0.9647328859752458,True,0.9999409510885758,0.9999997679980909
D59_MLP_seed4,59,y,37,1024.0988087740077,2,15,0.998070211773995,True,0.9985075282354421,0.9999968857796536
D59_MLP_seed4,59,y,38,1358.7136574817528,2,10,0.9978333167498954,True,0.9987377146247622,0.9999999003541495
D59_MLP_seed4,59,y,39,1087.069279128356,2,15,0.9985483450484067,True,0.9991050968610945,0.9999965984194158
D59_MLP_seed4,59,y,40,491.61004612479616,2,7,0.9655502445389099,True,0.9999343699111793,0.9999996226297849
D59_MLP_seed4,59,y,41,1120.1483093086758,2,15,0.9980655132086561,True,0.9984851821739751,0.9999937086044077
D59_MLP_seed4,59,y,42,991.5551865585112,2,21,0.9982612133269061,True,0.9991617391037598,0.9999967273815819
D59_MLP_seed4,59,y,43,1104.3415876749796,2,10,0.9983722464770215,True,0.9989602370134287,0.9999949440135943
D59_MLP_seed4,59,y,44,1165.536882601163,2,15,0.9980828563734814,True,0.9983402000853895,0.9999923095787583
D59_MLP_seed4,59,y,45,1292.7317965643351,2,15,0.9985580120782528,True,0.9991724402532377,0.9999974191865095
D59_MLP_seed4,59,y,46,1022.7272223424405,2,15,0.9985183948908891,True,0.9993094157939149,0.9999971774597143
D59_MLP_seed4,59,y,47,110.01882568462544,2,19,0.9449837265890558,True,0.9936484733702912,0.999998617674381
D59_MLP_seed4,59,y,48,1135.9975968195592,2,15,0.9991018078391837,True,0.9994726953473986,0.9999925225259186
D59_MLP_seed4,59,y,51,638.1102994196655,2,7,0.9617468935047137,True,0.999937112301678,0.9999999516798032
D59_MLP_seed4,59,y,52,789.9310574423773,2,7,0.9621537432444935,True,0.9999513791018344,0.9999999392089296
D59_MLP_seed4,59,y,54,864.749417860868,2,21,0.998531132591647,True,0.9994485312791608,0.9999898478861199
D59_MLP_seed4,59,y,56,813.8420050411548,2,21,0.9985857973330309,True,0.9996585354408638,0.9999986916833671
D59_MLP_seed4,59,y,57,960.766196920596,1,0,0.9999999922145127,False,5.769179685040972e-09,
D59_MLP_seed4,59,y,59,961.0974781174433,2,21,0.997918188579939,True,0.9992341221222542,0.9999962756114834
D59_MLP_seed4,59,y,60,712.7617748257579,2,7,0.9660509893468204,True,0.9999637298885794,0.9999996577291294
D59_MLP_seed4,59,y,61,1050.6477780981165,2,10,0.9987461756163232,True,0.9992520979989643,0.9999964131809985
D59_MLP_seed4,59,y,62,1163.160156273054,2,15,0.9987365895606862,True,0.9995834742289192,0.9999976504420913
D59_MLP_seed4,59,y,63,858.7319238574006,2,21,0.9989140379712145,True,0.9997770705819315,0.9999997479804632
D59_MLP_seed4,59,y,64,733.5204488605784,2,21,0.9984343700099445,True,0.9993317048443744,0.9999874997416375
D59_MLP_seed4,59,y,66,1137.9210954864782,2,15,0.9984970871628843,True,0.9992010181382822,0.9999959733112582
D59_MLP_seed4,59,y,68,837.2410927186427,2,21,0.9980091042815713,True,0.9992897800041939,0.9999965299432305
D59_MLP_seed4,59,y,69,779.5295824486116,2,7,0.9601164039772138,True,0.9999198967948191,0.9999999001436406
D59_MLP_seed4,59,y,70,1145.474187287297,2,10,0.9979210537013444,True,0.9988466930365186,0.9999960229772155
D59_MLP_seed4,59,y,71,1136.6479990200924,2,15,0.9986367461585368,True,0.9991835298101482,0.9999972591732081
D59_MLP_seed4,59,y,72,1166.8995265981653,2,10,0.9986781401366623,True,0.9990196001147112,0.999995640185643
D59_MLP_seed4,59,y,73,969.9502943916189,2,10,0.9973576755243718,True,0.9988154541394585,0.9999998313145582
D59_MLP_seed4,59,y,74,687.0970627846049,2,7,0.9640847169629495,True,0.999949168663501,0.9999998493045783
D59_MLP_seed4,59,y,75,1309.0291945382585,2,15,0.9991060850203102,True,0.9994461774615258,0.9999923006443376
D59_MLP_seed4,59,y,76,1130.513743287205,2,15,0.9988428054770234,True,0.9992733760389241,0.9999935171078563
D59_MLP_seed4,59,y,77,1173.6345637058753,2,10,0.9985814656559026,True,0.9994503508849406,0.9999958451262009
D59_MLP_seed4,59,y,78,871.8755825849253,2,21,0.9976444493749056,True,0.9985842299835563,0.9999901070847891
D59_MLP_seed4,59,y,80,1095.5389591987844,2,15,0.9987861045953664,True,0.9991082261785983,0.9999920567983305
D59_MLP_seed4,59,y,81,963.9102080731564,1,0,0.9999999941508433,False,4.060868144693953e-09,
D59_MLP_seed4,59,y,82,724.4893620916785,2,7,0.9639065248703005,True,0.9999619800621162,0.999999762510249
D59_MLP_seed4,59,y,83,761.3145554203971,2,7,0.9635329196668545,True,0.9999493825699665,0.9999998749839135
D59_MLP_seed4,59,y,84,1117.64607990998,2,15,0.9982402033534042,True,0.9988686650950152,0.9999925244417823
D59_MLP_seed4,59,y,85,1083.7620837448733,2,10,0.9981804720690864,True,0.9989374784508016,0.9999996711676395
D59_MLP_seed4,59,y,87,942.3867799664862,2,21,0.998575505564682,True,0.9996775399929604,0.9999948421238996
D59_MLP_seed4,59,y,88,90.25855105666204,2,19,0.9442509858185019,True,0.9931034488746934,0.9999996757011503
D59_MLP_seed4,59,y,89,924.3481639167849,2,21,0.9978317793487353,True,0.9991744601089319,0.9999989850839289
D59_MLP_seed4,59,y,90,959.3058081555148,1,0,0.9999999951693864,False,3.636862129391268e-09,
D59_MLP_seed4,59,y,91,801.6937064968313,2,21,0.9970842533543316,True,0.9986686267143318,0.9999993407250032
D59_MLP_seed4,59,y,92,939.6793333210861,2,10,0.9982835470124394,True,0.9989106181707014,0.9999999786541331
D59_MLP_seed4,59,y,93,963.1596668366586,2,15,0.9976299718359414,True,0.9987087421198909,0.9999970721800366
D59_MLP_seed4,59,y,94,476.55875813308614,2,7,0.9650538330584705,True,0.9999204483239904,0.9999999493568312
D59_MLP_seed4,59,y,95,465.01064879466026,2,7,0.9618934063052925,True,0.9999294428804938,0.9999996259782788
D59_MLP_seed4,59,y,96,720.0343906014081,2,21,0.9986269162550079,True,0.9994978573229649,0.9999985471722459
D59_MLP_seed4,59,y,97,1321.9090649476716,2,10,0.9974093839502329,True,0.9987494190178584,0.9999999391968373
D59_MLP_seed4,59,y,98,101.96648832455371,2,19,0.9441591472335055,True,0.9932331428510318,0.9999997133739787
D59_MLP_seed4,59,y,100,1010.4096817877835,2,10,0.998153250574738,True,0.9987547993563386,0.9999973720786014
D59_MLP_seed4,59,y,101,1050.3095009679741,2,10,0.9983162291196019,True,0.9992615910677258,0.9999947333842759
D59_MLP_seed4,59,y,102,885.8030940307488,2,21,0.9979484333629167,True,0.9991723714137114,0.99999999623577
D59_MLP_seed4,59,y,103,922.601988808567,2,21,0.9984075651480061,True,0.9996328977583991,0.9999986275645587
D59_MLP_seed4,59,y,105,860.8015880474561,2,21,0.9985684476208805,True,0.9996800486976878,0.9999926734124972
D59_MLP_seed4,59,y,106,921.0983939278863,2,10,0.9983224661545625,True,0.999050537528948,0.9999980494754254
D59_MLP_seed4,59,y,107,961.5669703516459,2,15,0.998143119575544,True,0.998603916806119,0.9999962552526657
D59_MLP_seed4,59,y,108,748.4848939618622,2,7,0.9616807384286206,True,0.9999384716336042,0.9999999275940703
D59_MLP_seed4,59,y,109,1025.6434751186832,2,15,0.9982951533965844,True,0.9986594112072451,0.9999960240358383
D59_MLP_seed4,59,y,110,1234.5581652233643,2,15,0.9988156668558973,True,0.99932536173737,0.9999918525076755
D59_MLP_seed4,59,y,111,454.682604725506,2,7,0.9643475409429473,True,0.9999411309070119,0.9999997241680949
D59_MLP_seed4,59,y,112,715.8284465832627,2,7,0.9618821661976269,True,0.9999491184172011,0.9999999542167538
D59_MLP_seed4,59,y,113,1114.7519410012662,2,15,0.9989932619791355,True,0.9994659248168805,0.999992038383652
D59_MLP_seed4,59,y,114,1132.2393659533077,2,15,0.9986994663118062,True,0.9987997955496878,0.9999917867055437
D59_MLP_seed4,59,y,116,1092.6692056511029,2,10,0.9987042167759546,True,0.9991672748487204,0.9999969725318761
D59_MLP_seed4,59,y,117,1044.1609211757643,2,15,0.9986726696424356,True,0.998950403654251,0.9999969712151474
D59_MLP_seed4,59,y,118,1170.5667229251812,2,10,0.997091401300859,True,0.9990222394133409,0.9999994714779917
D59_MLP_seed4,59,y,119,1114.6288520892047,2,15,0.9984897386937062,True,0.999156132506362,0.9999933550374334
D59_MLP_seed4,59,y,120,761.2818301035467,2,21,0.9986548039718439,True,0.9997936207240382,0.9999999154875697
D59_MLP_seed4,59,y,122,1198.5694641621426,2,10,0.9981311252235594,True,0.9989312461165094,0.9999997337347619
D59_MLP_seed4,59,y,123,650.8864378782326,2,7,0.9649467340191651,True,0.999955011676727,0.9999996885910319
D59_MLP_seed4,59,y,124,730.6384034250104,2,7,0.9617897725213473,True,0.9999436910165388,0.9999999374083356
D59_MLP_seed4,59,y,125,857.8121927871852,2,21,0.9987004682145051,True,0.9996970337499487,0.9999998115642824
D59_MLP_seed4,59,y,126,511.76036414927233,2,7,0.9640668408088892,True,0.9999298507948756,0.9999996523588847
D61_MLP_seed1,61,x,0,457.6422284567196,2,7,0.993387682654968,True,0.9971929895680284,0.9999999850717712
D61_MLP_seed1,61,x,1,682.3607297935578,2,3,0.9962461769425744,True,0.998182075330801,0.9999967009042803
D61_MLP_seed1,61,x,2,422.3956633081147,2,19,0.8394124529391964,False,0.99860821323107,0.9999739188626713
D61_MLP_seed1,61,x,3,483.1602651368888,1,0,0.9999917875707101,False,4.28822832007839e-06,
D61_MLP_seed1,61,x,4,942.5216292487189,2,23,0.9929435569714756,True,0.9972150750963898,0.9999772710240864
D61_MLP_seed1,61,x,5,529.7907410646573,2,19,0.8112510826041273,False,0.9990069085075208,0.9999748199104769
D61_MLP_seed1,61,x,6,578.4336981914287,2,7,0.9946879557878843,True,0.9973509621335128,0.999999998978099
D61_MLP_seed1,61,x,7,503.8615764667609,2,7,0.9955045232781364,True,0.9981288808607186,0.999999050902299
D61_MLP_seed1,61,x,8,834.2165504932035,2,23,0.9948988283320943,True,0.9990251727138575,0.9999995382362638
D61_MLP_seed1,61,x,9,620.5834558991222,2,3,0.9957183746349793,True,0.9987049598302524,0.9999998462182513
D61_MLP_seed1,61,x,10,648.099935475811,2,6,0.9887646057474571,True,0.9967045209786249,0.9999999853611211
D61_MLP_seed1,61,x,11,559.3414114532909,2,3,0.9953910320788211,True,0.9974373185445882,0.9999982151293444
D61_MLP_seed1,61,x,12,489.7909176993491,2,7,0.9953136756805119,True,0.9978784546424188,0.9999996452986554
D61_MLP_seed1,61,x,13,680.4001988858442,2,6,0.9906228482813949,True,0.9974580105724127,0.9999971851380364
D61_MLP_seed1,61,x,14,732.8520670428155,2,6,0.9899474255108096,True,0.9978568692876174,0.9999976669273405
D61_MLP_seed1,61,x,15,415.41663588982635,1,0,0.9999913715719926,False,4.685843536469926e-06,
D61_MLP_seed1,61,x,16,1229.921419850969,2,23,0.9949680944967125,True,0.9981395752041525,0.9999660926446157
D61_MLP_seed1,61,x,17,415.4688795181792,1,0,0.9999913774439371,False,4.676875734164363e-06,
D61_MLP_seed1,61,x,18,735.5950979202179,2,6,0.9886704072236137,True,0.9973959804970502,0.9999999648570828
D61_MLP_seed1,61,x,19,604.7368495565648,2,24,0.9904627288920893,True,0.9984517905312946,0.99999912704429
D61_MLP_seed1,61,x,20,487.7593681243867,2,7,0.9915314178045105,True,0.9966880446930119,0.9999865452955305
D61_MLP_seed1,61,x,21,424.5733319037237,1,0,0.999991684041551,False,4.3421513952397185e-06,
D61_MLP_seed1,61,x,22,538.1940499535008,2,7,0.9950884403078765,True,0.9981576353908428,0.9999999634824911
D61_MLP_seed1,61,x,23,1060.6414907597323,2,23,0.9944780807194021,True,0.998198255959563,0.9999782408475633
D61_MLP_seed1,61,x,24,241.2107690252049,2,5,0.9764499648403977,True,0.9887578816783825,0.9998716218424778
D61_MLP_seed1,61,x,25,429.8694704577754,2,7,0.9937139038124387,True,0.9976782178215258,0.9999939055878776
D61_MLP_seed1,61,x,26,587.290841185208,2,24,0.9891775807205642,True,0.9962025404063132,0.9999999642612178
D61_MLP_seed1,61,x,27,288.53529875091596,2,5,0.9739042239669844,True,0.9877636365894072,0.9999998595585986
D61_MLP_seed1,61,x,28,517.2763042014095,2,24,0.9868729204363514,True,0.994360742900238,0.9999998965726847
D61_MLP_seed1,61,x,29,169.5171653687141,2,19,0.6318438094399899,False,0.9923661026520758,0.9999997235590921
D61_MLP_seed1,61,x,30,721.2485631731389,2,23,0.994198441963084,True,0.9966407917160623,0.999997470065717
D61_MLP_seed1,61,x,31,424.516886933874,1,0,0.9999917157092133,False,4.307880278742513e-06,
D61_MLP_seed1,61,x,32,477.26189938658126,2,7,0.9940538792069346,True,0.9980596236205417,0.9999895499657281
D61_MLP_seed1,61,x,33,494.10517526271417,2,7,0.9955992874399524,True,0.9989414584673172,0.9999999039448139
D61_MLP_seed1,61,x,34,684.5312609524785,2,6,0.9886098685536622,True,0.9964732294417411,0.999999796593456
D61_MLP_seed1,61,x,35,519.1237717601056,2,6,0.9883880309909107,True,0.9959255119525116,0.999999453630247
D61_MLP_seed1,61,x,36,488.6749233096596,2,7,0.994213781858301,True,0.9986767448482369,0.9999906208306457
D61_MLP_seed1,61,x,37,989.5867520146378,2,23,0.9947897199271306,True,0.9985978925938453,0.9999738864702991
D61_MLP_seed1,61,x,38,576.1719896507236,2,6,0.9895555499362532,True,0.9972314897143533,0.9999965973667675
D61_MLP_seed1,61,x,39,625.1708664869001,2,6,0.9904947378058478,True,0.997161819838626,0.9999972632904859
D61_MLP_seed1,61,x,40,442.1252207567149,2,7,0.9954413653833951,True,0.9984177243615301,0.9999986361111063
D61_MLP_seed1,61,x,41,830.138254247513,2,3,0.996400438237633,True,0.9985098709803584,0.9999977939211477
D61_MLP_seed1,61,x,42,758.1847634909778,2,6,0.9886622374841599,True,0.996317888376324,0.999999953881721
D61_MLP_seed1,61,x,43,664.3061248457875,2,24,0.9899822950765231,True,0.9966480995041672,0.999999880554673
D61_MLP_seed1,61,x,44,511.575906390803,2,7,0.9956110548723827,True,0.99846621532983,0.9999997303765326
D61_MLP_seed1,61,x,45,591.082889761443,2,24,0.9878787746530343,True,0.9954310753466463,0.9999991325969976
D61_MLP_seed1,61,x,46,255.4961662075304,2,5,0.978742978233046,True,0.9893817198799569,0.9999003838331373
D61_MLP_seed1,61,x,47,588.1168713334544,2,19,0.8174262210025949,False,0.9979040577087236,0.9999756284195583
D61_MLP_seed1,61,x,48,482.9288635739495,2,7,0.9956603377268338,True,0.9983527319291916,0.9999987696295186
D61_MLP_seed1,61,x,49,588.578218246114,2,23,0.9901947643798517,True,0.9978323002619044,0.9999966636614621
D61_MLP_seed1,61,x,50,1005.9597969945501,2,3,0.9964905983387317,True,0.9985044779489345,0.9999980977574523
D61_MLP_seed1,61,x,51,613.7239218649631,2,19,0.8235690957886139,False,0.9986442348310104,0.9999701669264163
D61_MLP_seed1,61,x,52,576.9204701896269,2,7,0.994902495326888,True,0.997581406217864,0.9999954579562426
D61_MLP_seed1,61,x,53,583.357824577553,2,3,0.9965854079479867,True,0.9979055226996647,0.9999990424843285
D61_MLP_seed1,61,x,54,466.59518239213253,2,19,0.8058868314087841,False,0.9990022874984577,0.9999696495818807
D61_MLP_seed1,61,x,55,625.3394523072167,2,24,0.9873432665715217,True,0.9945589065637279,0.9999992681621609
D61_MLP_seed1,61,x,56,557.7488336218305,2,3,0.9968521531495924,True,0.9982537550646061,0.9999997818860712
D61_MLP_seed1,61,x,57,265.6796563062355,2,5,0.970227170183357,True,0.986572273448734,0.9999994088982174
D61_MLP_seed1,61,x,58,1171.110780374917,2,23,0.9948843431188806,True,0.9995012656871223,0.9999993476917229
D61_MLP_seed1,61,x,59,489.9608847192013,1,0,0.999991411784569,False,4.4122309110204684e-06,
D61_MLP_seed1,61,x,60,1043.0266408944046,2,23,0.9947361782985358,True,0.9990346080607196,0.9999996177572945
D61_MLP_seed1,61,x,61,515.5143542083844,2,19,0.8208049322646558,False,0.9992059522637085,0.9999754713560831
D61_MLP_seed1,61,x,62,950.9820872716381,2,23,0.9938199141108183,True,0.9983557835781314,0.9999973240804635
D61_MLP_seed1,61,x,63,627.5373707073521,2,3,0.9926792367300695,True,0.995992359376982,0.9999982564683925
D61_MLP_seed1,61,x,64,721.9993035051261,2,7,0.994049557736791,True,0.9981987869389046,0.9999894888219938
D61_MLP_seed1,61,x,65,603.5307667801336,2,6,0.9901553923535912,True,0.9974081484903269,0.999998980952987
D61_MLP_seed1,61,x,66,742.1918689730832,2,23,0.9941553120078185,True,0.9983296136346782,0.9999783406171207
D61_MLP_seed1,61,x,67,775.402547680172,2,23,0.993798144327063,True,0.9974910919173742,0.9999830796179658
D61_MLP_seed1,61,x,68,727.5712130338392,2,6,0.9884370094485769,True,0.9973499630491605,0.9999999284281245
D61_MLP_seed1,61,x,69,465.5825623536341,2,19,0.8094449601704661,False,0.9988244828032469,0.9999708478916243
D61_MLP_seed1,61,x,70,988.8021854531385,2,23,0.9940626251740343,True,0.9973663458750728,0.9999780826702985
D61_MLP_seed1,61,x,71,535.9515468691575,2,7,0.9943716536500514,True,0.998195485324342,0.9999920618012034
D61_MLP_seed1,61,x,72,826.7745107540692,2,23,0.9935907075096347,True,0.998671859530904,0.9999994116628999
D61_MLP_seed1,61,x,73,657.3924006057756,2,3,0.9966594043266266,True,0.9986244265425835,0.9999974570004577
D61_MLP_seed1,61,x,74,1130.7568520368584,2,23,0.9957920236848289,True,0.9984641618848815,0.9999753002424494
D61_MLP_seed1,61,x,75,639.551728046614,2,24,0.9905030196372188,True,0.9974141687684627,0.9999995691281838
D61_MLP_seed1,61,x,76,223.08056981390234,2,5,0.9730147775578344,True,0.9881588283849401,0.9999983163155771
D61_MLP_seed1,61,x,77,374.36454164029317,2,24,0.9870201153019459,True,0.9956579727308115,0.9999983304921498
D61_MLP_seed1,61,x,78,1015.8494000870699,2,23,0.9965397898798832,True,0.9990904665318241,0.9999996101040789
D61_MLP_seed1,61,x,79,599.0701649798458,2,24,0.9884109349483023,True,0.9959250430709791,0.9999985693903826
D61_MLP_seed1,61,x,80,547.6662652840952,2,3,0.9958868059087931,True,0.997399314946608,0.9999994831863199
D61_MLP_seed1,61,x,81,538.6160379026653,2,19,0.7795172965746878,False,0.9993764672396468,0.9999689926096156
D61_MLP_seed1,61,x,82,741.356936046661,2,6,0.987979642123778,True,0.9959113127515783,0.9999999726300636
D61_MLP_seed1,61,x,83,503.1531059556964,2,24,0.9892155218602104,True,0.995429881184733,0.9999999333607026
D61_MLP_seed1,61,x,84,1021.6058217521736,2,23,0.9925698842162175,True,0.9975036083340514,0.9999663990745807
D61_MLP_seed1,61,x,85,510.1294389719989,2,24,0.9853742101681578,True,0.9942381717063794,0.9999991701170186
D61_MLP_seed1,61,x,86,1010.4450328174285,2,23,0.9949942971241971,True,0.998827381038051,0.9999981455279694
D61_MLP_seed1,61,x,87,768.4477507352847,2,6,0.9903820393856365,True,0.9975451786678066,0.9999959864558999
D61_MLP_seed1,61,x,88,503.6285129475443,2,7,0.9944661383467274,True,0.9976822419436084,0.9999912536459038
D61_MLP_seed1,61,x,89,686.4999798814142,2,3,0.9963007632142726,True,0.9979298199626112,0.9999982553029824
D61_MLP_seed1,61,x,90,889.8359811227485,2,3,0.9961897434391087,True,0.9980460335106375,0.9999988536383371
D61_MLP_seed1,61,x,91,209.08895160527598,2,5,0.9793591482270989,True,0.9899339579315752,0.9998440457931022
D61_MLP_seed1,61,x,92,514.9550033523012,2,7,0.9939436508041767,True,0.9981936600883573,0.999991556518718
D61_MLP_seed1,61,x,93,699.4505864745945,2,6,0.988839560739858,True,0.9974426101641094,0.9999998845657108
D61_MLP_seed1,61,x,94,572.6527219423424,2,24,0.9898371520712984,True,0.9964009106176309,0.9999998307212691
D61_MLP_seed1,61,x,95,1126.1229734620617,2,23,0.9953161186216829,True,0.9987422972300317,0.999975880909219
D61_MLP_seed1,61,x,96,737.1395591776306,2,6,0.9905042199809151,True,0.9974223533715398,0.9999971101964203
D61_MLP_seed1,61,x,97,696.8480579629287,2,6,0.9896538629904791,True,0.9969974144937802,0.9999981565661983
D61_MLP_seed1,61,x,98,515.9330909763065,2,7,0.9930800136792834,True,0.9971871963863894,0.9999948549095017
D61_MLP_seed1,61,x,99,643.3756988657465,2,24,0.9872475779522166,True,0.995382904513151,0.9999997374868548
D61_MLP_seed1,61,x,100,213.28058160246167,2,5,0.9713547397534624,True,0.9874627526997996,0.9999835283511583
D61_MLP_seed1,61,x,101,888.8864651199896,2,23,0.9949336365250698,True,0.9978961944531163,0.9999715948408531
D61_MLP_seed1,61,x,102,811.0317958777506,2,3,0.9957059360743461,True,0.9982662966116415,0.999999968810476
D61_MLP_seed1,61,x,103,812.3480787793186,2,23,0.9950047849086261,True,0.9987744430767425,0.9999985350115288
D61_MLP_seed1,61,x,104,427.9703219772396,2,19,0.8134712887460466,False,0.9982754257102397,0.9999641339523914
D61_MLP_seed1,61,x,105,832.9855814878795,2,3,0.9974607652542063,True,0.9986699768028019,0.9999980234673449
D61_MLP_seed1,61,x,106,420.9582248467325,2,7,0.9937302546448409,True,0.9980117670501415,0.999997640345815
D61_MLP_seed1,61,x,107,473.76367037855886,2,6,0.9887929964530279,True,0.9963160393564157,0.9999999948063467
D61_MLP_seed1,61,x,108,625.5917509254137,2,3,0.9930078221135209,True,0.9950692946152743,0.9999988128756361
D61_MLP_seed1,61,x,109,160.87589906681404,2,19,0.6179465663358281,False,0.9859930259517159,0.9999990575196368
D61_MLP_seed1,61,x,110,242.86987133844,2,5,0.9747285339434391,True,0.9876480665411183,0.9998919978777933
D61_MLP_seed1,61,x,111,526.5942904403599,2,7,0.9939720738185216,True,0.9981950126622828,0.9999950108349862
D61_MLP_seed1,61,x,112,657.3479718105981,2,24,0.9879369514173817,True,0.9950288110269893,0.9999990562842355
D61_MLP_seed1,61,x,113,443.9463897623825,2,24,0.9894695558300309,True,0.9955463778703804,0.9999999844795797
D61_MLP_seed1,61,x,114,579.2785102049253,2,7,0.9932877481567773,True,0.9975646018050387,0.999990796710039
D61_MLP_seed1,61,x,115,605.9548812505847,2,24,0.9882265852813661,True,0.9947377355522099,0.9999998172760566
D61_MLP_seed1,61,x,116,589.6679453590037,2,24,0.9890148391922747,True,0.9976990969653059,0.9999997231301759
D61_MLP_seed1,61,x,117,934.0778334514843,2,3,0.9963775721927015,True,0.9979289444605218,0.9999985868289055
D61_MLP_seed1,61,x,118,936.4309631339808,2,23,0.9951393440828095,True,0.9994558423066079,0.9999993326362745
D61_MLP_seed1,61,x,119,702.7112713548734,2,6,0.9895355449623039,True,0.9978808961415337,0.9999980720720089
D61_MLP_seed1,61,x,120,274.0931338942837,2,5,0.9702317538131289,True,0.9894942106344289,0.9999999863668421
D61_MLP_seed1,61,x,121,454.70933404578506,2,7,0.9943654604216441,True,0.9984049924364515,0.9999937036487929
D61_MLP_seed1,61,x,122,884.7003405948947,2,3,0.9971377414826519,True,0.9990369888106575,0.9999980289975288
D61_MLP_seed1,61,x,123,186.2912751442717,2,5,0.9728874645761241,True,0.9869259440336959,0.9999916127579469
D61_MLP_seed1,61,x,124,759.4580846109005,2,23,0.9938957763735801,True,0.9972216856222036,0.9999977378064977
D61_MLP_seed1,61,x,125,544.0906661423986,2,24,0.9877858748616702,True,0.9958160706646045,0.9999985741245506
D61_MLP_seed1,61,x,126,945.6392937161222,2,23,0.9951929721524322,True,0.9993005016831491,0.9999996078295279
D61_MLP_seed1,61,x,127,452.07808433783543,2,6,0.9884224987370341,True,0.9978733345373849,0.9999987131108068
D61_MLP_seed1,61,y,0,457.72654723423443,2,7,0.9941977440986732,True,0.9981030816451361,0.9999999946107283
D61_MLP_seed1,61,y,1,687.9918751185774,2,3,0.9921645820928214,True,0.9971471256059558,0.99999272711114
D61_MLP_seed1,61,y,2,266.88831769246343,2,19,0.7896576427423136,False,0.992078604419872,0.999999722208494
D61_MLP_seed1,61,y,3,483.4973394102836,1,0,0.999999411838298,False,3.484501953993491e-07,
D61_MLP_seed1,61,y,4,888.510543316295,2,23,0.9936645699316834,True,0.9979053128845508,0.9999956140818935
D61_MLP_seed1,61,y,5,342.0175848803748,2,19,0.7849677864458964,False,0.9904588793652721,0.9999976473937671
D61_MLP_seed1,61,y,6,576.5300283282932,2,7,0.9927542757389507,True,0.9973263436675973,0.9999990984205431
D61_MLP_seed1,61,y,7,515.2774346517538,2,7,0.994853443951726,True,0.9987768206310744,0.9999952476235087
D61_MLP_seed1,61,y,8,813.4210571197352,2,23,0.9960472725552771,True,0.9981146839890798,0.9999982639433502
D61_MLP_seed1,61,y,9,623.0215776668525,2,3,0.9927773723643962,True,0.9962595555558819,0.9999980717553966
D61_MLP_seed1,61,y,10,631.9483684335809,2,6,0.9924748505433942,True,0.9983806230719375,0.9999850644035041
D61_MLP_seed1,61,y,11,556.9825189515868,2,3,0.9929162356458194,True,0.9961107200262562,0.9999947612609547
D61_MLP_seed1,61,y,12,506.3822380691178,2,7,0.9944848227676747,True,0.998765389919615,0.9999968368056832
D61_MLP_seed1,61,y,13,667.8234357081003,2,6,0.9918609169401742,True,0.9982695165370631,0.9999853362755653
D61_MLP_seed1,61,y,14,723.1028301819765,2,6,0.9918447391600105,True,0.9971555250803248,0.9999740259369824
D61_MLP_seed1,61,y,15,415.6855399936097,1,0,0.9999993576823561,False,3.3151102017618976e-07,
D61_MLP_seed1,61,y,16,1168.286129566553,2,23,0.9962593478609982,True,0.9995353655812229,0.9999999997377759
D61_MLP_seed1,61,y,17,415.74329548436714,1,0,0.9999993551696819,False,3.3380758627739495e-07,
D61_MLP_seed1,61,y,18,716.2123641463685,2,6,0.9925232297619246,True,0.9971299096583219,0.9999827916226546
D61_MLP_seed1,61,y,19,571.9430976993368,2,24,0.9925612752646843,True,0.9966388576072023,0.9999963842073781
D61_MLP_seed1,61,y,20,460.92730524577786,2,7,0.9941502594521404,True,0.9983700477316019,0.9999976817651093
D61_MLP_seed1,61,y,21,424.8803759332705,1,0,0.9999994898221962,False,3.305669277447965e-07,
D61_MLP_seed1,61,y,22,541.632842477997,2,7,0.9944885057500937,True,0.9982362687623819,0.9999993070797978
D61_MLP_seed1,61,y,23,1035.935304386776,2,23,0.996095599495088,True,0.9995887799862453,0.9999999987025403
D61_MLP_seed1,61,y,24,307.6992986515823,2,5,0.9617844460809244,True,0.9956459481028261,0.9999885059502802
D61_MLP_seed1,61,y,25,440.78056910542773,2,7,0.9939372142926347,True,0.997387775396062,0.9999811049323414
D61_MLP_seed1,61,y,26,559.4866372721921,2,24,0.992836208756422,True,0.9986044344846318,0.9999924161987008
D61_MLP_seed1,61,y,27,379.97390897352324,2,5,0.9617579873159303,True,0.9976333064184394,0.9999798491977582
D61_MLP_seed1,61,y,28,489.8742916608236,2,24,0.9918041641546134,True,0.9971110978864334,0.9999999942627387
D61_MLP_seed1,61,y,29,169.68183954520865,2,19,0.7099798355795729,False,0.9912680448344074,0.999976737832784
D61_MLP_seed1,61,y,30,726.0986985886761,2,23,0.9938990989980432,True,0.9973772709444196,0.9999999985049728
D61_MLP_seed1,61,y,31,424.8370420171639,1,0,0.9999994842710488,False,3.3346813630277526e-07,
D61_MLP_seed1,61,y,32,468.5832952943369,2,7,0.9937984961028044,True,0.9976637560349876,0.9999978933379734
D61_MLP_seed1,61,y,33,496.7030511649124,2,7,0.9934682653315214,True,0.9973937871961599,0.999997324561939
D61_MLP_seed1,61,y,34,672.8295984628469,2,6,0.9918356837670199,True,0.9964970673864056,0.9999820143847681
D61_MLP_seed1,61,y,35,523.1346784780918,2,6,0.9914489607624143,True,0.9965440936393266,0.9999923106378067
D61_MLP_seed1,61,y,36,490.47982732361163,2,7,0.9939515717481329,True,0.9975688096072998,0.999983686792974
D61_MLP_seed1,61,y,37,960.1175355848186,2,23,0.9932776707457827,True,0.9970508783909057,0.9999998681378647
D61_MLP_seed1,61,y,38,568.4581810264804,2,6,0.9876858272905008,True,0.9939867773051698,0.999976923202367
D61_MLP_seed1,61,y,39,600.8133813946431,2,6,0.9918691803528308,True,0.9970282099481989,0.9999931673854395
D61_MLP_seed1,61,y,40,436.7581730426067,2,7,0.9923758782027938,True,0.9960666855820256,0.9999763939896341
D61_MLP_seed1,61,y,41,848.2701195996135,2,3,0.993062476277154,True,0.9983738680149229,0.9999897424698251
D61_MLP_seed1,61,y,42,753.0964162770802,2,6,0.9918350999828753,True,0.9983106024951502,0.9999991608831421
D61_MLP_seed1,61,y,43,618.9048189545146,2,24,0.9946138885205476,True,0.9969736743443369,0.9999954232527956
D61_MLP_seed1,61,y,44,511.80399874986813,2,7,0.9954413560191507,True,0.9986366226022038,0.999978192148368
D61_MLP_seed1,61,y,45,559.7154627935416,2,24,0.9932145988123349,True,0.9965517428391957,0.9999818764511847
D61_MLP_seed1,61,y,46,337.7825743418595,2,5,0.9594444630785224,True,0.9950297443622205,0.9999919652604006
D61_MLP_seed1,61,y,47,386.32457750021433,2,19,0.7844277616305886,False,0.9865361872252356,0.9999496257788255
D61_MLP_seed1,61,y,48,500.5603817880633,2,7,0.9944819054196747,True,0.9987923885636784,0.999999039341266
D61_MLP_seed1,61,y,49,584.2166318895123,2,23,0.9926100287534886,True,0.9977891604433409,0.9999975675790888
D61_MLP_seed1,61,y,50,1040.8075942347755,2,3,0.9937783927115225,True,0.9978782571986188,0.9999983462237959
D61_MLP_seed1,61,y,51,397.93419158346575,2,19,0.8039320434859444,False,0.9870648754204177,0.9999957795136599
D61_MLP_seed1,61,y,52,607.8343206656273,2,7,0.9937891438768779,True,0.9979990042413013,0.9999991670714016
D61_MLP_seed1,61,y,53,602.9200240125296,2,3,0.992776744181639,True,0.9957800954879782,0.9999945781368839
D61_MLP_seed1,61,y,54,314.03465139316535,2,19,0.7643157532618398,False,0.9897713462541624,0.9999986729837791
D61_MLP_seed1,61,y,55,592.0956905604121,2,24,0.9922693179125162,True,0.9963522805295657,0.9999983317632735
D61_MLP_seed1,61,y,56,579.9391274446626,2,3,0.9932478185004612,True,0.9980315837930384,0.9999980803558789
D61_MLP_seed1,61,y,57,331.7654474904451,2,5,0.9603572730690714,True,0.9962113195422755,0.9999552280265586
D61_MLP_seed1,61,y,58,1105.0024028288253,2,23,0.9939356447801541,True,0.999130377258801,0.9999958771447488
D61_MLP_seed1,61,y,59,490.3138297884861,1,0,0.9999994468094133,False,2.859476265476498e-07,
D61_MLP_seed1,61,y,60,999.078311528339,2,23,0.9956074042237637,True,0.9981197564603119,0.9999922780323539
D61_MLP_seed1,61,y,61,321.4198682792306,2,19,0.8081737875937302,False,0.9916050781092375,0.9999960732130521
D61_MLP_seed1,61,y,62,892.2564175033577,2,23,0.9959563130871719,True,0.9987787924876589,0.9999984607074073
D61_MLP_seed1,61,y,63,624.9131958704585,2,3,0.9933761613402624,True,0.9980719443954114,0.9999933830376451
D61_MLP_seed1,61,y,64,725.3535166156082,2,7,0.9948264260950044,True,0.9988645965167179,0.9999985887043429
D61_MLP_seed1,61,y,65,606.2777691685077,2,6,0.9914207358293539,True,0.9975468511150873,0.9999855101375029
D61_MLP_seed1,61,y,66,734.6522505094556,2,23,0.9937319272683345,True,0.9980641847918241,0.9999991508475571
D61_MLP_seed1,61,y,67,765.6856328648787,2,23,0.9928596355191335,True,0.9978044350859308,0.9999999969821775
D61_MLP_seed1,61,y,68,714.9448047681868,2,6,0.9920355002876415,True,0.9992679932675052,0.9999876298539908
D61_MLP_seed1,61,y,69,296.69121509238863,2,19,0.7509049049635405,False,0.9868701524458514,0.9999982355064538
D61_MLP_seed1,61,y,70,958.6540289926497,2,23,0.9942498701189892,True,0.9977415831436204,0.9999955736666278
D61_MLP_seed1,61,y,71,521.0329156137176,2,7,0.99406405729162,True,0.9974963092154246,0.9999704972882381
D61_MLP_seed1,61,y,72,794.3041414409438,2,23,0.9930965913959653,True,0.9969388409653138,0.9999994951303979
D61_MLP_seed1,61,y,73,669.2040112425241,2,3,0.9930407628422302,True,0.9982647950911925,0.9999950103282237
D61_MLP_seed1,61,y,74,1050.0254324086384,2,23,0.9941026863189484,True,0.9977237435578968,0.9999966788440539
D61_MLP_seed1,61,y,75,618.3250087129918,2,24,0.9922932509078736,True,0.9968217908869277,0.9999888058219649
D61_MLP_seed1,61,y,76,275.9880109582996,2,5,0.9623018054920494,True,0.9973693487808448,0.9999802926770063
D61_MLP_seed1,61,y,77,357.6650698838904,2,24,0.9921139819725411,True,0.9965284679222867,0.9999988171451428
D61_MLP_seed1,61,y,78,970.1702389492765,2,23,0.9951419507496916,True,0.9979411445925406,0.9999911542233592
D61_MLP_seed1,61,y,79,568.8913717378753,2,24,0.9921971692692294,True,0.9960257630535022,0.9999983084120257
D61_MLP_seed1,61,y,80,537.0517832953062,2,3,0.9927912654726933,True,0.995141379122281,0.9999932677724829
D61_MLP_seed1,61,y,81,364.2235036400431,2,19,0.7407417823491392,False,0.993456044161761,0.9999974689992376
D61_MLP_seed1,61,y,82,736.5220702531428,2,6,0.9923246567550413,True,0.9987788828338671,0.9999993414782941
D61_MLP_seed1,61,y,83,482.78481768022516,2,24,0.9935155906670261,True,0.9966634497344026,0.9999873821626494
D61_MLP_seed1,61,y,84,1004.0604808851499,2,23,0.993303730878977,True,0.9972934263572093,0.9999992688660723
D61_MLP_seed1,61,y,85,494.54196381258066,2,24,0.9930718406525701,True,0.9987676234055191,0.9999889440047366
D61_MLP_seed1,61,y,86,939.1030938979895,2,23,0.9944086341751109,True,0.9988323020973473,0.9999980280718145
D61_MLP_seed1,61,y,87,762.9688204856245,2,6,0.9919779014509488,True,0.9983435643451917,0.9999992014257386
D61_MLP_seed1,61,y,88,493.40869696092943,2,7,0.9954635423897965,True,0.9985610803085547,0.9999963324527317
D61_MLP_seed1,61,y,89,676.7880755607389,2,3,0.9921572583365599,True,0.9952257071802124,0.9999978367565864
D61_MLP_seed1,61,y,90,883.7973322132278,2,3,0.9922536189828173,True,0.9964332299100239,0.9999968700285281
D61_MLP_seed1,61,y,91,269.27209575248486,2,5,0.9627713529228669,True,0.9977337646878854,0.9999845218517208
D61_MLP_seed1,61,y,92,512.1055171976899,2,7,0.9939001099228205,True,0.9987724503627307,0.9999954081475498
D61_MLP_seed1,61,y,93,700.834581421078,2,6,0.9923942452255382,True,0.9976926766753994,0.9999998565172604
D61_MLP_seed1,61,y,94,548.5338156076167,2,24,0.9940185435933298,True,0.997021910801584,0.9999817186850035
D61_MLP_seed1,61,y,95,1086.1965245559293,2,23,0.9954249270780824,True,0.9981076881177363,0.9999926386772661
D61_MLP_seed1,61,y,96,717.845472617446,2,6,0.992094923984603,True,0.9965405401636133,0.9999948291471771
D61_MLP_seed1,61,y,97,697.156010664367,2,6,0.9918058074658876,True,0.9970826666472744,0.9999999840433912
D61_MLP_seed1,61,y,98,501.01424267243556,2,7,0.9944088615770449,True,0.9985057812721733,0.9999989298805919
D61_MLP_seed1,61,y,99,604.0017046849771,2,24,0.9942245396807352,True,0.9986822305797002,0.9999967103164842
D61_MLP_seed1,61,y,100,279.23333449982476,2,5,0.9629378560956595,True,0.9975667948573682,0.9999959245736229
D61_MLP_seed1,61,y,101,847.4034320309911,2,23,0.9954991713683808,True,0.9977073373399052,0.999992787986396
D61_MLP_seed1,61,y,102,809.5940217707837,2,3,0.9940298196821463,True,0.9992183894213517,0.9999991671924587
D61_MLP_seed1,61,y,103,803.8751660789154,2,23,0.9927205236270453,True,0.9983084948801587,0.9999999167124793
D61_MLP_seed1,61,y,104,277.38438241201163,2,19,0.7933116759188563,False,0.9897560933459253,0.9999975222927062
D61_MLP_seed1,61,y,105,844.1060280014808,2,3,0.992305868077107,True,0.9959403779873469,0.9999970193591037
D61_MLP_seed1,61,y,106,428.7126806503514,2,7,0.9922651213069683,True,0.9972428787463498,0.9999981191777675
D61_MLP_seed1,61,y,107,456.50391423109323,2,6,0.988688168580122,True,0.9960414101740407,0.9999963889492636
D61_MLP_seed1,61,y,108,620.9401251815527,2,3,0.9929751966047214,True,0.9985583512042749,0.9999985663195619
D61_MLP_seed1,61,y,109,165.55332479976363,2,19,0.7011139245781376,False,0.9920197842455785,0.9999971563553474
D61_MLP_seed1,61,y,110,318.66749066385114,2,5,0.9560198223205035,True,0.997636420787748,0.9999784718409243
D61_MLP_seed1,61,y,111,510.034885969786,2,7,0.9942827377459382,True,0.9981290817589415,0.9999887359631182
D61_MLP_seed1,61,y,112,630.1015542057401,2,24,0.9924595519458335,True,0.9970581194231114,0.9999939330692706
D61_MLP_seed1,61,y,113,416.3258833662224,2,24,0.9928082632914869,True,0.9969956850237347,0.999990972749455
D61_MLP_seed1,61,y,114,588.6173788554889,2,7,0.9942762222501833,True,0.9986100308754308,0.9999988977321614
D61_MLP_seed1,61,y,115,565.0168901511154,2,24,0.9941666312544006,True,0.998480300206265,0.9999840485221198
D61_MLP_seed1,61,y,116,561.664442597058,2,24,0.9936285611777815,True,0.9984759138214031,0.9999995732257776
D61_MLP_seed1,61,y,117,960.0827039573818,2,3,0.9934164859092287,True,0.998812265568285,0.9999990428745983
D61_MLP_seed1,61,y,118,893.8299828041088,2,23,0.9952617229801589,True,0.9982714365439465,0.9999980720214162
D61_MLP_seed1,61,y,119,708.4626568272686,2,6,0.9912564238077403,True,0.997835392044873,0.9999996872051107
D61_MLP_seed1,61,y,120,339.1401167456392,2,5,0.965975189299133,True,0.9987265238341368,0.9999942455057262
D61_MLP_seed1,61,y,121,458.50630697908804,2,7,0.9934999031371383,True,0.9980258883435195,0.999995706776109
D61_MLP_seed1,61,y,122,892.5711308177212,2,3,0.9930358481636878,True,0.9980461995113608,0.9999926169468637
D61_MLP_seed1,61,y,123,241.16518550268023,2,5,0.9605465747187939,True,0.9958893835393503,0.999985963370251
D61_MLP_seed1,61,y,124,726.9849111827158,2,23,0.9958784676545452,True,0.9983062781415432,0.9999966569857646
D61_MLP_seed1,61,y,125,513.4845273327062,2,24,0.9920003173220905,True,0.9967617452261155,0.9999933282059873
D61_MLP_seed1,61,y,126,925.2016556907993,2,23,0.9954242515821287,True,0.9978758990914498,0.9999995047967426
D61_MLP_seed1,61,y,127,477.38756673516735,2,6,0.9899980547187799,True,0.9982461319397642,0.9999836474428746
D61_MLP_seed2,61,x,0,103.18670989567309,2,19,0.9151624878098039,True,0.994432383580778,0.9999891887294915
D61_MLP_seed2,61,x,1,605.910848299982,2,14,0.9882577116417711,True,0.9986427918968003,0.9999840835502469
D61_MLP_seed2,61,x,2,164.21927463041334,2,19,0.9129741121999104,True,0.9904577301003805,0.9999761531459035
D61_MLP_seed2,61,x,3,519.1984634575826,2,9,0.9793342795716564,True,0.9990252763166337,0.9999999327656639
D61_MLP_seed2,61,x,4,617.1125027181912,2,14,0.9900139139517646,True,0.9988238663737459,0.99998308333073
D61_MLP_seed2,61,x,5,1016.7672544263054,2,8,0.9929136780840729,True,0.997141902501899,0.9999988739574339
D61_MLP_seed2,61,x,6,737.4632315144568,2,9,0.9837720741096339,True,0.9987917676235268,0.9999986240269642
D61_MLP_seed2,61,x,7,137.43627808358545,2,19,0.9161564673155913,True,0.9933737719707484,0.9999929337677106
D61_MLP_seed2,61,x,8,155.09790629677357,2,19,0.9258690142336395,True,0.9947554785791882,0.9999610067374197
D61_MLP_seed2,61,x,9,160.1581276678943,2,19,0.9167490512153126,True,0.9928888543420267,0.999991354198171
D61_MLP_seed2,61,x,10,380.5794167696279,2,9,0.9795389821781751,True,0.9985962685303487,0.9999995161120939
D61_MLP_seed2,61,x,11,965.1189051991122,2,29,0.9932319658114114,True,0.9974727957203136,0.9999959425027759
D61_MLP_seed2,61,x,12,1043.0332693319228,2,8,0.9935440280113178,True,0.9984407832611307,0.9999996112737343
D61_MLP_seed2,61,x,13,290.5014771184274,2,4,0.9786247409383882,True,0.9920105635361497,0.999987081733035
D61_MLP_seed2,61,x,14,269.83340566779367,2,26,0.9194386512434581,True,0.9949439993263328,0.9999771538777587
D61_MLP_seed2,61,x,15,196.4484590621805,2,4,0.953998283169204,True,0.9889796735454282,0.9998429934833815
D61_MLP_seed2,61,x,16,461.39158145851485,2,14,0.9866098154742068,True,0.997369353171755,0.9999993547162395
D61_MLP_seed2,61,x,17,296.8409086862334,2,4,0.9361453681925558,True,0.9942943723638893,0.9999999987847508
D61_MLP_seed2,61,x,18,684.7559367815462,2,8,0.9931531251559477,True,0.9980166625001683,0.9999990266461394
D61_MLP_seed2,61,x,19,230.13634962129137,2,2,0.9611531267640533,True,0.9912590689112355,0.9999985384192688
D61_MLP_seed2,61,x,20,818.6069759817036,2,9,0.985924515471016,True,0.9988216461192443,0.9999985054661776
D61_MLP_seed2,61,x,21,333.96221350181514,2,4,0.980237230704345,True,0.9944610081965853,0.9999710773589661
D61_MLP_seed2,61,x,22,594.8508388728033,2,14,0.9898700681201291,True,0.9988011088837813,0.9999999848717114
D61_MLP_seed2,61,x,23,240.1270762116431,2,2,0.9682201765837767,True,0.9925276129082037,0.9998578072107663
D61_MLP_seed2,61,x,24,308.84601175466173,2,4,0.9358508398727123,True,0.9941784004317572,0.9999999925289517
D61_MLP_seed2,61,x,25,311.9021029664599,2,27,0.9550863457740194,True,0.9964124375140919,0.9999717133286379
D61_MLP_seed2,61,x,26,104.43811374060716,2,26,0.9204042467958368,True,0.9957000315745752,0.9999741547463341
D61_MLP_seed2,61,x,27,157.9611892611701,2,26,0.9195542845986358,True,0.994218821676894,0.9999935987659545
D61_MLP_seed2,61,x,28,232.25616981891852,2,7,0.9445301368547177,True,0.9840513711906523,0.9999999895126337
D61_MLP_seed2,61,x,29,296.63548308352864,2,4,0.9803249088930961,True,0.996206092582461,0.9999970405262034
D61_MLP_seed2,61,x,30,1046.800151489015,2,8,0.9929274196447534,True,0.9983741266796304,0.9999998280296272
D61_MLP_seed2,61,x,31,1003.0436426207907,2,8,0.9936413610976449,True,0.9980209065917421,0.9999999878546943
D61_MLP_seed2,61,x,32,250.72067621798755,2,2,0.9613865345020499,True,0.9859532888649267,0.9998310342454599
D61_MLP_seed2,61,x,33,137.44546993198657,2,19,0.9248079060082992,True,0.9942481434875399,0.9999803944648242
D61_MLP_seed2,61,x,34,1108.5783554071897,2,29,0.9918042439226256,True,0.9972631637147423,0.9999995435715434
D61_MLP_seed2,61,x,35,390.0764604349407,2,14,0.9816851406205307,True,0.9984513849881009,0.9999851803790759
D61_MLP_seed2,61,x,36,405.0365942430258,2,9,0.9829199307845669,True,0.998364583269488,0.999999754951039
D61_MLP_seed2,61,x,37,649.0490596216944,2,9,0.9790404659180587,True,0.9977897942491726,0.999999994143027
D61_MLP_seed2,61,x,38,1037.7963603749356,2,8,0.9931275077582644,True,0.9982291317094377,0.9999960278810255
D61_MLP_seed2,61,x,39,134.9479375292411,2,19,0.9243153073909132,True,0.9937880577815748,0.9999774628693651
D61_MLP_seed2,61,x,40,167.47973654883123,2,26,0.9203826905188196,True,0.9951504919218229,0.9999800166672235
D61_MLP_seed2,61,x,41,319.129584839464,2,4,0.9814112957853734,True,0.9919492023132522,0.9999986582011131
D61_MLP_seed2,61,x,42,340.18415683412894,2,14,0.9879031377406894,True,0.9984026985082158,0.9999999778751342
D61_MLP_seed2,61,x,43,696.9340211849035,2,29,0.991744428685199,True,0.9978544504805277,0.999999075902342
D61_MLP_seed2,61,x,44,570.3488977595516,2,9,0.9831679641223016,True,0.9979042922127296,0.9999999997097111
D61_MLP_seed2,61,x,45,580.2541025659716,2,14,0.9811328446007044,True,0.9986306060316725,0.9999994142434361
D61_MLP_seed2,61,x,46,244.17584977103687,2,2,0.9632530759201173,True,0.9878827420871561,0.9999954306372283
D61_MLP_seed2,61,x,47,361.9757849479519,2,9,0.9818715266446382,True,0.9986475257353092,0.9999983366065748
D61_MLP_seed2,61,x,48,932.0488839326133,1,0,0.9999999708380278,False,2.058153734339339e-08,
D61_MLP_seed2,61,x,49,205.80829376390153,2,7,0.9130614656927232,True,0.985221669634064,0.999968107204635
D61_MLP_seed2,61,x,50,956.5075384588786,1,0,0.9999999516085403,False,3.868897879861158e-08,
D61_MLP_seed2,61,x,51,629.2351124715632,2,14,0.9880390620369803,True,0.9986305983357793,0.9999994207116234
D61_MLP_seed2,61,x,52,202.14595683160798,2,4,0.9534920983468003,True,0.9882278093317871,0.9998948811158328
D61_MLP_seed2,61,x,53,960.7903049337993,1,0,0.999999958858512,False,2.4849045226780403e-08,
D61_MLP_seed2,61,x,54,184.00841832969067,2,27,0.9528868085755193,True,0.9956473863334938,0.999971292388182
D61_MLP_seed2,61,x,55,415.2872323733761,2,14,0.9907205846485955,True,0.9989422121848603,0.9999990766017324
D61_MLP_seed2,61,x,56,116.40473023135783,2,19,0.9216584707687728,True,0.9953571155283634,0.9999721230813967
D61_MLP_seed2,61,x,57,651.725269374206,2,29,0.9904057720620096,True,0.99662570741364,0.9999981352266758
D61_MLP_seed2,61,x,58,187.38741370312704,2,4,0.9541665358495414,True,0.9898861010398853,0.9999164603755007
D61_MLP_seed2,61,x,59,84.39768112009735,2,19,0.9229528223270564,True,0.9940955471358395,0.9999763242836676
D61_MLP_seed2,61,x,60,961.0471128843492,1,0,0.9999999137252474,False,4.8528564506335845e-08,
D61_MLP_seed2,61,x,61,669.0827999869002,2,14,0.9858861363330197,True,0.9985394762761273,0.9999994199795688
D61_MLP_seed2,61,x,62,364.23825911926787,2,14,0.9860539875970251,True,0.9987003459917789,0.9999831372939719
D61_MLP_seed2,61,x,63,238.10183728031436,2,26,0.9195420600327747,True,0.9948834193006658,0.9999851195048316
D61_MLP_seed2,61,x,64,616.6259037107815,2,14,0.9855983857524095,True,0.9986716316948483,0.9999989106535176
D61_MLP_seed2,61,x,65,451.9886857666085,2,9,0.9875652931404879,True,0.9986984395549586,0.9999995857010564
D61_MLP_seed2,61,x,66,907.1717900245776,2,29,0.9934962574012111,True,0.9974852845314558,0.9999914821139305
D61_MLP_seed2,61,x,67,198.32749819622305,2,7,0.9015397435367808,True,0.9867881617074534,0.9999388435027349
D61_MLP_seed2,61,x,68,841.070986771,2,29,0.9924166306497046,True,0.9971937285034685,0.9999960982067038
D61_MLP_seed2,61,x,69,619.7767525501735,2,29,0.9922357240341673,True,0.9974800901059548,0.9999936933129979
D61_MLP_seed2,61,x,70,949.1484800560438,2,8,0.9936493808582804,True,0.9979675618681999,0.9999995912704104
D61_MLP_seed2,61,x,71,530.2968841338912,2,9,0.984495865333006,True,0.9988113187469831,0.9999999704992488
D61_MLP_seed2,61,x,72,1166.3872760241936,2,8,0.9921987081064206,True,0.9978160063293607,0.9999997003945506
D61_MLP_seed2,61,x,73,413.1371262546923,2,9,0.9883501430272645,True,0.9986910069073943,0.9999999524628661
D61_MLP_seed2,61,x,74,737.4030394615518,2,9,0.983296317934817,True,0.9987305689996371,0.9999995064316421
D61_MLP_seed2,61,x,75,106.98149934357879,2,19,0.9249863001597678,True,0.9925759766186394,0.9999644838787768
D61_MLP_seed2,61,x,76,328.60252134267637,2,4,0.9801848853361005,True,0.9931105484605929,0.9997208306867366
D61_MLP_seed2,61,x,77,245.85671986970334,2,2,0.9601963079493745,True,0.9842251848520585,0.999993552312211
D61_MLP_seed2,61,x,78,652.8376976246091,2,14,0.9912197689284767,True,0.9987398996176909,0.999981883727786
D61_MLP_seed2,61,x,79,1039.3555399470174,2,29,0.993114175137226,True,0.9985148103246773,0.9999952326508896
D61_MLP_seed2,61,x,80,227.95998810320367,2,7,0.9335764329716346,True,0.9849134448192031,0.999987908798721
D61_MLP_seed2,61,x,81,1074.8951123230568,2,29,0.9913431410637702,True,0.9962660087168809,0.9999958927101237
D61_MLP_seed2,61,x,82,1038.0040555229916,2,8,0.9923753148893218,True,0.9980622071328329,0.9999999882637293
D61_MLP_seed2,61,x,83,1071.7971740108771,2,29,0.9933445746324432,True,0.9981704374114011,0.9999978390669659
D61_MLP_seed2,61,x,84,234.59822840434666,2,2,0.9702722905716522,True,0.9931414683678802,0.9998618309360563
D61_MLP_seed2,61,x,85,131.5907669683246,2,19,0.9056235316169539,True,0.9911570242722829,0.999991301503168
D61_MLP_seed2,61,x,86,1004.6941250164634,2,8,0.9936568063157906,True,0.9983187322782094,0.9999999192886124
D61_MLP_seed2,61,x,87,235.8112202024532,2,7,0.9418351986318324,True,0.9807612739805482,0.9999707942363601
D61_MLP_seed2,61,x,88,264.66603711919186,2,7,0.9443360495597046,True,0.988309180055523,0.9999933864582758
D61_MLP_seed2,61,x,89,201.56882743788157,2,27,0.9545487755906156,True,0.9965801970221981,0.9999773142547762
D61_MLP_seed2,61,x,90,146.24596302229625,2,27,0.9487889343431594,True,0.9915301807102018,0.9999558937361511
D61_MLP_seed2,61,x,91,770.6519395301119,2,14,0.9871974539099628,True,0.9985175083497108,0.9999828782278315
D61_MLP_seed2,61,x,92,383.86702342636636,2,14,0.9844529333873887,True,0.9982355337040314,0.9999998527499595
D61_MLP_seed2,61,x,93,483.06565454287244,2,9,0.9897077594219162,True,0.9978829989091794,0.9999996509862061
D61_MLP_seed2,61,x,94,173.87990592833557,2,27,0.954993528280431,True,0.9957121852710741,0.9999647245252659
D61_MLP_seed2,61,x,95,1026.3719822336382,2,29,0.9911836528470054,True,0.9965417436476076,0.9999987504918081
D61_MLP_seed2,61,x,96,94.20423434424897,2,26,0.9186051057545238,True,0.9950922057830911,0.9999693466108559
D61_MLP_seed2,61,x,97,539.2591318777784,2,14,0.9895992848724325,True,0.9987085891235659,0.9999997834385795
D61_MLP_seed2,61,x,98,867.1370683707177,2,8,0.9935571336170229,True,0.9976350004440976,0.9999958964265964
D61_MLP_seed2,61,x,99,568.3549737233524,2,14,0.9824213260874028,True,0.9988271478179919,0.9999994200369634
D61_MLP_seed2,61,x,100,149.30235365519144,2,19,0.9218102154186988,True,0.9949376208824503,0.9999814436459724
D61_MLP_seed2,61,x,101,106.98085970819655,2,19,0.9249845854017432,True,0.9925763322852221,0.9999644873714633
D61_MLP_seed2,61,x,102,622.2432438354261,2,9,0.9802070120856166,True,0.9983973892876347,0.99999990361258
D61_MLP_seed2,61,x,103,1114.2491016420067,2,29,0.9921866920994451,True,0.9971287148954711,0.9999974700413812
D61_MLP_seed2,61,x,104,194.3230239766416,2,26,0.9189474082328867,True,0.9953830271044436,0.9999824688617128
D61_MLP_seed2,61,x,105,404.4235570267107,2,9,0.9838072966801752,True,0.9987919709356899,0.9999999573570864
D61_MLP_seed2,61,x,106,1017.7249172823655,2,8,0.9932895937581473,True,0.998259303156065,0.9999999991781328
D61_MLP_seed2,61,x,107,324.8572572339808,2,27,0.9519287349560285,True,0.9957906307037604,0.9999732755889733
D61_MLP_seed2,61,x,108,312.71268339616694,2,4,0.9801749277677727,True,0.9922577221995051,0.9999637937761198
D61_MLP_seed2,61,x,109,1064.2300624089246,2,8,0.9930777653061504,True,0.9982841906446995,0.9999987367380737
D61_MLP_seed2,61,x,110,986.110175602705,2,8,0.9920678836982589,True,0.997613211483548,0.9999995080744215
D61_MLP_seed2,61,x,111,241.79760177613974,2,2,0.9634055603308004,True,0.9898829497868723,0.9999953374079821
D61_MLP_seed2,61,x,112,195.8658146602925,2,7,0.8986324244167695,False,0.9892496771590181,0.9999937536061647
D61_MLP_seed2,61,x,113,243.87063727201038,2,27,0.9512653159134341,True,0.9939403485648091,0.9999492286943673
D61_MLP_seed2,61,x,114,663.7851344789873,2,9,0.980161708787746,True,0.9981420051558435,0.9999998315498981
D61_MLP_seed2,61,x,115,260.3775191423199,2,2,0.9605771539069347,True,0.9856387534890797,0.9998156865562378
D61_MLP_seed2,61,x,116,517.507735533979,2,9,0.983435930441279,True,0.9980952170110687,0.9999999859845492
D61_MLP_seed2,61,x,117,104.43548073597691,2,26,0.9204065788673138,True,0.9956996256570201,0.9999741481071679
D61_MLP_seed2,61,x,118,688.8837854972115,2,29,0.9901393268117642,True,0.9973351851204802,0.9999977582208055
D61_MLP_seed2,61,x,119,1069.9758525702441,2,29,0.992144262046261,True,0.9969324981423024,0.9999969571089922
D61_MLP_seed2,61,x,120,1053.392160712694,2,8,0.9931096330890637,True,0.9971357062819097,0.9999989221373915
D61_MLP_seed2,61,x,121,826.5854104920109,2,9,0.9855137732065635,True,0.998936053615256,0.9999987136371051
D61_MLP_seed2,61,x,122,1049.176647492314,2,29,0.9926416845350434,True,0.9973209136545828,0.9999927621504595
D61_MLP_seed2,61,x,123,84.39736917772149,2,19,0.9229519906327333,True,0.9940969779288749,0.9999763257928402
D61_MLP_seed2,61,x,124,202.5304954906714,2,4,0.9542468746185485,True,0.9893732390390818,0.9999089982031789
D61_MLP_seed2,61,x,125,1115.0817420242759,2,8,0.9931428495551606,True,0.9975588117960072,0.9999958584268145
D61_MLP_seed2,61,x,126,240.0420684928302,2,27,0.9473405073877215,True,0.9871421046613541,0.9999778004828799
D61_MLP_seed2,61,x,127,1016.4876750412266,2,8,0.9931469629039876,True,0.9982162480831657,0.9999985575132839
D61_MLP_seed2,61,y,0,89.60141615677288,2,19,0.9352487741899731,True,0.9876702440702115,0.9999411958686694
D61_MLP_seed2,61,y,1,614.3124959354493,2,14,0.986607461788181,True,0.998737825437954,0.9999917875694062
D61_MLP_seed2,61,y,2,155.819947448933,2,19,0.9171518384051419,True,0.9897468892849218,0.9999507997550355
D61_MLP_seed2,61,y,3,525.3436514721604,2,9,0.9792745815018203,True,0.9981945348378825,0.999981116709487
D61_MLP_seed2,61,y,4,613.8903598852369,2,14,0.990388097880346,True,0.9983263760836815,0.9999907770430301
D61_MLP_seed2,61,y,5,974.6615409115325,2,8,0.994588080272295,True,0.9979071344131529,0.9999992021417827
D61_MLP_seed2,61,y,6,720.1077451664015,2,9,0.9896270217243947,True,0.9987073905056444,0.9999957722344931
D61_MLP_seed2,61,y,7,126.96895392748071,2,19,0.9153712480184482,True,0.9937435680842343,0.9998194542739496
D61_MLP_seed2,61,y,8,144.51811665565523,2,19,0.9209351633647131,True,0.990702413816458,0.9999478460028944
D61_MLP_seed2,61,y,9,147.5906661517359,2,19,0.9249832660347609,True,0.993801006943017,0.9997730039347763
D61_MLP_seed2,61,y,10,397.36722958503555,2,9,0.9738067523094245,True,0.9974164768130633,0.9999673179708097
D61_MLP_seed2,61,y,11,965.7296329395166,2,29,0.995578628343265,True,0.9981248174192503,0.9999943136100906
D61_MLP_seed2,61,y,12,1007.4165554151542,2,8,0.9944955800249072,True,0.9979107913163104,0.9999992369824449
D61_MLP_seed2,61,y,13,378.8816556527749,2,4,0.9452847186803931,True,0.997218432807871,0.9999963924556645
D61_MLP_seed2,61,y,14,234.3876889285022,2,26,0.9475550913641192,True,0.9914558208538523,0.9999828002210456
D61_MLP_seed2,61,y,15,224.24395156925664,2,4,0.9383076429700556,True,0.9867023831026845,0.9999979788492921
D61_MLP_seed2,61,y,16,480.7023136664688,2,14,0.9837543898201263,True,0.9981599112212735,0.9999988205841881
D61_MLP_seed2,61,y,17,332.4210750906924,2,4,0.9385530991541703,True,0.9871389933976769,0.9999969294760624
D61_MLP_seed2,61,y,18,638.1317153163467,2,8,0.9933442447854808,True,0.9970071499641814,0.9999997323654761
D61_MLP_seed2,61,y,19,276.16888092236445,2,2,0.9399582069967743,True,0.9961423742600907,0.9999950220958366
D61_MLP_seed2,61,y,20,801.7938968600198,2,9,0.9904221435986421,True,0.9987431307318293,0.99997390307287
D61_MLP_seed2,61,y,21,413.04267060859314,2,4,0.9459426850491812,True,0.9967593666196534,0.999999771835473
D61_MLP_seed2,61,y,22,599.0591369092658,2,14,0.9889506135744232,True,0.9984434776132461,0.9999941083187267
D61_MLP_seed2,61,y,23,287.21672573612784,2,2,0.9390971020262168,True,0.9955766691700926,0.9999982564541067
D61_MLP_seed2,61,y,24,345.39897421810934,2,4,0.938309141315954,True,0.9869797667476342,0.9999969005156623
D61_MLP_seed2,61,y,25,253.63016705503227,2,27,0.9637310451487584,True,0.9845454904451718,0.9999734322294342
D61_MLP_seed2,61,y,26,89.46770281110705,2,26,0.9518549942634187,True,0.987855689120782,0.9998442649864737
D61_MLP_seed2,61,y,27,134.50327414760343,2,26,0.9521269234601603,True,0.9882708418577644,0.999886503680212
D61_MLP_seed2,61,y,28,311.30307328987897,2,7,0.8885355846073104,False,0.9906079198307223,0.9999988271999781
D61_MLP_seed2,61,y,29,368.55176210304734,2,4,0.9454935255087503,True,0.9969499485946773,0.9999994283871608
D61_MLP_seed2,61,y,30,1041.743233227702,2,8,0.9929801512461087,True,0.9975873016119332,0.9999998654686855
D61_MLP_seed2,61,y,31,979.4405355259578,2,8,0.9943900721551112,True,0.9980485450848281,0.9999994743580272
D61_MLP_seed2,61,y,32,298.9200082352533,2,2,0.9408068481657798,True,0.9966464640906956,0.9999962990010703
D61_MLP_seed2,61,y,33,129.37878730133522,2,19,0.9206837330436318,True,0.9922612496902532,0.9997681448431021
D61_MLP_seed2,61,y,34,1065.3260059286085,2,29,0.9953897299356415,True,0.9980431331462815,0.999996157249208
D61_MLP_seed2,61,y,35,406.5813953916862,2,14,0.9731827728213223,True,0.9982507127490062,0.9999577364761832
D61_MLP_seed2,61,y,36,413.736565885369,2,9,0.9799904222942895,True,0.9988516419865592,0.9999965059711924
D61_MLP_seed2,61,y,37,650.1086801631025,2,9,0.9851253732920526,True,0.9980006448577207,0.9999743723097357
D61_MLP_seed2,61,y,38,969.6513307084709,2,8,0.9930384030881247,True,0.9960152435145992,0.9999905734515304
D61_MLP_seed2,61,y,39,128.53114703594892,2,19,0.9125474044144294,True,0.9900012705744401,0.9999898072644988
D61_MLP_seed2,61,y,40,144.66772908210245,2,26,0.9521093194139366,True,0.9880028291528811,0.9998330319294683
D61_MLP_seed2,61,y,41,419.45319772292305,2,4,0.9430246218742856,True,0.9966672840162416,0.9999974087950247
D61_MLP_seed2,61,y,42,343.4357401864152,2,14,0.9846037127242273,True,0.9977394153529217,0.9999563932414605
D61_MLP_seed2,61,y,43,682.8184510674299,2,29,0.9956413601608302,True,0.997649830225632,0.9999994097901839
D61_MLP_seed2,61,y,44,584.3999316040583,2,9,0.9799400267552212,True,0.9972116388150861,0.999980277687391
D61_MLP_seed2,61,y,45,557.5359059959943,2,14,0.9869558143677607,True,0.9987476794321382,0.9999957901363102
D61_MLP_seed2,61,y,46,300.0591201333957,2,2,0.9396632284755929,True,0.996473857933081,0.9999991305064869
D61_MLP_seed2,61,y,47,376.79987839541053,2,9,0.9751508103381514,True,0.9968122250284477,0.9999933587558442
D61_MLP_seed2,61,y,48,930.6222924152393,1,0,0.9999829658980305,False,9.021145867357864e-06,
D61_MLP_seed2,61,y,49,286.2767674061388,2,7,0.8908325977886509,False,0.9930491090573437,0.9999962402256429
D61_MLP_seed2,61,y,50,955.061692494382,1,0,0.9999830040473504,False,8.958536676993805e-06,
D61_MLP_seed2,61,y,51,643.9038599802301,2,14,0.9852966760864992,True,0.9986149112435359,0.9999920899538632
D61_MLP_seed2,61,y,52,231.23551211838955,2,4,0.9378778927865588,True,0.9864912328032428,0.9999973327720947
D61_MLP_seed2,61,y,53,959.3280123871157,1,0,0.9999830696576341,False,8.866077398592356e-06,
D61_MLP_seed2,61,y,54,159.33431403920363,2,27,0.9680873315451425,True,0.9871695320083229,0.9999437818223299
D61_MLP_seed2,61,y,55,446.5331118257341,2,14,0.9833475161720385,True,0.9978759865998436,0.9999648931761204
D61_MLP_seed2,61,y,56,107.85902327501569,2,19,0.9274633713935717,True,0.990445331809445,0.9999372175753964
D61_MLP_seed2,61,y,57,646.9211737074901,2,29,0.9950628861663844,True,0.9979740518344712,0.9999987649302613
D61_MLP_seed2,61,y,58,213.8021135144908,2,4,0.9382007584877695,True,0.9869494161394078,0.9999967155371797
D61_MLP_seed2,61,y,59,78.458989931841,2,19,0.9261063680967924,True,0.9910642002279433,0.9999903479977451
D61_MLP_seed2,61,y,60,959.6385544795028,1,0,0.9999830283476866,False,9.373079410839383e-06,
D61_MLP_seed2,61,y,61,661.5263383593133,2,14,0.9863055293315381,True,0.9986891683666704,0.9999883589595978
D61_MLP_seed2,61,y,62,370.93760557987406,2,14,0.9802628960929982,True,0.9969027346918282,0.9999967547248604
D61_MLP_seed2,61,y,63,203.18457953145082,2,26,0.9481808644881246,True,0.9918051573934852,0.9999856522104859
D61_MLP_seed2,61,y,64,643.2302849793746,2,14,0.9777106631869372,True,0.9981717029037648,0.9999884524086193
D61_MLP_seed2,61,y,65,473.356524541488,2,9,0.9817029207056565,True,0.9980572320867531,0.9999750637369212
D61_MLP_seed2,61,y,66,877.0823509782433,2,29,0.9949562068570648,True,0.9973912426164017,0.9999987156662856
D61_MLP_seed2,61,y,67,277.2925785204638,2,7,0.8758587353545007,False,0.992487292428482,0.999997703810726
D61_MLP_seed2,61,y,68,805.4900406977906,2,29,0.9959244452925261,True,0.9975367516405504,0.9999976391291405
D61_MLP_seed2,61,y,69,630.993591031869,2,29,0.9960154584973182,True,0.9981892980568428,0.999994654852421
D61_MLP_seed2,61,y,70,893.6839314657806,2,8,0.995195573631583,True,0.9982030898698797,0.9999959565798398
D61_MLP_seed2,61,y,71,539.9580493563604,2,9,0.9838207292911815,True,0.9985450480871161,0.9999995314113669
D61_MLP_seed2,61,y,72,1127.9711912809205,2,8,0.9946027037116677,True,0.9982502644930913,0.9999996508911578
D61_MLP_seed2,61,y,73,439.93142110435315,2,9,0.9800329948894644,True,0.9969794482798051,0.9999917217912648
D61_MLP_seed2,61,y,74,750.561983100217,2,9,0.9848832833194773,True,0.9974120379792373,0.9999719658330181
D61_MLP_seed2,61,y,75,100.54905039315227,2,19,0.9298215361969836,True,0.9894595814173659,0.9999359607890485
D61_MLP_seed2,61,y,76,424.85089805534926,2,4,0.945403708552861,True,0.9966942677391137,0.9999940534405934
D61_MLP_seed2,61,y,77,304.2930292362652,2,2,0.9392781053544563,True,0.9961002514720723,0.9999962563219176
D61_MLP_seed2,61,y,78,673.440696682405,2,14,0.988469197405429,True,0.9989098009185804,0.9999965012970513
D61_MLP_seed2,61,y,79,990.75054629562,2,29,0.9961584014067797,True,0.9982042567013869,0.9999999935636196
D61_MLP_seed2,61,y,80,300.6389323848701,2,7,0.8917311659153578,False,0.9935445058684638,0.9999958190725465
D61_MLP_seed2,61,y,81,1061.4226015170607,2,29,0.9947059189584759,True,0.9982354971351202,0.999991692726065
D61_MLP_seed2,61,y,82,1009.1318989457758,2,8,0.9943338366764172,True,0.9981674598134804,0.9999982787432683
D61_MLP_seed2,61,y,83,1047.9871960716468,2,29,0.9950275558303573,True,0.9980811891595944,0.9999961775755054
D61_MLP_seed2,61,y,84,280.862211451456,2,2,0.9409908631566716,True,0.9964336804509097,0.999997256762493
D61_MLP_seed2,61,y,85,118.86477316378402,2,19,0.9130367754224233,True,0.9888080120677064,0.9999679299419362
D61_MLP_seed2,61,y,86,965.7487007253682,2,8,0.9954312827331078,True,0.9984446624012807,0.9999955849576386
D61_MLP_seed2,61,y,87,319.51805978258915,2,7,0.8930938597560053,False,0.9933754965603738,0.9999980082777365
D61_MLP_seed2,61,y,88,338.80172781386295,2,7,0.8960094199133044,False,0.9933762320776536,0.9999992270747139
D61_MLP_seed2,61,y,89,173.40452751617556,2,27,0.966725298659616,True,0.9858740956152119,0.9999679995220938
D61_MLP_seed2,61,y,90,120.994980980955,2,27,0.9629387209110897,True,0.9838527223415776,0.9999354709323179
D61_MLP_seed2,61,y,91,784.5326396384916,2,14,0.9846102150282362,True,0.9984378662831965,0.9999821200028263
D61_MLP_seed2,61,y,92,399.043962169915,2,14,0.9833386609430489,True,0.9987446273316553,0.9999985201563889
D61_MLP_seed2,61,y,93,545.3875768925445,2,9,0.9815290136927682,True,0.9976008035419797,0.9999996256782087
D61_MLP_seed2,61,y,94,144.90222999170217,2,27,0.9632906144517571,True,0.9818272780432088,0.9999815985586642
D61_MLP_seed2,61,y,95,1022.700711390098,2,29,0.9947809039681309,True,0.9975272726943564,0.9999999988890382
D61_MLP_seed2,61,y,96,80.77992185555789,2,26,0.9481927108909485,True,0.9907921987327015,0.9999797020218643
D61_MLP_seed2,61,y,97,547.1590605550921,2,14,0.986980441676484,True,0.9986965594230065,0.9999889219768624
D61_MLP_seed2,61,y,98,831.6396812473408,2,8,0.9941190592125364,True,0.9968107766341816,0.9999997701363023
D61_MLP_seed2,61,y,99,554.1058855038756,2,14,0.9866546959697492,True,0.9987867166270686,0.9999985113741672
D61_MLP_seed2,61,y,100,139.72502212958483,2,19,0.9181202281166421,True,0.992772777931866,0.9998013114655637
D61_MLP_seed2,61,y,101,100.54727405306292,2,19,0.9298180768567178,True,0.9894597148000478,0.9999359592513765
D61_MLP_seed2,61,y,102,613.2246018594179,2,9,0.9854091431804506,True,0.9984895323856383,0.9999937548403063
D61_MLP_seed2,61,y,103,1074.6016428765902,2,29,0.9951787502550135,True,0.9986066140021082,0.9999947527935726
D61_MLP_seed2,61,y,104,166.33741260097494,2,26,0.9515784226907829,True,0.9876805254989928,0.9998831863001074
D61_MLP_seed2,61,y,105,414.2470069139394,2,9,0.9817620248776784,True,0.998525164920424,0.9999999740762818
D61_MLP_seed2,61,y,106,998.2875403243306,2,8,0.9942661525014456,True,0.9975714258962519,0.9999994044381628
D61_MLP_seed2,61,y,107,287.96250004993976,2,27,0.9662707969422392,True,0.9864494659343545,0.9999582801691883
D61_MLP_seed2,61,y,108,406.507252232516,2,4,0.9432860581684073,True,0.9970603297698584,0.9999968513788138
D61_MLP_seed2,61,y,109,1020.0674465874587,2,8,0.9938741694671278,True,0.9971173301602947,0.9999991252035344
D61_MLP_seed2,61,y,110,973.8489838951772,2,8,0.9943949196375347,True,0.9976549415151694,0.9999945098687535
D61_MLP_seed2,61,y,111,289.07936217074433,2,2,0.940200798495173,True,0.9967005530501644,0.9999977860675714
D61_MLP_seed2,61,y,112,262.3899665389598,2,7,0.86322352524737,False,0.9922009106191216,0.9999996724935744
D61_MLP_seed2,61,y,113,195.49979783746133,2,27,0.9641961481688646,True,0.9849284397650032,0.9999681496564745
D61_MLP_seed2,61,y,114,656.2137020421648,2,9,0.9844887855336408,True,0.9984869798103027,0.9999990251376123
D61_MLP_seed2,61,y,115,309.41133367750126,2,2,0.9399101577025311,True,0.9966730732390536,0.9999958742785059
D61_MLP_seed2,61,y,116,524.0968896989377,2,9,0.9781851610010205,True,0.996612757801108,0.9999784660892561
D61_MLP_seed2,61,y,117,89.46598459879161,2,26,0.9518568807644221,True,0.9878565651775815,0.9998442778900234
D61_MLP_seed2,61,y,118,667.444070145921,2,29,0.9963466898799784,True,0.9982138859213341,0.999999580161773
D61_MLP_seed2,61,y,119,1054.71811310325,2,29,0.9946986604288445,True,0.9979596544032519,0.9999948999097031
D61_MLP_seed2,61,y,120,1028.1563266680369,2,8,0.9935736909345634,True,0.9980076262478164,0.9999979853790776
D61_MLP_seed2,61,y,121,818.4238943081496,2,9,0.9875604637604429,True,0.998329512968667,0.9999953835493592
D61_MLP_seed2,61,y,122,1045.5018909131552,2,29,0.995500656712064,True,0.9984392368653275,0.9999941870675476
D61_MLP_seed2,61,y,123,78.45878677305397,2,19,0.9261087437077962,True,0.9910635114995181,0.9999903485264964
D61_MLP_seed2,61,y,124,231.37945443054076,2,4,0.9378530919341497,True,0.9867147170287525,0.9999959127713852
D61_MLP_seed2,61,y,125,1078.0907055358514,2,8,0.994867256614795,True,0.997958644994916,0.9999990357184471
D61_MLP_seed2,61,y,126,201.3360971869218,2,27,0.960510944501116,True,0.9820752520397544,0.99995052432856
D61_MLP_seed2,61,y,127,958.1573612468836,2,8,0.9930882339271547,True,0.997830641974977,0.999999446022738
D61_MLP_seed3,61,x,0,1106.0736174522808,2,15,0.996197554714135,True,0.9994635397127494,0.9999999797641755
D61_MLP_seed3,61,x,1,796.7327267059095,2,14,0.9952654665263247,True,0.9981065562050613,0.9999999847720303
D61_MLP_seed3,61,x,2,134.01031639919486,2,26,0.8893003672921614,False,0.9987921801490786,0.9999999998025644
D61_MLP_seed3,61,x,3,75.28002547793827,2,25,0.8812748816348902,False,0.9898132015781876,0.9999990876477597
D61_MLP_seed3,61,x,4,952.2075725256634,2,14,0.9976042471771501,True,0.9994016374959843,0.9999963115709888
D61_MLP_seed3,61,x,5,937.8246789752669,2,9,0.9960113962988064,True,0.9979367564377684,0.9999973810952919
D61_MLP_seed3,61,x,6,739.2717185111013,2,2,0.9969881031936749,True,0.9986414893819388,0.9999995293680546
D61_MLP_seed3,61,x,7,139.32192316676728,2,26,0.8886891437203576,False,0.9987417561667189,0.9999999799319695
D61_MLP_seed3,61,x,8,826.534009605481,2,14,0.997318683759377,True,0.9990972806304087,0.9999978327517833
D61_MLP_seed3,61,x,9,594.0618082431658,2,9,0.9963349931288094,True,0.9985689666026891,0.9999959048724951
D61_MLP_seed3,61,x,10,905.7494132847299,2,15,0.995874089170384,True,0.999420314792254,0.9999997287168336
D61_MLP_seed3,61,x,11,1182.06395520474,1,0,0.999999995581255,False,3.003867303431328e-09,
D61_MLP_seed3,61,x,12,862.9642483103528,2,14,0.9977453281957203,True,0.9986687543449138,0.9999987080005975
D61_MLP_seed3,61,x,13,881.2227824856707,2,9,0.9961338435715875,True,0.9981181698445137,0.9999996691003232
D61_MLP_seed3,61,x,14,101.66121328544031,2,25,0.8812425723665747,False,0.9901778108990305,0.9999992935224492
D61_MLP_seed3,61,x,15,849.8867497292902,2,14,0.9970466807638972,True,0.9987968407245627,0.9999800217265781
D61_MLP_seed3,61,x,16,908.9825461494054,2,2,0.9966320904225168,True,0.9980922578114109,0.9999999921187641
D61_MLP_seed3,61,x,17,1025.3273661201642,2,9,0.9962589391134401,True,0.9981628987785804,0.9999999560515449
D61_MLP_seed3,61,x,18,870.4629896008616,2,15,0.9944199601702831,True,0.9996344713155478,0.999999984889863
D61_MLP_seed3,61,x,19,1182.3543324788154,1,0,0.999999995601955,False,2.9301658350779326e-09,
D61_MLP_seed3,61,x,20,78.85756389485738,2,25,0.8820410313655751,False,0.9911525706716844,0.9999998671092261
D61_MLP_seed3,61,x,21,904.4877635527367,2,2,0.9963931836391873,True,0.9984204044595995,0.9999999978817442
D61_MLP_seed3,61,x,22,94.94131499116247,2,25,0.8873284658584994,False,0.9903952071557217,0.9999992264411195
D61_MLP_seed3,61,x,24,857.629924459912,2,15,0.994309871296205,True,0.9994473068080822,0.9999986052034996
D61_MLP_seed3,61,x,25,1105.786478497544,2,9,0.9966571003517385,True,0.9984991774212675,0.9999966512880296
D61_MLP_seed3,61,x,26,938.523340136992,2,2,0.995563951050572,True,0.9988791135478202,0.9999999795036667
D61_MLP_seed3,61,x,27,848.604924806692,2,15,0.9978028676939764,True,0.9995581513019055,0.9999999066990821
D61_MLP_seed3,61,x,28,1008.0080201276597,2,9,0.9962747248758561,True,0.9982151752031981,0.9999998607238746
D61_MLP_seed3,61,x,29,1000.5064804673902,2,9,0.9959502285986507,True,0.997856632035142,0.9999997738781181
D61_MLP_seed3,61,x,30,116.1421055551568,2,25,0.8795732057435358,False,0.9901738226188028,0.9999999859814159
D61_MLP_seed3,61,x,31,954.8199887970993,2,9,0.9969245478919802,True,0.9987807326434145,0.9999952048216397
D61_MLP_seed3,61,x,32,880.3379787075598,2,15,0.9954616248686197,True,0.9995025572726933,0.9999995775701122
D61_MLP_seed3,61,x,33,1020.7073081287457,2,14,0.9967797480445741,True,0.9984536390520115,0.9999999090146332
D61_MLP_seed3,61,x,34,85.17435822850695,2,26,0.8887537053225161,False,0.9987553676986982,0.999999848604805
D61_MLP_seed3,61,x,35,798.6627145723709,2,15,0.9956387411523469,True,0.9993907287393079,0.9999999224056827
D61_MLP_seed3,61,x,36,1170.377893547075,1,0,0.9999999971906874,False,1.8763535451823615e-09,
D61_MLP_seed3,61,x,37,991.7127140317664,2,15,0.9940747387809419,True,0.9995972323529163,0.9999999403654616
D61_MLP_seed3,61,x,38,85.17634531789322,2,26,0.8887525693358349,False,0.9987554867216755,0.9999998481535616
D61_MLP_seed3,61,x,39,1095.8291740266172,2,15,0.9966604610707704,True,0.999632724471747,0.9999999791441496
D61_MLP_seed3,61,x,40,921.4900420574753,2,15,0.9939604106340639,True,0.9993668241765438,0.9999998274466775
D61_MLP_seed3,61,x,41,613.007830079671,2,2,0.9962390580084902,True,0.9982374638831095,0.9999999876656538
D61_MLP_seed3,61,x,42,875.7090937933408,2,15,0.9942218735943308,True,0.9995691143811928,0.9999999506070345
D61_MLP_seed3,61,x,43,1186.1150925087939,1,0,0.9999999964152732,False,2.478350078512307e-09,
D61_MLP_seed3,61,x,45,143.77868856105027,2,25,0.8758592138139214,False,0.99061585703749,0.99999871939886
D61_MLP_seed3,61,x,46,66.15500823744686,2,25,0.8789576630373035,False,0.9902114076589954,0.9999997647602266
D61_MLP_seed3,61,x,47,948.1160705139547,2,2,0.9968158942301518,True,0.9987931198607467,0.9999993508619007
D61_MLP_seed3,61,x,48,954.0583105581397,2,2,0.9969044626766452,True,0.9983894007727973,0.9999993775463636
D61_MLP_seed3,61,x,49,961.0429254898152,2,14,0.9971056326999024,True,0.9986752529914076,0.9999984449640554
D61_MLP_seed3,61,x,50,1206.198983425501,2,9,0.9966769251160414,True,0.9984961049213391,0.9999998754100423
D61_MLP_seed3,61,x,51,745.4871624167711,2,15,0.9932706648443262,True,0.9996169833276255,0.9999984149632732
D61_MLP_seed3,61,x,52,814.708077164173,2,15,0.9954726826329272,True,0.9995101632808605,0.9999999790828864
D61_MLP_seed3,61,x,53,1114.6516881662442,2,15,0.9944082624778431,True,0.9996746041823538,0.9999999961622995
D61_MLP_seed3,61,x,54,896.7908096465632,2,9,0.9959281223081373,True,0.9977805890099803,0.999996959775722
D61_MLP_seed3,61,x,55,66.15606220920857,2,25,0.878955766816045,False,0.9902115791729564,0.9999997647632166
D61_MLP_seed3,61,x,56,67.65122579794041,2,25,0.8772626243373316,False,0.9897819832691579,0.9999997533328324
D61_MLP_seed3,61,x,57,859.8347067814871,2,2,0.996538463589299,True,0.9991304432781131,0.9999998039117522
D61_MLP_seed3,61,x,58,1004.3020447149913,2,14,0.995829133114423,True,0.9984971980765176,0.999994596560234
D61_MLP_seed3,61,x,59,966.2073056176425,2,14,0.9971670771815145,True,0.9986925965352469,0.9999857054412852
D61_MLP_seed3,61,x,60,828.0883995927773,2,14,0.9962163784658596,True,0.9983571705963381,0.9999997505541562
D61_MLP_seed3,61,x,61,78.85794833612348,2,25,0.8820406398421607,False,0.9911524214760644,0.9999998672841386
D61_MLP_seed3,61,x,62,1020.0560429479865,2,9,0.9965352109297207,True,0.9983511447527823,0.9999999369034114
D61_MLP_seed3,61,x,63,67.64895930224525,2,25,0.8772669121579351,False,0.9897816011169298,0.9999997531717568
D61_MLP_seed3,61,x,64,783.4901653948976,2,14,0.997067571298716,True,0.9996216222194828,0.9999977756521757
D61_MLP_seed3,61,x,65,784.8207550943008,2,14,0.9957134470494323,True,0.9979180661064228,0.9999893013505448
D61_MLP_seed3,61,x,66,839.1423895757337,2,15,0.995696013108098,True,0.9992241297625476,0.9999989513814135
D61_MLP_seed3,61,x,67,1011.3227286047803,2,15,0.996835739850562,True,0.9995185923582213,0.999999912416059
D61_MLP_seed3,61,x,68,958.872650192958,2,14,0.9974810471135155,True,0.9982411577258252,0.9999965588828011
D61_MLP_seed3,61,x,69,140.50049880082096,2,26,0.8890081662653128,False,0.9988020040318454,0.9999999892999545
D61_MLP_seed3,61,x,70,737.0752715793985,2,2,0.9963431370974922,True,0.9980970486898542,0.9999997377987653
D61_MLP_seed3,61,x,71,955.9715032595952,2,2,0.9966649612445256,True,0.9983977821673875,0.999999568654506
D61_MLP_seed3,61,x,73,114.90560295192233,2,26,0.8889059944515842,False,0.9987509848674332,0.9999999914932755
D61_MLP_seed3,61,x,74,773.7175314812087,2,9,0.9955291021650715,True,0.9975014726568388,0.999997249608935
D61_MLP_seed3,61,x,75,867.6264866436643,2,2,0.9974097450462124,True,0.9987923686673392,0.9999999506860208
D61_MLP_seed3,61,x,76,825.2082425548083,2,15,0.9976529850137638,True,0.9995195803590099,0.9999999776957461
D61_MLP_seed3,61,x,77,846.6910673352022,2,9,0.9964301585477798,True,0.9982534055064037,0.9999976870089279
D61_MLP_seed3,61,x,78,809.1554083739203,2,2,0.9967403591125514,True,0.9993693786018145,0.9999999877353246
D61_MLP_seed3,61,x,79,1034.9736094224882,2,2,0.9960396989639521,True,0.9978393390665514,0.9999998288876192
D61_MLP_seed3,61,x,80,1016.22848398177,2,9,0.9965256034364127,True,0.9983625611316099,0.9999991239976752
D61_MLP_seed3,61,x,81,886.3096570185901,2,14,0.9958032853950362,True,0.9983373203946672,0.9999987969913321
D61_MLP_seed3,61,x,82,956.2984691036386,2,14,0.9960311842892403,True,0.9978859490232428,0.999999049262967
D61_MLP_seed3,61,x,83,54.79097774717636,2,25,0.8829738203069682,False,0.9906441187811482,0.9999999999169369
D61_MLP_seed3,61,x,84,924.0888483544643,2,9,0.9966552877503841,True,0.9985201584072418,0.9999963499646016
D61_MLP_seed3,61,x,85,965.1258158012675,2,2,0.997301987860136,True,0.99864366784254,0.9999997151734826
D61_MLP_seed3,61,x,86,942.3600205519538,2,14,0.9973851870614989,True,0.9990703849208166,0.9999992028045953
D61_MLP_seed3,61,x,87,1029.278709741839,2,14,0.9972753128000414,True,0.9989822799602831,0.9999893498025786
D61_MLP_seed3,61,x,88,726.4602314598183,2,14,0.9970769100464828,True,0.9982054600889169,0.9999933212624261
D61_MLP_seed3,61,x,89,158.3489853317739,2,26,0.8887569917908279,False,0.998701480891153,0.9999999763301468
D61_MLP_seed3,61,x,90,128.82263170024595,2,26,0.8890654742790807,False,0.9988155955807343,0.9999998782132672
D61_MLP_seed3,61,x,91,837.3856109775078,2,14,0.9977063865051856,True,0.998497821920553,0.9999817268146687
D61_MLP_seed3,61,x,92,909.9385262151742,2,9,0.9964647844847792,True,0.9983247133448014,0.9999959204228913
D61_MLP_seed3,61,x,93,885.7583225738775,2,2,0.996895464813541,True,0.9984634766739925,0.9999995687039148
D61_MLP_seed3,61,x,94,905.6143483060321,2,15,0.9950076437238716,True,0.9995302956590709,0.9999999100835162
D61_MLP_seed3,61,x,95,836.0138228141964,2,2,0.9970477674159278,True,0.9986106143355997,0.9999999704906468
D61_MLP_seed3,61,x,96,1007.6531627001442,2,9,0.9962455570220692,True,0.9981027762449741,0.9999975500400081
D61_MLP_seed3,61,x,97,719.4848015151132,2,9,0.9966887303392549,True,0.9986826401154261,0.9999967920916543
D61_MLP_seed3,61,x,98,878.2562991470431,2,2,0.9957662478621597,True,0.9989270073607933,0.9999999743504276
D61_MLP_seed3,61,x,99,1305.4633418012838,2,9,0.9961400519362568,True,0.997989738211767,0.9999999008394833
D61_MLP_seed3,61,x,100,1003.1842913704088,2,9,0.9962821541958752,True,0.9981656211013865,0.9999999631511286
D61_MLP_seed3,61,x,101,1.6708703533487395,2,15,0.9909277401124689,True,0.9990999888972752,0.999999803064162
D61_MLP_seed3,61,x,102,829.4945840093599,2,2,0.9964762540227133,True,0.998220035283051,0.9999991831122323
D61_MLP_seed3,61,x,103,2.0373036023208284,2,15,0.9909310600886939,True,0.9990989200034405,0.9999998038112096
D61_MLP_seed3,61,x,104,831.0988378509236,2,14,0.9956256933215053,True,0.99802093825546,0.9999997843808154
D61_MLP_seed3,61,x,105,875.734140041848,2,2,0.9963523252205109,True,0.9982004382962888,0.9999992403390785
D61_MLP_seed3,61,x,106,791.3117419397515,2,2,0.9956728111056502,True,0.9978723344765001,0.9999991686938188
D61_MLP_seed3,61,x,107,984.4699886955564,2,9,0.995963755356013,True,0.997779857126139,0.9999999053932137
D61_MLP_seed3,61,x,108,0.00018003807803323364,2,2,0.989910156273303,True,0.9975016579660761,0.9999999841243459
D61_MLP_seed3,61,x,109,99.93140804712192,2,25,0.8837464289382907,False,0.9902259794583604,0.9999999984705866
D61_MLP_seed3,61,x,110,580.8889243386722,2,15,0.99796608253314,True,0.9995928255313004,0.999999650618693
D61_MLP_seed3,61,x,111,874.6718020716851,2,15,0.9971467268426711,True,0.999353303986073,0.999999624876208
D61_MLP_seed3,61,x,112,731.5150043291388,2,9,0.9966880065534893,True,0.9990167130069577,0.9999988993370859
D61_MLP_seed3,61,x,113,1006.1235490873356,2,9,0.9958881216635722,True,0.9983888408120333,0.9999979867311194
D61_MLP_seed3,61,x,114,774.4413993870659,2,9,0.9969709966788682,True,0.9987190348172659,0.9999961906674028
D61_MLP_seed3,61,x,115,903.3593525757232,2,14,0.9966194580575765,True,0.998935586068724,0.999997048701018
D61_MLP_seed3,61,x,116,982.6588508113965,2,2,0.9967544413429947,True,0.9980533145531683,0.9999995113370092
D61_MLP_seed3,61,x,117,1041.4732519750835,2,14,0.9959527777806592,True,0.9979102112906354,0.9999946242508283
D61_MLP_seed3,61,x,118,971.5811279032952,2,15,0.9933533695567154,True,0.9997952713321011,0.9999999930385649
D61_MLP_seed3,61,x,119,1203.3880994542649,2,9,0.9958910970655768,True,0.9980217254236068,0.9999999239228143
D61_MLP_seed3,61,x,120,136.08875701156637,2,26,0.8887843727400806,False,0.9987266862166463,0.9999999999755892
D61_MLP_seed3,61,x,121,54.792533535679716,2,25,0.8829650898687198,False,0.9906445703598219,0.9999999999173139
D61_MLP_seed3,61,x,122,580.8945652601396,2,15,0.9979660189326041,True,0.9995929490337262,0.9999996505989337
D61_MLP_seed3,61,x,123,844.9329806581453,2,14,0.9970565176471807,True,0.9986716204225881,0.9999825923968468
D61_MLP_seed3,61,x,124,843.917615764927,2,14,0.9961368215481027,True,0.9989377088070142,0.9999852923608189
D61_MLP_seed3,61,x,125,933.2103308479647,2,2,0.9965506482921216,True,0.9979074799989518,0.999999767222356
D61_MLP_seed3,61,x,126,844.6042401362123,2,2,0.9972936866300908,True,0.9992508678638372,0.9999996905756473
D61_MLP_seed3,61,x,127,800.5328479122477,2,9,0.9966787287413102,True,0.9988910923897298,0.999996763671153
D61_MLP_seed3,61,y,0,1118.8085604306152,2,15,0.9962961336424241,True,0.9995365209030295,0.9999996277634965
D61_MLP_seed3,61,y,1,810.254727877187,2,14,0.9965472985465319,True,0.9991240331864069,0.9999994219665046
D61_MLP_seed3,61,y,2,107.54367553145806,2,26,0.9600161276845794,True,0.9933547876591688,0.9999774806965653
D61_MLP_seed3,61,y,3,64.16819389649915,2,25,0.9287513216428344,True,0.9955188850760986,0.9999740071360369
D61_MLP_seed3,61,y,4,983.464761976131,2,14,0.9981962269637222,True,0.9993207050653258,0.9999952382937966
D61_MLP_seed3,61,y,5,943.1232886375274,2,9,0.9990602575606482,True,0.9994583411969574,0.9999983537012791
D61_MLP_seed3,61,y,6,735.3218134099121,2,2,0.9982813995219029,True,0.9988833427891995,0.9999925469243489
D61_MLP_seed3,61,y,7,111.60610305043328,2,26,0.959935766017167,True,0.9933614688117175,0.9999760106058638
D61_MLP_seed3,61,y,8,832.9078320398024,2,14,0.9977464769977803,True,0.9985715096968159,0.9999999779152688
D61_MLP_seed3,61,y,9,610.2321237677048,2,9,0.9980723760447316,True,0.9984249525028898,0.9999998950405418
D61_MLP_seed3,61,y,10,906.3510710531218,2,15,0.9958818637217689,True,0.9994501850695202,0.9999983488523487
D61_MLP_seed3,61,y,11,1182.110631333589,1,0,0.9999999920341852,False,5.0932686642966226e-09,
D61_MLP_seed3,61,y,12,877.2029900345601,2,14,0.9984061062742359,True,0.9993980537593431,0.9999983652684402
D61_MLP_seed3,61,y,13,898.8526854849912,2,9,0.9987550044037388,True,0.9990024152217831,0.9999990308351457
D61_MLP_seed3,61,y,14,86.71372864444255,2,25,0.9123549976892531,True,0.9967048545180859,0.9999985700667632
D61_MLP_seed3,61,y,15,886.0540766282626,2,14,0.9974529547980105,True,0.9992851023080979,0.9999995636571927
D61_MLP_seed3,61,y,16,958.2944398437986,2,2,0.9981728969944699,True,0.9994596276805845,0.9999989335497078
D61_MLP_seed3,61,y,17,1020.2219187093314,2,9,0.9974348531136199,True,0.9985520707620581,0.9999999944924747
D61_MLP_seed3,61,y,18,864.5812560039248,2,15,0.9962353659800921,True,0.9995253359864915,0.999999675864175
D61_MLP_seed3,61,y,19,1182.3684214786558,1,0,0.9999999965077776,False,2.3256631028076708e-09,
D61_MLP_seed3,61,y,20,67.98526811685427,2,25,0.9249713917280378,True,0.9936187594421938,0.9999698136551776
D61_MLP_seed3,61,y,21,912.3470567392886,2,2,0.9975859467040558,True,0.9985132340438447,0.9999971431587474
D61_MLP_seed3,61,y,22,80.14400847603754,2,25,0.9193254803042781,True,0.9918032227278128,0.9999370706091733
D61_MLP_seed3,61,y,24,876.1558193745939,2,15,0.9961614014677114,True,0.9994644922175394,0.9999996244899205
D61_MLP_seed3,61,y,25,1133.118841408155,2,9,0.9992113383790366,True,0.9994098627324749,0.9999987248330441
D61_MLP_seed3,61,y,26,937.9673850951874,2,2,0.996972260858744,True,0.9990489251955389,0.999997304537771
D61_MLP_seed3,61,y,27,859.1360484314628,2,15,0.9950560157810456,True,0.9994864517900336,0.9999974947940304
D61_MLP_seed3,61,y,28,978.3159109229032,2,9,0.9992760493081193,True,0.9994272837422876,0.9999999742145561
D61_MLP_seed3,61,y,29,971.431537731832,2,9,0.9992831185365981,True,0.9996830531076809,0.9999999708830558
D61_MLP_seed3,61,y,30,101.20840303234986,2,25,0.909363950700719,True,0.9961043755418881,0.9999986587204667
D61_MLP_seed3,61,y,31,988.5606612216677,2,9,0.9993057395488903,True,0.9996270017191438,0.9999999243992883
D61_MLP_seed3,61,y,32,893.3587962608241,2,15,0.9962873607920187,True,0.9996358096590172,0.9999995122494338
D61_MLP_seed3,61,y,33,1041.282927232172,2,14,0.9981670204364402,True,0.9990822867749107,0.9999935437082226
D61_MLP_seed3,61,y,34,69.56347715223295,2,26,0.9582468228405651,True,0.9912333708955612,0.9999928759571101
D61_MLP_seed3,61,y,35,783.4451665870091,2,15,0.9945280577891316,True,0.9998056720456243,0.9999999999425295
D61_MLP_seed3,61,y,36,1170.379672408623,1,0,0.9999999959814859,False,2.7393282749755946e-09,
D61_MLP_seed3,61,y,37,982.9261420385503,2,15,0.9961898894288725,True,0.9996119238663003,0.9999975974399575
D61_MLP_seed3,61,y,38,69.56433971330236,2,26,0.9582479057691864,True,0.9912334841974629,0.9999928710568559
D61_MLP_seed3,61,y,39,1108.6385930938288,2,15,0.9953782763467285,True,0.9995472901819784,0.9999993303315156
D61_MLP_seed3,61,y,40,943.0456053712538,2,15,0.9960726688881951,True,0.9996070841163556,0.9999969290687534
D61_MLP_seed3,61,y,41,601.213762668734,2,2,0.998614841300771,True,0.998909043670633,0.9999922491641678
D61_MLP_seed3,61,y,42,894.5110913733539,2,15,0.9964213119885786,True,0.9998038900249131,0.999999556341315
D61_MLP_seed3,61,y,43,1186.080355380064,1,0,0.9999999947778913,False,3.4023325985332427e-09,
D61_MLP_seed3,61,y,45,127.36924038267642,2,25,0.9085032832636488,True,0.9968007108856304,0.9999311912213511
D61_MLP_seed3,61,y,46,58.10339960924823,2,25,0.9113533611203292,True,0.9961449825499192,0.9999463253914149
D61_MLP_seed3,61,y,47,972.0568058603914,2,2,0.9985778547609471,True,0.9993376727588485,0.9999984507666138
D61_MLP_seed3,61,y,48,961.690238950161,2,2,0.9978393479927556,True,0.9990861972276005,0.9999985449128457
D61_MLP_seed3,61,y,49,973.0581821625686,2,14,0.9979874407195078,True,0.9994049292457774,0.9999983768914973
D61_MLP_seed3,61,y,50,1198.0083681360945,2,9,0.9991038461482998,True,0.9993006657297712,0.9999990403054768
D61_MLP_seed3,61,y,51,765.1116687735575,2,15,0.9968216690096845,True,0.9997677434859605,0.9999995000831301
D61_MLP_seed3,61,y,52,840.6996713944217,2,15,0.9967555855186003,True,0.9993709934641868,0.9999984025765303
D61_MLP_seed3,61,y,53,1105.1940714728892,2,15,0.9967883206041279,True,0.9996400327347179,0.999997287441495
D61_MLP_seed3,61,y,54,905.2375682764432,2,9,0.9980954635191801,True,0.9987248959943703,0.9999990801221651
D61_MLP_seed3,61,y,55,58.10415594590776,2,25,0.9113461980412277,True,0.9961437375653214,0.9999463272249367
D61_MLP_seed3,61,y,56,56.02899395770694,2,25,0.9260593803072085,True,0.9942205691552887,0.9999896880742761
D61_MLP_seed3,61,y,57,874.2268359221795,2,2,0.9982542447055472,True,0.998801567390638,0.9999957872863204
D61_MLP_seed3,61,y,58,1014.2558120529216,2,14,0.9976276565353371,True,0.999314192016198,0.9999919502470975
D61_MLP_seed3,61,y,59,990.8159031838777,2,14,0.997707643616951,True,0.9991469055883861,0.9999939365250141
D61_MLP_seed3,61,y,60,857.1288325776043,2,14,0.9965213197019087,True,0.999634146220636,0.999999259755908
D61_MLP_seed3,61,y,61,67.98475665088256,2,25,0.9249670013534674,True,0.9936195487475937,0.9999698129294199
D61_MLP_seed3,61,y,62,1028.607424879632,2,9,0.9992830332998228,True,0.9994215583073416,0.9999997826736079
D61_MLP_seed3,61,y,63,56.02869189177379,2,25,0.9260619617658346,True,0.9942199595188383,0.99998968665352
D61_MLP_seed3,61,y,64,778.6186865728671,2,14,0.996591901832835,True,0.9991883045895176,0.9999997242686848
D61_MLP_seed3,61,y,65,795.841872061011,2,14,0.9978806789468943,True,0.9994050296854832,0.9999983278344384
D61_MLP_seed3,61,y,66,859.8466000797384,2,15,0.9969344871229386,True,0.9994007238391815,0.9999982624965232
D61_MLP_seed3,61,y,67,1014.2264733708002,2,15,0.9960068283946396,True,0.9995934946319643,0.9999999286013666
D61_MLP_seed3,61,y,68,989.8902038699905,2,14,0.998401684304338,True,0.9988605856034353,0.9999911014896371
D61_MLP_seed3,61,y,69,112.59952166271175,2,26,0.9599905493449866,True,0.9934560620788117,0.9999745990512254
D61_MLP_seed3,61,y,70,711.477498451021,2,2,0.9978667299131493,True,0.998799627720617,0.9999914065763409
D61_MLP_seed3,61,y,71,962.3346317509249,2,2,0.9975966488801774,True,0.9990808892264004,0.9999973666336862
D61_MLP_seed3,61,y,73,93.904352081848,2,26,0.9581909708340649,True,0.9912414638258183,0.9999933758517887
D61_MLP_seed3,61,y,74,784.9752715044158,2,9,0.9990610157114772,True,0.9996176736215407,0.9999999889908211
D61_MLP_seed3,61,y,75,879.4495977638483,2,2,0.9982763713270981,True,0.9991515983630814,0.9999985100292752
D61_MLP_seed3,61,y,76,828.2816539164452,2,15,0.9964878613221929,True,0.9992234723184666,0.9999996481865795
D61_MLP_seed3,61,y,77,862.5649179582448,2,9,0.998841851312459,True,0.999335317410187,0.9999976682813401
D61_MLP_seed3,61,y,78,815.9826334717745,2,2,0.9979449410718119,True,0.9988182440668816,0.9999990764937152
D61_MLP_seed3,61,y,79,1067.2828346156332,2,2,0.9985182042498131,True,0.9993540146272648,0.999995528261401
D61_MLP_seed3,61,y,80,1021.3183597251261,2,9,0.9990214607822978,True,0.9991891872913072,0.9999999745789141
D61_MLP_seed3,61,y,81,881.3641786355514,2,14,0.9972572371890355,True,0.9983223799509945,0.9999904650125505
D61_MLP_seed3,61,y,82,958.4118742719764,2,14,0.9964982881135066,True,0.9987185986938637,0.9999973479607065
D61_MLP_seed3,61,y,83,46.673123766694964,2,25,0.9285639258843951,True,0.9950536075691366,0.9999802770586799
D61_MLP_seed3,61,y,84,918.778568294423,2,9,0.9984188617727234,True,0.9985439714309232,0.9999999647334092
D61_MLP_seed3,61,y,85,968.8527313314464,2,2,0.9982730877195541,True,0.999270119082185,0.9999974133999551
D61_MLP_seed3,61,y,86,966.1140277271383,2,14,0.9985715902229955,True,0.9992010969557755,0.9999955503532333
D61_MLP_seed3,61,y,87,1069.684785895892,2,14,0.9962330331988282,True,0.9989529757168581,0.9999942078834201
D61_MLP_seed3,61,y,88,723.0064016864902,2,14,0.9979119562293974,True,0.9986601862157664,0.9999996715728746
D61_MLP_seed3,61,y,89,129.33431915158567,2,26,0.9581500947991274,True,0.9914526827751808,0.9999896845037605
D61_MLP_seed3,61,y,90,105.36827415297607,2,26,0.9581718150349154,True,0.9914478364376997,0.9999904198326844
D61_MLP_seed3,61,y,91,841.0437334181568,2,14,0.9964502632723999,True,0.9983894359352832,0.9999892657291515
D61_MLP_seed3,61,y,92,918.8564720640585,2,9,0.9987845054749467,True,0.9992724500168028,0.9999998452604033
D61_MLP_seed3,61,y,93,898.9143851162927,2,2,0.9978387106198418,True,0.998848665574463,0.999997984837009
D61_MLP_seed3,61,y,94,900.0910438348811,2,15,0.9967031188272899,True,0.9995943027146059,0.9999974258344734
D61_MLP_seed3,61,y,95,872.324374554369,2,2,0.9973954651903189,True,0.9991888314473377,0.999997521599833
D61_MLP_seed3,61,y,96,1012.0871642120526,2,9,0.9989018586526605,True,0.9997312400005445,0.9999995213659334
D61_MLP_seed3,61,y,97,721.2893063032529,2,9,0.9991311327780975,True,0.9995757628177697,0.9999999984114798
D61_MLP_seed3,61,y,98,932.400350788452,2,2,0.9977409256819352,True,0.9988627466639652,0.9999959091815095
D61_MLP_seed3,61,y,99,1290.6835545974657,2,9,0.9989543557353465,True,0.9990722670273287,0.9999992529185583
D61_MLP_seed3,61,y,100,1007.0007887780235,2,9,0.9990919311242514,True,0.9993047666096608,0.9999999979653198
D61_MLP_seed3,61,y,101,1.6959299882299654,2,15,0.9953235095759512,True,0.9995977593893225,0.9999993991823807
D61_MLP_seed3,61,y,102,832.2516032851413,2,2,0.99793838954399,True,0.999197599933993,0.999997943991278
D61_MLP_seed3,61,y,103,2.067969820684966,2,15,0.9953256499100861,True,0.9995970419632705,0.9999994001014123
D61_MLP_seed3,61,y,104,832.8792389285688,2,14,0.9962181663616257,True,0.9984601056932675,0.9999907296037276
D61_MLP_seed3,61,y,105,879.0941369603222,2,2,0.9976489224122926,True,0.9991425472746277,0.9999983772019517
D61_MLP_seed3,61,y,106,780.1138760501372,2,2,0.9979182697776443,True,0.9991107815418374,0.9999914547526776
D61_MLP_seed3,61,y,107,962.682785550202,2,9,0.9988518687130697,True,0.999068704437006,0.9999999925575475
D61_MLP_seed3,61,y,108,0.00018513167722958366,2,2,0.9920450182729009,True,0.9989504092615564,0.9999983301404307
D61_MLP_seed3,61,y,109,84.29241883648223,2,25,0.9173666441655537,True,0.9944955716788348,0.9999981294257566
D61_MLP_seed3,61,y,110,588.0785496670998,2,15,0.9960273469083171,True,0.9992686982208272,0.9999990065752484
D61_MLP_seed3,61,y,111,906.4873118563422,2,15,0.9954660773984861,True,0.9994112516402661,0.9999981049715609
D61_MLP_seed3,61,y,112,744.1677047671186,2,9,0.9987003935513636,True,0.9991906276400099,0.9999998201626267
D61_MLP_seed3,61,y,113,1007.7015008455247,2,9,0.9988099085874045,True,0.9990770564015802,0.9999999621278083
D61_MLP_seed3,61,y,114,780.0090835669247,2,9,0.9993839800042891,True,0.9995132809856929,0.9999996101892054
D61_MLP_seed3,61,y,115,933.9152494707382,2,14,0.9960494675434958,True,0.9990552014985509,0.9999952729263099
D61_MLP_seed3,61,y,116,1012.5027868101657,2,2,0.9985488108187797,True,0.9991913351956103,0.999996883730017
D61_MLP_seed3,61,y,117,1066.4207824831783,2,14,0.9985486295151756,True,0.9994397774218731,0.9999997029675757
D61_MLP_seed3,61,y,118,962.2376624441964,2,15,0.9966204437706172,True,0.9995858006523738,0.9999999436460694
D61_MLP_seed3,61,y,119,1157.9966812649477,2,9,0.9991456026472746,True,0.9993455309166583,0.9999987800635476
D61_MLP_seed3,61,y,120,109.03514520613723,2,26,0.9602024072966562,True,0.9934158644275054,0.999977426131027
D61_MLP_seed3,61,y,121,46.67340710167672,2,25,0.928560987428294,True,0.99505358815385,0.9999802773299125
D61_MLP_seed3,61,y,122,588.0730905176156,2,15,0.9960270306753094,True,0.9992683867901376,0.9999990068362545
D61_MLP_seed3,61,y,123,867.2108428982051,2,14,0.998517090332456,True,0.9993062303028999,0.9999980947330679
D61_MLP_seed3,61,y,124,854.258079408102,2,14,0.998153078172272,True,0.9989109617135199,0.9999993754078982
D61_MLP_seed3,61,y,125,960.8486237508788,2,2,0.9982498322510386,True,0.9993046288540727,0.9999970895184026
D61_MLP_seed3,61,y,126,820.1538728759858,2,2,0.9984127601953326,True,0.998866863595273,0.9999925558263196
D61_MLP_seed3,61,y,127,792.1168081175657,2,9,0.9989120216461347,True,0.9990529923602904,0.9999983000174276
D61_MLP_seed4,61,x,0,623.955215946759,2,7,0.9948331570645247,True,0.9979986360882159,0.9999980189642502
D61_MLP_seed4,61,x,1,775.7247937661151,2,20,0.9964735034707767,True,0.998552038568718,0.9999999999535555
D61_MLP_seed4,61,x,2,133.64238158519703,2,21,0.9628279766155047,True,0.9955370456906294,0.9999921946906458
D61_MLP_seed4,61,x,3,620.7479461226968,2,17,0.9935716509355417,True,0.9973524170857987,0.9999951320396786
D61_MLP_seed4,61,x,4,819.3459623979826,2,15,0.9962918303668341,True,0.9988912694135237,0.9999902825270308
D61_MLP_seed4,61,x,5,377.7139525778341,2,19,0.9607716600280485,True,0.999026610159089,0.999998181628922
D61_MLP_seed4,61,x,6,742.2046499730097,2,7,0.9968991170832237,True,0.998556933094288,0.9999960352386047
D61_MLP_seed4,61,x,7,749.187120043723,2,20,0.9974556886640195,True,0.9984537034351013,0.9999999893371065
D61_MLP_seed4,61,x,8,64.8818604654656,2,20,0.993498523116628,True,0.9977611607811608,0.9999956172129135
D61_MLP_seed4,61,x,9,507.561523949784,2,17,0.994954330308443,True,0.9976281267294254,0.9999997874779774
D61_MLP_seed4,61,x,10,563.1693415392125,2,17,0.9961736204207244,True,0.9986214107107746,0.9999993131847499
D61_MLP_seed4,61,x,11,447.9283438206821,2,17,0.9929143212297108,True,0.9981063306642988,0.9999821034267894
D61_MLP_seed4,61,x,12,607.2971140677599,2,19,0.9607433958106766,True,0.9991200257334916,0.9999978373044293
D61_MLP_seed4,61,x,13,660.5751584737606,2,7,0.9956951421874048,True,0.9980520265546934,0.999984477322051
D61_MLP_seed4,61,x,14,360.78016996139735,2,23,0.8880619744577071,False,0.9967108343882807,0.9999935467998402
D61_MLP_seed4,61,x,15,689.3632138544286,2,7,0.9970324449184931,True,0.9985514119876273,0.999999271914689
D61_MLP_seed4,61,x,16,619.2426134187741,1,0,0.9999999913653221,False,6.810465900927528e-09,
D61_MLP_seed4,61,x,17,1188.2586634506172,2,15,0.9961889150451628,True,0.9986026363992937,0.999999794649712
D61_MLP_seed4,61,x,18,866.5740152988942,2,20,0.9977291982446633,True,0.9986563696801563,0.9999991437098661
D61_MLP_seed4,61,x,19,895.315638219139,2,7,0.9968017773250589,True,0.9982697366503976,0.9999702202427915
D61_MLP_seed4,61,x,20,442.64227610113164,2,17,0.9965772204077487,True,0.9987847403769634,0.9999988063382836
D61_MLP_seed4,61,x,21,1173.0867332024982,2,15,0.9961705048671825,True,0.9987697034098262,0.999999909517863
D61_MLP_seed4,61,x,22,545.6087953997024,2,19,0.9644079932452231,True,0.9995777440805678,0.9999998624767995
D61_MLP_seed4,61,x,23,342.5570061378152,2,23,0.8863208369518092,False,0.9972097206604867,0.9999915372549523
D61_MLP_seed4,61,x,24,339.3180459222348,2,19,0.964450495729725,True,0.9995968433833364,0.9999998064745256
D61_MLP_seed4,61,x,25,558.8627659882023,2,17,0.994620468126725,True,0.9981925434187813,0.9999883355570057
D61_MLP_seed4,61,x,26,678.776689256906,2,7,0.9965725856176793,True,0.9985750589661092,0.9999999892505247
D61_MLP_seed4,61,x,27,854.7899090182199,2,15,0.9964985063697568,True,0.9993555715992937,0.9999904843434885
D61_MLP_seed4,61,x,28,513.272524101289,2,23,0.8881552141075959,False,0.9967714415138101,0.9999931368226619
D61_MLP_seed4,61,x,29,687.3698853540832,2,20,0.9978079170430941,True,0.998767459638578,0.9999997102270538
D61_MLP_seed4,61,x,30,652.8079880613645,2,7,0.995519266443227,True,0.9981196014954572,0.9999889208973439
D61_MLP_seed4,61,x,31,227.64125367728315,2,21,0.9662404452287559,True,0.9941687060881758,0.9999922057769512
D61_MLP_seed4,61,x,32,569.4579811059843,2,17,0.9941999544773524,True,0.9976735678242733,0.999992351145913
D61_MLP_seed4,61,x,33,231.66460812625982,2,21,0.966290684612211,True,0.9942626380192955,0.9999940518122006
D61_MLP_seed4,61,x,34,724.8021641424174,2,20,0.995547793911098,True,0.9978083648506612,0.9999999946325588
D61_MLP_seed4,61,x,35,858.9923810286954,2,20,0.9952336877204713,True,0.9983285486883013,0.9999786389684118
D61_MLP_seed4,61,x,36,643.4885411300456,2,7,0.9973514722289111,True,0.9993233700850499,0.9999751917469192
D61_MLP_seed4,61,x,37,730.4296820577229,2,7,0.9975633010392267,True,0.9990550595775012,0.9999999999572021
D61_MLP_seed4,61,x,38,694.4295316551802,2,19,0.9607359778390775,True,0.9991048639316755,0.9999978337531595
D61_MLP_seed4,61,x,39,133.60919937731464,2,21,0.9628261499169858,True,0.9955365691235194,0.9999921962766631
D61_MLP_seed4,61,x,40,816.8395709015149,2,20,0.9956818358988331,True,0.998459140165851,0.99997445521979
D61_MLP_seed4,61,x,41,525.4481668939045,2,17,0.9940763042828259,True,0.9972075969110009,0.9999830337953699
D61_MLP_seed4,61,x,42,548.6723298197251,2,23,0.8886212117351746,False,0.9971692707860329,0.9999942180072307
D61_MLP_seed4,61,x,43,239.98116076006477,2,21,0.966118409687778,True,0.994251462508036,0.9999945001719704
D61_MLP_seed4,61,x,44,693.9861513134459,2,7,0.9973731457662379,True,0.9991068940198765,0.9999998175764498
D61_MLP_seed4,61,x,45,606.3330529989626,2,19,0.9643131192782517,True,0.9995643079756341,0.9999998563051942
D61_MLP_seed4,61,x,46,681.3642252823265,2,19,0.9607293076887613,True,0.999112511865229,0.9999975548578965
D61_MLP_seed4,61,x,47,725.000836227216,2,15,0.9963141010380996,True,0.9988464140912462,0.9999900754247042
D61_MLP_seed4,61,x,48,1032.3594575447485,2,15,0.9970137789089973,True,0.9991476795929461,0.9999891045914044
D61_MLP_seed4,61,x,49,824.6874709476484,2,20,0.9947809005714093,True,0.9984817292031096,0.999999988779129
D61_MLP_seed4,61,x,50,230.74512480823086,2,21,0.9660886181178222,True,0.9944345028236188,0.9999949716749295
D61_MLP_seed4,61,x,51,594.3374473186143,2,17,0.9950884416624585,True,0.9983355891067296,0.9999992433986233
D61_MLP_seed4,61,x,52,694.8753005940733,2,7,0.9965280125672377,True,0.998491765252757,0.9999974386756131
D61_MLP_seed4,61,x,53,911.5361917478672,2,15,0.9970886917600541,True,0.9990624204171024,0.9999862161509369
D61_MLP_seed4,61,x,54,965.8182477681593,2,15,0.9967219393020015,True,0.9990738876041307,0.9999999506993691
D61_MLP_seed4,61,x,55,769.4425752306893,2,20,0.9963340130350397,True,0.9980168568724953,0.9999996061736758
D61_MLP_seed4,61,x,56,339.33315499220555,2,19,0.9644507001327034,True,0.9995969041858168,0.9999998062264952
D61_MLP_seed4,61,x,57,654.0132600861721,2,20,0.9963501314901371,True,0.9987431194569345,0.9999994714647733
D61_MLP_seed4,61,x,58,445.18679336144004,2,17,0.9942455766591822,True,0.9982063184292055,0.9999994852924209
D61_MLP_seed4,61,x,59,449.9710771166632,2,23,0.8889990484205115,False,0.9969875840967592,0.9999943031150048
D61_MLP_seed4,61,x,60,491.1762716378912,2,17,0.9946443328066524,True,0.9977445237269663,0.9999935730129417
D61_MLP_seed4,61,x,61,602.8739674424688,2,7,0.9952155324377718,True,0.9978165549285315,0.9999998634107629
D61_MLP_seed4,61,x,62,668.967011933696,2,19,0.9644264579812487,True,0.9996039195484485,0.9999998989544947
D61_MLP_seed4,61,x,63,602.4438675160625,2,19,0.9608202604085924,True,0.9991114168757387,0.9999976950169172
D61_MLP_seed4,61,x,64,756.8934461955782,2,20,0.9964622811817445,True,0.9990795747970153,0.9999744630868451
D61_MLP_seed4,61,x,65,613.0107955588892,1,0,0.9999999851227065,False,9.715203012140862e-09,
D61_MLP_seed4,61,x,66,377.71785789233166,2,19,0.9607714983765182,True,0.9990264409861109,0.9999981815183437
D61_MLP_seed4,61,x,67,978.2624706318694,2,15,0.9943393758207502,True,0.9976764337074423,0.9999989484928785
D61_MLP_seed4,61,x,68,666.2415309272715,2,20,0.9956019334370672,True,0.998061461894917,0.9999984461553555
D61_MLP_seed4,61,x,69,450.0608355647479,2,17,0.994036841978315,True,0.9979721750739555,0.9999984080839872
D61_MLP_seed4,61,x,70,710.4027936224381,2,20,0.9957126502002143,True,0.9986313342823875,0.9999999987858009
D61_MLP_seed4,61,x,71,296.4009509560266,2,19,0.9643250491173149,True,0.9995914168595629,0.9999999668789249
D61_MLP_seed4,61,x,72,521.9436466218472,2,19,0.9607872436501507,True,0.9990941603391004,0.9999985458492798
D61_MLP_seed4,61,x,73,588.0436804429103,2,7,0.9914455033004386,True,0.9963981596934801,0.9999663016039182
D61_MLP_seed4,61,x,74,938.6474614997807,2,15,0.9961084286072629,True,0.9986128213789184,0.9999998310835785
D61_MLP_seed4,61,x,75,745.2389341671468,2,20,0.9960104030950723,True,0.9980249797113152,0.9999993980503286
D61_MLP_seed4,61,x,76,571.9728598082495,2,17,0.9921658225921893,True,0.9963124992126805,0.9999984990470111
D61_MLP_seed4,61,x,77,626.8297426727952,2,19,0.964451768805406,True,0.9996045040651609,0.9999997937979324
D61_MLP_seed4,61,x,78,734.8245432516175,2,20,0.9946439163087865,True,0.9989118838900234,0.9999735271404272
D61_MLP_seed4,61,x,79,757.3465995920925,2,7,0.9973423022704103,True,0.9988740670251108,0.9999988050052654
D61_MLP_seed4,61,x,80,816.0704063774348,2,15,0.9958233583896576,True,0.9990774016708093,0.9999995957029236
D61_MLP_seed4,61,x,81,583.8200777275737,2,20,0.996233334317843,True,0.9984885397796511,0.9999999972859167
D61_MLP_seed4,61,x,82,696.9486416667762,2,15,0.9965448166415198,True,0.9988037925995897,0.9999984074629203
D61_MLP_seed4,61,x,83,933.9878611445067,2,15,0.9959984194568104,True,0.998641028893951,0.9999903542793521
D61_MLP_seed4,61,x,84,253.54442346271244,2,21,0.9628426148176273,True,0.9955270625490699,0.9999919986838098
D61_MLP_seed4,61,x,85,934.238359771436,2,15,0.9960420834910745,True,0.9986005991199415,0.9999999907808641
D61_MLP_seed4,61,x,86,852.0186853445092,2,15,0.9965655646316958,True,0.9990508580212175,0.9999881711592361
D61_MLP_seed4,61,x,87,758.9817039832539,2,7,0.9961845813302892,True,0.9983473907767022,0.9999787401161163
D61_MLP_seed4,61,x,88,4.171775682493587,2,21,0.9624944309080773,True,0.9954536331776958,0.9999925966179238
D61_MLP_seed4,61,x,89,984.7451170939294,2,15,0.9966017513877681,True,0.9992694307558804,0.999990654053353
D61_MLP_seed4,61,x,90,460.56161472371787,2,17,0.9913794661824903,True,0.9969783913922559,0.9999999429608876
D61_MLP_seed4,61,x,91,318.49978779997986,2,23,0.8864738348145363,False,0.9970667528560876,0.9999954983485936
D61_MLP_seed4,61,x,92,515.0509616281331,2,17,0.9930044439147524,True,0.9979204291171723,0.9999826301859873
D61_MLP_seed4,61,x,93,661.2769313837697,2,20,0.996246340593924,True,0.9981983978332719,0.9999991634485069
D61_MLP_seed4,61,x,94,778.9695776888003,2,15,0.9944964693352143,True,0.9981871476556144,0.999997029034953
D61_MLP_seed4,61,x,95,802.9596622786697,2,15,0.9945177323237919,True,0.9980430080350695,0.9999957674361517
D61_MLP_seed4,61,x,96,543.9266675144008,2,7,0.9948091339163838,True,0.9977591752418933,0.9999992695759753
D61_MLP_seed4,61,x,97,435.42167881951923,2,23,0.8889092796602164,False,0.9971389688125593,0.9999947165932949
D61_MLP_seed4,61,x,98,752.8254968222363,2,7,0.996859377976253,True,0.9990511545285573,0.9999971396557474
D61_MLP_seed4,61,x,99,619.6817991861011,2,20,0.9954664749565278,True,0.9982909925437481,0.9999767614529346
D61_MLP_seed4,61,x,100,617.2442512085476,1,0,0.9999999288594291,False,4.7667634325752635e-08,
D61_MLP_seed4,61,x,101,799.1265640065158,2,20,0.995814270649093,True,0.998552372555597,0.9999737243513458
D61_MLP_seed4,61,x,102,342.5535759150356,2,23,0.8863216285946102,False,0.9972095188852498,0.9999915366302805
D61_MLP_seed4,61,x,103,671.1634729227292,2,19,0.9643471872788307,True,0.9995696350570965,0.9999998660456805
D61_MLP_seed4,61,x,104,926.5506728162848,2,20,0.9956946535599609,True,0.9982477367734061,0.999975866026136
D61_MLP_seed4,61,x,105,592.8603362660429,2,19,0.964391268212971,True,0.9995936886363083,0.9999998829863695
D61_MLP_seed4,61,x,106,1196.6254319815607,2,15,0.9966438549458562,True,0.9990072336808807,0.9999996648129339
D61_MLP_seed4,61,x,107,861.6217390545659,2,15,0.9960331307895819,True,0.9986755137103731,0.9999999997484841
D61_MLP_seed4,61,x,108,331.09983832929066,2,19,0.9643313359700648,True,0.999591906644515,0.9999999663224581
D61_MLP_seed4,61,x,109,567.5882641477228,2,17,0.9944541920638259,True,0.9980154369899934,0.9999992477580633
D61_MLP_seed4,61,x,110,615.6640263143747,2,7,0.9960400408537293,True,0.9982591666371868,0.9999702399815725
D61_MLP_seed4,61,x,111,562.1244312798917,2,7,0.994424785353962,True,0.9981391389264088,0.9999765648492033
D61_MLP_seed4,61,x,112,874.1124709382157,2,15,0.9968972401397339,True,0.9990351468604918,0.9999889128845766
D61_MLP_seed4,61,x,113,716.9794602053912,2,7,0.9956114061673949,True,0.9979453893221826,0.9999673179687182
D61_MLP_seed4,61,x,114,760.2605282388254,2,7,0.9964209339232338,True,0.9982929427266253,0.9999873312611839
D61_MLP_seed4,61,x,115,599.3588998251298,2,19,0.960755047669011,True,0.9990680136909643,0.9999981798001276
D61_MLP_seed4,61,x,116,878.0780436057365,2,7,0.996056012767573,True,0.9983857313196353,0.9999817983853722
D61_MLP_seed4,61,x,117,198.81426641301303,2,21,0.9627728188174041,True,0.9953975577867255,0.999992341452003
D61_MLP_seed4,61,x,118,596.8641817959115,2,19,0.9607666586664203,True,0.9990875599986874,0.9999976103525359
D61_MLP_seed4,61,x,119,636.1289531354325,2,20,0.995187193503852,True,0.9974002834961856,0.9999997821750838
D61_MLP_seed4,61,x,120,629.0662811188189,1,0,0.9999999435156436,False,3.056085355240589e-08,
D61_MLP_seed4,61,x,121,927.6209056500206,2,15,0.9959794381875621,True,0.9987455030032889,0.9999896461987113
D61_MLP_seed4,61,x,122,920.9880429039988,2,15,0.9965228407595463,True,0.9988067043191903,0.999999999844286
D61_MLP_seed4,61,x,123,423.60432536535234,2,17,0.994491581464234,True,0.9977516069463058,0.9999964442788492
D61_MLP_seed4,61,x,124,532.8519197788536,2,17,0.9945461945949039,True,0.9977654900755271,0.9999992845071607
D61_MLP_seed4,61,x,125,203.46073232189323,2,21,0.9626583229401181,True,0.9954569624037521,0.9999921793103415
D61_MLP_seed4,61,x,126,686.8676627725548,2,20,0.9965880319643557,True,0.9985258393677616,0.9999848026098384
D61_MLP_seed4,61,x,127,360.7609447998978,2,23,0.8880615323362342,False,0.996710530566835,0.9999935477008517
D61_MLP_seed4,61,y,0,626.376745955139,2,7,0.9961136517147844,True,0.9977559402219722,0.9999579174538578
D61_MLP_seed4,61,y,1,747.8274316104839,2,20,0.9940131597373214,True,0.9984451296567358,0.9999403056284716
D61_MLP_seed4,61,y,2,169.24444618867952,2,21,0.8937922314951401,False,0.9897497714247482,0.9999738167524475
D61_MLP_seed4,61,y,3,633.2327447002182,2,17,0.9936818208147585,True,0.9981619407828037,0.9999963827486725
D61_MLP_seed4,61,y,4,773.2442817690801,2,15,0.9966081821037437,True,0.9993904624388047,0.9999999677760999
D61_MLP_seed4,61,y,5,343.24542457022113,2,19,0.9779482660626694,True,0.9982949366185501,0.9999813445132797
D61_MLP_seed4,61,y,6,731.7238356922365,2,7,0.9954111041706853,True,0.9970892238490132,0.999960130649491
D61_MLP_seed4,61,y,7,729.4151588770886,2,20,0.9939194447354296,True,0.9980942061748802,0.9999756562550784
D61_MLP_seed4,61,y,8,68.97265404090645,2,20,0.9929221172751943,True,0.9974683188669158,0.9999536368177661
D61_MLP_seed4,61,y,9,508.47694334348694,2,17,0.9936273729879428,True,0.9979527700196418,0.9999986420463486
D61_MLP_seed4,61,y,10,563.05995943948,2,17,0.9916927610757351,True,0.9966462494247725,0.9999926751838764
D61_MLP_seed4,61,y,11,450.07212787896475,2,17,0.9919842871980395,True,0.9975515753304127,0.9999907430831068
D61_MLP_seed4,61,y,12,551.5464250969154,2,19,0.9779737192714679,True,0.9982620058228373,0.9999833638015869
D61_MLP_seed4,61,y,13,652.7793274750289,2,7,0.9938784485605563,True,0.9976968083435483,0.9999965658069367
D61_MLP_seed4,61,y,14,280.3022830395109,2,23,0.9713242802277862,True,0.9956122554696601,0.9999997488634434
D61_MLP_seed4,61,y,15,686.609292871514,2,7,0.9956801827424422,True,0.9971753490968671,0.9999541715273934
D61_MLP_seed4,61,y,16,619.2461574816796,1,0,0.9999999647239869,False,1.95570787944735e-08,
D61_MLP_seed4,61,y,17,1147.7344651766637,2,15,0.9978525050610595,True,0.9991800853463669,0.9999999686364153
D61_MLP_seed4,61,y,18,852.8973188827523,2,20,0.9943214333503541,True,0.9986574138137461,0.9999686935536728
D61_MLP_seed4,61,y,19,897.1435136782497,2,7,0.9953087357056111,True,0.9982998564940369,0.9999838898178277
D61_MLP_seed4,61,y,20,458.9260675605056,2,17,0.9935473067528885,True,0.997999061425488,0.9999854576986388
D61_MLP_seed4,61,y,21,1160.5608705262814,2,15,0.9976638287769258,True,0.9991294916222917,0.9999962570021811
D61_MLP_seed4,61,y,22,502.58121889696923,2,19,0.9778727843261273,True,0.9982587207874823,0.9999827367906434
D61_MLP_seed4,61,y,23,228.97303974055214,2,23,0.9842576226346664,True,0.9942671350954658,0.9999376113258049
D61_MLP_seed4,61,y,24,312.41744894965336,2,19,0.977928213147494,True,0.9982651032880283,0.9999826267604897
D61_MLP_seed4,61,y,25,559.5340473654755,2,17,0.9929492611095072,True,0.9977253167389406,0.9999928654765672
D61_MLP_seed4,61,y,26,653.8964003167885,2,7,0.9947357323626579,True,0.9982536258844165,0.9999976717080656
D61_MLP_seed4,61,y,27,860.5081728138388,2,15,0.9973103928131049,True,0.9991535228052132,0.9999998193279234
D61_MLP_seed4,61,y,28,394.83870509979783,2,23,0.9720491649113521,True,0.9957893008846923,0.9999989013166091
D61_MLP_seed4,61,y,29,699.5596414984564,2,20,0.9938177747591783,True,0.9982334040720675,0.999951304257652
D61_MLP_seed4,61,y,30,656.1595269233802,2,7,0.9941250262588709,True,0.9969985790166739,0.9999346479853068
D61_MLP_seed4,61,y,31,293.6452057650087,2,21,0.8921919841456225,False,0.9900647957315045,0.9999687902899256
D61_MLP_seed4,61,y,32,582.4491641504702,2,17,0.9936399901573719,True,0.9980083412188118,0.9999904842794151
D61_MLP_seed4,61,y,33,298.0969793492904,2,21,0.8929435525150231,False,0.9899099507936188,0.9999697585866649
D61_MLP_seed4,61,y,34,750.1361813738298,2,20,0.9943692968087876,True,0.9984392704619973,0.9999519767220698
D61_MLP_seed4,61,y,35,841.4390332451246,2,20,0.9947671400043827,True,0.9987696095864216,0.9999514017946305
D61_MLP_seed4,61,y,36,638.026830445807,2,7,0.9945127791717795,True,0.9973196213756863,0.9999981063289188
D61_MLP_seed4,61,y,37,714.9447769860269,2,7,0.9964346552402046,True,0.9977692175922528,0.9999975682897596
D61_MLP_seed4,61,y,38,629.4401717020544,2,19,0.9793256509497551,True,0.9988955899192065,0.9999877841000593
D61_MLP_seed4,61,y,39,169.20511385721082,2,21,0.8937867857079773,False,0.9897482229309089,0.999973813417026
D61_MLP_seed4,61,y,40,760.587287435811,2,20,0.9940102669779202,True,0.9982603597068238,0.9999788097828636
D61_MLP_seed4,61,y,41,532.2812587786323,2,17,0.9920964795532822,True,0.9976188855550245,0.9999905427892277
D61_MLP_seed4,61,y,42,381.12590932892283,2,23,0.9825812683241306,True,0.9934593727027476,0.99996365726687
D61_MLP_seed4,61,y,43,308.78784950578176,2,21,0.8924148554677277,False,0.9901445225219319,0.9999701206373287
D61_MLP_seed4,61,y,44,672.9138931420736,2,7,0.9949472981661691,True,0.9966714436961924,0.9999130901862471
D61_MLP_seed4,61,y,45,556.4487256144853,2,19,0.9794404380928903,True,0.9990674259635067,0.9999899313752046
D61_MLP_seed4,61,y,46,617.7548407065626,2,19,0.9793289826007652,True,0.9990030163437109,0.9999891378382291
D61_MLP_seed4,61,y,47,714.4734049761672,2,15,0.997168466085901,True,0.9988103215947017,0.9999969178850764
D61_MLP_seed4,61,y,48,1026.985483661321,2,15,0.9978547326148423,True,0.9992409892167079,0.9999999311212202
D61_MLP_seed4,61,y,49,792.4330382849785,2,20,0.9926295412332719,True,0.9980894502061571,0.9999708480762529
D61_MLP_seed4,61,y,50,296.8976244519941,2,21,0.8927935112359258,False,0.9898710525852378,0.9999695185939816
D61_MLP_seed4,61,y,51,599.8558514415876,2,17,0.9926715422147498,True,0.9973344423232827,0.9999945015736392
D61_MLP_seed4,61,y,52,686.3918124864202,2,7,0.9957339317673883,True,0.9987364656209735,0.9999777757586613
D61_MLP_seed4,61,y,53,918.2307036438791,2,15,0.9976813394329849,True,0.9992312672045157,0.9999998429507317
D61_MLP_seed4,61,y,54,993.8830253783847,2,15,0.9978332570315127,True,0.9993066574598009,0.9999996140397117
D61_MLP_seed4,61,y,55,748.1148106803745,2,20,0.9943514314289222,True,0.9984878396321396,0.9999769614978028
D61_MLP_seed4,61,y,56,312.4290597804103,2,19,0.9779274819436068,True,0.9982649061514255,0.999982629687421
D61_MLP_seed4,61,y,57,614.852202670101,2,20,0.9923607984721926,True,0.9983023623169516,0.9999484552417892
D61_MLP_seed4,61,y,58,464.2106303097984,2,17,0.9918144346040936,True,0.9966258783060771,0.9999929595395521
D61_MLP_seed4,61,y,59,310.7614028194698,2,23,0.9861059737386829,True,0.9944341688903654,0.9999433429986441
D61_MLP_seed4,61,y,60,494.3054368767732,2,17,0.9929748034138963,True,0.9979042206380939,0.9999981593854828
D61_MLP_seed4,61,y,61,601.3345705442499,2,7,0.9951752661493779,True,0.9970853161214687,0.9999981130788114
D61_MLP_seed4,61,y,62,614.4758949820655,2,19,0.9794717920980912,True,0.9990769732764616,0.9999894084077146
D61_MLP_seed4,61,y,63,547.6993607157335,2,19,0.9779998993159391,True,0.9982742088110187,0.9999849247756027
D61_MLP_seed4,61,y,64,758.2815896840042,2,20,0.9943572444446348,True,0.9986867240980313,0.9999524722048424
D61_MLP_seed4,61,y,65,613.0249328722106,1,0,0.9999999876410954,False,7.143159204267011e-09,
D61_MLP_seed4,61,y,66,343.24538062125936,2,19,0.9779485110847269,True,0.9982949218585753,0.9999813438324631
D61_MLP_seed4,61,y,67,1012.7998911272881,2,15,0.9968610079226733,True,0.9988183881397265,0.9999956153715328
D61_MLP_seed4,61,y,68,630.7209185863057,2,20,0.9939151297855794,True,0.998735807245782,0.9999377252646451
D61_MLP_seed4,61,y,69,466.8474189785877,2,17,0.9923677459134344,True,0.9975014544702994,0.9999899091285671
D61_MLP_seed4,61,y,70,675.694698643281,2,20,0.9931102132891381,True,0.9977756648905696,0.999940024863122
D61_MLP_seed4,61,y,71,272.7374789001011,2,19,0.9779888783767466,True,0.9982454504352979,0.9999825515229902
D61_MLP_seed4,61,y,72,473.89399726782057,2,19,0.977983455836463,True,0.9982681979033696,0.9999802836216463
D61_MLP_seed4,61,y,73,583.9038557938948,2,7,0.9933026053385221,True,0.9969728663773945,0.9999230633601967
D61_MLP_seed4,61,y,74,970.3536508419471,2,15,0.997641330137108,True,0.9993582038486017,0.9999968775916134
D61_MLP_seed4,61,y,75,738.2753028141535,2,20,0.9946213998737613,True,0.9987016551948408,0.9999723667189813
D61_MLP_seed4,61,y,76,577.5337822380617,2,17,0.9931370619033362,True,0.9977250509346501,0.9999868010103247
D61_MLP_seed4,61,y,77,577.1471482028966,2,19,0.9779786315162534,True,0.9982875431165762,0.9999830215063901
D61_MLP_seed4,61,y,78,665.9150325880292,2,20,0.9928649473275186,True,0.9980368846330585,0.999940880431304
D61_MLP_seed4,61,y,79,772.2023130735656,2,7,0.9957093313243404,True,0.9984439044062879,0.9999866938612183
D61_MLP_seed4,61,y,80,853.5890912198709,2,15,0.9963452116653768,True,0.998790159944524,0.9999955618397419
D61_MLP_seed4,61,y,81,581.7955296980482,2,20,0.993951990226995,True,0.9984671793715854,0.9999438095173795
D61_MLP_seed4,61,y,82,740.0946182918988,2,15,0.9969563189784049,True,0.9987929866551891,0.999999814895329
D61_MLP_seed4,61,y,83,919.1497349597722,2,15,0.9964178679073058,True,0.9985471758352424,0.9999981081660833
D61_MLP_seed4,61,y,84,322.09444173298493,2,21,0.8929854107111924,False,0.98999653698668,0.9999730529986204
D61_MLP_seed4,61,y,85,917.0704531484782,2,15,0.9965876445529632,True,0.9985076975802588,0.9999960244102201
D61_MLP_seed4,61,y,86,839.8945353164814,2,15,0.9978819497547741,True,0.99929756774065,0.9999999864485349
D61_MLP_seed4,61,y,87,735.263937752623,2,7,0.9963632190685341,True,0.9978444488939507,0.9999472469169286
D61_MLP_seed4,61,y,88,5.2858133493212165,2,21,0.8939918910892827,False,0.9900589153271527,0.9999771378134289
D61_MLP_seed4,61,y,89,1000.8553470098484,2,15,0.9977673311395562,True,0.9995498758473644,0.9999977117080427
D61_MLP_seed4,61,y,90,468.8684725532622,2,17,0.9931496485088205,True,0.9976185104815675,0.9999975322771117
D61_MLP_seed4,61,y,91,243.10422207209018,2,23,0.9725136693268505,True,0.9959409861355858,0.9999983355880511
D61_MLP_seed4,61,y,92,516.7950547488953,2,17,0.9918346486563194,True,0.9969650547649435,0.9999979927030906
D61_MLP_seed4,61,y,93,679.6012444904934,2,20,0.9943183764242748,True,0.9987979981642577,0.9999485253113006
D61_MLP_seed4,61,y,94,810.6992290124565,2,15,0.9977106866695685,True,0.9991423099780302,0.9999999197893809
D61_MLP_seed4,61,y,95,862.7232181921373,2,15,0.9969641280738153,True,0.9985507056665602,0.9999988631142419
D61_MLP_seed4,61,y,96,535.1606337201631,2,7,0.995449592850865,True,0.9970866088125072,0.9999989318514679
D61_MLP_seed4,61,y,97,292.5840439686906,2,23,0.9700302788986149,True,0.989024371814128,0.9999910777958384
D61_MLP_seed4,61,y,98,740.873934914745,2,7,0.9959717428369932,True,0.9978754584132181,0.9999466862059978
D61_MLP_seed4,61,y,99,608.972148475738,2,20,0.9943771238500525,True,0.9985909378940102,0.999968448320378
D61_MLP_seed4,61,y,100,617.2283087298449,1,0,0.9999999903077378,False,6.928282806960296e-09,
D61_MLP_seed4,61,y,101,719.9136711869222,2,20,0.9944775551367628,True,0.9987986012357533,0.9999470847843542
D61_MLP_seed4,61,y,102,228.97192244322247,2,23,0.9842593742533252,True,0.9942674068742915,0.9999376254334919
D61_MLP_seed4,61,y,103,616.4523290121947,2,19,0.979364152425641,True,0.9990416750909102,0.9999898576326967
D61_MLP_seed4,61,y,104,875.2974236378359,2,20,0.9943148059115828,True,0.9985385392345426,0.9999729945494932
D61_MLP_seed4,61,y,105,544.3369587889314,2,19,0.9794117635235586,True,0.9990634451094337,0.9999905360761592
D61_MLP_seed4,61,y,106,1126.143085145426,2,15,0.9978814444440167,True,0.9992172422203006,0.9999999564764356
D61_MLP_seed4,61,y,107,833.0989737878162,2,15,0.9976990830451197,True,0.9992575265793779,0.9999999977620144
D61_MLP_seed4,61,y,108,304.68048732025807,2,19,0.9779938658726485,True,0.998246351148104,0.9999824360735196
D61_MLP_seed4,61,y,109,569.4117790166271,2,17,0.9935746568981902,True,0.9977486092104683,0.9999975519623086
D61_MLP_seed4,61,y,110,599.8269161346003,2,7,0.996181069943873,True,0.997568622287004,0.9999248021639608
D61_MLP_seed4,61,y,111,565.7970956744269,2,7,0.9940549005599849,True,0.99773216729513,0.9999998889266979
D61_MLP_seed4,61,y,112,876.1702246827211,2,15,0.9970268598167038,True,0.9989164006515242,0.9999969074007572
D61_MLP_seed4,61,y,113,719.5169960431483,2,7,0.9957928190848114,True,0.9972149950184822,0.9999509548103586
D61_MLP_seed4,61,y,114,775.9411052075901,2,7,0.9939695466208984,True,0.9972249192217737,0.9999758714811718
D61_MLP_seed4,61,y,115,543.3322693262224,2,19,0.9793785084985321,True,0.999030517982186,0.9999887058576626
D61_MLP_seed4,61,y,116,853.2060069392603,2,7,0.9962083751870868,True,0.9977455989126519,0.9999954411234111
D61_MLP_seed4,61,y,117,251.22677878170393,2,21,0.8943565994545681,False,0.990077720597107,0.9999741710964385
D61_MLP_seed4,61,y,118,541.5314618808923,2,19,0.9792325034565809,True,0.9988730216830253,0.9999870794393269
D61_MLP_seed4,61,y,119,666.3067776581123,2,20,0.9929798521510098,True,0.9975928671530435,0.999958241030774
D61_MLP_seed4,61,y,120,629.0486908543853,1,0,0.99999998475442,False,1.0147659257856268e-08,
D61_MLP_seed4,61,y,121,933.8577756969909,2,15,0.9975773245363099,True,0.999022754005895,0.9999975349103999
D61_MLP_seed4,61,y,122,912.7325861895962,2,15,0.9973671037540431,True,0.999025762346625,0.9999968358580217
D61_MLP_seed4,61,y,123,436.1272340993509,2,17,0.9919736426054488,True,0.9977065339127271,0.9999941676628233
D61_MLP_seed4,61,y,124,535.0417295091524,2,17,0.9933509433786439,True,0.9974984126449294,0.9999915002770998
D61_MLP_seed4,61,y,125,257.9501139407031,2,21,0.8940297336743674,False,0.9900286035452972,0.9999759097745433
D61_MLP_seed4,61,y,126,689.1607923742285,2,20,0.9934245500038202,True,0.9976269697891023,0.9999710395261631
D61_MLP_seed4,61,y,127,280.2925051573683,2,23,0.9713229272300036,True,0.995612102830483,0.9999997495143955
