run,n,block,side,neuron,energy,e_block,r1,rank,stab_u,ord_u,stab_v,ord_v
aff11_wu_m128_seed2,11,11,x,0,229.64463969408416,0.9999978253464238,0.9999953352672145,1,1,1,M,10
aff11_wu_m128_seed2,11,11,x,1,116.4562630144669,0.9999967567120932,0.9999873043826514,1,1,1,M,10
aff11_wu_m128_seed2,11,11,x,2,154.030851198659,0.9999993302159934,0.9999966920067388,1,1,1,M,10
aff11_wu_m128_seed2,11,11,x,3,265.1604316575291,0.9999987644552049,0.9999938349187922,1,1,1,M,10
aff11_wu_m128_seed2,11,11,x,4,171.02260785976722,0.9999982619097146,0.9999954998132509,1,1,1,M,10
aff11_wu_m128_seed2,11,11,x,5,164.29266892226065,0.9999974892073108,0.9999951072176263,1,1,1,M,10
aff11_wu_m128_seed2,11,11,x,6,230.4363351776711,0.9999962880395306,0.9999967336969275,1,1,1,M,10
aff11_wu_m128_seed2,11,11,x,7,17.955685046109842,0.9130988941181661,0.9999919806337343,1,1,1,1,1
aff11_wu_m128_seed2,11,11,x,8,247.48444948102528,0.9999982997734862,0.9999939429761603,1,1,1,M,10
aff11_wu_m128_seed2,11,11,x,9,265.8256300476954,0.9999981815080463,0.9999953476563705,1,1,1,M,10
aff11_wu_m128_seed2,11,11,x,10,174.06635852257725,0.9999997037161571,0.999993663361221,1,1,1,M,10
aff11_wu_m128_seed2,11,11,x,11,237.63985344163814,0.9999989104498215,0.9999955308652182,1,1,1,M,10
aff11_wu_m128_seed2,11,11,x,12,226.43409896032028,0.9999985978344473,0.999995299513002,1,1,1,M,10
aff11_wu_m128_seed2,11,11,x,13,230.2211310799906,0.9999990638572387,0.999995589748369,1,1,1,M,10
aff11_wu_m128_seed2,11,11,x,14,155.51497663911493,0.9999976061769243,0.9999955095533501,1,1,1,M,10
aff11_wu_m128_seed2,11,11,x,15,239.78920871941065,0.9999987399935328,0.9999951372323741,1,1,1,M,10
aff11_wu_m128_seed2,11,11,x,17,215.86346492917934,0.9999977344321948,0.9999954886962419,1,1,1,M,10
aff11_wu_m128_seed2,11,11,x,18,256.9749587039056,0.9999987881211095,0.9999946239341096,1,1,1,M,10
aff11_wu_m128_seed2,11,11,x,19,199.53779643991538,0.999995966740093,0.999993914220228,1,1,1,M,10
aff11_wu_m128_seed2,11,11,x,20,218.01822947918592,0.999999033943776,0.999995085862929,1,1,1,M,10
aff11_wu_m128_seed2,11,11,x,21,224.73716643102952,0.9999961197262037,0.9999949781870161,1,1,1,M,10
aff11_wu_m128_seed2,11,11,x,22,247.2790023205442,0.9999995556615245,0.9999946336900495,1,1,1,M,10
aff11_wu_m128_seed2,11,11,x,23,52.91280097402544,0.9888213234186737,0.9999922510021885,1,1,1,1,1
aff11_wu_m128_seed2,11,11,x,24,220.10059015903883,0.9999979353147096,0.999996449100662,1,1,1,M,10
aff11_wu_m128_seed2,11,11,x,25,236.131335060557,0.9999995107070112,0.9999947035055019,1,1,1,M,10
aff11_wu_m128_seed2,11,11,x,26,159.33290261516746,0.9999990084364021,0.9999946877719071,1,1,1,M,10
aff11_wu_m128_seed2,11,11,x,27,103.85360948137185,0.999995483393947,0.9999950801115037,1,1,1,M,10
aff11_wu_m128_seed2,11,11,x,28,152.9564729850005,0.9999976182559795,0.9999946324212055,1,1,1,M,10
aff11_wu_m128_seed2,11,11,x,29,262.2933851080005,0.9999994694374671,0.9999955208763649,1,1,1,M,10
aff11_wu_m128_seed2,11,11,x,30,164.3745693072101,0.9999982319474833,0.9999963911915696,1,1,1,M,10
aff11_wu_m128_seed2,11,11,x,32,220.0673020337604,0.9999982075283017,0.9999950839682823,1,1,1,M,10
aff11_wu_m128_seed2,11,11,x,33,253.61069520375477,0.999998944000112,0.9999966277796422,1,1,1,M,10
aff11_wu_m128_seed2,11,11,x,34,232.38780004726775,0.9999964852302569,0.9999967790656403,1,1,1,M,10
aff11_wu_m128_seed2,11,11,x,35,22.61276599924098,0.945819042394369,0.9999875605203384,1,1,1,1,1
aff11_wu_m128_seed2,11,11,x,36,155.4151034593218,0.9999966308091038,0.9999967719435239,1,1,1,M,10
aff11_wu_m128_seed2,11,11,x,37,239.60537876093767,0.9999985608416245,0.9999963966289015,1,1,1,M,10
aff11_wu_m128_seed2,11,11,x,38,206.16868112789558,0.9999979018144715,0.9999936720440896,1,1,1,M,10
aff11_wu_m128_seed2,11,11,x,39,163.38751033252694,0.9999991585472994,0.9999936048268834,1,1,1,M,10
aff11_wu_m128_seed2,11,11,x,40,151.86631666809262,0.9999995812863839,0.999995237537659,1,1,1,M,10
aff11_wu_m128_seed2,11,11,x,41,215.05080498301055,0.9999989537159815,0.9999964189306799,1,1,1,M,10
aff11_wu_m128_seed2,11,11,x,42,218.83510127455014,0.9999972849506241,0.9999967477251339,1,1,1,M,10
aff11_wu_m128_seed2,11,11,x,43,217.07167554602353,0.9999983691828466,0.9999937501483551,1,1,1,M,10
aff11_wu_m128_seed2,11,11,x,44,138.66728555338923,0.9999994619598831,0.9999939622452912,1,1,1,M,10
aff11_wu_m128_seed2,11,11,x,45,223.74393622875593,0.9999996973673645,0.9999937125982697,1,1,1,M,10
aff11_wu_m128_seed2,11,11,x,46,233.14999018082443,0.9999978557238483,0.9999964661402528,1,1,1,M,10
aff11_wu_m128_seed2,11,11,x,48,224.43784879071765,0.9999990920492576,0.9999950282330121,1,1,1,M,10
aff11_wu_m128_seed2,11,11,x,49,110.48074551323072,0.9999988022378221,0.9999938928645873,1,1,1,M,10
aff11_wu_m128_seed2,11,11,x,50,239.09442932102638,0.9999991921152519,0.9999946910933234,1,1,1,M,10
aff11_wu_m128_seed2,11,11,x,51,162.84078684406012,0.9999973123183554,0.9999953845308818,1,1,1,M,10
aff11_wu_m128_seed2,11,11,x,52,226.3628684428486,0.9999974848498404,0.999995139209962,1,1,1,M,10
aff11_wu_m128_seed2,11,11,x,53,252.294305808804,0.9999992388872951,0.9999967886504754,1,1,1,M,10
aff11_wu_m128_seed2,11,11,x,54,27.91207048083145,0.989306592333873,0.9999938913054339,1,1,1,1,1
aff11_wu_m128_seed2,11,11,x,56,218.00784563552398,0.9999989966061054,0.9999946259258001,1,1,1,M,10
aff11_wu_m128_seed2,11,11,x,57,123.36560800201295,0.9999993296025246,0.999996430696768,1,1,1,M,10
aff11_wu_m128_seed2,11,11,x,58,175.78361065359448,0.9999996295909239,0.9999950109142874,1,1,1,M,10
aff11_wu_m128_seed2,11,11,x,60,209.19204685190974,0.9999992762634439,0.999993935210394,1,1,1,M,10
aff11_wu_m128_seed2,11,11,x,61,112.52408664289395,0.9999992383887207,0.9999966513017976,1,1,1,M,10
aff11_wu_m128_seed2,11,11,x,62,230.89141823233894,0.999998440989328,0.9999951850076052,1,1,1,M,10
aff11_wu_m128_seed2,11,11,x,63,247.8266493209138,0.9999995457501559,0.9999949586108433,1,1,1,M,10
aff11_wu_m128_seed2,11,11,x,64,241.9663868931414,0.9999986224955849,0.9999953243346962,1,1,1,M,10
aff11_wu_m128_seed2,11,11,x,65,115.89576299449476,0.9999976463184511,0.9999873259749986,1,1,1,M,10
aff11_wu_m128_seed2,11,11,x,66,103.83944294097778,0.9999991281665794,0.9999953917560214,1,1,1,M,10
aff11_wu_m128_seed2,11,11,x,67,130.758879411284,0.9999982069972099,0.9999952386282306,1,1,1,M,10
aff11_wu_m128_seed2,11,11,x,68,241.1575632899401,0.9999993499729443,0.9999952337238911,1,1,1,M,10
aff11_wu_m128_seed2,11,11,x,69,174.6036061679757,0.999997695981498,0.999996748223498,1,1,1,M,10
aff11_wu_m128_seed2,11,11,x,70,244.57751912852,0.9999986506457992,0.9999946625354602,1,1,1,M,10
aff11_wu_m128_seed2,11,11,x,71,169.88435327050865,0.9999976092280752,0.9999953040852405,1,1,1,M,10
aff11_wu_m128_seed2,11,11,x,72,112.37380907394679,0.9999986822301383,0.9999964314767312,1,1,1,M,10
aff11_wu_m128_seed2,11,11,x,73,118.88390841541676,0.999997780634137,0.999987280785794,1,1,1,M,10
aff11_wu_m128_seed2,11,11,x,74,220.72085748139017,0.9999979181557098,0.9999953232448591,1,1,1,M,10
aff11_wu_m128_seed2,11,11,x,76,156.08037471723514,0.9999972984560372,0.9999939249948806,1,1,1,M,10
aff11_wu_m128_seed2,11,11,x,77,143.55811263410968,0.999997541405615,0.9999949827365068,1,1,1,M,10
aff11_wu_m128_seed2,11,11,x,78,234.34017288450752,0.9999985136338838,0.9999955203983893,1,1,1,M,10
aff11_wu_m128_seed2,11,11,x,79,129.2055486529215,0.9999973778270072,0.9999964165563191,1,1,1,M,10
aff11_wu_m128_seed2,11,11,x,80,125.30280862094354,0.9999981297303059,0.9999968520793555,1,1,1,M,10
aff11_wu_m128_seed2,11,11,x,81,263.4616233743297,0.9999994578710769,0.9999946990532004,1,1,1,M,10
aff11_wu_m128_seed2,11,11,x,83,229.07286562395717,0.9999955987056715,0.9999967608966919,1,1,1,M,10
aff11_wu_m128_seed2,11,11,x,84,214.32189611503154,0.9999992875383801,0.999995520261425,1,1,1,M,10
aff11_wu_m128_seed2,11,11,x,85,114.17379119955875,0.9999919395627439,0.9999950094447145,1,1,1,M,10
aff11_wu_m128_seed2,11,11,x,86,93.20779892594892,0.9999975892331543,0.9999873568834495,1,1,1,M,10
aff11_wu_m128_seed2,11,11,x,87,102.41681471310676,0.9999974911917572,0.9999936286137583,1,1,1,M,10
aff11_wu_m128_seed2,11,11,x,88,252.5949043072981,0.9999991783520892,0.9999954857904402,1,1,1,M,10
aff11_wu_m128_seed2,11,11,x,89,224.78171349809483,0.9999978323851932,0.9999937208227009,1,1,1,M,10
aff11_wu_m128_seed2,11,11,x,91,285.81996296219046,0.9999992862669163,0.9999952984778555,1,1,1,M,10
aff11_wu_m128_seed2,11,11,x,92,238.62833690121906,0.9999969546390308,0.9999949020004253,1,1,1,M,10
aff11_wu_m128_seed2,11,11,x,93,121.40867998406475,0.999998870464075,0.9999950673727627,1,1,1,M,10
aff11_wu_m128_seed2,11,11,x,94,211.80917869046155,0.9999993715135208,0.9999964049387129,1,1,1,M,10
aff11_wu_m128_seed2,11,11,x,95,224.53710919465817,0.9999978735460321,0.9999938739988983,1,1,1,M,10
aff11_wu_m128_seed2,11,11,x,96,236.80279150271068,0.9999995332977849,0.9999951452337336,1,1,1,M,10
aff11_wu_m128_seed2,11,11,x,97,92.34341706883146,0.9999935174261074,0.9999870826930093,1,1,1,M,10
aff11_wu_m128_seed2,11,11,x,98,219.62524677742013,0.9999976622190041,0.9999966517972447,1,1,1,M,10
aff11_wu_m128_seed2,11,11,x,99,216.0389603712935,0.9999970172787265,0.9999953327295585,1,1,1,M,10
aff11_wu_m128_seed2,11,11,x,100,236.02704714401995,0.9999998303807763,0.9999937268232075,1,1,1,M,10
aff11_wu_m128_seed2,11,11,x,101,221.25321631290853,0.9999981171241374,0.9999948203288594,1,1,1,M,10
aff11_wu_m128_seed2,11,11,x,102,245.85974735351414,0.9999993733390383,0.9999937081928127,1,1,1,M,10
aff11_wu_m128_seed2,11,11,x,103,229.29958200274956,0.9999912010285842,0.9999948870950136,1,1,1,M,10
aff11_wu_m128_seed2,11,11,x,104,248.36336985705847,0.9999978855842561,0.9999949140017464,1,1,1,M,10
aff11_wu_m128_seed2,11,11,x,105,234.29756397998653,0.9999992226700959,0.9999950609840589,1,1,1,M,10
aff11_wu_m128_seed2,11,11,x,106,224.03849647900685,0.999998993178542,0.9999964529303346,1,1,1,M,10
aff11_wu_m128_seed2,11,11,x,107,201.6369276162843,0.9999962480200479,0.999993862897905,1,1,1,M,10
aff11_wu_m128_seed2,11,11,x,108,240.44760548554424,0.999998910084759,0.9999948432968894,1,1,1,M,10
aff11_wu_m128_seed2,11,11,x,109,246.94643676125972,0.9999975106060901,0.9999950621650296,1,1,1,M,10
aff11_wu_m128_seed2,11,11,x,110,189.33711466210897,0.9999992441819031,0.9999964565774935,1,1,1,M,10
aff11_wu_m128_seed2,11,11,x,111,292.25254028092917,0.9999993834452843,0.9999950121631535,1,1,1,M,10
aff11_wu_m128_seed2,11,11,x,112,150.43756853933044,0.9999928929632221,0.99999514849706,1,1,1,M,10
aff11_wu_m128_seed2,11,11,x,113,146.1957803633984,0.9999967763644464,0.9999950277461603,1,1,1,M,10
aff11_wu_m128_seed2,11,11,x,114,116.99883396673688,0.9999986669602754,0.9999953492320386,1,1,1,M,10
aff11_wu_m128_seed2,11,11,x,115,216.37706505073132,0.999999214594728,0.9999951285250904,1,1,1,M,10
aff11_wu_m128_seed2,11,11,x,116,234.5202889558456,0.9999990951621986,0.9999936806943422,1,1,1,M,10
aff11_wu_m128_seed2,11,11,x,117,166.2993603157733,0.9999989040006293,0.9999939293149228,1,1,1,M,10
aff11_wu_m128_seed2,11,11,x,119,96.72266884274627,0.9999914172156104,0.999995238479598,1,1,1,M,10
aff11_wu_m128_seed2,11,11,x,120,250.9139120759211,0.9999992699375656,0.9999950545637518,1,1,1,M,10
aff11_wu_m128_seed2,11,11,x,121,147.40887864417567,0.9999943844132331,0.9999950410396954,1,1,1,M,10
aff11_wu_m128_seed2,11,11,x,122,205.24166572822134,0.9999970068725869,0.9999950023215656,1,1,1,M,10
aff11_wu_m128_seed2,11,11,x,123,249.6520788359996,0.9999978391638249,0.999993851626165,1,1,1,M,10
aff11_wu_m128_seed2,11,11,x,124,176.7558606346991,0.9999982972126616,0.9999949278000266,1,1,1,M,10
aff11_wu_m128_seed2,11,11,x,125,14.134116151629692,0.9927540851197103,0.9999948391112291,1,1,1,I,3
aff11_wu_m128_seed2,11,11,x,126,205.98107117398996,0.9999984648597884,0.9999964079281415,1,1,1,M,10
aff11_wu_m128_seed2,11,11,x,127,178.34313441016468,0.999998252572787,0.9999946657735973,1,1,1,M,10
aff11_wu_m128_seed2,11,11,y,0,228.85920423885443,0.999999479437467,0.9999959866554757,1,M,10,1,1
aff11_wu_m128_seed2,11,11,y,1,117.63790249346015,0.9999986381858383,0.9999960446794652,1,M,10,1,1
aff11_wu_m128_seed2,11,11,y,2,154.81087605491084,0.999997510040824,0.9999948260015737,1,M,10,1,1
aff11_wu_m128_seed2,11,11,y,3,265.0824570567602,0.9999992258337731,0.9999960767625807,1,M,10,1,1
aff11_wu_m128_seed2,11,11,y,4,171.45298324216512,0.9999995442350496,0.9999960376688141,1,M,10,1,1
aff11_wu_m128_seed2,11,11,y,5,164.10203554301756,0.9999978076569671,0.9999960522808782,1,M,10,1,1
aff11_wu_m128_seed2,11,11,y,6,231.03148077791556,0.9999991320511648,0.9999955275538529,1,M,10,1,1
aff11_wu_m128_seed2,11,11,y,7,17.668057774612553,0.932704373863359,0.9999913514694126,1,1,1,1,1
aff11_wu_m128_seed2,11,11,y,8,247.8636448094149,0.9999985217670151,0.999996064959404,1,M,10,1,1
aff11_wu_m128_seed2,11,11,y,9,265.26323777827736,0.9999995995528993,0.9999948494818621,1,M,10,1,1
aff11_wu_m128_seed2,11,11,y,10,175.00651680592406,0.9999989840200552,0.9999960669468463,1,M,10,1,1
aff11_wu_m128_seed2,11,11,y,11,236.36745436417723,0.9999974742626394,0.9999908789295013,1,M,10,1,1
aff11_wu_m128_seed2,11,11,y,12,226.54804727426833,0.9999996057774797,0.9999960209315567,1,M,10,1,1
aff11_wu_m128_seed2,11,11,y,13,229.6350630316437,0.999999420228306,0.999995948281526,1,M,10,1,1
aff11_wu_m128_seed2,11,11,y,14,155.37881912672103,0.9999976761862851,0.9999955189547985,1,M,10,1,1
aff11_wu_m128_seed2,11,11,y,15,239.74849521326547,0.9999978200617249,0.999994042326602,1,M,10,1,1
aff11_wu_m128_seed2,11,11,y,17,214.96283435383216,0.9999993286582834,0.9999940834057438,1,M,10,1,1
aff11_wu_m128_seed2,11,11,y,18,256.701194494136,0.9999995989553013,0.9999946477512665,1,M,10,1,1
aff11_wu_m128_seed2,11,11,y,19,198.74433987137033,0.9999990756056925,0.9999948429380965,1,M,10,1,1
aff11_wu_m128_seed2,11,11,y,20,217.09142054300293,0.9999983657117146,0.99999402362221,1,M,10,1,1
aff11_wu_m128_seed2,11,11,y,21,225.27319728955342,0.9999981661491216,0.9999960064154312,1,M,10,1,1
aff11_wu_m128_seed2,11,11,y,22,246.87958421403113,0.9999983553787636,0.9999909930209853,1,M,10,1,1
aff11_wu_m128_seed2,11,11,y,23,42.516462926741944,0.9953380897664713,0.9999907760618588,1,1,1,1,1
aff11_wu_m128_seed2,11,11,y,24,218.921382119361,0.9999971978516199,0.9999955152794293,1,M,10,1,1
aff11_wu_m128_seed2,11,11,y,25,235.90954489370264,0.9999974735483396,0.9999960725774039,1,M,10,1,1
aff11_wu_m128_seed2,11,11,y,26,159.1754568144707,0.9999993872352685,0.9999954469673401,1,M,10,1,1
aff11_wu_m128_seed2,11,11,y,27,103.13828609202965,0.9999815172964298,0.9999939790124586,1,M,10,1,1
aff11_wu_m128_seed2,11,11,y,28,153.9188445335354,0.9999976525993504,0.9999947494881157,1,M,10,1,1
aff11_wu_m128_seed2,11,11,y,29,261.93684062698003,0.9999946735622829,0.9999960846609866,1,M,10,1,1
aff11_wu_m128_seed2,11,11,y,30,164.15044126827075,0.9999964534823015,0.9999954872825045,1,M,10,1,1
aff11_wu_m128_seed2,11,11,y,32,219.22682368128181,0.9999971587420136,0.9999947633826731,1,M,10,1,1
aff11_wu_m128_seed2,11,11,y,33,252.64836825503,0.9999989759945106,0.9999909068978351,1,M,10,1,1
aff11_wu_m128_seed2,11,11,y,34,232.7986402415793,0.9999978693686242,0.9999960586025248,1,M,10,1,1
aff11_wu_m128_seed2,11,11,y,35,18.894923256179773,0.9480587308457101,0.9999933839292786,1,1,1,1,1
aff11_wu_m128_seed2,11,11,y,36,155.97242383756745,0.9999970716501858,0.9999955346557616,1,M,10,1,1
aff11_wu_m128_seed2,11,11,y,37,240.93912756576086,0.9999996656319388,0.999994801463883,1,M,10,1,1
aff11_wu_m128_seed2,11,11,y,38,206.29433292986243,0.9999978447896894,0.9999909372584118,1,M,10,1,1
aff11_wu_m128_seed2,11,11,y,39,163.20627955795308,0.9999984992819656,0.9999955255424697,1,M,10,1,1
aff11_wu_m128_seed2,11,11,y,40,152.43459950947667,0.9999975707552291,0.9999955256186873,1,M,10,1,1
aff11_wu_m128_seed2,11,11,y,41,214.60741618216838,0.9999959075457651,0.9999946793165884,1,M,10,1,1
aff11_wu_m128_seed2,11,11,y,42,218.92220332532338,0.999998548844812,0.9999947765004124,1,M,10,1,1
aff11_wu_m128_seed2,11,11,y,43,217.94117604171458,0.999999217002847,0.999994866631237,1,M,10,1,1
aff11_wu_m128_seed2,11,11,y,44,137.9587543492336,0.9999984602608398,0.999994568282042,1,M,10,1,1
aff11_wu_m128_seed2,11,11,y,45,224.4277886023939,0.9999993758705983,0.9999960840540547,1,M,10,1,1
aff11_wu_m128_seed2,11,11,y,46,232.39585097360728,0.9999983453901354,0.9999909511017965,1,M,10,1,1
aff11_wu_m128_seed2,11,11,y,48,224.2828076399917,0.9999994504748354,0.9999955024365391,1,M,10,1,1
aff11_wu_m128_seed2,11,11,y,49,110.695411754322,0.9999979817847294,0.9999912803115835,1,M,10,1,1
aff11_wu_m128_seed2,11,11,y,50,238.53785030395878,0.9999988148263836,0.9999954526759408,1,M,10,1,1
aff11_wu_m128_seed2,11,11,y,51,162.5704245177018,0.9999952151773503,0.9999947807300688,1,M,10,1,1
aff11_wu_m128_seed2,11,11,y,52,226.43683995412047,0.9999973104169385,0.999996003239373,1,M,10,1,1
aff11_wu_m128_seed2,11,11,y,53,251.90345969037287,0.9999976030501375,0.9999939228057116,1,M,10,1,1
aff11_wu_m128_seed2,11,11,y,54,20.48164484146839,0.9999253817496787,0.99999412679019,1,1,1,1,1
aff11_wu_m128_seed2,11,11,y,56,219.02377117928702,0.9999995912198368,0.9999947297774264,1,M,10,1,1
aff11_wu_m128_seed2,11,11,y,57,123.17245506381109,0.9999997010161453,0.9999960702112147,1,M,10,1,1
aff11_wu_m128_seed2,11,11,y,58,175.92231862635828,0.9999995041194438,0.9999959981530745,1,M,10,1,1
aff11_wu_m128_seed2,11,11,y,60,207.387534770988,0.9999976376295426,0.9999947548387051,1,M,10,1,1
aff11_wu_m128_seed2,11,11,y,61,113.41280051879954,0.9999930392037756,0.9999960144256678,1,M,10,1,1
aff11_wu_m128_seed2,11,11,y,62,230.1616216015598,0.9999983276962777,0.9999908701323491,1,M,10,1,1
aff11_wu_m128_seed2,11,11,y,63,247.89850653983876,0.9999986755732495,0.9999960672212146,1,M,10,1,1
aff11_wu_m128_seed2,11,11,y,64,240.85808631195727,0.9999989727593734,0.999993940213815,1,M,10,1,1
aff11_wu_m128_seed2,11,11,y,65,116.39786705484444,0.99999915169844,0.999994558769156,1,M,10,1,1
aff11_wu_m128_seed2,11,11,y,66,103.19252408648313,0.9999989874469091,0.9999940700989242,1,M,10,1,1
aff11_wu_m128_seed2,11,11,y,67,130.13977145811154,0.9999937770958303,0.9999947451779594,1,M,10,1,1
aff11_wu_m128_seed2,11,11,y,68,240.13946834779426,0.9999982601819961,0.9999947412415033,1,M,10,1,1
aff11_wu_m128_seed2,11,11,y,69,175.3101495368525,0.9999971870700978,0.9999960687449763,1,M,10,1,1
aff11_wu_m128_seed2,11,11,y,70,243.77131993303945,0.9999965118194044,0.9999939473497315,1,M,10,1,1
aff11_wu_m128_seed2,11,11,y,71,170.52089116169333,0.9999991192286101,0.9999960013929838,1,M,10,1,1
aff11_wu_m128_seed2,11,11,y,72,111.5052195541842,0.9999904274119011,0.9999939103397252,1,M,10,1,1
aff11_wu_m128_seed2,11,11,y,73,120.08097849970507,0.9999992922325651,0.9999955579741522,1,M,10,1,1
aff11_wu_m128_seed2,11,11,y,74,219.6339933456695,0.9999985929723654,0.999994773852633,1,M,10,1,1
aff11_wu_m128_seed2,11,11,y,76,156.14326840552397,0.9999970358071115,0.9999955122519188,1,M,10,1,1
aff11_wu_m128_seed2,11,11,y,77,143.58788500751086,0.9999974718613805,0.9999955225112755,1,M,10,1,1
aff11_wu_m128_seed2,11,11,y,78,233.77812922353988,0.9999990875277788,0.9999954519960024,1,M,10,1,1
aff11_wu_m128_seed2,11,11,y,79,128.56025048851507,0.9999905516552429,0.9999948288695224,1,M,10,1,1
aff11_wu_m128_seed2,11,11,y,80,125.03199539244362,0.9999991770597962,0.999994794141524,1,M,10,1,1
aff11_wu_m128_seed2,11,11,y,81,263.65563772872775,0.9999980101050275,0.9999960659530628,1,M,10,1,1
aff11_wu_m128_seed2,11,11,y,83,229.82463414630746,0.999998809093405,0.9999960329331558,1,M,10,1,1
aff11_wu_m128_seed2,11,11,y,84,214.33049039636725,0.9999975021292734,0.9999947339294971,1,M,10,1,1
aff11_wu_m128_seed2,11,11,y,85,114.12524550284624,0.999987535455595,0.9999960680820285,1,M,10,1,1
aff11_wu_m128_seed2,11,11,y,86,94.00092544028855,0.9999994965820097,0.9999954865937261,1,M,10,1,1
aff11_wu_m128_seed2,11,11,y,87,101.97743361984124,0.9999957745732837,0.9999908579071618,1,M,10,1,1
aff11_wu_m128_seed2,11,11,y,88,252.48144797263453,0.9999988667247676,0.9999946981731895,1,M,10,1,1
aff11_wu_m128_seed2,11,11,y,89,224.8873662024335,0.9999985930934872,0.9999954721244968,1,M,10,1,1
aff11_wu_m128_seed2,11,11,y,91,284.68957309775817,0.9999992885174477,0.9999954563473955,1,M,10,1,1
aff11_wu_m128_seed2,11,11,y,92,237.51401763901092,0.9999976894922026,0.9999939066229618,1,M,10,1,1
aff11_wu_m128_seed2,11,11,y,93,121.70619365513703,0.9999991658509184,0.9999948115235474,1,M,10,1,1
aff11_wu_m128_seed2,11,11,y,94,211.390908185708,0.9999976371947268,0.999996039133372,1,M,10,1,1
aff11_wu_m128_seed2,11,11,y,95,224.7834236222705,0.999996884214307,0.999995521805238,1,M,10,1,1
aff11_wu_m128_seed2,11,11,y,96,236.35331656313585,0.9999992453805687,0.9999960588063533,1,M,10,1,1
aff11_wu_m128_seed2,11,11,y,97,92.56900321590754,0.9999984933019054,0.9999960748132676,1,M,10,1,1
aff11_wu_m128_seed2,11,11,y,98,218.76000507787532,0.9999962097356087,0.9999947346689031,1,M,10,1,1
aff11_wu_m128_seed2,11,11,y,99,213.7831516553916,0.9999973011108626,0.9999909412210151,1,M,10,1,1
aff11_wu_m128_seed2,11,11,y,100,236.62138285138144,0.9999990420401512,0.9999947490125306,1,M,10,1,1
aff11_wu_m128_seed2,11,11,y,101,220.67454680935413,0.9999996317283671,0.9999948454957668,1,M,10,1,1
aff11_wu_m128_seed2,11,11,y,102,245.597735051677,0.9999946546759061,0.9999960336227527,1,M,10,1,1
aff11_wu_m128_seed2,11,11,y,103,229.23243751515815,0.9999984961180323,0.9999909999216798,1,M,10,1,1
aff11_wu_m128_seed2,11,11,y,104,247.46939851746527,0.9999979058528013,0.9999947342609121,1,M,10,1,1
aff11_wu_m128_seed2,11,11,y,105,234.48013526321154,0.9999996114778555,0.9999960499194926,1,M,10,1,1
aff11_wu_m128_seed2,11,11,y,106,224.03106509992358,0.99999855580209,0.999996005547474,1,M,10,1,1
aff11_wu_m128_seed2,11,11,y,107,200.40257957449322,0.9999979965041363,0.9999908983338918,1,M,10,1,1
aff11_wu_m128_seed2,11,11,y,108,239.7369927419148,0.9999980831927393,0.9999955048636763,1,M,10,1,1
aff11_wu_m128_seed2,11,11,y,109,246.48188395641728,0.9999990004974523,0.9999909138894794,1,M,10,1,1
aff11_wu_m128_seed2,11,11,y,110,189.16301524828114,0.9999991083920965,0.999996009701955,1,M,10,1,1
aff11_wu_m128_seed2,11,11,y,111,291.553932221079,0.9999991788426165,0.9999955102837944,1,M,10,1,1
aff11_wu_m128_seed2,11,11,y,112,150.44896648909747,0.9999961886975713,0.9999948115866244,1,M,10,1,1
aff11_wu_m128_seed2,11,11,y,113,146.5668666909635,0.9999989671442682,0.9999947567919255,1,M,10,1,1
aff11_wu_m128_seed2,11,11,y,114,117.01479797925582,0.9999961784527902,0.9999960872676924,1,M,10,1,1
aff11_wu_m128_seed2,11,11,y,115,216.6021308004847,0.9999980136472851,0.9999948360758406,1,M,10,1,1
aff11_wu_m128_seed2,11,11,y,116,234.82673123950798,0.9999958502483982,0.9999939478762186,1,M,10,1,1
aff11_wu_m128_seed2,11,11,y,117,166.66238976814844,0.9999992859827083,0.9999947459770905,1,M,10,1,1
aff11_wu_m128_seed2,11,11,y,119,96.32391789276609,0.9999912010394117,0.9999909525322357,1,M,10,1,1
aff11_wu_m128_seed2,11,11,y,120,250.88431900803954,0.999998263048274,0.9999960412524114,1,M,10,1,1
aff11_wu_m128_seed2,11,11,y,121,147.87991461182946,0.9999988120846149,0.9999947532119784,1,M,10,1,1
aff11_wu_m128_seed2,11,11,y,122,205.72212650822317,0.9999987350206572,0.999994777342517,1,M,10,1,1
aff11_wu_m128_seed2,11,11,y,123,248.87941275539703,0.9999967719100592,0.9999940093766831,1,M,10,1,1
aff11_wu_m128_seed2,11,11,y,124,176.4940370476736,0.9999990389794942,0.9999960671845146,1,M,10,1,1
aff11_wu_m128_seed2,11,11,y,125,14.319641731240443,0.9914055521532562,0.9999943004277377,1,I,5,1,1
aff11_wu_m128_seed2,11,11,y,126,205.35880855692304,0.9999973886790584,0.9999941012734186,1,M,10,1,1
aff11_wu_m128_seed2,11,11,y,127,178.6421529190965,0.9999994191726327,0.9999960360268563,1,M,10,1,1
aff11_wu100k_m128_seed1,11,11,x,0,192.7026043917186,0.9999992547864853,0.9999976008985456,1,1,1,M,10
aff11_wu100k_m128_seed1,11,11,x,1,159.42319373252232,0.9999995938356846,0.999998095279521,1,1,1,M,10
aff11_wu100k_m128_seed1,11,11,x,2,127.0342882174043,0.9999994888882459,0.9999984723083694,1,1,1,M,10
aff11_wu100k_m128_seed1,11,11,x,3,190.24370184423697,0.9999995197782521,0.9999987143587982,1,1,1,M,10
aff11_wu100k_m128_seed1,11,11,x,5,157.89570729634852,0.9999993352774471,0.9999986012772775,1,1,1,M,10
aff11_wu100k_m128_seed1,11,11,x,6,21.221968658050987,0.9999972406939677,0.9999929534423638,1,1,1,M,10
aff11_wu100k_m128_seed1,11,11,x,7,148.12680498164127,0.9999992886770189,0.9999984129950409,1,1,1,M,10
aff11_wu100k_m128_seed1,11,11,x,8,236.57601856172093,0.9999996767922866,0.9999984914033654,1,1,1,M,10
aff11_wu100k_m128_seed1,11,11,x,9,226.82141133533543,0.9999989379526419,0.999996657486641,1,1,1,M,10
aff11_wu100k_m128_seed1,11,11,x,10,187.65476796589104,0.9999994205592223,0.9999986408600653,1,1,1,M,10
aff11_wu100k_m128_seed1,11,11,x,11,167.91736166915322,0.9999997171800811,0.9999986780826049,1,1,1,M,10
aff11_wu100k_m128_seed1,11,11,x,12,203.6268493026861,0.9999994513759398,0.999998414365672,1,1,1,M,10
aff11_wu100k_m128_seed1,11,11,x,13,201.54770759101282,0.9999997024750005,0.9999984594273551,1,1,1,M,10
aff11_wu100k_m128_seed1,11,11,x,14,188.2661823578629,0.9999994013347611,0.9999986932162408,1,1,1,M,10
aff11_wu100k_m128_seed1,11,11,x,15,186.25135896453847,0.9999995952560006,0.9999984702316135,1,1,1,M,10
aff11_wu100k_m128_seed1,11,11,x,16,158.12810331209923,0.9999994497244692,0.9999985635839055,1,1,1,M,10
aff11_wu100k_m128_seed1,11,11,x,17,192.58981695538722,0.9999991732626973,0.9999981571276549,1,1,1,M,10
aff11_wu100k_m128_seed1,11,11,x,18,157.59276640364988,0.9999983379513459,0.9999986133049165,1,1,1,M,10
aff11_wu100k_m128_seed1,11,11,x,19,137.7304269921394,0.9999994828183455,0.9999966792127338,1,1,1,M,10
aff11_wu100k_m128_seed1,11,11,x,20,248.43783296165833,0.9999994385878708,0.9999975907311955,1,1,1,M,10
aff11_wu100k_m128_seed1,11,11,x,21,186.09652294209124,0.9999998257390659,0.9999976509594446,1,1,1,M,10
aff11_wu100k_m128_seed1,11,11,x,22,178.30205009809092,0.9999995765056687,0.9999986460743077,1,1,1,M,10
aff11_wu100k_m128_seed1,11,11,x,23,201.11806451736084,0.9999996876571265,0.9999985836204942,1,1,1,M,10
aff11_wu100k_m128_seed1,11,11,x,24,114.44497161682604,0.9999992446459861,0.9999967069905573,1,1,1,M,10
aff11_wu100k_m128_seed1,11,11,x,25,146.57593525355588,0.9999990292574755,0.9999985172589246,1,1,1,M,10
aff11_wu100k_m128_seed1,11,11,x,26,208.98544332168197,0.9999995222242372,0.9999975821843221,1,1,1,M,10
aff11_wu100k_m128_seed1,11,11,x,27,191.67502594215506,0.9999988969812732,0.9999981226566849,1,1,1,M,10
aff11_wu100k_m128_seed1,11,11,x,28,228.43994407168432,0.9999986514117233,0.9999984357773923,1,1,1,M,10
aff11_wu100k_m128_seed1,11,11,x,29,180.84139845967033,0.9999990343106122,0.999998573341428,1,1,1,M,10
aff11_wu100k_m128_seed1,11,11,x,30,164.0534886671672,0.9999996029658766,0.9999987188701733,1,1,1,M,10
aff11_wu100k_m128_seed1,11,11,x,31,120.19695641295827,0.9999992031683475,0.9999966959898569,1,1,1,M,10
aff11_wu100k_m128_seed1,11,11,x,32,113.47232614762389,0.9999991341584206,0.9999967498003667,1,1,1,M,10
aff11_wu100k_m128_seed1,11,11,x,33,237.99737338151746,0.9999995009999498,0.999996624997044,1,1,1,M,10
aff11_wu100k_m128_seed1,11,11,x,34,229.86762866828647,0.9999996771582745,0.9999986182082452,1,1,1,M,10
aff11_wu100k_m128_seed1,11,11,x,35,209.36022369729776,0.9999995195075374,0.9999984957594534,1,1,1,M,10
aff11_wu100k_m128_seed1,11,11,x,36,190.69395597475173,0.9999997009926361,0.999998681435541,1,1,1,M,10
aff11_wu100k_m128_seed1,11,11,x,37,124.68387987585804,0.9999988688299052,0.999996857870001,1,1,1,M,10
aff11_wu100k_m128_seed1,11,11,x,38,224.67104902398393,0.9999998425299265,0.9999975900579537,1,1,1,M,10
aff11_wu100k_m128_seed1,11,11,x,39,158.41798125092538,0.9999996458039476,0.9999986908983517,1,1,1,M,10
aff11_wu100k_m128_seed1,11,11,x,40,240.25840862669978,0.9999992241624183,0.9999986242002905,1,1,1,M,10
aff11_wu100k_m128_seed1,11,11,x,41,169.3461602864277,0.9999997262068284,0.9999984583988855,1,1,1,M,10
aff11_wu100k_m128_seed1,11,11,x,42,170.97722419973013,0.9999994013991271,0.9999985872047702,1,1,1,M,10
aff11_wu100k_m128_seed1,11,11,x,43,242.7713331016941,0.9999996749761709,0.999998631334398,1,1,1,M,10
aff11_wu100k_m128_seed1,11,11,x,44,196.84277212678035,0.9999985546190016,0.99999862516686,1,1,1,M,10
aff11_wu100k_m128_seed1,11,11,x,46,191.39798794975707,0.9999998164941059,0.999998616796895,1,1,1,M,10
aff11_wu100k_m128_seed1,11,11,x,48,145.50725144510648,0.9999989929334991,0.9999986814867445,1,1,1,M,10
aff11_wu100k_m128_seed1,11,11,x,49,142.19981286343452,0.9999997538568968,0.9999976376187716,1,1,1,M,10
aff11_wu100k_m128_seed1,11,11,x,50,173.21772915854382,0.9999996124248484,0.9999984058694301,1,1,1,M,10
aff11_wu100k_m128_seed1,11,11,x,51,212.7687742807613,0.999999325538731,0.9999966962066921,1,1,1,M,10
aff11_wu100k_m128_seed1,11,11,x,52,199.5650255578559,0.9999988764175402,0.9999985795781092,1,1,1,M,10
aff11_wu100k_m128_seed1,11,11,x,53,224.54034277512932,0.9999996276160027,0.9999986069218683,1,1,1,M,10
aff11_wu100k_m128_seed1,11,11,x,55,162.22219000570618,0.9999990448018757,0.999998501797686,1,1,1,M,10
aff11_wu100k_m128_seed1,11,11,x,56,246.57812402734413,0.9999997266042869,0.9999966721521552,1,1,1,M,10
aff11_wu100k_m128_seed1,11,11,x,57,148.73462740573802,0.999998935038045,0.9999985285047135,1,1,1,M,10
aff11_wu100k_m128_seed1,11,11,x,58,220.90535447148548,0.9999991175161833,0.9999966109748749,1,1,1,M,10
aff11_wu100k_m128_seed1,11,11,x,59,197.5840791346727,0.9999981402004283,0.9999987128769864,1,1,1,M,10
aff11_wu100k_m128_seed1,11,11,x,60,187.4862962150008,0.9999993492140308,0.9999984365872335,1,1,1,M,10
aff11_wu100k_m128_seed1,11,11,x,61,183.41505101849717,0.9999988552382749,0.9999981463152361,1,1,1,M,10
aff11_wu100k_m128_seed1,11,11,x,62,179.55179782213176,0.9999993081287338,0.9999984378551062,1,1,1,M,10
aff11_wu100k_m128_seed1,11,11,x,64,187.04855569567573,0.99999937521033,0.9999985136832888,1,1,1,M,10
aff11_wu100k_m128_seed1,11,11,x,65,172.54226033836815,0.9999997723726896,0.999998135393877,1,1,1,M,10
aff11_wu100k_m128_seed1,11,11,x,66,226.34579319967602,0.9999982078938242,0.9999966192418592,1,1,1,M,10
aff11_wu100k_m128_seed1,11,11,x,67,210.2499811197678,0.9999998554162103,0.9999986774889172,1,1,1,M,10
aff11_wu100k_m128_seed1,11,11,x,68,236.24177969441203,0.9999997251181876,0.9999966939496436,1,1,1,M,10
aff11_wu100k_m128_seed1,11,11,x,69,141.2550817093938,0.999998920076999,0.9999984536753693,1,1,1,M,10
aff11_wu100k_m128_seed1,11,11,x,70,162.3951264029299,0.9999988592454894,0.999998452063463,1,1,1,M,10
aff11_wu100k_m128_seed1,11,11,x,71,224.52042911642826,0.9999996468129183,0.9999986055485041,1,1,1,M,10
aff11_wu100k_m128_seed1,11,11,x,72,116.92968803926382,0.9999986488172008,0.9999966547701448,1,1,1,M,10
aff11_wu100k_m128_seed1,11,11,x,73,178.96313392206238,0.9999992857907062,0.9999987104715401,1,1,1,M,10
aff11_wu100k_m128_seed1,11,11,x,74,231.62632904745877,0.9999996873291097,0.9999986810681013,1,1,1,M,10
aff11_wu100k_m128_seed1,11,11,x,76,175.97258355255752,0.9999993232059378,0.9999985819419615,1,1,1,M,10
aff11_wu100k_m128_seed1,11,11,x,77,232.05312832870416,0.9999994824542623,0.99999843824428,1,1,1,M,10
aff11_wu100k_m128_seed1,11,11,x,78,215.24494841648655,0.9999990917378185,0.9999976063793264,1,1,1,M,10
aff11_wu100k_m128_seed1,11,11,x,79,253.81788034180323,0.9999998129925547,0.9999976268664356,1,1,1,M,10
aff11_wu100k_m128_seed1,11,11,x,80,215.39417989599727,0.9999993795138666,0.999998409558224,1,1,1,M,10
aff11_wu100k_m128_seed1,11,11,x,81,227.40087601306405,0.999999590022306,0.9999984802129027,1,1,1,M,10
aff11_wu100k_m128_seed1,11,11,x,82,190.24866289545955,0.9999996412585294,0.9999975718348391,1,1,1,M,10
aff11_wu100k_m128_seed1,11,11,x,83,45.005440820710014,0.9878407424935839,0.9999911136936968,1,1,1,1,1
aff11_wu100k_m128_seed1,11,11,x,84,187.81042993383517,0.9999996879806562,0.999998621442387,1,1,1,M,10
aff11_wu100k_m128_seed1,11,11,x,85,130.75656775205476,0.9999995492973687,0.9999967158156776,1,1,1,M,10
aff11_wu100k_m128_seed1,11,11,x,86,156.44587936576892,0.9999993045251808,0.9999984571518615,1,1,1,M,10
aff11_wu100k_m128_seed1,11,11,x,87,234.21445662100572,0.9999991704827302,0.999998557373014,1,1,1,M,10
aff11_wu100k_m128_seed1,11,11,x,88,189.2352963487852,0.9999992704442167,0.9999982011360481,1,1,1,M,10
aff11_wu100k_m128_seed1,11,11,x,89,208.20315807950402,0.9999997600677487,0.9999986453919676,1,1,1,M,10
aff11_wu100k_m128_seed1,11,11,x,90,227.1562507121802,0.9999996528505598,0.9999986258878055,1,1,1,M,10
aff11_wu100k_m128_seed1,11,11,x,91,177.31078708303437,0.9999996971838143,0.9999985990083791,1,1,1,M,10
aff11_wu100k_m128_seed1,11,11,x,92,247.9308427721258,0.999999516330891,0.9999981871314335,1,1,1,M,10
aff11_wu100k_m128_seed1,11,11,x,93,232.0118158388878,0.9999995768498051,0.9999981522168151,1,1,1,M,10
aff11_wu100k_m128_seed1,11,11,x,94,141.7944057028484,0.9999994850209614,0.9999984429399059,1,1,1,M,10
aff11_wu100k_m128_seed1,11,11,x,95,113.17004291713965,0.9999994235566523,0.9999986573904198,1,1,1,M,10
aff11_wu100k_m128_seed1,11,11,x,96,211.12389241042044,0.9999997503522932,0.9999986436393619,1,1,1,M,10
aff11_wu100k_m128_seed1,11,11,x,97,174.87022286630696,0.999999166313473,0.9999982100550598,1,1,1,M,10
aff11_wu100k_m128_seed1,11,11,x,98,123.53913970664716,0.9999985380149415,0.9999966622000345,1,1,1,M,10
aff11_wu100k_m128_seed1,11,11,x,99,216.21984576894684,0.9999986452722284,0.9999987051530187,1,1,1,M,10
aff11_wu100k_m128_seed1,11,11,x,100,192.9660306787666,0.9999996056661963,0.9999981661457266,1,1,1,M,10
aff11_wu100k_m128_seed1,11,11,x,101,167.11279009059444,0.9999995350319544,0.9999976041947573,1,1,1,M,10
aff11_wu100k_m128_seed1,11,11,x,102,181.43549831288956,0.9999993044335516,0.9999976182329012,1,1,1,M,10
aff11_wu100k_m128_seed1,11,11,x,103,209.83749367659883,0.9999985063580243,0.9999987101219675,1,1,1,M,10
aff11_wu100k_m128_seed1,11,11,x,104,187.9459891982614,0.9999993513995398,0.999998148303131,1,1,1,M,10
aff11_wu100k_m128_seed1,11,11,x,106,157.03931071381282,0.9999994710003497,0.9999986519703637,1,1,1,M,10
aff11_wu100k_m128_seed1,11,11,x,107,196.5860205209318,0.9999996885374701,0.9999981301392845,1,1,1,M,10
aff11_wu100k_m128_seed1,11,11,x,108,155.06965496694883,0.9999965964739358,0.9999985832205945,1,1,1,M,10
aff11_wu100k_m128_seed1,11,11,x,109,130.7620960890573,0.9999997687380451,0.9999976052137616,1,1,1,M,10
aff11_wu100k_m128_seed1,11,11,x,110,228.03064066351655,0.9999991526412603,0.9999984802885998,1,1,1,M,10
aff11_wu100k_m128_seed1,11,11,x,112,228.6306725872714,0.9999989845143398,0.9999985032015651,1,1,1,M,10
aff11_wu100k_m128_seed1,11,11,x,113,233.60663189324055,0.9999995481060481,0.9999987239619517,1,1,1,M,10
aff11_wu100k_m128_seed1,11,11,x,114,238.7496657348972,0.9999998416243882,0.99999856462192,1,1,1,M,10
aff11_wu100k_m128_seed1,11,11,x,115,186.75086906309002,0.9999995150499834,0.9999966849261376,1,1,1,M,10
aff11_wu100k_m128_seed1,11,11,x,116,240.41170065089455,0.9999992219153782,0.9999984955823906,1,1,1,M,10
aff11_wu100k_m128_seed1,11,11,x,117,215.2688651393231,0.9999994550152935,0.9999986847183238,1,1,1,M,10
aff11_wu100k_m128_seed1,11,11,x,118,200.4673147782725,0.9999988251025518,0.9999986329772,1,1,1,M,10
aff11_wu100k_m128_seed1,11,11,x,119,177.7739589277585,0.9999997554777843,0.99999841610481,1,1,1,M,10
aff11_wu100k_m128_seed1,11,11,x,120,169.30284936576578,0.9999992318775276,0.999998131335426,1,1,1,M,10
aff11_wu100k_m128_seed1,11,11,x,121,120.04363742932158,0.9999993076643405,0.999996790667031,1,1,1,M,10
aff11_wu100k_m128_seed1,11,11,x,122,211.80511910821272,0.9999995341480085,0.9999983925450322,1,1,1,M,10
aff11_wu100k_m128_seed1,11,11,x,123,171.65751729387924,0.9999995889842406,0.999997656655919,1,1,1,M,10
aff11_wu100k_m128_seed1,11,11,x,124,226.1571279777654,0.9999995429732622,0.9999966892543173,1,1,1,M,10
aff11_wu100k_m128_seed1,11,11,x,125,151.30963230855517,0.9999995624110517,0.9999985274104535,1,1,1,M,10
aff11_wu100k_m128_seed1,11,11,x,126,168.0472705425301,0.9999995903617829,0.9999986745175502,1,1,1,M,10
aff11_wu100k_m128_seed1,11,11,x,127,235.63932748169137,0.9999996833131213,0.9999986800134619,1,1,1,M,10
aff11_wu100k_m128_seed1,11,11,y,0,193.0395844063118,0.9999988318741043,0.999997617778691,1,M,10,1,1
aff11_wu100k_m128_seed1,11,11,y,1,159.05297831220196,0.9999994127397532,0.9999986971567019,1,M,10,1,1
aff11_wu100k_m128_seed1,11,11,y,2,127.71184593337408,0.9999991316514908,0.9999988167751607,1,M,10,1,1
aff11_wu100k_m128_seed1,11,11,y,3,190.53812394149202,0.9999998383974321,0.9999976816391399,1,M,10,1,1
aff11_wu100k_m128_seed1,11,11,y,5,158.7901496081169,0.9999997275481639,0.9999986434269122,1,M,10,1,1
aff11_wu100k_m128_seed1,11,11,y,6,21.47111842964699,0.9999950728117366,0.9999986717562743,1,M,10,1,1
aff11_wu100k_m128_seed1,11,11,y,7,148.0347653190211,0.9999996002849159,0.9999985983615197,1,M,10,1,1
aff11_wu100k_m128_seed1,11,11,y,8,237.19192974204907,0.999998670142477,0.9999986406935909,1,M,10,1,1
aff11_wu100k_m128_seed1,11,11,y,9,226.92846510131957,0.9999975728364485,0.9999986586965977,1,M,10,1,1
aff11_wu100k_m128_seed1,11,11,y,10,187.58427912639357,0.9999979887002597,0.9999976165045159,1,M,10,1,1
aff11_wu100k_m128_seed1,11,11,y,11,167.91283398460678,0.9999997152210037,0.9999987963123741,1,M,10,1,1
aff11_wu100k_m128_seed1,11,11,y,12,203.7995580980367,0.9999993782832779,0.9999977960483497,1,M,10,1,1
aff11_wu100k_m128_seed1,11,11,y,13,202.18807621871252,0.999998992032432,0.9999987506978052,1,M,10,1,1
aff11_wu100k_m128_seed1,11,11,y,14,188.40952608952682,0.9999993713807688,0.9999987767609613,1,M,10,1,1
aff11_wu100k_m128_seed1,11,11,y,15,186.0398545096357,0.9999994078012053,0.9999975827414839,1,M,10,1,1
aff11_wu100k_m128_seed1,11,11,y,16,158.72044778463015,0.9999987282371227,0.9999987520202452,1,M,10,1,1
aff11_wu100k_m128_seed1,11,11,y,17,193.48837275774792,0.9999995122867953,0.9999977838052237,1,M,10,1,1
aff11_wu100k_m128_seed1,11,11,y,18,157.302768164842,0.9999981067538382,0.9999987623984182,1,M,10,1,1
aff11_wu100k_m128_seed1,11,11,y,19,137.1661723794958,0.9999999201263152,0.9999987751766072,1,M,10,1,1
aff11_wu100k_m128_seed1,11,11,y,20,249.50627812691346,0.99999948994793,0.9999985288947077,1,M,10,1,1
aff11_wu100k_m128_seed1,11,11,y,21,186.67562772037422,0.9999997588947206,0.9999985527515363,1,M,10,1,1
aff11_wu100k_m128_seed1,11,11,y,22,178.68028258312407,0.9999991332702709,0.9999985878310107,1,M,10,1,1
aff11_wu100k_m128_seed1,11,11,y,23,201.12165203102316,0.9999997301397366,0.9999986584523275,1,M,10,1,1
aff11_wu100k_m128_seed1,11,11,y,24,115.1264850192709,0.999999609502419,0.9999986310432325,1,M,10,1,1
aff11_wu100k_m128_seed1,11,11,y,25,146.94469612628606,0.9999994868261238,0.9999986293175694,1,M,10,1,1
aff11_wu100k_m128_seed1,11,11,y,26,209.17607414113016,0.9999993255203468,0.9999987072453301,1,M,10,1,1
aff11_wu100k_m128_seed1,11,11,y,27,192.3674448180118,0.9999984664813416,0.9999987733060498,1,M,10,1,1
aff11_wu100k_m128_seed1,11,11,y,28,228.9439280583057,0.9999996805498819,0.9999986560694772,1,M,10,1,1
aff11_wu100k_m128_seed1,11,11,y,29,181.21285601309657,0.9999991367473471,0.9999978201414566,1,M,10,1,1
aff11_wu100k_m128_seed1,11,11,y,30,163.89259007311534,0.9999996413115421,0.9999987679828664,1,M,10,1,1
aff11_wu100k_m128_seed1,11,11,y,31,119.81299763015353,0.9999976541885885,0.9999986790362719,1,M,10,1,1
aff11_wu100k_m128_seed1,11,11,y,32,113.64333517987757,0.9999987638203531,0.9999987646742309,1,M,10,1,1
aff11_wu100k_m128_seed1,11,11,y,33,237.95967336674596,0.9999991949642337,0.9999987126928068,1,M,10,1,1
aff11_wu100k_m128_seed1,11,11,y,34,230.4614527333238,0.9999992487602684,0.9999987921747507,1,M,10,1,1
aff11_wu100k_m128_seed1,11,11,y,35,209.95689742097045,0.9999997671270157,0.9999983354203967,1,M,10,1,1
aff11_wu100k_m128_seed1,11,11,y,36,190.77707343358492,0.9999993209602444,0.999998777973422,1,M,10,1,1
aff11_wu100k_m128_seed1,11,11,y,37,124.86788965154675,0.9999990848498277,0.9999985664479325,1,M,10,1,1
aff11_wu100k_m128_seed1,11,11,y,38,225.22434213779349,0.9999998105928058,0.9999977432755291,1,M,10,1,1
aff11_wu100k_m128_seed1,11,11,y,39,159.01098343418397,0.9999991543316309,0.9999978440428785,1,M,10,1,1
aff11_wu100k_m128_seed1,11,11,y,40,240.72314765962085,0.9999996692966848,0.9999987364934763,1,M,10,1,1
aff11_wu100k_m128_seed1,11,11,y,41,168.9778910565611,0.9999996494325468,0.9999983713046137,1,M,10,1,1
aff11_wu100k_m128_seed1,11,11,y,42,171.24955873444657,0.9999997675424441,0.9999985188965966,1,M,10,1,1
aff11_wu100k_m128_seed1,11,11,y,43,242.9437167799237,0.9999991904707785,0.9999986418223755,1,M,10,1,1
aff11_wu100k_m128_seed1,11,11,y,44,197.13604537420227,0.9999992347152881,0.9999985828533119,1,M,10,1,1
aff11_wu100k_m128_seed1,11,11,y,46,191.34445746388565,0.9999993303395627,0.9999976583387445,1,M,10,1,1
aff11_wu100k_m128_seed1,11,11,y,48,145.3793953252766,0.9999990528196951,0.9999986748862397,1,M,10,1,1
aff11_wu100k_m128_seed1,11,11,y,49,142.31706886791486,0.9999998927067698,0.9999986601809019,1,M,10,1,1
aff11_wu100k_m128_seed1,11,11,y,50,173.52583500438413,0.9999995007284138,0.9999987335068857,1,M,10,1,1
aff11_wu100k_m128_seed1,11,11,y,51,212.2555373653662,0.9999982720926646,0.999998790647045,1,M,10,1,1
aff11_wu100k_m128_seed1,11,11,y,52,199.94492029030792,0.9999995806621569,0.999998341452639,1,M,10,1,1
aff11_wu100k_m128_seed1,11,11,y,53,224.356596518867,0.9999995097476895,0.9999987410750132,1,M,10,1,1
aff11_wu100k_m128_seed1,11,11,y,55,162.7128500612121,0.9999990565968712,0.9999977791415209,1,M,10,1,1
aff11_wu100k_m128_seed1,11,11,y,56,247.01629644860287,0.9999995036866983,0.9999986267579728,1,M,10,1,1
aff11_wu100k_m128_seed1,11,11,y,57,149.63087486302106,0.9999981579158013,0.9999985555208919,1,M,10,1,1
aff11_wu100k_m128_seed1,11,11,y,58,220.452567840027,0.9999994867109419,0.9999982939234877,1,M,10,1,1
aff11_wu100k_m128_seed1,11,11,y,59,197.6738605917971,0.9999995263875711,0.9999976926945002,1,M,10,1,1
aff11_wu100k_m128_seed1,11,11,y,60,188.13809952955168,0.9999996606898859,0.9999985425703322,1,M,10,1,1
aff11_wu100k_m128_seed1,11,11,y,61,183.70090136166172,0.9999986756591677,0.9999985305677076,1,M,10,1,1
aff11_wu100k_m128_seed1,11,11,y,62,179.67328286837878,0.9999993407923408,0.9999987866071831,1,M,10,1,1
aff11_wu100k_m128_seed1,11,11,y,64,187.4956733591781,0.9999996501906788,0.9999985872482597,1,M,10,1,1
aff11_wu100k_m128_seed1,11,11,y,65,173.08499851894288,0.9999991575865637,0.9999987896698389,1,M,10,1,1
aff11_wu100k_m128_seed1,11,11,y,66,226.7113976032189,0.9999987956594589,0.9999977486889475,1,M,10,1,1
aff11_wu100k_m128_seed1,11,11,y,67,210.64788528412885,0.999999014195122,0.9999985767600011,1,M,10,1,1
aff11_wu100k_m128_seed1,11,11,y,68,236.3681041258287,0.9999993431354417,0.9999988116627974,1,M,10,1,1
aff11_wu100k_m128_seed1,11,11,y,69,141.36825242458121,0.9999990370175407,0.9999977782128745,1,M,10,1,1
aff11_wu100k_m128_seed1,11,11,y,70,162.80851962080072,0.9999990778820214,0.9999976851012073,1,M,10,1,1
aff11_wu100k_m128_seed1,11,11,y,71,224.9820554870651,0.9999996131647406,0.9999987029414514,1,M,10,1,1
aff11_wu100k_m128_seed1,11,11,y,72,117.38099473909635,0.9999991283708154,0.9999987201285836,1,M,10,1,1
aff11_wu100k_m128_seed1,11,11,y,73,178.7392926252713,0.9999996392335805,0.9999987580047852,1,M,10,1,1
aff11_wu100k_m128_seed1,11,11,y,74,231.69994300493917,0.9999998750897136,0.9999983373730755,1,M,10,1,1
aff11_wu100k_m128_seed1,11,11,y,76,175.78946035330273,0.9999992555889438,0.9999985990624048,1,M,10,1,1
aff11_wu100k_m128_seed1,11,11,y,77,232.11066826784557,0.9999994377749067,0.9999987601206223,1,M,10,1,1
aff11_wu100k_m128_seed1,11,11,y,78,215.61857576365338,0.9999992148685368,0.9999986520482279,1,M,10,1,1
aff11_wu100k_m128_seed1,11,11,y,79,255.10874124098956,0.9999998208084536,0.9999987929652925,1,M,10,1,1
aff11_wu100k_m128_seed1,11,11,y,80,214.9160643165947,0.9999995004423496,0.9999987312536239,1,M,10,1,1
aff11_wu100k_m128_seed1,11,11,y,81,228.42466906440993,0.9999996624831785,0.999998554722643,1,M,10,1,1
aff11_wu100k_m128_seed1,11,11,y,82,190.87795951907407,0.999999042740674,0.9999987188647177,1,M,10,1,1
aff11_wu100k_m128_seed1,11,11,y,83,29.13289066587451,0.9674608364986013,0.9999739176881458,1,1,1,1,1
aff11_wu100k_m128_seed1,11,11,y,84,187.712871331809,0.9999998232351807,0.9999976992373147,1,M,10,1,1
aff11_wu100k_m128_seed1,11,11,y,85,131.57365217757882,0.9999992098592416,0.9999986377797838,1,M,10,1,1
aff11_wu100k_m128_seed1,11,11,y,86,156.98977453062327,0.9999988537395181,0.9999987719090451,1,M,10,1,1
aff11_wu100k_m128_seed1,11,11,y,87,233.94755276513735,0.9999997189385146,0.9999986780962735,1,M,10,1,1
aff11_wu100k_m128_seed1,11,11,y,88,189.41951376785536,0.999998500515368,0.9999986920996191,1,M,10,1,1
aff11_wu100k_m128_seed1,11,11,y,89,208.17633916442816,0.9999995688864012,0.9999985953182879,1,M,10,1,1
aff11_wu100k_m128_seed1,11,11,y,90,228.17640440636154,0.999999664658845,0.9999988069024027,1,M,10,1,1
aff11_wu100k_m128_seed1,11,11,y,91,177.38178804139,0.9999991033282584,0.9999983590985739,1,M,10,1,1
aff11_wu100k_m128_seed1,11,11,y,92,248.50209160963638,0.999999746112943,0.9999986781121123,1,M,10,1,1
aff11_wu100k_m128_seed1,11,11,y,93,232.32322462441738,0.9999992377837947,0.9999986662280749,1,M,10,1,1
aff11_wu100k_m128_seed1,11,11,y,94,141.79925275486812,0.9999996434169215,0.9999983284106472,1,M,10,1,1
aff11_wu100k_m128_seed1,11,11,y,95,112.95156931704703,0.9999988785689801,0.9999975851355436,1,M,10,1,1
aff11_wu100k_m128_seed1,11,11,y,96,211.5639104837837,0.9999996945972742,0.9999983787027935,1,M,10,1,1
aff11_wu100k_m128_seed1,11,11,y,97,175.12415690460222,0.999998029825063,0.9999985820533013,1,M,10,1,1
aff11_wu100k_m128_seed1,11,11,y,98,124.3509177981645,0.9999993890132756,0.9999986331827398,1,M,10,1,1
aff11_wu100k_m128_seed1,11,11,y,99,216.69595511189846,0.9999995200026076,0.9999977437914273,1,M,10,1,1
aff11_wu100k_m128_seed1,11,11,y,100,193.47733831644913,0.9999993261351758,0.9999983698353635,1,M,10,1,1
aff11_wu100k_m128_seed1,11,11,y,101,167.48938442173696,0.9999986913393819,0.9999985847109824,1,M,10,1,1
aff11_wu100k_m128_seed1,11,11,y,102,181.79776876180605,0.9999996575285585,0.9999983120996861,1,M,10,1,1
aff11_wu100k_m128_seed1,11,11,y,103,210.84082218917337,0.9999994158746416,0.9999985870302603,1,M,10,1,1
aff11_wu100k_m128_seed1,11,11,y,104,187.56561182256857,0.9999994312543645,0.9999987086967852,1,M,10,1,1
aff11_wu100k_m128_seed1,11,11,y,106,157.77344441351747,0.9999990342701107,0.9999986243314112,1,M,10,1,1
aff11_wu100k_m128_seed1,11,11,y,107,196.77942292901338,0.9999993696180239,0.9999976721929338,1,M,10,1,1
aff11_wu100k_m128_seed1,11,11,y,108,155.1323379387321,0.9999990623997975,0.9999977298759473,1,M,10,1,1
aff11_wu100k_m128_seed1,11,11,y,109,131.2440314309875,0.9999990258074786,0.9999983274500985,1,M,10,1,1
aff11_wu100k_m128_seed1,11,11,y,110,228.94907318411762,0.9999995481222621,0.9999987189935332,1,M,10,1,1
aff11_wu100k_m128_seed1,11,11,y,112,228.82637816541705,0.9999999265825947,0.9999987807591653,1,M,10,1,1
aff11_wu100k_m128_seed1,11,11,y,113,233.7945318369606,0.9999997149025966,0.9999985633713774,1,M,10,1,1
aff11_wu100k_m128_seed1,11,11,y,114,239.85607149759338,0.999999621950463,0.9999987182093378,1,M,10,1,1
aff11_wu100k_m128_seed1,11,11,y,115,186.46986405096808,0.999999284569166,0.9999975960716655,1,M,10,1,1
aff11_wu100k_m128_seed1,11,11,y,116,241.7928002201004,0.9999996377866892,0.9999986516662862,1,M,10,1,1
aff11_wu100k_m128_seed1,11,11,y,117,215.04794562676375,0.9999997719560179,0.9999986881591699,1,M,10,1,1
aff11_wu100k_m128_seed1,11,11,y,118,199.92748632637114,0.9999987117904924,0.9999987151711108,1,M,10,1,1
aff11_wu100k_m128_seed1,11,11,y,119,177.8420718693374,0.9999994342112412,0.9999986974234002,1,M,10,1,1
aff11_wu100k_m128_seed1,11,11,y,120,169.6910297351648,0.9999995025772209,0.9999987314595358,1,M,10,1,1
aff11_wu100k_m128_seed1,11,11,y,121,120.54990912274228,0.9999990913569472,0.9999987935061986,1,M,10,1,1
aff11_wu100k_m128_seed1,11,11,y,122,212.30913836005973,0.9999992746895661,0.9999985377285326,1,M,10,1,1
aff11_wu100k_m128_seed1,11,11,y,123,172.22042153725133,0.9999994392329877,0.9999987148229128,1,M,10,1,1
aff11_wu100k_m128_seed1,11,11,y,124,225.74404146284473,0.9999992595212248,0.9999985511354553,1,M,10,1,1
aff11_wu100k_m128_seed1,11,11,y,125,151.5469478274209,0.9999993875904191,0.99999835544396,1,M,10,1,1
aff11_wu100k_m128_seed1,11,11,y,126,168.44021733683047,0.999999665814926,0.9999985614384337,1,M,10,1,1
aff11_wu100k_m128_seed1,11,11,y,127,236.2033422712388,0.999999926710586,0.99999871748703,1,M,10,1,1
aff15_wu_m128_seed1,15,5,x,2,46.962254323151605,0.999989108885068,0.9999996117368591,1,I,6,M,24
aff15_wu_m128_seed1,15,5,x,7,445.49458179518,0.9999939066340697,0.9999993469023511,1,I,6,M,24
aff15_wu_m128_seed1,15,5,x,11,443.340684409764,0.9999941421720707,0.9999996047827845,1,I,6,M,24
aff15_wu_m128_seed1,15,5,x,13,444.8325901635589,0.9999941032364291,0.9999995775438839,1,I,6,M,24
aff15_wu_m128_seed1,15,5,x,18,47.64575482369449,0.9999816785052309,0.999999583614078,1,I,6,M,24
aff15_wu_m128_seed1,15,5,x,19,440.43515754484315,0.999993430673067,0.9999995631774266,1,I,6,M,24
aff15_wu_m128_seed1,15,5,x,23,61.42440176047983,0.9999857220351611,0.9999995950091233,1,I,6,M,24
aff15_wu_m128_seed1,15,5,x,28,58.41217991778134,0.9999940768852913,0.9999995691514656,1,I,6,M,24
aff15_wu_m128_seed1,15,5,x,30,55.36660987089281,0.9999900898512619,0.9999996045151089,1,I,6,M,24
aff15_wu_m128_seed1,15,5,x,31,53.81091838193954,0.999993522490185,0.9999995477343558,1,I,6,M,24
aff15_wu_m128_seed1,15,5,x,33,42.57682148096755,0.9999819692380827,0.9999993008401842,1,I,6,M,24
aff15_wu_m128_seed1,15,5,x,35,0.0014047482514631076,0.9664086512764603,0.9999983897576801,1,I,6,I,6
aff15_wu_m128_seed1,15,5,x,36,5.294185979839166e-05,0.9493645182956285,0.9999904468246887,1,I,6,I,6
aff15_wu_m128_seed1,15,5,x,37,444.0959544042617,0.9999931498052733,0.999999605114386,1,I,6,M,24
aff15_wu_m128_seed1,15,5,x,38,446.17231857615786,0.999994053124157,0.9999995695580581,1,I,6,M,24
aff15_wu_m128_seed1,15,5,x,41,0.0008299928678258926,0.9883162208069621,0.9999989556329599,1,I,6,I,6
aff15_wu_m128_seed1,15,5,x,43,60.20437864967474,0.9999925160819493,0.999999574751803,1,I,6,M,24
aff15_wu_m128_seed1,15,5,x,44,49.04852278929329,0.9999879942528479,0.9999995461114252,1,I,6,M,24
aff15_wu_m128_seed1,15,5,x,51,51.33859126907863,0.9999863469202374,0.9999995367593605,1,I,6,M,24
aff15_wu_m128_seed1,15,5,x,56,54.506064306115015,0.9999924471951271,0.9999995946917676,1,I,6,M,24
aff15_wu_m128_seed1,15,5,x,57,449.98338778740214,0.9999942328746195,0.9999995768110037,1,I,6,M,24
aff15_wu_m128_seed1,15,5,x,58,441.7039260703104,0.9999926530561716,0.9999995740252823,1,I,6,M,24
aff15_wu_m128_seed1,15,5,x,59,440.32145539685644,0.9999917033220619,0.9999996024837566,1,I,6,M,24
aff15_wu_m128_seed1,15,5,x,60,57.94671346252328,0.9999869087145314,0.9999995693357516,1,I,6,M,24
aff15_wu_m128_seed1,15,5,x,62,47.77806205075771,0.9999816293532007,0.9999996143586722,1,I,6,M,24
aff15_wu_m128_seed1,15,5,x,64,445.7462193436088,0.9999944053323767,0.9999995916335165,1,I,6,M,24
aff15_wu_m128_seed1,15,5,x,65,50.43757637558592,0.9999903225909196,0.9999993046889811,1,I,6,M,24
aff15_wu_m128_seed1,15,5,x,68,55.83622252068654,0.9999936965796757,0.9999995846863242,1,I,6,M,24
aff15_wu_m128_seed1,15,5,x,69,337.96288228666424,0.9999957691241448,0.9999995839591705,1,I,6,M,24
aff15_wu_m128_seed1,15,5,x,71,50.84639907327009,0.9999813457805247,0.999999590774629,1,I,6,M,24
aff15_wu_m128_seed1,15,5,x,72,445.5052772964978,0.9999946461855383,0.9999995629449944,1,I,6,M,24
aff15_wu_m128_seed1,15,5,x,77,56.62142151298497,0.9999909278150783,0.9999993254327684,1,I,6,M,24
aff15_wu_m128_seed1,15,5,x,79,50.560467716258565,0.9999880670397258,0.9999995487442445,1,I,6,M,24
aff15_wu_m128_seed1,15,5,x,82,451.95464306909935,0.9999937380706866,0.999999581657622,1,I,6,M,24
aff15_wu_m128_seed1,15,5,x,84,449.12730507666964,0.9999941802876168,0.9999993269590222,1,I,6,M,24
aff15_wu_m128_seed1,15,5,x,97,60.67099534682375,0.9999870798076858,0.9999995964932527,1,I,6,M,24
aff15_wu_m128_seed1,15,5,x,98,50.6385425057996,0.9999925429345922,0.9999993084116515,1,I,6,M,24
aff15_wu_m128_seed1,15,5,x,99,448.78285653145815,0.9999937354745285,0.9999993479773124,1,I,6,M,24
aff15_wu_m128_seed1,15,5,x,100,443.56797398517773,0.9999947790183046,0.9999995688899265,1,I,6,M,24
aff15_wu_m128_seed1,15,5,x,101,56.12897572488549,0.9999875458241743,0.9999992979949639,1,I,6,M,24
aff15_wu_m128_seed1,15,5,x,102,443.51681124856196,0.9999940522427898,0.9999995646585431,1,I,6,M,24
aff15_wu_m128_seed1,15,5,x,104,0.0002509665036599129,0.9343028332917082,0.9999986598689271,1,I,6,I,6
aff15_wu_m128_seed1,15,5,x,106,440.6438143366439,0.9999928577213003,0.9999995721702353,1,I,6,M,24
aff15_wu_m128_seed1,15,5,x,107,443.4437919833872,0.9999953665218702,0.9999995743980058,1,I,6,M,24
aff15_wu_m128_seed1,15,5,x,109,442.5739045890095,0.9999953698753816,0.9999995795013824,1,I,6,M,24
aff15_wu_m128_seed1,15,5,x,110,108.97322109863633,0.9999916266783226,0.9999995863569808,1,I,6,M,24
aff15_wu_m128_seed1,15,5,x,112,445.47993944087796,0.9999943428473842,0.9999993475984666,1,I,6,M,24
aff15_wu_m128_seed1,15,5,x,114,443.28063238154186,0.9999928770402365,0.9999995780361135,1,I,6,M,24
aff15_wu_m128_seed1,15,5,x,115,47.290966440930006,0.9999919117949311,0.9999995756663047,1,I,6,M,24
aff15_wu_m128_seed1,15,5,x,116,53.170262152199,0.9999882011464621,0.9999995900228442,1,I,6,M,24
aff15_wu_m128_seed1,15,5,x,119,443.7208139676884,0.9999943754428313,0.9999995539633046,1,I,6,M,24
aff15_wu_m128_seed1,15,5,x,120,442.7466225211369,0.9999929144458016,0.9999995962601207,1,I,6,M,24
aff15_wu_m128_seed1,15,5,x,124,58.91501951639697,0.9999849441325878,0.9999995913694241,1,I,6,M,24
aff15_wu_m128_seed1,15,5,x,125,447.58777102175446,0.999994254187943,0.9999993319267386,1,I,6,M,24
aff15_wu_m128_seed1,15,5,y,2,46.46793790443036,0.9999797014589378,0.9999996907064608,1,M,24,I,6
aff15_wu_m128_seed1,15,5,y,7,441.6747494875869,0.9999940049790116,0.9999994837542697,1,M,24,I,6
aff15_wu_m128_seed1,15,5,y,11,439.2125270492938,0.9999942128873658,0.999999326282266,1,M,24,I,6
aff15_wu_m128_seed1,15,5,y,13,441.023374240888,0.9999941556767374,0.9999993436317696,1,M,24,I,6
aff15_wu_m128_seed1,15,5,y,16,0.0014168731210062672,0.9420252762096891,0.9999994923229296,1,I,6,I,6
aff15_wu_m128_seed1,15,5,y,18,46.548970435335875,0.9999730356857092,0.9999996188187051,1,M,24,I,6
aff15_wu_m128_seed1,15,5,y,19,435.89812978676,0.9999943886974908,0.9999994918529247,1,M,24,I,6
aff15_wu_m128_seed1,15,5,y,23,61.24676649469233,0.9999916747373485,0.9999996862577142,1,M,24,I,6
aff15_wu_m128_seed1,15,5,y,28,57.27483565609223,0.9999912702992293,0.9999992168721579,1,M,24,I,6
aff15_wu_m128_seed1,15,5,y,30,55.09199115888319,0.9999880174112209,0.9999996029709874,1,M,24,I,6
aff15_wu_m128_seed1,15,5,y,31,52.795962571529664,0.9999750962827254,0.9999996076550766,1,M,24,I,6
aff15_wu_m128_seed1,15,5,y,33,42.2434032590873,0.9999837406056289,0.9999992974697705,1,M,24,I,6
aff15_wu_m128_seed1,15,5,y,35,0.0018594729545226985,0.9044391327923604,0.9999990243866896,1,I,6,I,6
aff15_wu_m128_seed1,15,5,y,37,440.72226413727276,0.9999931172261524,0.9999996922092568,1,M,24,I,6
aff15_wu_m128_seed1,15,5,y,38,441.46621612588814,0.9999947926192846,0.9999992130088551,1,M,24,I,6
aff15_wu_m128_seed1,15,5,y,43,59.19995591821126,0.9999928631042239,0.9999992308956352,1,M,24,I,6
aff15_wu_m128_seed1,15,5,y,44,48.28240951946273,0.9999895140938491,0.9999995264432832,1,M,24,I,6
aff15_wu_m128_seed1,15,5,y,51,50.059298688024626,0.9999778687987715,0.9999993183301611,1,M,24,I,6
aff15_wu_m128_seed1,15,5,y,54,0.0018906406717236932,0.9394568459685108,0.9999994571510517,1,I,6,I,6
aff15_wu_m128_seed1,15,5,y,56,54.46968019673585,0.9999865794291005,0.9999991857184334,1,M,24,I,6
aff15_wu_m128_seed1,15,5,y,57,446.1809178033172,0.9999931725689476,0.999999338459276,1,M,24,I,6
aff15_wu_m128_seed1,15,5,y,58,437.50078134183843,0.9999936715746819,0.9999996047153458,1,M,24,I,6
aff15_wu_m128_seed1,15,5,y,59,435.5616454718351,0.9999927242207841,0.9999996031703077,1,M,24,I,6
aff15_wu_m128_seed1,15,5,y,60,56.94730685698814,0.9999886189669438,0.9999997055125169,1,M,24,I,6
aff15_wu_m128_seed1,15,5,y,62,47.3841298026685,0.9999905971842177,0.9999992203676448,1,M,24,I,6
aff15_wu_m128_seed1,15,5,y,64,441.05803724179583,0.9999933571126093,0.9999994888516729,1,M,24,I,6
aff15_wu_m128_seed1,15,5,y,65,49.5740109910963,0.9999856590553882,0.9999992344350699,1,M,24,I,6
aff15_wu_m128_seed1,15,5,y,68,54.98527370372669,0.9999903357918941,0.999999670478543,1,M,24,I,6
aff15_wu_m128_seed1,15,5,y,69,333.20196090251795,0.9999943582338352,0.999999221118044,1,M,24,I,6
aff15_wu_m128_seed1,15,5,y,71,50.074556652722855,0.9999785068749186,0.9999995427820056,1,M,24,I,6
aff15_wu_m128_seed1,15,5,y,72,440.7011900250354,0.9999952090917648,0.9999992254336157,1,M,24,I,6
aff15_wu_m128_seed1,15,5,y,77,56.71101044115799,0.9999950456858582,0.9999996869104856,1,M,24,I,6
aff15_wu_m128_seed1,15,5,y,78,0.00015780234245900022,0.9183530327455419,0.9999988128098224,1,I,6,I,6
aff15_wu_m128_seed1,15,5,y,79,49.532744513750295,0.9999874278919721,0.9999995398955545,1,M,24,I,6
aff15_wu_m128_seed1,15,5,y,82,446.96047731480314,0.9999946684563814,0.9999993339312879,1,M,24,I,6
aff15_wu_m128_seed1,15,5,y,84,444.85442911537405,0.9999934498851539,0.9999996815792758,1,M,24,I,6
aff15_wu_m128_seed1,15,5,y,94,0.0007585958295271249,0.9682883722624159,0.9999990676735331,1,I,6,I,6
aff15_wu_m128_seed1,15,5,y,97,59.86988696852279,0.9999888777379135,0.9999993646260384,1,M,24,I,6
aff15_wu_m128_seed1,15,5,y,98,49.63575950044792,0.9999915769816714,0.999999540869081,1,M,24,I,6
aff15_wu_m128_seed1,15,5,y,99,444.8317322082176,0.9999943830690308,0.9999993260665531,1,M,24,I,6
aff15_wu_m128_seed1,15,5,y,100,439.29265317180324,0.9999936372058602,0.9999996843302833,1,M,24,I,6
aff15_wu_m128_seed1,15,5,y,101,55.142825072720704,0.9999890569696754,0.9999996103794075,1,M,24,I,6
aff15_wu_m128_seed1,15,5,y,102,438.82443676117686,0.9999936027680805,0.9999996805833011,1,M,24,I,6
aff15_wu_m128_seed1,15,5,y,106,436.5129171845714,0.9999937796567416,0.9999995021389132,1,M,24,I,6
aff15_wu_m128_seed1,15,5,y,107,438.3616172817222,0.9999939657362422,0.9999996958405968,1,M,24,I,6
aff15_wu_m128_seed1,15,5,y,109,436.8317648893938,0.9999935975223473,0.999999611124383,1,M,24,I,6
aff15_wu_m128_seed1,15,5,y,110,107.9036023360114,0.9999902261930513,0.9999992500174412,1,M,24,I,6
aff15_wu_m128_seed1,15,5,y,112,440.55599131110523,0.9999953045481251,0.999999227713222,1,M,24,I,6
aff15_wu_m128_seed1,15,5,y,114,437.9666610184536,0.9999955691679833,0.9999994909371718,1,M,24,I,6
aff15_wu_m128_seed1,15,5,y,115,46.15632160345472,0.9999848045606501,0.9999993280757661,1,M,24,I,6
aff15_wu_m128_seed1,15,5,y,116,52.82196080997473,0.9999914084012788,0.9999995992476409,1,M,24,I,6
aff15_wu_m128_seed1,15,5,y,119,439.0095165397158,0.9999937991439664,0.9999996145394596,1,M,24,I,6
aff15_wu_m128_seed1,15,5,y,120,437.99567999739634,0.9999938896870517,0.9999992205440501,1,M,24,I,6
aff15_wu_m128_seed1,15,5,y,124,58.41045539273818,0.9999908381889177,0.9999993239408216,1,M,24,I,6
aff15_wu_m128_seed1,15,5,y,125,443.28026507205436,0.9999927342299492,0.999999598102147,1,M,24,I,6
aff15_wu_m128_seed3,15,5,x,0,442.01184035894266,0.9999920141104771,0.9999992704061403,1,I,6,M,24
aff15_wu_m128_seed3,15,5,x,2,53.79514776748825,0.9999788911299702,0.9999993978345528,1,I,6,M,24
aff15_wu_m128_seed3,15,5,x,3,62.3794599506283,0.999986302949654,0.9999993515015042,1,I,6,M,24
aff15_wu_m128_seed3,15,5,x,4,444.27096902104284,0.9999921752238661,0.9999993940084886,1,I,6,M,24
aff15_wu_m128_seed3,15,5,x,6,452.1842022611204,0.999989034335737,0.9999994151273838,1,I,6,M,24
aff15_wu_m128_seed3,15,5,x,9,440.9763758273182,0.9999893186223056,0.9999994062471986,1,I,6,M,24
aff15_wu_m128_seed3,15,5,x,13,449.8399949580294,0.9999901436746201,0.9999993485125228,1,I,6,M,24
aff15_wu_m128_seed3,15,5,x,17,446.98853664314424,0.9999915183773675,0.999999536053297,1,I,6,M,24
aff15_wu_m128_seed3,15,5,x,18,64.26006636218457,0.9999917939159032,0.9999993924363835,1,I,6,M,24
aff15_wu_m128_seed3,15,5,x,20,446.91501117169474,0.9999891914286713,0.9999993449234658,1,I,6,M,24
aff15_wu_m128_seed3,15,5,x,24,58.847065895020435,0.9999867325106359,0.9999994469098616,1,I,6,M,24
aff15_wu_m128_seed3,15,5,x,26,0.0008395940176682786,0.929646448385795,0.9999995947723904,1,I,6,I,6
aff15_wu_m128_seed3,15,5,x,28,449.60424346315943,0.9999906876811494,0.9999995398356072,1,I,6,M,24
aff15_wu_m128_seed3,15,5,x,29,53.94763816742082,0.9999624797665296,0.9999995507614727,1,I,6,M,24
aff15_wu_m128_seed3,15,5,x,30,55.8180033762689,0.9999887091896759,0.9999993682887386,1,I,6,M,24
aff15_wu_m128_seed3,15,5,x,33,64.23535605238865,0.9999869129754372,0.999999281489085,1,I,6,M,24
aff15_wu_m128_seed3,15,5,x,39,57.44845553844316,0.9999732209050014,0.9999995483551903,1,I,6,M,24
aff15_wu_m128_seed3,15,5,x,42,445.2723083320861,0.9999935714794843,0.9999994003349558,1,I,6,M,24
aff15_wu_m128_seed3,15,5,x,43,66.73888079102285,0.999976639791574,0.9999993740005761,1,I,6,M,24
aff15_wu_m128_seed3,15,5,x,44,451.82188958611493,0.9999924585333168,0.9999995419232579,1,I,6,M,24
aff15_wu_m128_seed3,15,5,x,49,456.88650799830833,0.999989349721782,0.9999994253838687,1,I,6,M,24
aff15_wu_m128_seed3,15,5,x,50,440.312094403113,0.999991971363762,0.9999992673935758,1,I,6,M,24
aff15_wu_m128_seed3,15,5,x,54,448.11791015093235,0.9999929742565052,0.9999993497627065,1,I,6,M,24
aff15_wu_m128_seed3,15,5,x,60,444.57698187781574,0.9999923407330524,0.9999995448120524,1,I,6,M,24
aff15_wu_m128_seed3,15,5,x,63,448.38493933243114,0.9999938873937473,0.9999994070660447,1,I,6,M,24
aff15_wu_m128_seed3,15,5,x,64,449.85880528078025,0.999993064419864,0.9999993492795453,1,I,6,M,24
aff15_wu_m128_seed3,15,5,x,66,61.921713567127654,0.9999861703608103,0.9999993464899976,1,I,6,M,24
aff15_wu_m128_seed3,15,5,x,74,0.0003355031559868394,0.9397727788326251,0.9999986056427917,1,I,6,I,6
aff15_wu_m128_seed3,15,5,x,78,57.86940323598947,0.9999800903070972,0.9999993692378291,1,I,6,M,24
aff15_wu_m128_seed3,15,5,x,79,55.05066362496521,0.9999902995729711,0.9999992980563108,1,I,6,M,24
aff15_wu_m128_seed3,15,5,x,81,436.2384324985972,0.9999895448579874,0.9999992710449443,1,I,6,M,24
aff15_wu_m128_seed3,15,5,x,84,447.69902545535604,0.9999905590465149,0.999999539012912,1,I,6,M,24
aff15_wu_m128_seed3,15,5,x,85,0.0026247022897082756,0.9141615628038828,0.999998611842319,1,I,6,I,6
aff15_wu_m128_seed3,15,5,x,86,58.92004502486454,0.9999861245374857,0.9999995529142575,1,I,6,M,24
aff15_wu_m128_seed3,15,5,x,89,451.7097680103979,0.9999878744378257,0.9999994136141405,1,I,6,M,24
aff15_wu_m128_seed3,15,5,x,91,448.4837275664093,0.9999917453974788,0.999999279041671,1,I,6,M,24
aff15_wu_m128_seed3,15,5,x,92,63.29780748898814,0.9999866282766325,0.9999995677371591,1,I,6,M,24
aff15_wu_m128_seed3,15,5,x,94,454.8640171016511,0.99999045486495,0.9999994207626955,1,I,6,M,24
aff15_wu_m128_seed3,15,5,x,97,52.90240628220453,0.9999812930214157,0.9999992814189121,1,I,6,M,24
aff15_wu_m128_seed3,15,5,x,99,56.094633727899065,0.9999849993267234,0.9999993388126046,1,I,6,M,24
aff15_wu_m128_seed3,15,5,x,100,60.18526679078676,0.999984257570057,0.9999993953032786,1,I,6,M,24
aff15_wu_m128_seed3,15,5,x,102,442.388260880725,0.9999928916956028,0.9999993567535231,1,I,6,M,24
aff15_wu_m128_seed3,15,5,x,103,0.0006201938646276873,0.9073094663621304,0.9999996207388367,1,I,6,I,6
aff15_wu_m128_seed3,15,5,x,105,58.12171170069919,0.9999779448973771,0.9999994028554837,1,I,6,M,24
aff15_wu_m128_seed3,15,5,x,107,52.8939580936213,0.9999877661891898,0.9999994414211162,1,I,6,M,24
aff15_wu_m128_seed3,15,5,x,110,56.87316318368026,0.9999877068438906,0.9999992475521576,1,I,6,M,24
aff15_wu_m128_seed3,15,5,x,111,54.693219862755335,0.9999847856748848,0.9999994321294816,1,I,6,M,24
aff15_wu_m128_seed3,15,5,x,113,64.04429622227114,0.9999836288920114,0.9999993873811938,1,I,6,M,24
aff15_wu_m128_seed3,15,5,x,115,447.8931462744941,0.9999907687950359,0.9999994134980601,1,I,6,M,24
aff15_wu_m128_seed3,15,5,x,116,452.3077503087746,0.9999941285396228,0.9999993968662094,1,I,6,M,24
aff15_wu_m128_seed3,15,5,x,120,48.44659519727991,0.9999683537615547,0.9999995408428185,1,I,6,M,24
aff15_wu_m128_seed3,15,5,x,121,445.448817418066,0.9999912144135449,0.9999992818458248,1,I,6,M,24
aff15_wu_m128_seed3,15,5,x,122,58.68302349889906,0.9999853064693043,0.9999994143242349,1,I,6,M,24
aff15_wu_m128_seed3,15,5,x,123,0.0008900531809862839,0.9353203103643105,0.9999993305329011,1,I,6,I,6
aff15_wu_m128_seed3,15,5,y,0,446.0431695588309,0.9999926709397654,0.9999997896128371,1,M,24,I,6
aff15_wu_m128_seed3,15,5,y,2,54.55785699860914,0.999987367301014,0.9999997723502173,1,M,24,I,6
aff15_wu_m128_seed3,15,5,y,3,63.429855813184155,0.9999867907097747,0.9999997713891893,1,M,24,I,6
aff15_wu_m128_seed3,15,5,y,4,446.7894996185906,0.9999939404890265,0.999999416097289,1,M,24,I,6
aff15_wu_m128_seed3,15,5,y,6,455.18891783267975,0.9999883219687989,0.9999997883876902,1,M,24,I,6
aff15_wu_m128_seed3,15,5,y,9,443.15804456833723,0.9999908620051957,0.9999989693851215,1,M,24,I,6
aff15_wu_m128_seed3,15,5,y,13,451.5824574037622,0.9999929380820719,0.999999418559193,1,M,24,I,6
aff15_wu_m128_seed3,15,5,y,17,449.09427828256986,0.9999911843307939,0.9999997917607917,1,M,24,I,6
aff15_wu_m128_seed3,15,5,y,18,65.67797398509225,0.9999850952143312,0.999998940365372,1,M,24,I,6
aff15_wu_m128_seed3,15,5,y,20,451.02009820875276,0.9999917740021781,0.9999997928422826,1,M,24,I,6
aff15_wu_m128_seed3,15,5,y,21,9.172932831294839e-05,0.9080713797429744,0.9999983198579185,1,I,6,I,6
aff15_wu_m128_seed3,15,5,y,24,59.608436526472566,0.9999905738277799,0.9999991454369421,1,M,24,I,6
aff15_wu_m128_seed3,15,5,y,28,451.9184728972914,0.9999938585204979,0.9999991416450058,1,M,24,I,6
aff15_wu_m128_seed3,15,5,y,29,54.33255471508621,0.9999891333992409,0.9999997939839967,1,M,24,I,6
aff15_wu_m128_seed3,15,5,y,30,56.64344951068257,0.9999881449730567,0.9999991181870687,1,M,24,I,6
aff15_wu_m128_seed3,15,5,y,33,65.53851187024121,0.9999899892636862,0.9999994164977581,1,M,24,I,6
aff15_wu_m128_seed3,15,5,y,35,4.522318377907859e-05,0.9140260408170723,0.9999912406118617,1,I,6,I,6
aff15_wu_m128_seed3,15,5,y,39,57.95652852930439,0.999992962403469,0.9999994316968152,1,M,24,I,6
aff15_wu_m128_seed3,15,5,y,42,448.00907360314903,0.9999929407296184,0.9999991444418124,1,M,24,I,6
aff15_wu_m128_seed3,15,5,y,43,67.37540694622987,0.9999900086592725,0.9999994147012754,1,M,24,I,6
aff15_wu_m128_seed3,15,5,y,44,452.1796821736688,0.9999919249036159,0.9999990076921751,1,M,24,I,6
aff15_wu_m128_seed3,15,5,y,49,459.7770196187707,0.999992095276676,0.9999989942742469,1,M,24,I,6
aff15_wu_m128_seed3,15,5,y,50,444.80952619054534,0.999992955513401,0.9999991455712718,1,M,24,I,6
aff15_wu_m128_seed3,15,5,y,54,449.54203567844735,0.9999927659530183,0.9999989750721462,1,M,24,I,6
aff15_wu_m128_seed3,15,5,y,60,446.0954948554223,0.9999929876062603,0.9999989674618802,1,M,24,I,6
aff15_wu_m128_seed3,15,5,y,63,449.8560589735708,0.9999920305213441,0.9999990080008337,1,M,24,I,6
aff15_wu_m128_seed3,15,5,y,64,450.87434826568455,0.9999917578124593,0.9999990100738626,1,M,24,I,6
aff15_wu_m128_seed3,15,5,y,66,61.861134768669366,0.9999891137017533,0.9999989823170033,1,M,24,I,6
aff15_wu_m128_seed3,15,5,y,78,59.079228274873884,0.9999928934047657,0.999999775534204,1,M,24,I,6
aff15_wu_m128_seed3,15,5,y,79,56.145241984111436,0.9999913887555503,0.9999990089027587,1,M,24,I,6
aff15_wu_m128_seed3,15,5,y,80,0.0033518265487189865,0.9853940438277594,0.9999991244640405,1,I,6,I,6
aff15_wu_m128_seed3,15,5,y,81,440.20811001025567,0.999994042308356,0.9999994179920442,1,M,24,I,6
aff15_wu_m128_seed3,15,5,y,84,450.24353387042487,0.9999889227334121,0.9999994227528667,1,M,24,I,6
aff15_wu_m128_seed3,15,5,y,85,0.0015009268111349405,0.9380067789980208,0.9999984165915485,1,I,6,I,6
aff15_wu_m128_seed3,15,5,y,86,59.372885604740404,0.9999865040897749,0.9999989863008669,1,M,24,I,6
aff15_wu_m128_seed3,15,5,y,89,454.2795354362563,0.9999890162899645,0.9999989670988777,1,M,24,I,6
aff15_wu_m128_seed3,15,5,y,91,450.8306282203167,0.9999902895853938,0.9999990159222703,1,M,24,I,6
aff15_wu_m128_seed3,15,5,y,92,62.54950779613104,0.999989268549265,0.9999989926872397,1,M,24,I,6
aff15_wu_m128_seed3,15,5,y,94,458.6504720108112,0.9999935947780618,0.9999994184980957,1,M,24,I,6
aff15_wu_m128_seed3,15,5,y,97,53.43335252676899,0.9999616924391661,0.9999989488797302,1,M,24,I,6
aff15_wu_m128_seed3,15,5,y,99,56.10210784782996,0.9999874637090306,0.9999990321933659,1,M,24,I,6
aff15_wu_m128_seed3,15,5,y,100,60.971005350492085,0.9999909071921043,0.9999993993720097,1,M,24,I,6
aff15_wu_m128_seed3,15,5,y,102,444.2721073190275,0.9999909652601668,0.9999991584209534,1,M,24,I,6
aff15_wu_m128_seed3,15,5,y,105,59.162131192815664,0.999992847700532,0.9999994432814918,1,M,24,I,6
aff15_wu_m128_seed3,15,5,y,107,53.58122875241804,0.9999875921836648,0.9999989435382236,1,M,24,I,6
aff15_wu_m128_seed3,15,5,y,108,8.991556431319751e-05,0.916294354818744,0.9999950786749554,1,I,6,I,6
aff15_wu_m128_seed3,15,5,y,110,57.075392444089374,0.9999916658523983,0.9999998086285556,1,M,24,I,6
aff15_wu_m128_seed3,15,5,y,111,54.894858539099204,0.9999917996381065,0.9999991618250232,1,M,24,I,6
aff15_wu_m128_seed3,15,5,y,113,64.66388473766018,0.9999872323319787,0.999998993033421,1,M,24,I,6
aff15_wu_m128_seed3,15,5,y,115,451.3062077889598,0.99999311899548,0.999999157789031,1,M,24,I,6
aff15_wu_m128_seed3,15,5,y,116,455.4127214468611,0.9999928699125223,0.9999997958280976,1,M,24,I,6
aff15_wu_m128_seed3,15,5,y,120,49.063771885928844,0.999985774782979,0.9999991242447103,1,M,24,I,6
aff15_wu_m128_seed3,15,5,y,121,449.80586132970035,0.9999926395472574,0.9999989519057609,1,M,24,I,6
aff15_wu_m128_seed3,15,5,y,122,59.29635303688526,0.9999823982779579,0.9999989711004277,1,M,24,I,6
aff15_wu_m128_seed3,15,5,y,127,0.0010361953336091487,0.9265425600868789,0.9999999186866084,1,I,6,I,6
aff15_wu_m512_seed1,15,5,x,0,236.71783224008897,0.9999963519444,0.9999997305089656,1,I,6,M,24
aff15_wu_m512_seed1,15,5,x,4,223.5009599696657,0.999996230611791,0.9999997324099976,1,I,6,M,24
aff15_wu_m512_seed1,15,5,x,6,235.4812370815011,0.999995772591116,0.9999998403994423,1,I,6,M,24
aff15_wu_m512_seed1,15,5,x,12,225.2155458131737,0.9999967370544133,0.9999999071535326,1,I,6,M,24
aff15_wu_m512_seed1,15,5,x,17,227.95993239899127,0.9999958981295946,0.9999998379459278,1,I,6,M,24
aff15_wu_m512_seed1,15,5,x,32,0.0015356843934066758,0.9725534422534143,0.9999991712707866,1,I,6,I,6
aff15_wu_m512_seed1,15,5,x,40,229.1218289508266,0.9999951946251154,0.9999997807723463,1,I,6,M,24
aff15_wu_m512_seed1,15,5,x,41,0.0020410335327267735,0.9456339602518666,0.9999997110446331,1,I,6,I,6
aff15_wu_m512_seed1,15,5,x,43,229.76334474010437,0.999996242037767,0.9999996548838841,1,I,6,M,24
aff15_wu_m512_seed1,15,5,x,51,0.0006431458704263198,0.9400702606114992,0.9999994943504698,1,I,6,I,6
aff15_wu_m512_seed1,15,5,x,56,0.00011215858471216171,0.9676559583383212,0.9999980989697175,1,I,6,I,6
aff15_wu_m512_seed1,15,5,x,59,0.000736974248584771,0.9456303127814373,0.9999990732335305,1,I,6,I,6
aff15_wu_m512_seed1,15,5,x,61,239.24203733024865,0.9999950044926599,0.9999997694660342,1,I,6,M,24
aff15_wu_m512_seed1,15,5,x,67,223.39968193121524,0.9999960221593643,0.9999997664250615,1,I,6,M,24
aff15_wu_m512_seed1,15,5,x,70,0.000606810309815201,0.9286525251431481,0.9999992707306968,1,I,6,I,6
aff15_wu_m512_seed1,15,5,x,79,221.43713349553764,0.9999943002425684,0.9999996527997926,1,I,6,M,24
aff15_wu_m512_seed1,15,5,x,83,234.97308309587194,0.9999956689214178,0.9999998355388923,1,I,6,M,24
aff15_wu_m512_seed1,15,5,x,94,0.0010158535482597006,0.927791735978196,0.99999976528831,1,I,6,I,6
aff15_wu_m512_seed1,15,5,x,102,240.40076228294032,0.9999919381695246,0.9999996482732082,1,I,6,M,24
aff15_wu_m512_seed1,15,5,x,106,0.0008301546125658039,0.9754517301777507,0.9999992605486613,1,I,6,I,6
aff15_wu_m512_seed1,15,5,x,111,225.6572590316294,0.9999942732586475,0.9999997275388622,1,I,6,M,24
aff15_wu_m512_seed1,15,5,x,119,226.05426626944916,0.9999939617318391,0.9999998946297831,1,I,6,M,24
aff15_wu_m512_seed1,15,5,x,120,0.01065293672159413,0.98533327998537,0.9999996144944571,1,I,6,I,6
aff15_wu_m512_seed1,15,5,x,125,0.002182565755398514,0.9212906644371287,0.9999998397919626,1,I,6,I,6
aff15_wu_m512_seed1,15,5,x,131,235.94260723208322,0.9999862331819218,0.99999965861102,1,I,6,M,24
aff15_wu_m512_seed1,15,5,x,142,0.0006646690780043254,0.9499593220407258,0.9999996681963753,1,I,6,I,6
aff15_wu_m512_seed1,15,5,x,146,0.00043749358308017513,0.932343755664055,0.9999997541801589,1,I,6,I,6
aff15_wu_m512_seed1,15,5,x,149,3.6793589875489164e-05,0.9095281947020435,0.9999920807976274,1,I,6,I,6
aff15_wu_m512_seed1,15,5,x,152,0.002591000299362796,0.9789784018780046,0.9999998752620632,1,I,6,I,6
aff15_wu_m512_seed1,15,5,x,153,0.0001739034828905558,0.9169056462793508,0.9999997063234941,1,I,6,I,6
aff15_wu_m512_seed1,15,5,x,161,0.00015108927355499425,0.9451688283018926,0.9999977564547875,1,I,6,I,6
aff15_wu_m512_seed1,15,5,x,170,226.1249186712569,0.9999967908237036,0.9999997659942813,1,I,6,M,24
aff15_wu_m512_seed1,15,5,x,173,238.31524179785654,0.9999952456864543,0.9999997324884136,1,I,6,M,24
aff15_wu_m512_seed1,15,5,x,176,236.88287629581066,0.99999666455641,0.9999997710225295,1,I,6,M,24
aff15_wu_m512_seed1,15,5,x,185,222.1537792766194,0.9999949764147097,0.9999999013675159,1,I,6,M,24
aff15_wu_m512_seed1,15,5,x,189,225.63485723950538,0.9999946350430325,0.9999998344570383,1,I,6,M,24
aff15_wu_m512_seed1,15,5,x,191,238.87315087385394,0.9999948942719348,0.9999996566748132,1,I,6,M,24
aff15_wu_m512_seed1,15,5,x,194,0.00021404780032714286,0.9315554184317667,0.9999990188863138,1,I,6,I,6
aff15_wu_m512_seed1,15,5,x,210,0.00011893756721192316,0.9305228397622094,0.9999977320551973,1,I,6,I,6
aff15_wu_m512_seed1,15,5,x,223,0.00022479653629722544,0.9089531731087094,0.9999980992712604,1,I,6,I,6
aff15_wu_m512_seed1,15,5,x,230,199.71308448744372,0.9999955379177122,0.9999998248279567,1,I,6,M,24
aff15_wu_m512_seed1,15,5,x,231,238.89389428326336,0.9999961161491973,0.9999996569793321,1,I,6,M,24
aff15_wu_m512_seed1,15,5,x,235,33.16890083213368,0.9999908288550277,0.9999998451103734,1,I,6,M,24
aff15_wu_m512_seed1,15,5,x,247,240.12163998242735,0.9999967638295465,0.9999998413592823,1,I,6,M,24
aff15_wu_m512_seed1,15,5,x,261,0.0024026279508757116,0.9665622774554403,0.9999998091013211,1,I,6,I,6
aff15_wu_m512_seed1,15,5,x,266,0.0006795592180769477,0.9786565936985039,0.9999994614336191,1,I,6,I,6
aff15_wu_m512_seed1,15,5,x,269,0.0001207182338412835,0.9459192071399288,0.9999995086973819,1,I,6,I,6
aff15_wu_m512_seed1,15,5,x,271,0.00040346005166569263,0.9511662479640755,0.9999995767841431,1,I,6,I,6
aff15_wu_m512_seed1,15,5,x,278,237.66308997687065,0.9999965781997331,0.9999997306104755,1,I,6,M,24
aff15_wu_m512_seed1,15,5,x,279,223.50031010122663,0.9999936151857697,0.999999646365105,1,I,6,M,24
aff15_wu_m512_seed1,15,5,x,280,237.07098712468806,0.9999963478249734,0.9999997643210196,1,I,6,M,24
aff15_wu_m512_seed1,15,5,x,282,148.3807411193554,0.9999965287942977,0.9999999032889425,1,I,6,M,24
aff15_wu_m512_seed1,15,5,x,292,0.00011404429249924651,0.948946016601556,0.999997088765671,1,I,6,I,6
aff15_wu_m512_seed1,15,5,x,296,88.23925798392665,0.9999920308638335,0.9999998920447803,1,I,6,M,24
aff15_wu_m512_seed1,15,5,x,298,221.10625812492398,0.9999951607480011,0.9999998969475128,1,I,6,M,24
aff15_wu_m512_seed1,15,5,x,299,0.010265916553528598,0.950878151717692,0.9999997638843883,1,I,6,I,6
aff15_wu_m512_seed1,15,5,x,303,221.69399617953113,0.9999912429289036,0.9999996550669423,1,I,6,M,24
aff15_wu_m512_seed1,15,5,x,311,222.944719128977,0.9999953966003731,0.9999998988342086,1,I,6,M,24
aff15_wu_m512_seed1,15,5,x,313,0.00011416199794389344,0.9495612405513154,0.999997437906757,1,I,6,I,6
aff15_wu_m512_seed1,15,5,x,325,5.6141627026086e-05,0.9092016885857794,0.9999976519838825,1,I,6,I,6
aff15_wu_m512_seed1,15,5,x,330,234.41884115767334,0.9999959416225926,0.9999997402371608,1,I,6,M,24
aff15_wu_m512_seed1,15,5,x,334,0.00048674268479670564,0.9291440659025301,0.9999993483298077,1,I,6,I,6
aff15_wu_m512_seed1,15,5,x,339,0.00040903410528850883,0.9571533067191842,0.9999994040599761,1,I,6,I,6
aff15_wu_m512_seed1,15,5,x,341,5.128733720126582e-05,0.9358667938381768,0.9999951335677427,1,I,6,I,6
aff15_wu_m512_seed1,15,5,x,345,236.44930597401722,0.9999969815170977,0.9999997688754715,1,I,6,M,24
aff15_wu_m512_seed1,15,5,x,357,0.00018427832034140278,0.9665769016258373,0.9999992793022955,1,I,6,I,6
aff15_wu_m512_seed1,15,5,x,360,0.0005354809950797229,0.9262473214190294,0.9999989767252674,1,I,6,I,6
aff15_wu_m512_seed1,15,5,x,369,237.32151596882892,0.9999950849053952,0.9999998996719799,1,I,6,M,24
aff15_wu_m512_seed1,15,5,x,373,9.122847552991842e-05,0.9227518067545363,0.9999988670581955,1,I,6,I,6
aff15_wu_m512_seed1,15,5,x,379,0.0007022401310865992,0.914780479132237,0.999999395941454,1,I,6,I,6
aff15_wu_m512_seed1,15,5,x,380,238.80627500733883,0.9999965477448541,0.9999997322151954,1,I,6,M,24
aff15_wu_m512_seed1,15,5,x,382,240.2488484063316,0.9999955583989506,0.9999998963180929,1,I,6,M,24
aff15_wu_m512_seed1,15,5,x,389,0.0003256655537601978,0.921666767311471,0.999999287711309,1,I,6,I,6
aff15_wu_m512_seed1,15,5,x,393,0.0005090292351927522,0.9302307515431412,0.9999987526862728,1,I,6,I,6
aff15_wu_m512_seed1,15,5,x,402,0.0018241044386014362,0.914076007866004,0.9999998899504677,1,I,6,I,6
aff15_wu_m512_seed1,15,5,x,409,226.92155591340045,0.9999966545519011,0.9999997283511209,1,I,6,M,24
aff15_wu_m512_seed1,15,5,x,410,227.68939457190334,0.9999937491520736,0.9999996481166125,1,I,6,M,24
aff15_wu_m512_seed1,15,5,x,412,0.00024570399845445,0.9384043779779478,0.9999991996123042,1,I,6,I,6
aff15_wu_m512_seed1,15,5,x,422,235.19361764808343,0.9999961303659994,0.9999998289764589,1,I,6,M,24
aff15_wu_m512_seed1,15,5,x,429,222.8618748889648,0.9999944395173058,0.999999836903475,1,I,6,M,24
aff15_wu_m512_seed1,15,5,x,430,6.282076957861545e-05,0.9245959678623564,0.9999944970665192,1,I,6,I,6
aff15_wu_m512_seed1,15,5,x,434,223.77195119733815,0.9999962078447815,0.9999997749796267,1,I,6,M,24
aff15_wu_m512_seed1,15,5,x,435,0.0018899900533681862,0.912294849830573,0.9999997890660034,1,I,6,I,6
aff15_wu_m512_seed1,15,5,x,437,225.9284054169951,0.9999966835827203,0.9999998286397853,1,I,6,M,24
aff15_wu_m512_seed1,15,5,x,438,226.36328931125044,0.9999886692056161,0.999999650241006,1,I,6,M,24
aff15_wu_m512_seed1,15,5,x,445,0.0030706246254036114,0.9388638017514277,0.9999997849995079,1,I,6,I,6
aff15_wu_m512_seed1,15,5,x,447,0.002676124454050755,0.9310407069452852,0.9999995488097447,1,I,6,I,6
aff15_wu_m512_seed1,15,5,x,454,6.805075282041399e-05,0.9309720955793068,0.9999970773251349,1,I,6,I,6
aff15_wu_m512_seed1,15,5,x,463,226.70943931159536,0.999994992965359,0.9999998363763313,1,I,6,M,24
aff15_wu_m512_seed1,15,5,x,465,8.577635565273598e-05,0.9238759008737306,0.9999968376570663,1,I,6,I,6
aff15_wu_m512_seed1,15,5,x,471,103.55048858190722,0.999990479354396,0.9999997606804522,1,I,6,M,24
aff15_wu_m512_seed1,15,5,x,476,131.51327730484365,0.9999956309920168,0.9999997748761962,1,I,6,M,24
aff15_wu_m512_seed1,15,5,x,479,0.0010333272249330003,0.9340703633542917,0.9999995681377906,1,I,6,I,6
aff15_wu_m512_seed1,15,5,x,482,0.00030166628899404806,0.9174400072643072,0.9999993633280498,1,I,6,I,6
aff15_wu_m512_seed1,15,5,x,483,240.55979332716916,0.9999949186443439,0.9999998959176455,1,I,6,M,24
aff15_wu_m512_seed1,15,5,x,486,218.5754381311419,0.9999961706990345,0.9999997339504506,1,I,6,M,24
aff15_wu_m512_seed1,15,5,x,489,0.0008002429239217228,0.9568856347930407,0.9999995484666327,1,I,6,I,6
aff15_wu_m512_seed1,15,5,x,492,223.8774239569795,0.9999958729164763,0.9999997683609692,1,I,6,M,24
aff15_wu_m512_seed1,15,5,x,494,235.9791632514423,0.9999931915829586,0.9999998925178625,1,I,6,M,24
aff15_wu_m512_seed1,15,5,x,504,228.1462050436077,0.9999959010069585,0.9999997333763833,1,I,6,M,24
aff15_wu_m512_seed1,15,5,y,0,238.52633712456293,0.9999978285182898,0.9999997406228567,1,M,24,I,6
aff15_wu_m512_seed1,15,5,y,4,225.0320841481123,0.9999951269818748,0.9999994448930669,1,M,24,I,6
aff15_wu_m512_seed1,15,5,y,6,237.62561976528326,0.9999971178808232,0.9999995715010731,1,M,24,I,6
aff15_wu_m512_seed1,15,5,y,12,226.84095893735392,0.9999944417879175,0.9999994477200891,1,M,24,I,6
aff15_wu_m512_seed1,15,5,y,17,229.77735739417244,0.999996448854679,0.9999995679091437,1,M,24,I,6
aff15_wu_m512_seed1,15,5,y,24,0.0002640868653190573,0.9215361628933733,0.9999996016713982,1,I,6,I,6
aff15_wu_m512_seed1,15,5,y,40,230.66370847738153,0.9999949674246537,0.9999994867240588,1,M,24,I,6
aff15_wu_m512_seed1,15,5,y,43,231.59417417625994,0.999996126180825,0.9999994429341644,1,M,24,I,6
aff15_wu_m512_seed1,15,5,y,51,0.00011311399685614201,0.9581832655045935,0.9999987974682811,1,I,6,I,6
aff15_wu_m512_seed1,15,5,y,60,0.000760381175867814,0.9514239849844714,0.9999994514742166,1,I,6,I,6
aff15_wu_m512_seed1,15,5,y,61,240.84577740309868,0.9999956541551877,0.9999994428338309,1,M,24,I,6
aff15_wu_m512_seed1,15,5,y,67,224.7794716560801,0.9999967160541748,0.9999995783131597,1,M,24,I,6
aff15_wu_m512_seed1,15,5,y,68,0.0005658856839305006,0.9137142036186516,0.9999995692531725,1,I,6,I,6
aff15_wu_m512_seed1,15,5,y,79,223.35612707363757,0.9999956256587487,0.9999994414443422,1,M,24,I,6
aff15_wu_m512_seed1,15,5,y,83,237.49950100305747,0.9999963195882947,0.9999997352573604,1,M,24,I,6
aff15_wu_m512_seed1,15,5,y,90,0.0022652848851091377,0.9126433230359435,0.9999991790590381,1,I,6,I,6
aff15_wu_m512_seed1,15,5,y,98,0.003918552607425004,0.9640973961136059,0.9999993640032399,1,I,6,I,6
aff15_wu_m512_seed1,15,5,y,100,0.00014016712458687702,0.9402058584784966,0.999996896000662,1,I,6,I,6
aff15_wu_m512_seed1,15,5,y,102,242.03631758479756,0.9999958905984967,0.9999997343258699,1,M,24,I,6
aff15_wu_m512_seed1,15,5,y,104,3.114394829382817e-05,0.9669387597468093,0.9999972318788132,1,I,6,I,6
aff15_wu_m512_seed1,15,5,y,110,0.00038840838989743815,0.9247387159375471,0.9999989490622031,1,I,6,I,6
aff15_wu_m512_seed1,15,5,y,111,226.95152020894088,0.9999940712703338,0.9999995719707397,1,M,24,I,6
aff15_wu_m512_seed1,15,5,y,119,227.70982524265858,0.9999975975506832,0.9999997362386122,1,M,24,I,6
aff15_wu_m512_seed1,15,5,y,120,0.0003845846541738465,0.9367280284481957,0.9999983075765778,1,I,6,I,6
aff15_wu_m512_seed1,15,5,y,121,0.00032323934382661574,0.9472444707245186,0.9999979975158595,1,I,6,I,6
aff15_wu_m512_seed1,15,5,y,125,0.0015424243916482908,0.9579079214615582,0.9999996808366223,1,I,6,I,6
aff15_wu_m512_seed1,15,5,y,131,237.0134202145309,0.9999935726592337,0.9999995777056766,1,M,24,I,6
aff15_wu_m512_seed1,15,5,y,136,0.0006973778516686865,0.9094770088893703,0.9999995630174726,1,I,6,I,6
aff15_wu_m512_seed1,15,5,y,140,0.0009027672196280749,0.9512111845183379,0.9999984856918566,1,I,6,I,6
aff15_wu_m512_seed1,15,5,y,143,0.00022942148107113684,0.9204446288238715,0.9999992282208583,1,I,6,I,6
aff15_wu_m512_seed1,15,5,y,148,0.0023311775901433303,0.9300794801820604,0.9999997409636863,1,I,6,I,6
aff15_wu_m512_seed1,15,5,y,149,3.991164110219624e-05,0.9074217255212581,0.999996025276949,1,I,6,I,6
aff15_wu_m512_seed1,15,5,y,157,4.435904185566555e-05,0.916606778689705,0.9999960543970943,1,I,6,I,6
aff15_wu_m512_seed1,15,5,y,159,0.0039188245309452795,0.9734541356693593,0.9999994898950468,1,I,6,I,6
aff15_wu_m512_seed1,15,5,y,161,0.001485962229847691,0.98116959713646,0.9999992637295235,1,I,6,I,6
aff15_wu_m512_seed1,15,5,y,163,0.001034256726950099,0.9585704776949259,0.9999996992150331,1,I,6,I,6
aff15_wu_m512_seed1,15,5,y,167,0.0005322912837167641,0.9851014813384946,0.9999994377267176,1,I,6,I,6
aff15_wu_m512_seed1,15,5,y,169,0.0057472252109986004,0.974756365025415,0.9999995061992609,1,I,6,I,6
aff15_wu_m512_seed1,15,5,y,170,227.61430444900068,0.9999959247295618,0.9999994455786556,1,M,24,I,6
aff15_wu_m512_seed1,15,5,y,173,239.87580788007338,0.999996566327,0.9999995762452204,1,M,24,I,6
aff15_wu_m512_seed1,15,5,y,176,238.25462863776755,0.9999948294509435,0.9999994840170982,1,M,24,I,6
aff15_wu_m512_seed1,15,5,y,179,0.00032252691784253343,0.9785386296102937,0.9999990720836411,1,I,6,I,6
aff15_wu_m512_seed1,15,5,y,185,223.97350488491546,0.9999960157338766,0.9999994913938248,1,M,24,I,6
aff15_wu_m512_seed1,15,5,y,188,0.0010923828258392863,0.930793535157381,0.9999996942470654,1,I,6,I,6
aff15_wu_m512_seed1,15,5,y,189,226.8126869544147,0.9999966602433573,0.9999994495867143,1,M,24,I,6
aff15_wu_m512_seed1,15,5,y,191,240.42779867545806,0.999997006236281,0.9999995684292664,1,M,24,I,6
aff15_wu_m512_seed1,15,5,y,207,0.00047378745989346287,0.9178020551741616,0.9999994227951472,1,I,6,I,6
aff15_wu_m512_seed1,15,5,y,230,201.56645705037332,0.9999956284281623,0.9999994414201601,1,M,24,I,6
aff15_wu_m512_seed1,15,5,y,231,240.77601076956822,0.9999952717467749,0.9999994852176699,1,M,24,I,6
aff15_wu_m512_seed1,15,5,y,232,0.0009886624299465386,0.9432532003469203,0.9999983983075972,1,I,6,I,6
aff15_wu_m512_seed1,15,5,y,235,33.64416041200342,0.9999921171143709,0.9999994247913774,1,M,24,I,6
aff15_wu_m512_seed1,15,5,y,245,0.0006051991094081274,0.9168886114915976,0.9999989129428754,1,I,6,I,6
aff15_wu_m512_seed1,15,5,y,247,242.43531676898357,0.9999966474493596,0.9999995677980197,1,M,24,I,6
aff15_wu_m512_seed1,15,5,y,256,0.000978914185881861,0.9173490039296208,0.9999990079834566,1,I,6,I,6
aff15_wu_m512_seed1,15,5,y,278,239.2146732208944,0.999996719309201,0.9999995771642609,1,M,24,I,6
aff15_wu_m512_seed1,15,5,y,279,224.75848493421128,0.9999959672374399,0.9999995682144561,1,M,24,I,6
aff15_wu_m512_seed1,15,5,y,280,238.60923214053514,0.9999960736872099,0.9999995758582244,1,M,24,I,6
aff15_wu_m512_seed1,15,5,y,282,149.75624055046958,0.9999967736032551,0.9999995630095946,1,M,24,I,6
aff15_wu_m512_seed1,15,5,y,288,0.0011592190826341749,0.9416214660773976,0.9999995281709687,1,I,6,I,6
aff15_wu_m512_seed1,15,5,y,293,0.0003678139815634624,0.963384412551323,0.9999994431378701,1,I,6,I,6
aff15_wu_m512_seed1,15,5,y,295,3.284451356454647e-05,0.9588662487740399,0.9999968802533449,1,I,6,I,6
aff15_wu_m512_seed1,15,5,y,296,89.6105150917758,0.999994093405933,0.9999995564743096,1,M,24,I,6
aff15_wu_m512_seed1,15,5,y,298,222.13269122571472,0.9999959883346986,0.9999995788494118,1,M,24,I,6
aff15_wu_m512_seed1,15,5,y,299,0.006637103251157015,0.9857194845864964,0.9999993080955449,1,I,6,I,6
aff15_wu_m512_seed1,15,5,y,303,222.93126997308903,0.9999958289398082,0.9999995781543628,1,M,24,I,6
aff15_wu_m512_seed1,15,5,y,304,0.0008775519084632944,0.9842776458179421,0.9999990193403571,1,I,6,I,6
aff15_wu_m512_seed1,15,5,y,311,224.64830070707276,0.9999955154156048,0.999999555211682,1,M,24,I,6
aff15_wu_m512_seed1,15,5,y,314,0.002141774026202321,0.9707490235619883,0.9999994191217871,1,I,6,I,6
aff15_wu_m512_seed1,15,5,y,315,0.0014765122581966038,0.9579317406885226,0.9999995859551193,1,I,6,I,6
aff15_wu_m512_seed1,15,5,y,318,0.00019733720010973652,0.9221751666561538,0.9999995207071057,1,I,6,I,6
aff15_wu_m512_seed1,15,5,y,324,0.00010601647061575592,0.9433829856065447,0.9999978575021309,1,I,6,I,6
aff15_wu_m512_seed1,15,5,y,330,236.31732587032627,0.9999945932142853,0.9999994293456497,1,M,24,I,6
aff15_wu_m512_seed1,15,5,y,337,4.9730066302174024e-05,0.9316952143181824,0.9999912527185763,1,I,6,I,6
aff15_wu_m512_seed1,15,5,y,343,0.0022629377658813133,0.9631527142823094,0.9999993994651727,1,I,6,I,6
aff15_wu_m512_seed1,15,5,y,345,238.38866677257423,0.9999954389403102,0.9999995636663953,1,M,24,I,6
aff15_wu_m512_seed1,15,5,y,364,6.380230268994827e-05,0.9441133567868235,0.9999955707739328,1,I,6,I,6
aff15_wu_m512_seed1,15,5,y,367,4.434808626240672e-05,0.9508729409128278,0.9999922970348556,1,I,6,I,6
aff15_wu_m512_seed1,15,5,y,369,238.98586871216784,0.9999955174564301,0.999999488090546,1,M,24,I,6
aff15_wu_m512_seed1,15,5,y,379,0.000189116365191181,0.9752228255556453,0.9999990276573256,1,I,6,I,6
aff15_wu_m512_seed1,15,5,y,380,240.90423241813477,0.9999961210957813,0.9999994816448446,1,M,24,I,6
aff15_wu_m512_seed1,15,5,y,382,242.16332852580004,0.9999960069862408,0.9999994471889236,1,M,24,I,6
aff15_wu_m512_seed1,15,5,y,389,0.00016993885123619501,0.9095941022445504,0.999997608881881,1,I,6,I,6
aff15_wu_m512_seed1,15,5,y,393,0.0005164748632735435,0.960134978236334,0.9999994505890758,1,I,6,I,6
aff15_wu_m512_seed1,15,5,y,401,0.00015435632922687896,0.9632442830143991,0.9999992523397988,1,I,6,I,6
aff15_wu_m512_seed1,15,5,y,409,228.07386495588898,0.9999962067274225,0.9999997391714467,1,M,24,I,6
aff15_wu_m512_seed1,15,5,y,410,229.02953447260802,0.999993130680434,0.9999994876874753,1,M,24,I,6
aff15_wu_m512_seed1,15,5,y,416,0.000968413581768947,0.9509136397244833,0.9999990432015895,1,I,6,I,6
aff15_wu_m512_seed1,15,5,y,422,237.21182872882858,0.9999960481659773,0.9999994828765324,1,M,24,I,6
aff15_wu_m512_seed1,15,5,y,429,224.97346073967094,0.9999940481716207,0.9999994773167622,1,M,24,I,6
aff15_wu_m512_seed1,15,5,y,434,225.32909292053134,0.9999963605528606,0.999999555753349,1,M,24,I,6
aff15_wu_m512_seed1,15,5,y,437,227.70578082618218,0.9999963672585684,0.9999997391856822,1,M,24,I,6
aff15_wu_m512_seed1,15,5,y,438,227.7310817601773,0.9999978440781695,0.9999997368965976,1,M,24,I,6
aff15_wu_m512_seed1,15,5,y,449,0.0013160527905777795,0.9081682468948777,0.9999994922450303,1,I,6,I,6
aff15_wu_m512_seed1,15,5,y,450,0.00011343533923781212,0.9003010493769542,0.9999983326291068,1,I,6,I,6
aff15_wu_m512_seed1,15,5,y,459,0.00011154973399492418,0.9207085349861225,0.9999986156752763,1,I,6,I,6
aff15_wu_m512_seed1,15,5,y,463,228.98575203089453,0.999995053171484,0.9999995775833861,1,M,24,I,6
aff15_wu_m512_seed1,15,5,y,471,104.52024930504358,0.9999960735802232,0.9999997459058547,1,M,24,I,6
aff15_wu_m512_seed1,15,5,y,472,0.0007701974824223944,0.9628578001250632,0.9999996069930835,1,I,6,I,6
aff15_wu_m512_seed1,15,5,y,473,4.753245444536423e-05,0.938766470310839,0.9999982833901838,1,I,6,I,6
aff15_wu_m512_seed1,15,5,y,474,0.0001848685643668949,0.9432202281251264,0.9999981402444298,1,I,6,I,6
aff15_wu_m512_seed1,15,5,y,476,132.46623953389383,0.9999919921818491,0.9999997385490049,1,M,24,I,6
aff15_wu_m512_seed1,15,5,y,479,0.0004038660449041938,0.9254330977856928,0.9999990424185278,1,I,6,I,6
aff15_wu_m512_seed1,15,5,y,483,242.41268428899997,0.9999975357828842,0.9999997378749567,1,M,24,I,6
aff15_wu_m512_seed1,15,5,y,486,220.46489106815682,0.9999957306226357,0.9999995720873426,1,M,24,I,6
aff15_wu_m512_seed1,15,5,y,489,0.000675360924962891,0.9146668517899645,0.9999993748968029,1,I,6,I,6
aff15_wu_m512_seed1,15,5,y,492,225.37201595431688,0.9999976271988875,0.9999997417926095,1,M,24,I,6
aff15_wu_m512_seed1,15,5,y,493,0.0006092336640373308,0.9377890013129275,0.9999997316632334,1,I,6,I,6
aff15_wu_m512_seed1,15,5,y,494,237.66186039783494,0.9999961631410276,0.9999995701984685,1,M,24,I,6
aff15_wu_m512_seed1,15,5,y,498,0.0003254679007870842,0.9832385319609134,0.9999983488745727,1,I,6,I,6
aff15_wu_m512_seed1,15,5,y,502,0.0009894250527121928,0.9452317972849843,0.9999992679983691,1,I,6,I,6
aff15_wu_m512_seed1,15,5,y,504,230.11257916893493,0.9999962541878864,0.9999994819222617,1,M,24,I,6
aff15_wu_m512_seed1,15,5,y,505,0.004466408300366471,0.933109509459324,0.9999995529420653,1,I,6,I,6
aff15_wu_m512_seed1,15,5,y,506,3.3926434817758676e-05,0.9375438202751939,0.9999959184111433,1,I,6,I,6
aff16_wu_m128_seed1,16,8,x,22,336.0844572163935,0.9991564230171188,0.9999996228329378,1,I,8,I,32
aff16_wu_m128_seed1,16,8,x,24,312.7527248711081,0.9999717545060269,0.9999942350614226,1,I,8,I,16
aff16_wu_m128_seed1,16,8,x,31,286.76356759774023,0.9873932219318503,0.9999996202834047,1,I,8,I,32
aff16_wu_m128_seed1,16,8,x,37,316.36188170122716,0.9999466571553196,0.9999958154068037,1,I,8,I,16
aff16_wu_m128_seed1,16,8,x,42,284.32663865622175,0.9980991705120119,0.9999997303087041,1,I,8,I,32
aff16_wu_m128_seed1,16,8,x,59,282.91540176758144,0.9996858713080762,0.9999997831176946,1,I,8,I,32
aff16_wu_m128_seed1,16,8,x,65,371.7011294120121,0.9990942144945717,0.9999996150801268,1,I,8,I,32
aff16_wu_m128_seed1,16,8,x,66,311.2544609550465,0.9999783219576234,0.999994784813674,1,I,8,I,16
aff16_wu_m128_seed1,16,8,x,78,330.01474627474585,0.9821153365203006,0.999999497925943,1,I,8,I,32
aff16_wu_m128_seed1,16,8,x,81,320.85018367626196,0.9999635118730095,0.9999961251381634,1,I,8,I,16
aff16_wu_m128_seed1,16,8,x,86,363.8413614972999,0.9999499021187424,0.9999996216646005,1,I,8,I,32
aff16_wu_m128_seed1,16,8,x,88,278.38886357270616,0.9995319091381275,0.9999997566680744,1,I,8,I,32
aff16_wu_m128_seed1,16,8,x,95,365.146758803813,0.9790901076432948,0.9999994898821817,1,I,8,I,32
aff16_wu_m128_seed1,16,8,x,98,336.10220289983636,0.9984199073114597,0.9999995808375526,1,I,8,I,32
aff16_wu_m128_seed1,16,8,x,120,264.7082592892879,0.9969496325773965,0.999999572227811,1,I,8,I,16
aff16_wu_m128_seed1,16,8,y,22,335.46365177794877,0.9990105351252955,0.9999840706222444,1,I,32,I,8
aff16_wu_m128_seed1,16,8,y,24,308.809432424831,0.9996934126932255,0.9999507477264946,1,I,16,I,8
aff16_wu_m128_seed1,16,8,y,31,286.39723221108466,0.9873225284230682,0.9999984368489886,1,I,32,I,8
aff16_wu_m128_seed1,16,8,y,37,313.5724348629313,0.9996484616367298,0.9999693120023588,1,I,16,I,8
aff16_wu_m128_seed1,16,8,y,42,291.64718257146336,0.9979626242692874,0.9999477132943072,1,I,16,I,8
aff16_wu_m128_seed1,16,8,y,59,281.27472861022596,0.9996450812478808,0.9999985652251214,1,I,32,I,8
aff16_wu_m128_seed1,16,8,y,65,372.8378451561512,0.9990692449587121,0.9999794724939656,1,I,32,I,8
aff16_wu_m128_seed1,16,8,y,66,309.2360766687732,0.9996981837758746,0.9999694813892824,1,I,16,I,8
aff16_wu_m128_seed1,16,8,y,78,328.08689100709427,0.981576416761304,0.999998789642368,1,I,32,I,8
aff16_wu_m128_seed1,16,8,y,81,317.94844468750085,0.9996531246322178,0.9999510219115032,1,I,16,I,8
aff16_wu_m128_seed1,16,8,y,86,363.9080208321276,0.9999487607115887,0.9999840908728884,1,I,32,I,8
aff16_wu_m128_seed1,16,8,y,88,277.73244292497293,0.9995002785014199,0.9999986075038176,1,I,32,I,8
aff16_wu_m128_seed1,16,8,y,95,366.00070989797507,0.9788082936036308,0.9999988013249287,1,I,32,I,8
aff16_wu_m128_seed1,16,8,y,98,336.99330050440614,0.9984381123178951,0.9999794182939311,1,I,32,I,8
aff16_wu_m128_seed1,16,8,y,120,303.86278695569416,0.9972464411375856,0.9999612120360927,1,I,8,I,8
aff16_wu_m128_seed1,16,16,x,0,113.7171546380359,0.9927845226798456,0.9999961580699144,1,I,2,I,16
aff16_wu_m128_seed1,16,16,x,1,57.316855328419386,0.9945644042683418,0.9999975826636242,1,I,2,I,16
aff16_wu_m128_seed1,16,16,x,2,88.63073705193372,0.9651342325128562,0.9999973744458758,1,I,2,I,16
aff16_wu_m128_seed1,16,16,x,3,63.67636966329227,0.999982649212305,0.9999975689452684,1,I,2,I,16
aff16_wu_m128_seed1,16,16,x,4,133.97927249361643,0.9994508906965033,0.9999951450115657,1,I,2,I,16
aff16_wu_m128_seed1,16,16,x,6,141.36300609338483,0.9994802889207415,0.9999936420811092,1,I,2,I,16
aff16_wu_m128_seed1,16,16,x,7,49.10724436271456,0.9989645799535907,0.9999960108687663,1,I,2,I,16
aff16_wu_m128_seed1,16,16,x,8,113.84814955282033,0.9997572264571086,0.999995457364308,1,I,2,I,16
aff16_wu_m128_seed1,16,16,x,10,117.1592264623942,0.999216782618208,0.9999959308459965,1,I,2,I,16
aff16_wu_m128_seed1,16,16,x,11,145.98771655417352,0.9998411910676208,0.9999955779569842,1,I,2,I,16
aff16_wu_m128_seed1,16,16,x,12,60.001512864610866,0.9896722936245037,0.9999979273394111,1,I,2,I,16
aff16_wu_m128_seed1,16,16,x,13,79.56458103852086,0.9988536712005227,0.9999951813471597,1,I,2,I,16
aff16_wu_m128_seed1,16,16,x,14,77.66701713436211,0.9997383064529597,0.9999959407966661,1,I,2,I,16
aff16_wu_m128_seed1,16,16,x,15,131.72853176358583,0.9997570002834562,0.9999960098441896,1,I,2,I,16
aff16_wu_m128_seed1,16,16,x,17,137.78483726969384,0.9997030289303778,0.9999936094709198,1,I,2,I,16
aff16_wu_m128_seed1,16,16,x,19,77.74095630893645,0.9625637620057195,0.9999978480378197,1,I,2,I,16
aff16_wu_m128_seed1,16,16,x,20,82.16276183003288,0.9995173883259034,0.9999981857755328,1,I,2,I,16
aff16_wu_m128_seed1,16,16,x,21,173.20285013958335,0.9999833690483906,0.9999975741997124,1,I,2,I,16
aff16_wu_m128_seed1,16,16,x,23,74.6861015156167,0.998362256879401,0.9999937589466854,1,I,2,I,16
aff16_wu_m128_seed1,16,16,x,25,115.49274684964686,0.9939311961376335,0.9999950583158445,1,I,2,I,16
aff16_wu_m128_seed1,16,16,x,30,140.78038654811974,0.9993383426689031,0.9999937482584021,1,I,2,I,16
aff16_wu_m128_seed1,16,16,x,32,77.10797720443584,0.9986653810711739,0.9999952401812464,1,I,2,I,16
aff16_wu_m128_seed1,16,16,x,33,150.43030235090316,0.9999477544211907,0.99999758587788,1,I,2,I,16
aff16_wu_m128_seed1,16,16,x,34,37.1988038691047,0.917235335619015,0.9999951643111417,1,I,2,I,16
aff16_wu_m128_seed1,16,16,x,35,133.53116448000193,0.9999449633553834,0.9999954839710057,1,I,2,I,16
aff16_wu_m128_seed1,16,16,x,36,139.84385461217974,0.9987062446275045,0.9999952130915919,1,I,2,I,16
aff16_wu_m128_seed1,16,16,x,38,172.70467963190973,0.9991848085142901,0.9999976111366037,1,I,2,I,16
aff16_wu_m128_seed1,16,16,x,39,112.69209500637376,0.999991015722576,0.9999981087488902,1,I,2,I,16
aff16_wu_m128_seed1,16,16,x,40,90.0701379074285,0.9959456637274247,0.9999976229635373,1,I,2,I,16
aff16_wu_m128_seed1,16,16,x,41,52.687448176569745,0.9996270453697871,0.9999951753906903,1,I,2,I,16
aff16_wu_m128_seed1,16,16,x,43,109.06855316505538,0.9990805943711205,0.9999962716666656,1,I,2,I,16
aff16_wu_m128_seed1,16,16,x,44,103.94465826514298,0.9991185258357591,0.9999962924955776,1,I,2,I,16
aff16_wu_m128_seed1,16,16,x,46,106.13460499701091,0.9999730787962501,0.9999981303776285,1,I,2,I,16
aff16_wu_m128_seed1,16,16,x,47,175.56402710158193,0.9999827592706764,0.9999981222069169,1,I,2,I,16
aff16_wu_m128_seed1,16,16,x,48,133.64555892400625,0.9990591444613035,0.9999951671344407,1,I,2,I,16
aff16_wu_m128_seed1,16,16,x,49,134.62120919279215,0.9998346098888503,0.9999956044525808,1,I,2,I,16
aff16_wu_m128_seed1,16,16,x,50,134.96767567354178,0.9981596304297334,0.9999962565018543,1,I,2,I,16
aff16_wu_m128_seed1,16,16,x,51,103.5690705609466,0.9709282484080387,0.9999975809600838,1,I,2,I,16
aff16_wu_m128_seed1,16,16,x,52,108.13614498119546,0.9990373418597146,0.9999955024636058,1,I,2,I,16
aff16_wu_m128_seed1,16,16,x,53,146.50269368889929,0.9997379105132947,0.9999951781438143,1,I,2,I,16
aff16_wu_m128_seed1,16,16,x,54,149.9262064477538,0.9997177971482653,0.9999975886827542,1,I,2,I,16
aff16_wu_m128_seed1,16,16,x,55,144.29794634788442,0.9999931914981615,0.9999981695722947,1,I,2,I,16
aff16_wu_m128_seed1,16,16,x,56,113.85431959362224,0.9999883110785013,0.999998081205415,1,I,2,I,16
aff16_wu_m128_seed1,16,16,x,57,137.30797122213824,0.9998666067988754,0.9999959360260791,1,I,2,I,16
aff16_wu_m128_seed1,16,16,x,58,91.00130631093865,0.999427169524215,0.9999976024849457,1,I,2,I,16
aff16_wu_m128_seed1,16,16,x,61,120.28050427666368,0.9940615437170293,0.9999955649671958,1,I,2,I,16
aff16_wu_m128_seed1,16,16,x,63,73.96358825919869,0.9988752723530872,0.9999936362387619,1,I,2,I,16
aff16_wu_m128_seed1,16,16,x,64,73.75292506251928,0.9985840618486665,0.9999954694109857,1,I,2,I,16
aff16_wu_m128_seed1,16,16,x,67,147.1949513490996,0.999721319503682,0.9999937220768498,1,I,2,I,16
aff16_wu_m128_seed1,16,16,x,69,118.77262153632854,0.9995106343670712,0.9999963320063368,1,I,2,I,16
aff16_wu_m128_seed1,16,16,x,71,47.886942284319055,0.9974902447335641,0.9999962219323494,1,I,2,I,16
aff16_wu_m128_seed1,16,16,x,72,66.51900861950574,0.9983859211137124,0.9999958729890219,1,I,2,I,16
aff16_wu_m128_seed1,16,16,x,73,123.8413160489822,0.9996896765090536,0.9999952614392079,1,I,2,I,16
aff16_wu_m128_seed1,16,16,x,75,134.42137701622082,0.9972532783311985,0.9999963438359823,1,I,2,I,16
aff16_wu_m128_seed1,16,16,x,77,122.28319719809222,0.9999701487850109,0.9999936682182401,1,I,2,I,16
aff16_wu_m128_seed1,16,16,x,79,40.96236598707985,0.9971041329410688,0.9999964106319813,1,I,2,I,16
aff16_wu_m128_seed1,16,16,x,80,91.78119041259589,0.99958549104876,0.9999959648339993,1,I,2,I,16
aff16_wu_m128_seed1,16,16,x,82,138.12216133144818,0.9999612755370118,0.9999955618574051,1,I,2,I,16
aff16_wu_m128_seed1,16,16,x,83,95.1056752947905,0.9995366682947366,0.9999975261327405,1,I,2,I,16
aff16_wu_m128_seed1,16,16,x,84,38.32990693492395,0.9992053618402816,0.9999938150322886,1,I,2,I,16
aff16_wu_m128_seed1,16,16,x,87,61.7694386464793,0.9972875675646103,0.9999955920489261,1,I,2,I,16
aff16_wu_m128_seed1,16,16,x,91,119.8922917201682,0.9973011951156592,0.9999980861199739,1,I,2,I,16
aff16_wu_m128_seed1,16,16,x,92,98.97828291954202,0.9997215449067618,0.9999975429941521,1,I,2,I,16
aff16_wu_m128_seed1,16,16,x,93,123.2885073980619,0.9996085471494061,0.9999959923166175,1,I,2,I,16
aff16_wu_m128_seed1,16,16,x,94,87.63450836792488,0.9423597124525916,0.9999975331309128,1,I,2,I,16
aff16_wu_m128_seed1,16,16,x,96,67.68578482679501,0.9812064653191234,0.999995236910998,1,I,2,I,16
aff16_wu_m128_seed1,16,16,x,97,115.62024796855628,0.9998679664332825,0.9999951859509062,1,I,2,I,16
aff16_wu_m128_seed1,16,16,x,100,136.16851404591065,0.9993680108491405,0.9999936104115478,1,I,2,I,16
aff16_wu_m128_seed1,16,16,x,101,102.41011944637556,0.9986784939626272,0.9999962534006727,1,I,2,I,16
aff16_wu_m128_seed1,16,16,x,103,141.95689458089814,0.9991516542067627,0.9999981546897664,1,I,2,I,16
aff16_wu_m128_seed1,16,16,x,104,102.44463030601632,0.9965471217523513,0.9999975651741633,1,I,2,I,16
aff16_wu_m128_seed1,16,16,x,105,66.22601546535107,0.9982275617909631,0.9999955291612305,1,I,2,I,16
aff16_wu_m128_seed1,16,16,x,106,141.09454649568167,0.9993404266673305,0.9999959652221192,1,I,2,I,16
aff16_wu_m128_seed1,16,16,x,107,140.23245921851642,0.9997308301359586,0.9999951796691828,1,I,2,I,16
aff16_wu_m128_seed1,16,16,x,108,142.73171587211297,0.9996799398219132,0.9999936664838408,1,I,2,I,16
aff16_wu_m128_seed1,16,16,x,109,127.84934261597479,0.997951342261092,0.9999981677107116,1,I,2,I,16
aff16_wu_m128_seed1,16,16,x,110,139.87817797972195,0.9995689781436228,0.9999959731968031,1,I,2,I,16
aff16_wu_m128_seed1,16,16,x,111,110.74866871549153,0.9639378770303988,0.9999973636027273,1,I,2,I,16
aff16_wu_m128_seed1,16,16,x,112,55.2906866887971,0.9988199784339264,0.9999962337956108,1,I,2,I,16
aff16_wu_m128_seed1,16,16,x,113,141.8115262287232,0.9998870603774923,0.99999814650166,1,I,2,I,16
aff16_wu_m128_seed1,16,16,x,114,131.46938332130546,0.9988509107074155,0.9999963233331582,1,I,2,I,16
aff16_wu_m128_seed1,16,16,x,115,49.7176504612424,0.9391585081202318,0.9999952661071256,1,I,2,I,16
aff16_wu_m128_seed1,16,16,x,116,79.74309788399819,0.9833410686146679,0.9999954474907776,1,I,2,I,16
aff16_wu_m128_seed1,16,16,x,117,92.46085823326123,0.9994466716684356,0.9999981164629916,1,I,2,I,16
aff16_wu_m128_seed1,16,16,x,122,132.65598280243654,0.9997846288778433,0.9999935633205911,1,I,2,I,16
aff16_wu_m128_seed1,16,16,x,123,56.26782567713905,0.925925776797186,0.9999958455695938,1,I,2,I,16
aff16_wu_m128_seed1,16,16,x,124,187.39664115344684,0.9998734093967762,0.9999981179184319,1,I,2,I,16
aff16_wu_m128_seed1,16,16,x,125,104.55941000561678,0.9998982192885816,0.9999975890919164,1,I,2,I,16
aff16_wu_m128_seed1,16,16,x,127,97.09663186516337,0.9996779521179109,0.9999955718323209,1,I,2,I,16
aff16_wu_m128_seed1,16,16,y,0,113.33431758414791,0.992364499612658,0.9999971261394008,1,I,16,I,2
aff16_wu_m128_seed1,16,16,y,1,57.27946623120903,0.9943728786853956,0.9999963812309846,1,I,16,I,2
aff16_wu_m128_seed1,16,16,y,2,88.69620323551474,0.9653433958962101,0.9999972435997478,1,I,16,I,2
aff16_wu_m128_seed1,16,16,y,3,63.449891682615025,0.9999827949410176,0.9999961817498563,1,I,16,I,2
aff16_wu_m128_seed1,16,16,y,4,133.77119293155604,0.999403939811134,0.9999941173602848,1,I,16,I,2
aff16_wu_m128_seed1,16,16,y,6,141.44584443662094,0.9995254692466679,0.9999939722286585,1,I,16,I,2
aff16_wu_m128_seed1,16,16,y,7,48.746843613790894,0.9989891945312228,0.999996223397153,1,I,16,I,2
aff16_wu_m128_seed1,16,16,y,8,113.85614072358935,0.9998015986480981,0.9999973308666913,1,I,16,I,2
aff16_wu_m128_seed1,16,16,y,10,116.51330002898467,0.9991552646748639,0.9999962277150248,1,I,16,I,2
aff16_wu_m128_seed1,16,16,y,11,146.1575075742444,0.999806554045465,0.9999940033023299,1,I,16,I,2
aff16_wu_m128_seed1,16,16,y,12,59.80061107489604,0.9899250840104923,0.9999971330219645,1,I,16,I,2
aff16_wu_m128_seed1,16,16,y,13,79.58116197802481,0.9988341591054427,0.9999963755763511,1,I,16,I,2
aff16_wu_m128_seed1,16,16,y,14,77.62552134158231,0.9997254414424683,0.9999971952549834,1,I,16,I,2
aff16_wu_m128_seed1,16,16,y,15,132.17707393073346,0.9997708916245542,0.9999973879007267,1,I,16,I,2
aff16_wu_m128_seed1,16,16,y,17,136.7385865760669,0.9997270861634048,0.9999961276517189,1,I,16,I,2
aff16_wu_m128_seed1,16,16,y,19,77.03365191419728,0.9621458546100672,0.9999972808018518,1,I,16,I,2
aff16_wu_m128_seed1,16,16,y,20,82.08116282813529,0.9995767808317165,0.9999940277418271,1,I,16,I,2
aff16_wu_m128_seed1,16,16,y,21,172.31298392656558,0.9999813620984289,0.999997152580316,1,I,16,I,2
aff16_wu_m128_seed1,16,16,y,23,74.5496673994325,0.998298676671727,0.9999964752228435,1,I,16,I,2
aff16_wu_m128_seed1,16,16,y,25,115.26219146540723,0.9938318412109297,0.9999939731867166,1,I,16,I,2
aff16_wu_m128_seed1,16,16,y,30,140.65005365451333,0.99913909197836,0.9999962328384169,1,I,16,I,2
aff16_wu_m128_seed1,16,16,y,32,76.9790875227556,0.9987269745828958,0.9999964622654559,1,I,16,I,2
aff16_wu_m128_seed1,16,16,y,33,149.6894267634872,0.9999402888881875,0.9999961284068957,1,I,16,I,2
aff16_wu_m128_seed1,16,16,y,34,36.87453540587468,0.9193243108927668,0.9999966123664641,1,I,16,I,2
aff16_wu_m128_seed1,16,16,y,35,133.6411879119388,0.9999072385187693,0.9999972227431614,1,I,16,I,2
aff16_wu_m128_seed1,16,16,y,36,139.6498286630045,0.9987532649189613,0.9999960663568359,1,I,16,I,2
aff16_wu_m128_seed1,16,16,y,38,171.66603040570905,0.999288993298273,0.9999972044400087,1,I,16,I,2
aff16_wu_m128_seed1,16,16,y,39,111.71860817089586,0.9999896702913438,0.9999973484920572,1,I,16,I,2
aff16_wu_m128_seed1,16,16,y,40,89.53013078138113,0.9963205677317032,0.9999964327561233,1,I,16,I,2
aff16_wu_m128_seed1,16,16,y,41,52.865527001365,0.9995269849768084,0.99999732065255,1,I,16,I,2
aff16_wu_m128_seed1,16,16,y,43,109.25366068919561,0.9988844114369941,0.9999962281294423,1,I,16,I,2
aff16_wu_m128_seed1,16,16,y,44,104.13931656453083,0.9992402607459584,0.9999971211041542,1,I,16,I,2
aff16_wu_m128_seed1,16,16,y,46,105.86577708459122,0.9999679400260141,0.9999941683807108,1,I,16,I,2
aff16_wu_m128_seed1,16,16,y,47,175.5772708527771,0.9999864450961942,0.9999961512199678,1,I,16,I,2
aff16_wu_m128_seed1,16,16,y,48,133.6361831659169,0.999149745963281,0.9999960440649452,1,I,16,I,2
aff16_wu_m128_seed1,16,16,y,49,133.30496699630072,0.9998390526632488,0.9999971170650688,1,I,16,I,2
aff16_wu_m128_seed1,16,16,y,50,134.79316851043228,0.9983270560762787,0.9999941468829052,1,I,16,I,2
aff16_wu_m128_seed1,16,16,y,51,103.57942015871383,0.9710164491623388,0.9999972764559321,1,I,16,I,2
aff16_wu_m128_seed1,16,16,y,52,108.4517065928222,0.9987772664759457,0.9999962544197387,1,I,16,I,2
aff16_wu_m128_seed1,16,16,y,53,146.75787064968685,0.9996897864207845,0.9999971946516092,1,I,16,I,2
aff16_wu_m128_seed1,16,16,y,54,149.31540077004047,0.99967626804799,0.9999961826052369,1,I,16,I,2
aff16_wu_m128_seed1,16,16,y,55,144.18692291508245,0.9999879542772778,0.9999973735603517,1,I,16,I,2
aff16_wu_m128_seed1,16,16,y,56,113.66084451897717,0.9999813741694161,0.9999940045849381,1,I,16,I,2
aff16_wu_m128_seed1,16,16,y,57,137.5117486823269,0.999856021303371,0.9999973702740694,1,I,16,I,2
aff16_wu_m128_seed1,16,16,y,58,91.52116761509744,0.9995799810831186,0.999994106516862,1,I,16,I,2
aff16_wu_m128_seed1,16,16,y,61,120.84121647533604,0.9942866221214391,0.9999959912355576,1,I,16,I,2
aff16_wu_m128_seed1,16,16,y,63,73.7448680653298,0.9990306204451193,0.9999963676351149,1,I,16,I,2
aff16_wu_m128_seed1,16,16,y,64,73.25247885531526,0.9986240636911896,0.9999964926737024,1,I,16,I,2
aff16_wu_m128_seed1,16,16,y,67,147.78221824800562,0.9997795831829132,0.9999973670527887,1,I,16,I,2
aff16_wu_m128_seed1,16,16,y,69,118.93574459909311,0.9995830100414543,0.9999939698537659,1,I,16,I,2
aff16_wu_m128_seed1,16,16,y,71,47.62963396601657,0.9971754718914981,0.9999964447888019,1,I,16,I,2
aff16_wu_m128_seed1,16,16,y,72,66.51015225129697,0.9984609654533348,0.9999972535964249,1,I,16,I,2
aff16_wu_m128_seed1,16,16,y,73,124.1464511749561,0.9997054798175918,0.9999973914406612,1,I,16,I,2
aff16_wu_m128_seed1,16,16,y,75,134.2335020987313,0.9969449130566814,0.999997170151069,1,I,16,I,2
aff16_wu_m128_seed1,16,16,y,77,122.01677305222621,0.9999714093891173,0.9999972226447691,1,I,16,I,2
aff16_wu_m128_seed1,16,16,y,79,41.19639529477903,0.9972249024599589,0.9999962989146849,1,I,16,I,2
aff16_wu_m128_seed1,16,16,y,80,91.79514266379661,0.9996284068640523,0.9999964429202475,1,I,16,I,2
aff16_wu_m128_seed1,16,16,y,82,138.05571840623023,0.9999718847548968,0.99999412595491,1,I,16,I,2
aff16_wu_m128_seed1,16,16,y,83,94.63467000722159,0.9995916569661943,0.9999942023690461,1,I,16,I,2
aff16_wu_m128_seed1,16,16,y,84,38.30975023789566,0.998784307345951,0.99999712217296,1,I,16,I,2
aff16_wu_m128_seed1,16,16,y,87,61.81172245226844,0.9972681216167905,0.9999973357603608,1,I,16,I,2
aff16_wu_m128_seed1,16,16,y,91,119.40048771225501,0.9971262222640646,0.9999964222107918,1,I,16,I,2
aff16_wu_m128_seed1,16,16,y,92,98.63044554080177,0.9997325298675545,0.9999941030997705,1,I,16,I,2
aff16_wu_m128_seed1,16,16,y,93,123.64169900752455,0.99975003026587,0.9999961108055073,1,I,16,I,2
aff16_wu_m128_seed1,16,16,y,94,87.39109724325841,0.9419430706519845,0.9999972271839589,1,I,16,I,2
aff16_wu_m128_seed1,16,16,y,96,67.61075958177787,0.9812622048694677,0.9999969978434051,1,I,16,I,2
aff16_wu_m128_seed1,16,16,y,97,116.06459859235227,0.9998492924739814,0.9999973839331466,1,I,16,I,2
aff16_wu_m128_seed1,16,16,y,100,136.07517584642352,0.9993381788776231,0.9999939445627648,1,I,16,I,2
aff16_wu_m128_seed1,16,16,y,101,102.45735657982989,0.9985351233848913,0.9999962513080943,1,I,16,I,2
aff16_wu_m128_seed1,16,16,y,103,141.15505681172093,0.999139098675533,0.9999971381548233,1,I,16,I,2
aff16_wu_m128_seed1,16,16,y,104,102.39236493886722,0.9964172848176585,0.9999964568872737,1,I,16,I,2
aff16_wu_m128_seed1,16,16,y,105,66.24721795672193,0.9981440976502587,0.9999964787901046,1,I,16,I,2
aff16_wu_m128_seed1,16,16,y,106,141.34149461099128,0.999479855799565,0.9999940418963119,1,I,16,I,2
aff16_wu_m128_seed1,16,16,y,107,139.9610313260377,0.9996554665910816,0.9999971862696386,1,I,16,I,2
aff16_wu_m128_seed1,16,16,y,108,142.92969203573844,0.9997304247807334,0.9999973457975951,1,I,16,I,2
aff16_wu_m128_seed1,16,16,y,109,127.13380336351582,0.9980458342760735,0.9999964687177786,1,I,16,I,2
aff16_wu_m128_seed1,16,16,y,110,140.06625579624347,0.9996619410273664,0.9999941260564508,1,I,16,I,2
aff16_wu_m128_seed1,16,16,y,111,110.92763473333326,0.9643061264087655,0.9999972376144319,1,I,16,I,2
aff16_wu_m128_seed1,16,16,y,112,54.948124557997104,0.9986239395983563,0.9999964971983889,1,I,16,I,2
aff16_wu_m128_seed1,16,16,y,113,141.20916909992553,0.99991215164157,0.9999972014801741,1,I,16,I,2
aff16_wu_m128_seed1,16,16,y,114,131.61580656301786,0.9988047528598551,0.99999733805733,1,I,16,I,2
aff16_wu_m128_seed1,16,16,y,115,49.72025778014202,0.9404728039890846,0.9999938013603387,1,I,16,I,2
aff16_wu_m128_seed1,16,16,y,116,79.58738201033754,0.9833055934299471,0.9999971913222004,1,I,16,I,2
aff16_wu_m128_seed1,16,16,y,117,92.40470125343609,0.9994737019637587,0.9999942646641405,1,I,16,I,2
aff16_wu_m128_seed1,16,16,y,122,132.00720004111218,0.9997984915914302,0.9999971979111645,1,I,16,I,2
aff16_wu_m128_seed1,16,16,y,123,56.35772303463276,0.9258206047399159,0.999996938124325,1,I,16,I,2
aff16_wu_m128_seed1,16,16,y,124,186.86308607094554,0.9998715277239385,0.9999961292610778,1,I,16,I,2
aff16_wu_m128_seed1,16,16,y,125,104.32589174344837,0.9998339523667638,0.9999941721693059,1,I,16,I,2
aff16_wu_m128_seed1,16,16,y,127,97.76526318719911,0.999679595100529,0.9999973146083706,1,I,16,I,2
aff16_wu_m128_seed2,16,8,x,21,163.7208277391103,0.9972209145647054,0.9999997560526656,1,I,8,I,16
aff16_wu_m128_seed2,16,8,x,27,417.64337309563206,0.9966267174939114,0.9999996619893063,1,I,8,I,16
aff16_wu_m128_seed2,16,8,x,42,400.30110578268716,0.9966440684787135,0.9999987067454869,1,I,8,I,16
aff16_wu_m128_seed2,16,8,x,49,393.0091579556418,0.9965669381120579,0.99999867345197,1,I,8,I,16
aff16_wu_m128_seed2,16,8,x,61,253.6150441009311,0.9965842401807024,0.999999691037319,1,I,8,I,16
aff16_wu_m128_seed2,16,8,x,63,387.89696764160146,0.996579017779918,0.9999986736625032,1,I,8,I,16
aff16_wu_m128_seed2,16,8,x,79,35.21069153921893,0.9959500076023315,0.9999987196685587,1,I,8,I,8
aff16_wu_m128_seed2,16,8,x,88,163.62448763067022,0.9976299843759826,0.9999997740039981,1,I,8,I,16
aff16_wu_m128_seed2,16,8,x,95,411.24603591522333,0.9966038176438861,0.9999996455096567,1,I,8,I,16
aff16_wu_m128_seed2,16,8,x,101,262.0778630466876,0.9965987082222882,0.9999997081585359,1,I,8,I,16
aff16_wu_m128_seed2,16,8,x,123,403.0099170636613,0.9966104179959935,0.99999869046534,1,I,8,I,16
aff16_wu_m128_seed2,16,8,y,21,162.3780419462497,0.9958156574965018,0.9999067356542358,1,I,16,I,8
aff16_wu_m128_seed2,16,8,y,27,416.8622879144964,0.9965659470582484,0.9999995110659158,1,I,16,I,8
aff16_wu_m128_seed2,16,8,y,42,397.8852364798188,0.996689068283544,0.9999063973291891,1,I,16,I,8
aff16_wu_m128_seed2,16,8,y,49,392.1834507392002,0.9964918516597182,0.9999994970771193,1,I,16,I,8
aff16_wu_m128_seed2,16,8,y,61,252.3493807715591,0.9966960597132396,0.999906162139239,1,I,16,I,8
aff16_wu_m128_seed2,16,8,y,63,387.80391632248933,0.9965378987112139,0.999999509574188,1,I,16,I,8
aff16_wu_m128_seed2,16,8,y,79,34.81179287604153,0.9976221003130951,0.9999995083375575,1,I,16,I,8
aff16_wu_m128_seed2,16,8,y,88,162.62575432917188,0.9962454814499524,0.9999067336715994,1,I,8,I,8
aff16_wu_m128_seed2,16,8,y,95,410.5953904093654,0.9965426710636489,0.9999995179795721,1,I,16,I,8
aff16_wu_m128_seed2,16,8,y,101,260.7608920894041,0.9966703360923592,0.9999064748593776,1,I,16,I,8
aff16_wu_m128_seed2,16,8,y,123,399.6037787490832,0.9967286533749432,0.9999064738888677,1,I,16,I,8
aff16_wu_m128_seed2,16,16,x,0,65.50060253535955,0.9976566791532894,0.9822762570514479,2,I,2,I,2
aff16_wu_m128_seed2,16,16,x,1,139.16495415074195,0.9988837861941948,0.9790811918667242,2,I,2,I,2
aff16_wu_m128_seed2,16,16,x,3,116.43120875010871,0.9985714777528223,0.9790932172989121,2,I,2,I,2
aff16_wu_m128_seed2,16,16,x,4,120.68316333427309,0.9988908997971695,0.9790650552972052,2,I,2,I,2
aff16_wu_m128_seed2,16,16,x,5,69.67901261578456,0.9987079062452783,0.9893571352903748,1,I,2,I,2
aff16_wu_m128_seed2,16,16,x,7,38.151184973147,0.9993890308606198,0.9809184549393305,2,I,2,I,2
aff16_wu_m128_seed2,16,16,x,8,101.75462338452581,0.9980970396993074,0.9894882087976781,1,I,2,I,2
aff16_wu_m128_seed2,16,16,x,9,87.13820534843879,0.9991448258272394,0.9892922362237796,1,I,2,I,2
aff16_wu_m128_seed2,16,16,x,10,132.48846939950909,0.9985088932590089,0.9928929078279065,1,I,2,I,2
aff16_wu_m128_seed2,16,16,x,11,125.97986255470121,0.9983257395982366,0.9895516305862345,1,I,2,I,2
aff16_wu_m128_seed2,16,16,x,12,84.82373728082295,0.9982231779468415,0.9928745334549154,1,I,2,I,2
aff16_wu_m128_seed2,16,16,x,13,109.70878836667437,0.99859509383919,0.9790400724449451,2,I,2,I,2
aff16_wu_m128_seed2,16,16,x,15,193.516305682663,0.9991313304995694,0.9821610762943849,2,I,2,I,2
aff16_wu_m128_seed2,16,16,x,16,136.39188394018328,0.9993967245244736,0.9810013965284365,2,I,2,I,2
aff16_wu_m128_seed2,16,16,x,17,116.84817853494384,0.9982274579631931,0.9895672895296023,1,I,2,I,2
aff16_wu_m128_seed2,16,16,x,18,76.60324481707306,0.9989021997633032,0.9894315337161507,1,I,2,I,2
aff16_wu_m128_seed2,16,16,x,19,80.71320786664366,0.9971773475964242,0.9812234312207878,2,I,2,I,2
aff16_wu_m128_seed2,16,16,x,20,21.58180949745946,0.9950011199587184,0.9894625599512168,1,I,2,I,2
aff16_wu_m128_seed2,16,16,x,22,140.91749954955534,0.9994240833226801,0.980987418804646,2,I,2,I,2
aff16_wu_m128_seed2,16,16,x,25,87.84375432294321,0.9989129982632694,0.9892937767683543,1,I,2,I,2
aff16_wu_m128_seed2,16,16,x,26,152.6425677878986,0.9980594948507736,0.9895519498351218,1,I,2,I,2
aff16_wu_m128_seed2,16,16,x,31,89.92514004797015,0.9979931484986655,0.9895501832523198,1,I,2,I,2
aff16_wu_m128_seed2,16,16,x,32,51.17957455508796,0.9985662032241639,0.9929058147875653,1,I,2,I,2
aff16_wu_m128_seed2,16,16,x,35,111.44016292162135,0.9991723625375591,0.9893641981389809,1,I,2,I,2
aff16_wu_m128_seed2,16,16,x,36,21.4866198102734,0.9993991291216685,0.9809919767337714,2,I,2,I,2
aff16_wu_m128_seed2,16,16,x,38,97.76691570846326,0.998693208325245,0.9790922554014015,2,I,2,I,2
aff16_wu_m128_seed2,16,16,x,39,36.081887855670054,0.9991278838505665,0.9821272894098462,2,I,2,I,2
aff16_wu_m128_seed2,16,16,x,41,67.93728107370698,0.9978866998059553,0.9891459274989197,1,I,2,I,2
aff16_wu_m128_seed2,16,16,x,43,61.81234889136621,0.9987963791512667,0.9809475512433233,2,I,2,I,2
aff16_wu_m128_seed2,16,16,x,45,16.28951488436937,0.9951539290191638,0.9928406975617697,1,I,2,I,2
aff16_wu_m128_seed2,16,16,x,46,156.7939041825217,0.9995148672987999,0.9808107750607754,2,I,2,I,2
aff16_wu_m128_seed2,16,16,x,48,179.13709206149392,0.9991370601734799,0.9821513760850169,2,I,2,I,2
aff16_wu_m128_seed2,16,16,x,50,124.41443193072467,0.9991682128803668,0.9893507239055772,1,I,2,I,2
aff16_wu_m128_seed2,16,16,x,51,141.07018352906113,0.9986838434327244,0.9893724655243918,1,I,2,I,2
aff16_wu_m128_seed2,16,16,x,53,114.34506823090021,0.9995800661071723,0.9809545731283911,2,I,2,I,2
aff16_wu_m128_seed2,16,16,x,54,124.20496186170955,0.9986518667293062,0.9790304572064296,2,I,2,I,2
aff16_wu_m128_seed2,16,16,x,55,209.0160983002104,0.9991091733731208,0.9821397179107983,2,I,2,I,2
aff16_wu_m128_seed2,16,16,x,56,145.29401084890054,0.9982004953839695,0.9928331079794359,1,I,2,I,2
aff16_wu_m128_seed2,16,16,x,57,114.12289322685572,0.9985170273908386,0.9790679035179481,2,I,2,I,2
aff16_wu_m128_seed2,16,16,x,58,119.69314786043324,0.9986112627028222,0.9929107854414848,1,I,2,I,2
aff16_wu_m128_seed2,16,16,x,59,76.99067001551342,0.9989784012447162,0.9820446809183255,2,I,2,I,2
aff16_wu_m128_seed2,16,16,x,60,158.10088670550493,0.9985518051696515,0.9928964575059361,1,I,2,I,2
aff16_wu_m128_seed2,16,16,x,62,128.99775749090676,0.9982000579552036,0.9894727335965439,1,I,2,I,2
aff16_wu_m128_seed2,16,16,x,64,40.293904798747946,0.9957497263534482,0.9823743737776265,2,I,2,I,2
aff16_wu_m128_seed2,16,16,x,65,128.37096286608622,0.999081187694782,0.9893730855781029,1,I,2,I,2
aff16_wu_m128_seed2,16,16,x,66,73.01612630370012,0.9980111533651798,0.9895572049488345,1,I,2,I,2
aff16_wu_m128_seed2,16,16,x,67,25.296279086052724,0.9984085733636968,0.9895509715118181,1,I,2,I,2
aff16_wu_m128_seed2,16,16,x,68,80.17483506146388,0.996140562154829,0.9895125344285528,1,I,2,I,2
aff16_wu_m128_seed2,16,16,x,69,187.3882090377066,0.9984284160489186,0.9928512610982853,1,I,2,I,2
aff16_wu_m128_seed2,16,16,x,70,129.4334884859936,0.9987536035877278,0.9790484274330913,2,I,2,I,2
aff16_wu_m128_seed2,16,16,x,72,125.5943907822747,0.998647142123078,0.9893065579877818,1,I,2,I,2
aff16_wu_m128_seed2,16,16,x,73,147.27327566004328,0.9977369673565273,0.9928853056487551,1,I,2,I,2
aff16_wu_m128_seed2,16,16,x,74,137.55025018574173,0.9990220548417417,0.9893403879550611,1,I,2,I,2
aff16_wu_m128_seed2,16,16,x,75,209.47173133063362,0.9994947827345685,0.9810384769889963,2,I,2,I,2
aff16_wu_m128_seed2,16,16,x,77,52.83358209505877,0.9983249573829749,0.9928873302614,1,I,2,I,2
aff16_wu_m128_seed2,16,16,x,81,66.03120129049925,0.9991982186965497,0.9821549344623133,2,I,2,I,2
aff16_wu_m128_seed2,16,16,x,82,90.1983790382288,0.9986139524177549,0.9893177621946526,1,I,2,I,2
aff16_wu_m128_seed2,16,16,x,83,174.46313136252164,0.999082697505013,0.982193921854722,2,I,2,I,2
aff16_wu_m128_seed2,16,16,x,84,237.41796488751817,0.9995865416313948,0.9809199529727807,2,I,2,I,2
aff16_wu_m128_seed2,16,16,x,85,124.80651515913627,0.9984570058969725,0.9790658781774254,2,I,2,I,2
aff16_wu_m128_seed2,16,16,x,86,96.08166966468923,0.9983499252849735,0.9894895303954802,1,I,2,I,2
aff16_wu_m128_seed2,16,16,x,87,117.1268204899875,0.9981994710140197,0.9894710895889657,1,I,2,I,2
aff16_wu_m128_seed2,16,16,x,90,123.0328539006934,0.9984391937283981,0.9895132311354116,1,I,2,I,2
aff16_wu_m128_seed2,16,16,x,94,128.1526365160701,0.9981178173315252,0.9894523958426132,1,I,2,I,2
aff16_wu_m128_seed2,16,16,x,96,177.0550759295989,0.9994838719378097,0.9809585324249732,2,I,2,I,2
aff16_wu_m128_seed2,16,16,x,97,6.6517665831503265,0.9984745792421876,0.9929120053062063,1,I,2,I,2
aff16_wu_m128_seed2,16,16,x,99,56.863497123649196,0.998878591408439,0.9894575848708154,1,I,2,I,2
aff16_wu_m128_seed2,16,16,x,100,90.39721721641901,0.9981276692828988,0.979107469572436,2,I,2,I,2
aff16_wu_m128_seed2,16,16,x,104,117.48549596920098,0.9983340544159214,0.9895713368610819,1,I,2,I,2
aff16_wu_m128_seed2,16,16,x,105,218.25833864155055,0.9987361325303198,0.9821537358826292,2,I,2,I,2
aff16_wu_m128_seed2,16,16,x,106,51.24010884370861,0.9985420100051907,0.9790117936484167,2,I,2,I,2
aff16_wu_m128_seed2,16,16,x,109,65.8094386012082,0.9991277933200905,0.9893203163220804,1,I,2,I,2
aff16_wu_m128_seed2,16,16,x,110,23.860052965983872,0.9975560121317872,0.9928455405595458,1,I,2,I,2
aff16_wu_m128_seed2,16,16,x,111,119.34499757778589,0.99874130227281,0.9791193708631768,2,I,2,I,2
aff16_wu_m128_seed2,16,16,x,114,105.11655028802231,0.9995904888234761,0.9809672148805596,2,I,2,I,2
aff16_wu_m128_seed2,16,16,x,115,71.30356416423297,0.9983968476299403,0.9928617726392589,1,I,2,I,2
aff16_wu_m128_seed2,16,16,x,116,115.14521870138881,0.999585101563894,0.9809782423528259,2,I,2,I,2
aff16_wu_m128_seed2,16,16,x,117,203.48149329953733,0.9992230492137166,0.9821960652591811,2,I,2,I,2
aff16_wu_m128_seed2,16,16,x,118,14.558007236381531,0.9990159697609544,0.9812040802859215,2,I,2,I,2
aff16_wu_m128_seed2,16,16,x,119,102.95457459334376,0.9990561657885578,0.9821289008063449,2,I,2,I,2
aff16_wu_m128_seed2,16,16,x,121,148.48563194771748,0.998762782872469,0.9790573947266682,2,I,2,I,2
aff16_wu_m128_seed2,16,16,x,122,54.10870027964037,0.9979903360005963,0.9895805403284941,1,I,2,I,2
aff16_wu_m128_seed2,16,16,x,125,74.66280173570131,0.999194887676316,0.9892403145062212,1,I,2,I,2
aff16_wu_m128_seed2,16,16,x,126,105.0698550101994,0.9989183212387684,0.9893735348489441,1,I,2,I,2
aff16_wu_m128_seed2,16,16,x,127,96.14217333097844,0.9982508913806089,0.9893986339338406,1,I,2,I,2
aff16_wu_m128_seed2,16,16,y,0,53.999983379069604,0.9938607803405467,0.9833512697994834,1,I,2,I,2
aff16_wu_m128_seed2,16,16,y,1,138.8008737755058,0.9986187103492681,0.9749218445228631,2,I,2,I,2
aff16_wu_m128_seed2,16,16,y,3,113.35422413508914,0.9981572055531185,0.975225720145471,2,I,2,I,2
aff16_wu_m128_seed2,16,16,y,4,121.31890757465072,0.9989074089172074,0.9749072382214278,2,I,2,I,2
aff16_wu_m128_seed2,16,16,y,5,71.9439774487256,0.9990329835079805,0.9829494827130708,2,I,2,I,2
aff16_wu_m128_seed2,16,16,y,7,37.195037155357596,0.9978287252547559,0.9822233065523284,2,I,2,I,2
aff16_wu_m128_seed2,16,16,y,8,104.51320980881655,0.998902061538106,0.982878928945827,2,I,2,I,2
aff16_wu_m128_seed2,16,16,y,9,91.0542529063721,0.998318063664913,0.9745572132013357,2,I,2,I,2
aff16_wu_m128_seed2,16,16,y,10,140.73483840649018,0.9980131359358665,0.9751792611160386,2,I,2,I,2
aff16_wu_m128_seed2,16,16,y,11,130.58981387990923,0.998369647872445,0.9821417809837879,2,I,2,I,2
aff16_wu_m128_seed2,16,16,y,12,91.48588125489356,0.9976553726292269,0.9752660004214313,2,I,2,I,2
aff16_wu_m128_seed2,16,16,y,13,107.92996930930198,0.9991667916004604,0.9803472496556259,2,I,2,I,2
aff16_wu_m128_seed2,16,16,y,15,186.9888407862853,0.9984279525008996,0.9821840208000997,2,I,2,I,2
aff16_wu_m128_seed2,16,16,y,16,133.60340165224662,0.998909421622038,0.98289300571544,2,I,2,I,2
aff16_wu_m128_seed2,16,16,y,17,122.1965978231256,0.998211045511753,0.9822077963437582,2,I,2,I,2
aff16_wu_m128_seed2,16,16,y,18,80.20931423490556,0.9977660088367334,0.9742945407858937,2,I,2,I,2
aff16_wu_m128_seed2,16,16,y,19,66.4643249087145,0.9956311446688013,0.9831394076157556,1,I,2,I,2
aff16_wu_m128_seed2,16,16,y,20,17.631671435575903,0.9837915670788373,0.9852468644635474,1,I,2,I,2
aff16_wu_m128_seed2,16,16,y,22,140.1488983561405,0.9981451715755618,0.9746842049031671,2,I,2,I,2
aff16_wu_m128_seed2,16,16,y,25,89.89982861689306,0.999100831940614,0.982901299046546,2,I,2,I,2
aff16_wu_m128_seed2,16,16,y,26,159.5475042007698,0.9980494190631828,0.9743890917906759,2,I,2,I,2
aff16_wu_m128_seed2,16,16,y,31,94.3274263676228,0.9977727989967397,0.9745467220287001,2,I,2,I,2
aff16_wu_m128_seed2,16,16,y,32,52.76138513819382,0.9991620054293927,0.9802898316786094,2,I,2,I,2
aff16_wu_m128_seed2,16,16,y,35,115.11868780767308,0.9985649506511564,0.9750000827423653,2,I,2,I,2
aff16_wu_m128_seed2,16,16,y,36,21.093635762773623,0.9991087957775422,0.982956126543186,2,I,2,I,2
aff16_wu_m128_seed2,16,16,y,38,96.19369522023142,0.9980946093538244,0.9822485528517786,2,I,2,I,2
aff16_wu_m128_seed2,16,16,y,39,35.6591304389234,0.9991960568590765,0.9829531380809178,2,I,4,I,2
aff16_wu_m128_seed2,16,16,y,41,60.770238720823926,0.9927063645232861,0.9829083521550807,1,I,2,I,2
aff16_wu_m128_seed2,16,16,y,43,60.719472378074926,0.9987482481475527,0.9802263723885914,2,I,2,I,2
aff16_wu_m128_seed2,16,16,y,45,13.903192981870498,0.9918969466036485,0.9857054121638397,1,I,2,I,2
aff16_wu_m128_seed2,16,16,y,46,155.6572665847691,0.9982327600156371,0.9752460389425681,2,I,2,I,2
aff16_wu_m128_seed2,16,16,y,48,178.1099012909396,0.9990328338834386,0.9750832670989842,2,I,2,I,2
aff16_wu_m128_seed2,16,16,y,50,130.3352904895389,0.9983879617245978,0.9752955079327188,2,I,2,I,2
aff16_wu_m128_seed2,16,16,y,51,145.42262124518197,0.9977733693243325,0.9822010820861123,2,I,2,I,2
aff16_wu_m128_seed2,16,16,y,53,114.37175034996724,0.9983122950136407,0.9741992512332932,2,I,2,I,2
aff16_wu_m128_seed2,16,16,y,54,120.92204020894661,0.9985972089634719,0.9829108540391761,2,I,2,I,2
aff16_wu_m128_seed2,16,16,y,55,203.91901177001378,0.9991588134203085,0.9829132295021326,2,I,2,I,2
aff16_wu_m128_seed2,16,16,y,56,151.32095307789047,0.9987600203370742,0.9828509348534206,2,I,2,I,2
aff16_wu_m128_seed2,16,16,y,57,110.20651676402828,0.9981434453129777,0.9822673439725327,2,I,2,I,2
aff16_wu_m128_seed2,16,16,y,58,124.82724511238416,0.9989647156029058,0.980196001051886,2,I,2,I,2
aff16_wu_m128_seed2,16,16,y,59,78.5063488582997,0.9987023737673612,0.9750445354492693,2,I,2,I,2
aff16_wu_m128_seed2,16,16,y,60,165.9835923662329,0.9980309510728733,0.9822393809236888,2,I,2,I,2
aff16_wu_m128_seed2,16,16,y,62,133.4530347410132,0.9989549713975557,0.9804623216257513,2,I,2,I,2
aff16_wu_m128_seed2,16,16,y,64,29.91675071416473,0.9826296976350354,0.9855897689951707,1,I,2,I,2
aff16_wu_m128_seed2,16,16,y,65,134.1823934298199,0.9987052420621426,0.9805585433628294,2,I,2,I,2
aff16_wu_m128_seed2,16,16,y,66,75.49118133186654,0.9982435124369459,0.982810014209113,2,I,2,I,2
aff16_wu_m128_seed2,16,16,y,67,26.310087709320587,0.9984790374449458,0.9801945866147829,2,I,2,I,2
aff16_wu_m128_seed2,16,16,y,68,73.13850024342726,0.9934839012957154,0.9827922297659678,1,I,2,I,2
aff16_wu_m128_seed2,16,16,y,69,200.87129592686063,0.998729702579225,0.9752047696134625,2,I,2,I,2
aff16_wu_m128_seed2,16,16,y,70,126.4642158627671,0.9982411293576954,0.9743194367412827,2,I,2,I,2
aff16_wu_m128_seed2,16,16,y,72,128.33532872327078,0.9990816039465797,0.9806483622311684,2,I,2,I,2
aff16_wu_m128_seed2,16,16,y,73,159.73541235187534,0.9980458822489398,0.9745234124562439,2,I,2,I,2
aff16_wu_m128_seed2,16,16,y,74,145.42098375048616,0.9989887592126538,0.974981584370697,2,I,2,I,2
aff16_wu_m128_seed2,16,16,y,75,206.06117686899975,0.9982610535915724,0.9822307203611712,2,I,2,I,2
aff16_wu_m128_seed2,16,16,y,77,54.645434352413425,0.9990998157734163,0.9804170227947905,2,I,2,I,2
aff16_wu_m128_seed2,16,16,y,81,64.70695775748428,0.9987114452552293,0.9799828681550582,2,I,2,I,2
aff16_wu_m128_seed2,16,16,y,82,92.21073706675428,0.9988633353144667,0.9827841554969902,2,I,2,I,2
aff16_wu_m128_seed2,16,16,y,83,174.44168869301907,0.9982552921708228,0.9751461644068382,2,I,2,I,2
aff16_wu_m128_seed2,16,16,y,84,236.48153697637002,0.9990114564838879,0.9750311506390092,2,I,2,I,2
aff16_wu_m128_seed2,16,16,y,85,123.4366224644735,0.9982434065657162,0.9743518553038988,2,I,2,I,2
aff16_wu_m128_seed2,16,16,y,86,100.02093733515453,0.9976442228305177,0.9751902866868609,2,I,2,I,2
aff16_wu_m128_seed2,16,16,y,87,122.675879999037,0.9977039760310946,0.9754069402176365,2,I,2,I,2
aff16_wu_m128_seed2,16,16,y,90,131.7189279266044,0.9989237612277613,0.9751239048869155,2,I,2,I,2
aff16_wu_m128_seed2,16,16,y,94,132.0255023403014,0.9989059391764055,0.980162817480455,2,I,2,I,2
aff16_wu_m128_seed2,16,16,y,96,172.27475532671767,0.9992068715799879,0.980097558460302,2,I,2,I,2
aff16_wu_m128_seed2,16,16,y,97,7.000036913358775,0.9983213070345937,0.9756696231370977,2,I,2,I,2
aff16_wu_m128_seed2,16,16,y,99,59.82912006604447,0.9979274939654516,0.9752705373364242,2,I,2,I,2
aff16_wu_m128_seed2,16,16,y,100,88.50268993747127,0.9989354208756148,0.9800330408610273,2,I,2,I,2
aff16_wu_m128_seed2,16,16,y,104,125.12930092507561,0.9985435214125359,0.9751546761309379,2,I,2,I,2
aff16_wu_m128_seed2,16,16,y,105,218.5009806381214,0.9980010576095105,0.9743817603957033,2,I,2,I,2
aff16_wu_m128_seed2,16,16,y,106,50.12650667216591,0.9991900199894456,0.9802489396383729,2,I,2,I,2
aff16_wu_m128_seed2,16,16,y,109,68.97670179724165,0.9984326400460763,0.9745504940986823,2,I,2,I,2
aff16_wu_m128_seed2,16,16,y,110,21.654123663506443,0.9932563276072235,0.9828611948873313,1,I,2,I,2
aff16_wu_m128_seed2,16,16,y,111,115.21673269362454,0.9987178091327229,0.9828878944050382,2,I,2,I,2
aff16_wu_m128_seed2,16,16,y,114,102.22967796593908,0.9990789205342349,0.982898803823831,2,I,2,I,2
aff16_wu_m128_seed2,16,16,y,115,74.65217087664979,0.9986834439780995,0.9828259865009553,2,I,2,I,2
aff16_wu_m128_seed2,16,16,y,116,114.27773990399872,0.9979281542765849,0.9751765667417731,2,I,2,I,2
aff16_wu_m128_seed2,16,16,y,117,198.13958167373985,0.9988212228211245,0.9801737279776912,2,I,2,I,2
aff16_wu_m128_seed2,16,16,y,118,11.953613811477057,0.9871625780412894,0.9856684461128928,1,I,2,I,2
aff16_wu_m128_seed2,16,16,y,119,103.69187428233865,0.9980438809796575,0.9751461975762947,2,I,2,I,2
aff16_wu_m128_seed2,16,16,y,121,145.72583174695146,0.9982849582448949,0.9751125211667486,2,I,2,I,2
aff16_wu_m128_seed2,16,16,y,122,56.15865621239164,0.997816084094919,0.9753650627072618,2,I,2,I,2
aff16_wu_m128_seed2,16,16,y,125,77.42100610915243,0.9984620713956506,0.975067663540209,2,I,2,I,2
aff16_wu_m128_seed2,16,16,y,126,108.68509045646074,0.997751442220726,0.9822653229883288,2,I,2,I,2
aff16_wu_m128_seed2,16,16,y,127,99.14086252752683,0.9988425297684053,0.9829279019212046,2,I,2,I,2
aff16_wu_m128_seed3,16,16,x,0,155.43626025278368,0.9999872538265385,0.9999965328371646,1,I,2,I,16
aff16_wu_m128_seed3,16,16,x,1,143.0644557265992,0.9999782578852042,0.9999961006746467,1,I,2,I,16
aff16_wu_m128_seed3,16,16,x,3,146.90449112104608,0.9999945647615431,0.9999962707369568,1,I,2,I,16
aff16_wu_m128_seed3,16,16,x,4,166.70209985915773,0.9999785327270808,0.9999967387818269,1,I,2,I,16
aff16_wu_m128_seed3,16,16,x,5,138.31898171318977,0.9999908536855576,0.9999960645841918,1,I,2,I,16
aff16_wu_m128_seed3,16,16,x,7,148.62678979875957,0.999987735590949,0.9999959972881389,1,I,2,I,16
aff16_wu_m128_seed3,16,16,x,9,147.31552238666728,0.9999831479509688,0.9999961530275426,1,I,2,I,16
aff16_wu_m128_seed3,16,16,x,10,191.5853502304931,0.9999917654166226,0.9999950853464217,1,I,2,I,16
aff16_wu_m128_seed3,16,16,x,11,148.66382436514687,0.9999890421492896,0.99999676878369,1,I,2,I,16
aff16_wu_m128_seed3,16,16,x,12,141.54182441780185,0.9999846052139832,0.9999966147674866,1,I,2,I,16
aff16_wu_m128_seed3,16,16,x,13,181.6041166612111,0.9999891783190079,0.9999948619252089,1,I,2,I,16
aff16_wu_m128_seed3,16,16,x,14,184.7298650004071,0.999984419413428,0.9999979431330018,1,I,2,I,16
aff16_wu_m128_seed3,16,16,x,16,85.84189589824248,0.9999793439688859,0.9999953220086744,1,I,2,I,16
aff16_wu_m128_seed3,16,16,x,18,215.30291014225682,0.9999952624934094,0.9999962517171306,1,I,2,I,16
aff16_wu_m128_seed3,16,16,x,19,174.87892459430665,0.9999932004492048,0.9999966462466896,1,I,2,I,16
aff16_wu_m128_seed3,16,16,x,20,173.82391119204482,0.9999877962403517,0.9999961165036404,1,I,2,I,16
aff16_wu_m128_seed3,16,16,x,22,176.87482508021452,0.9999830824153678,0.9999959967855667,1,I,2,I,16
aff16_wu_m128_seed3,16,16,x,23,149.28280403250875,0.9999881992491958,0.999995371831028,1,I,2,I,16
aff16_wu_m128_seed3,16,16,x,24,127.33106819413482,0.9999759637070222,0.9999953431757602,1,I,2,I,16
aff16_wu_m128_seed3,16,16,x,25,112.0797723144504,0.999993237882579,0.9999951306739816,1,I,2,I,16
aff16_wu_m128_seed3,16,16,x,26,129.9949727552655,0.9999779142297456,0.9999960538180543,1,I,2,I,16
aff16_wu_m128_seed3,16,16,x,28,165.04260864966554,0.9999906352509408,0.9999967339818671,1,I,2,I,16
aff16_wu_m128_seed3,16,16,x,30,189.836593982182,0.9999875657424725,0.9999948335610318,1,I,2,I,16
aff16_wu_m128_seed3,16,16,x,31,181.5255208614588,0.9999909017101198,0.9999966253280098,1,I,2,I,16
aff16_wu_m128_seed3,16,16,x,32,121.95799462806565,0.9999887464998393,0.9999964161784237,1,I,2,I,16
aff16_wu_m128_seed3,16,16,x,33,140.24770778957696,0.9999906688976784,0.9999960612544883,1,I,2,I,16
aff16_wu_m128_seed3,16,16,x,35,145.94448683210618,0.99988287138056,0.999923899306207,1,I,2,I,16
aff16_wu_m128_seed3,16,16,x,36,179.0116557789733,0.99988531725277,0.99992440134893,1,I,2,I,16
aff16_wu_m128_seed3,16,16,x,37,163.7974765401069,0.9999935918357955,0.9999962590025505,1,I,2,I,16
aff16_wu_m128_seed3,16,16,x,38,142.30740383589455,0.9999932764780257,0.9999951110173617,1,I,2,I,16
aff16_wu_m128_seed3,16,16,x,40,149.5055161554874,0.9999851223224813,0.9999959935794991,1,I,2,I,16
aff16_wu_m128_seed3,16,16,x,41,38.04476385804216,0.9990835403262112,0.9999499679014557,1,I,2,I,2
aff16_wu_m128_seed3,16,16,x,42,140.04363218343846,0.9999924882762886,0.999995105102076,1,I,2,I,16
aff16_wu_m128_seed3,16,16,x,44,131.2162710397742,0.9999857202233748,0.999995159945471,1,I,2,I,16
aff16_wu_m128_seed3,16,16,x,45,69.3733820313207,0.9976013614821926,0.9999536071406215,1,I,2,I,2
aff16_wu_m128_seed3,16,16,x,46,132.64028233110122,0.9999908826657791,0.9999953396820473,1,I,2,I,16
aff16_wu_m128_seed3,16,16,x,47,110.64577083525693,0.9999064641266664,0.9999240999479627,1,I,2,I,16
aff16_wu_m128_seed3,16,16,x,48,145.52629884801487,0.9999804550377736,0.9999961436085746,1,I,2,I,16
aff16_wu_m128_seed3,16,16,x,49,149.75467778054,0.9998875604887135,0.9999238113160192,1,I,2,I,16
aff16_wu_m128_seed3,16,16,x,54,130.21267248598852,0.9999883393224157,0.9999953794890613,1,I,2,I,16
aff16_wu_m128_seed3,16,16,x,57,188.59541415567688,0.9999929481596834,0.9999953802504289,1,I,2,I,16
aff16_wu_m128_seed3,16,16,x,58,84.65046089945787,0.9991006650076286,0.9999773308336166,1,I,2,I,2
aff16_wu_m128_seed3,16,16,x,59,133.73480936569987,0.9999848509073432,0.9999960721618432,1,I,2,I,16
aff16_wu_m128_seed3,16,16,x,60,86.7612249790805,0.9810760060509143,0.9999585881009402,1,I,2,I,2
aff16_wu_m128_seed3,16,16,x,61,132.04531191415623,0.9999937099817559,0.9999963449439462,1,I,2,I,16
aff16_wu_m128_seed3,16,16,x,62,151.69203888716916,0.9999917294414757,0.9999963255449018,1,I,2,I,16
aff16_wu_m128_seed3,16,16,x,63,139.8864968078734,0.9999888073102948,0.9999966178741136,1,I,2,I,16
aff16_wu_m128_seed3,16,16,x,64,139.53631626558888,0.9999924803577604,0.9999960924467718,1,I,2,I,16
aff16_wu_m128_seed3,16,16,x,65,71.63626953128289,0.9847753909560013,0.9999680954266571,1,I,2,I,2
aff16_wu_m128_seed3,16,16,x,67,48.2163502766959,0.9999722286419164,0.9999960231999135,1,I,2,I,16
aff16_wu_m128_seed3,16,16,x,69,49.802139837284166,0.9999771843060075,0.9999962396735216,1,I,2,I,16
aff16_wu_m128_seed3,16,16,x,70,100.14880973933687,0.9999886209246986,0.9999963511495624,1,I,2,I,16
aff16_wu_m128_seed3,16,16,x,71,173.72825101336977,0.999990310693604,0.9999946350452524,1,I,2,I,16
aff16_wu_m128_seed3,16,16,x,72,132.25517734893685,0.9999880468983047,0.9999967761716196,1,I,2,I,16
aff16_wu_m128_seed3,16,16,x,73,123.03523638344568,0.9973336625037731,0.9999415825192125,1,I,2,I,2
aff16_wu_m128_seed3,16,16,x,74,130.7789270047223,0.9999866150941014,0.9999948203007042,1,I,2,I,16
aff16_wu_m128_seed3,16,16,x,75,175.79314412137748,0.9999927349766017,0.9999950729943727,1,I,2,I,16
aff16_wu_m128_seed3,16,16,x,78,137.33356641368496,0.9998783799023484,0.9999240214015851,1,I,2,I,16
aff16_wu_m128_seed3,16,16,x,79,153.57130834414983,0.9999870458606522,0.9999966598708948,1,I,2,I,16
aff16_wu_m128_seed3,16,16,x,80,150.37188247312142,0.9998846718799982,0.9999241554416862,1,I,2,I,16
aff16_wu_m128_seed3,16,16,x,81,164.88408139193567,0.9999861058412931,0.9999960346157619,1,I,2,I,16
aff16_wu_m128_seed3,16,16,x,82,120.8329560222729,0.9999944212063233,0.9999965954022726,1,I,2,I,16
aff16_wu_m128_seed3,16,16,x,83,182.626533396102,0.9999889808457396,0.9999953635855189,1,I,2,I,16
aff16_wu_m128_seed3,16,16,x,85,75.96269778149397,0.9999865175964352,0.9999963397800653,1,I,2,I,16
aff16_wu_m128_seed3,16,16,x,86,184.29961420342377,0.9999837888958517,0.9999966696344865,1,I,2,I,16
aff16_wu_m128_seed3,16,16,x,87,178.77857351568002,0.9999917307077729,0.99999613885269,1,I,2,I,16
aff16_wu_m128_seed3,16,16,x,89,137.43711886448014,0.9999899845167223,0.9999967276141636,1,I,2,I,16
aff16_wu_m128_seed3,16,16,x,90,165.55193937470733,0.9999924939855266,0.9999963287507763,1,I,2,I,16
aff16_wu_m128_seed3,16,16,x,91,177.89842863549367,0.9999016017791759,0.999923950757057,1,I,2,I,16
aff16_wu_m128_seed3,16,16,x,92,192.32330814420604,0.9999805250022502,0.9999979232277689,1,I,2,I,16
aff16_wu_m128_seed3,16,16,x,93,152.9119843543411,0.9999830834161676,0.9999966959380242,1,I,2,I,16
aff16_wu_m128_seed3,16,16,x,94,148.63654079410583,0.9999890951386817,0.9999948527068772,1,I,2,I,16
aff16_wu_m128_seed3,16,16,x,95,118.31138527376571,0.9999864246929238,0.9999963329158372,1,I,2,I,16
aff16_wu_m128_seed3,16,16,x,97,193.8811173815783,0.9999888415648861,0.9999948020176486,1,I,2,I,16
aff16_wu_m128_seed3,16,16,x,98,204.20279520943672,0.9999937996787935,0.9999950881661253,1,I,2,I,16
aff16_wu_m128_seed3,16,16,x,100,58.37889810048696,0.9969340155178333,0.9999786318289274,1,I,2,I,2
aff16_wu_m128_seed3,16,16,x,101,206.31783003229143,0.9999900922765862,0.999996250140226,1,I,2,I,16
aff16_wu_m128_seed3,16,16,x,102,146.22774833382354,0.9999715841093612,0.9999960016803026,1,I,2,I,16
aff16_wu_m128_seed3,16,16,x,103,156.35053683525905,0.9999914189455612,0.9999962333522422,1,I,2,I,16
aff16_wu_m128_seed3,16,16,x,104,102.09733399179076,0.9993847856507255,0.99997389197328,1,I,2,I,2
aff16_wu_m128_seed3,16,16,x,106,115.85003828173917,0.999980677909482,0.9999953952944978,1,I,2,I,16
aff16_wu_m128_seed3,16,16,x,108,163.15070851982318,0.9998998789251169,0.9999239396409738,1,I,2,I,16
aff16_wu_m128_seed3,16,16,x,110,148.31997415871942,0.9999910588916293,0.9999960997722287,1,I,2,I,16
aff16_wu_m128_seed3,16,16,x,112,71.69848700216994,0.9936059235966567,0.9999573333723638,1,I,2,I,2
aff16_wu_m128_seed3,16,16,x,115,188.17741051360275,0.9999890650708538,0.9999960264501969,1,I,2,I,16
aff16_wu_m128_seed3,16,16,x,116,179.768898273847,0.9998706615952988,0.9999239526391985,1,I,2,I,16
aff16_wu_m128_seed3,16,16,x,117,109.54465817387793,0.9999923017637602,0.9999966858212914,1,I,2,I,16
aff16_wu_m128_seed3,16,16,x,119,128.09871301607077,0.9999900354006064,0.9999965377988501,1,I,2,I,16
aff16_wu_m128_seed3,16,16,x,120,110.80883342632664,0.9999929263792003,0.9999963014220316,1,I,2,I,16
aff16_wu_m128_seed3,16,16,x,122,205.28135878070592,0.9999936675705965,0.9999951158379949,1,I,2,I,16
aff16_wu_m128_seed3,16,16,x,123,145.15835496348262,0.9999933301182273,0.9999962452154574,1,I,2,I,16
aff16_wu_m128_seed3,16,16,x,124,147.0563859700482,0.999993104588411,0.9999950067641815,1,I,2,I,16
aff16_wu_m128_seed3,16,16,x,125,137.15233700661804,0.999991711052543,0.9999963374723203,1,I,2,I,16
aff16_wu_m128_seed3,16,16,x,126,132.69352514114573,0.9999824020346668,0.9999960323785727,1,I,2,I,16
aff16_wu_m128_seed3,16,16,y,0,155.37525257287777,0.9999876137106664,0.9999969009853925,1,I,16,I,2
aff16_wu_m128_seed3,16,16,y,1,143.64692290184976,0.9999898848078329,0.9999969092025417,1,I,16,I,2
aff16_wu_m128_seed3,16,16,y,3,147.33670306307286,0.9999917175275587,0.9999974306047757,1,I,16,I,2
aff16_wu_m128_seed3,16,16,y,4,168.22258568646396,0.9999865557464087,0.9999962641687843,1,I,16,I,2
aff16_wu_m128_seed3,16,16,y,5,139.5958521914396,0.999992405162432,0.9999975182310794,1,I,16,I,2
aff16_wu_m128_seed3,16,16,y,7,148.3630281546415,0.9999819159081653,0.9999968275699457,1,I,16,I,2
aff16_wu_m128_seed3,16,16,y,9,148.5257057447572,0.9999943694162146,0.9999975222818837,1,I,16,I,2
aff16_wu_m128_seed3,16,16,y,10,192.86643990582658,0.9999930476403622,0.9999982440735483,1,I,16,I,2
aff16_wu_m128_seed3,16,16,y,11,149.45040747879057,0.9999875482309175,0.9999974617714762,1,I,16,I,2
aff16_wu_m128_seed3,16,16,y,12,141.90895694376104,0.9999911589816236,0.999997524506424,1,I,16,I,2
aff16_wu_m128_seed3,16,16,y,13,182.69447809181304,0.9999941608399354,0.9999962766248822,1,I,16,I,2
aff16_wu_m128_seed3,16,16,y,14,185.07821571103648,0.9999924048955119,0.9999962797413605,1,I,16,I,2
aff16_wu_m128_seed3,16,16,y,16,86.07967648621465,0.9999829875662762,0.9999981972071293,1,I,16,I,2
aff16_wu_m128_seed3,16,16,y,18,215.83622121843248,0.9999885944298974,0.9999968963780577,1,I,16,I,2
aff16_wu_m128_seed3,16,16,y,19,174.43079728472907,0.9999937879819262,0.9999982260894897,1,I,16,I,2
aff16_wu_m128_seed3,16,16,y,20,174.9649858521796,0.9999962484718704,0.9999982399412671,1,I,16,I,2
aff16_wu_m128_seed3,16,16,y,22,177.89735021945478,0.9999918633887648,0.9999982476303239,1,I,16,I,2
aff16_wu_m128_seed3,16,16,y,23,151.55009288843556,0.9999846519934689,0.9999968849132255,1,I,16,I,2
aff16_wu_m128_seed3,16,16,y,24,128.19750125921513,0.9999699659579478,0.9999969097446963,1,I,16,I,2
aff16_wu_m128_seed3,16,16,y,25,112.87271241698235,0.9999934302902891,0.9999982510919613,1,I,16,I,2
aff16_wu_m128_seed3,16,16,y,26,130.391736271966,0.9999818708134015,0.999998268843144,1,I,16,I,2
aff16_wu_m128_seed3,16,16,y,28,165.578983449493,0.9999929456955535,0.999996313383904,1,I,16,I,2
aff16_wu_m128_seed3,16,16,y,30,191.24251077888036,0.9999929021366917,0.9999962997816617,1,I,16,I,2
aff16_wu_m128_seed3,16,16,y,31,182.7679315683088,0.9999937493564616,0.9999982281119142,1,I,16,I,2
aff16_wu_m128_seed3,16,16,y,32,122.70016443501632,0.9999861899111961,0.9999963188354938,1,I,16,I,2
aff16_wu_m128_seed3,16,16,y,33,141.91805767040609,0.999989221692011,0.9999967684198062,1,I,16,I,2
aff16_wu_m128_seed3,16,16,y,35,147.493754290326,0.9999907072671786,0.9999982173754468,1,I,16,I,2
aff16_wu_m128_seed3,16,16,y,36,180.63352111584044,0.9999853839871672,0.9999982375398293,1,I,16,I,2
aff16_wu_m128_seed3,16,16,y,37,164.28453302642947,0.9999965825774095,0.9999982347138053,1,I,16,I,2
aff16_wu_m128_seed3,16,16,y,38,143.27668689961814,0.9999935025383425,0.9999974897280205,1,I,16,I,2
aff16_wu_m128_seed3,16,16,y,40,150.1405659369468,0.9999931715346729,0.9999982037346941,1,I,16,I,2
aff16_wu_m128_seed3,16,16,y,41,38.875757408097805,0.9980423383043625,0.9999955898171242,1,I,2,I,2
aff16_wu_m128_seed3,16,16,y,42,142.0321823415824,0.9999884720783536,0.999997430635595,1,I,16,I,2
aff16_wu_m128_seed3,16,16,y,44,131.80760961225053,0.9999894763148498,0.9999974633833287,1,I,16,I,2
aff16_wu_m128_seed3,16,16,y,45,77.70589342931052,0.9953808040197085,0.9999953576070689,1,I,2,I,2
aff16_wu_m128_seed3,16,16,y,46,132.9424729540601,0.9999902661952451,0.9999982596973636,1,I,16,I,2
aff16_wu_m128_seed3,16,16,y,47,111.85900946675035,0.9999958197669157,0.99999746401418,1,I,16,I,2
aff16_wu_m128_seed3,16,16,y,48,145.98464431635898,0.9999900819379063,0.9999969049046687,1,I,16,I,2
aff16_wu_m128_seed3,16,16,y,49,151.15200379060155,0.999993320567621,0.9999974023547028,1,I,16,I,2
aff16_wu_m128_seed3,16,16,y,54,130.48584102161277,0.9999916808032773,0.9999982334081668,1,I,16,I,2
aff16_wu_m128_seed3,16,16,y,57,188.7719432067681,0.9999955206917415,0.9999974079889775,1,I,16,I,2
aff16_wu_m128_seed3,16,16,y,58,87.93131892428674,0.9996867878019076,0.9999962327708182,1,I,14,I,2
aff16_wu_m128_seed3,16,16,y,59,134.41501739682926,0.9999909836882084,0.9999968192900375,1,I,16,I,2
aff16_wu_m128_seed3,16,16,y,60,109.25626663233275,0.9969792454229286,0.9999960109089095,1,I,2,I,2
aff16_wu_m128_seed3,16,16,y,61,132.7188973034552,0.9999933568293724,0.9999963002291272,1,I,16,I,2
aff16_wu_m128_seed3,16,16,y,62,152.6781346238184,0.9999928474835476,0.9999974815182778,1,I,16,I,2
aff16_wu_m128_seed3,16,16,y,63,139.8674586422025,0.9999948532937093,0.9999974840095691,1,I,16,I,2
aff16_wu_m128_seed3,16,16,y,64,140.3724392582656,0.9999905912157094,0.9999974700378088,1,I,16,I,2
aff16_wu_m128_seed3,16,16,y,65,90.2769837311372,0.9986782738184781,0.9999967820235299,1,I,2,I,2
aff16_wu_m128_seed3,16,16,y,67,48.50203254062181,0.9999618243474283,0.9999968662004822,1,I,16,I,2
aff16_wu_m128_seed3,16,16,y,69,50.38065460739659,0.9999835573698052,0.9999982057130514,1,I,16,I,2
aff16_wu_m128_seed3,16,16,y,70,101.11384970443542,0.9999826484032014,0.9999970677968132,1,I,16,I,2
aff16_wu_m128_seed3,16,16,y,71,173.9066314952344,0.9999918004952905,0.9999963110057359,1,I,16,I,2
aff16_wu_m128_seed3,16,16,y,72,132.56608726078164,0.9999908377938239,0.9999969000602972,1,I,16,I,2
aff16_wu_m128_seed3,16,16,y,73,128.3640566721464,0.998775642468264,0.999995606818542,1,I,2,I,2
aff16_wu_m128_seed3,16,16,y,74,130.8314127326461,0.9999855307373063,0.9999971095707765,1,I,16,I,2
aff16_wu_m128_seed3,16,16,y,75,176.31691814067176,0.9999891152887158,0.9999982238468667,1,I,16,I,2
aff16_wu_m128_seed3,16,16,y,78,139.32113286614356,0.9999919592005286,0.9999975194686236,1,I,16,I,2
aff16_wu_m128_seed3,16,16,y,79,154.58500921983384,0.9999924317005389,0.9999968718678371,1,I,16,I,2
aff16_wu_m128_seed3,16,16,y,80,151.08671328401738,0.9999743087230009,0.999996960317417,1,I,16,I,2
aff16_wu_m128_seed3,16,16,y,81,166.84549667712963,0.9999949809609008,0.9999974316052757,1,I,16,I,2
aff16_wu_m128_seed3,16,16,y,82,122.05431186262085,0.9999957995184516,0.9999982338364146,1,I,16,I,2
aff16_wu_m128_seed3,16,16,y,83,183.6404001411896,0.999994768517551,0.9999974924519404,1,I,16,I,2
aff16_wu_m128_seed3,16,16,y,85,76.23505601408377,0.9999844973035116,0.9999970826442405,1,I,16,I,2
aff16_wu_m128_seed3,16,16,y,86,184.92694908144304,0.9999904686710109,0.9999963292263024,1,I,16,I,2
aff16_wu_m128_seed3,16,16,y,87,179.70580801391264,0.9999953455508266,0.9999982422483917,1,I,16,I,2
aff16_wu_m128_seed3,16,16,y,89,137.74213076440537,0.9999936729799277,0.9999973727024098,1,I,16,I,2
aff16_wu_m128_seed3,16,16,y,90,166.31357845487176,0.9999955940391588,0.9999982173077352,1,I,16,I,2
aff16_wu_m128_seed3,16,16,y,91,179.2153305228348,0.9999906403241531,0.9999982826252198,1,I,16,I,2
aff16_wu_m128_seed3,16,16,y,92,193.04794541737456,0.9999941774301989,0.99999626448087,1,I,16,I,2
aff16_wu_m128_seed3,16,16,y,93,153.85207126590456,0.9999909218233239,0.9999962931630851,1,I,16,I,2
aff16_wu_m128_seed3,16,16,y,94,149.31099342202873,0.9999866174012858,0.9999979125601941,1,I,16,I,2
aff16_wu_m128_seed3,16,16,y,95,119.01593628721182,0.9999870195926132,0.9999978434112338,1,I,16,I,2
aff16_wu_m128_seed3,16,16,y,97,194.6626468184818,0.9999947568047717,0.9999962894637356,1,I,16,I,2
aff16_wu_m128_seed3,16,16,y,98,204.80111636003903,0.9999922391931825,0.9999969461482703,1,I,16,I,2
aff16_wu_m128_seed3,16,16,y,100,67.5063434009459,0.9978654424916482,0.9999980075544546,1,I,2,I,2
aff16_wu_m128_seed3,16,16,y,101,207.36514685858555,0.9999923020300188,0.9999968568583544,1,I,16,I,2
aff16_wu_m128_seed3,16,16,y,102,147.30582846144816,0.9999874113353763,0.9999968605550263,1,I,16,I,2
aff16_wu_m128_seed3,16,16,y,103,157.22967073018359,0.9999888154980902,0.999997493099198,1,I,16,I,2
aff16_wu_m128_seed3,16,16,y,104,106.90743465916351,0.9989565555623621,0.9999963412261179,1,I,2,I,2
aff16_wu_m128_seed3,16,16,y,106,116.25619729531286,0.9999893789510875,0.9999975164514612,1,I,16,I,2
aff16_wu_m128_seed3,16,16,y,108,165.15301872277843,0.9999882182072278,0.9999968613453774,1,I,16,I,2
aff16_wu_m128_seed3,16,16,y,110,149.51947966217458,0.9999906925772725,0.9999974260832972,1,I,16,I,2
aff16_wu_m128_seed3,16,16,y,112,86.33786586953,0.9977326708968606,0.999996238376365,1,I,2,I,2
aff16_wu_m128_seed3,16,16,y,115,189.34649096937656,0.9999928312581278,0.9999975373682234,1,I,16,I,2
aff16_wu_m128_seed3,16,16,y,116,181.8022197855927,0.9999888231268382,0.9999968824338816,1,I,16,I,2
aff16_wu_m128_seed3,16,16,y,117,110.73299667406378,0.999991972624081,0.9999962438790788,1,I,16,I,2
aff16_wu_m128_seed3,16,16,y,119,128.41686188436213,0.9999881864155574,0.9999969333455131,1,I,16,I,2
aff16_wu_m128_seed3,16,16,y,120,111.7963770019211,0.9999834463067182,0.9999962777691209,1,I,16,I,2
aff16_wu_m128_seed3,16,16,y,122,205.63189684204693,0.9999906708722512,0.9999969196402706,1,I,16,I,2
aff16_wu_m128_seed3,16,16,y,123,145.85366276900186,0.9999950084244482,0.9999974292461014,1,I,16,I,2
aff16_wu_m128_seed3,16,16,y,124,147.25889586992096,0.9999908175729814,0.9999974618374049,1,I,16,I,2
aff16_wu_m128_seed3,16,16,y,125,138.12621244819465,0.9999949797978888,0.9999982347582503,1,I,16,I,2
aff16_wu_m128_seed3,16,16,y,126,134.27457189071404,0.9999876731030752,0.9999975270291764,1,I,16,I,2
aff16_wu_m128_seed4,16,16,x,0,113.34373239199672,0.9857193344785224,0.9999967174102443,1,I,2,I,8
aff16_wu_m128_seed4,16,16,x,1,150.813513392909,0.9760368513140277,0.9999950609932007,1,I,2,I,8
aff16_wu_m128_seed4,16,16,x,2,170.88997730023257,0.9727521588363198,0.9999950242783241,1,I,2,I,8
aff16_wu_m128_seed4,16,16,x,3,67.1452124096862,0.9882302361550261,0.9999972748450875,1,I,2,I,8
aff16_wu_m128_seed4,16,16,x,4,105.75451588251383,0.9587329178459646,0.9999957572142931,1,I,2,I,8
aff16_wu_m128_seed4,16,16,x,5,117.81892319673975,0.9825229971086359,0.9999972570735529,1,I,2,I,8
aff16_wu_m128_seed4,16,16,x,6,44.546432353744954,0.9900504766676123,0.9999958424723133,1,I,2,I,8
aff16_wu_m128_seed4,16,16,x,7,104.46882901942146,0.9304000351780438,0.9999947460846106,1,I,2,I,8
aff16_wu_m128_seed4,16,16,x,8,82.84670896910039,0.9456324141178183,0.9999964135727464,1,I,2,I,8
aff16_wu_m128_seed4,16,16,x,9,118.933673155682,0.9648054772261964,0.9999957952113208,1,I,2,I,8
aff16_wu_m128_seed4,16,16,x,10,88.93870698271772,0.9464824972174151,0.9999964806862575,1,I,2,I,8
aff16_wu_m128_seed4,16,16,x,11,90.53425660742136,0.976672834906389,0.9999970015415276,1,I,2,I,8
aff16_wu_m128_seed4,16,16,x,12,71.35827411209178,0.9960361595457247,0.9999966600490546,1,I,2,I,8
aff16_wu_m128_seed4,16,16,x,14,104.50645293701587,0.9984731850108882,0.9999953579225441,1,I,2,I,8
aff16_wu_m128_seed4,16,16,x,16,73.02871824166056,0.9615052017985316,0.9999969892473972,1,I,2,I,8
aff16_wu_m128_seed4,16,16,x,21,42.70523354957211,0.9624738138526121,0.999994765866108,1,I,2,I,8
aff16_wu_m128_seed4,16,16,x,23,54.336944777307835,0.9898225567218722,0.9999966418035257,1,I,2,I,8
aff16_wu_m128_seed4,16,16,x,26,50.782940791691885,0.9900215897807607,0.9999969551178326,1,I,2,I,8
aff16_wu_m128_seed4,16,16,x,27,117.93176887378668,0.9912629589731453,0.9999969365910931,1,I,2,I,8
aff16_wu_m128_seed4,16,16,x,30,146.34375950014152,0.987116755212698,0.9999966951713756,1,I,2,I,8
aff16_wu_m128_seed4,16,16,x,31,43.84257054298721,0.9852882282144847,0.999994809109698,1,I,2,I,8
aff16_wu_m128_seed4,16,16,x,32,61.98453407648959,0.9761003645777976,0.9999970226872179,1,I,2,I,8
aff16_wu_m128_seed4,16,16,x,34,59.638862931043526,0.9849152743990648,0.9999975864634507,1,I,2,I,8
aff16_wu_m128_seed4,16,16,x,36,108.76164469143562,0.9977870755151859,0.9999957258805595,1,I,2,I,8
aff16_wu_m128_seed4,16,16,x,37,162.13894289023517,0.9742368663493453,0.9999957947746151,1,I,2,I,8
aff16_wu_m128_seed4,16,16,x,38,139.69149784173248,0.9561953383217866,0.9999969747050897,1,I,2,I,8
aff16_wu_m128_seed4,16,16,x,39,102.54098291896946,0.9656231987809344,0.9999970102662357,1,I,2,I,8
aff16_wu_m128_seed4,16,16,x,41,42.86833521675092,0.996147436725418,0.9999955014349176,1,I,2,I,8
aff16_wu_m128_seed4,16,16,x,43,54.41036917788771,0.9988767006680619,0.9999968815317306,1,I,2,I,8
aff16_wu_m128_seed4,16,16,x,44,106.08020540128183,0.99301104616202,0.9999955136015977,1,I,2,I,8
aff16_wu_m128_seed4,16,16,x,46,151.93300663960298,0.9561678351331425,0.999996943925097,1,I,2,I,8
aff16_wu_m128_seed4,16,16,x,48,74.10415870035074,0.9863052665433921,0.9999966660472901,1,I,2,I,8
aff16_wu_m128_seed4,16,16,x,49,103.64272438953417,0.9753122456530038,0.9999955269196052,1,I,2,I,8
aff16_wu_m128_seed4,16,16,x,51,81.2072157365628,0.996998268118647,0.9999970842665281,1,I,2,I,8
aff16_wu_m128_seed4,16,16,x,52,150.4245043450617,0.9724793015645862,0.9999955606046625,1,I,2,I,8
aff16_wu_m128_seed4,16,16,x,53,40.24306506784904,0.9534886048750166,0.9999966057629418,1,I,2,I,8
aff16_wu_m128_seed4,16,16,x,54,65.70361264274564,0.9970161108839884,0.9999954246060323,1,I,2,I,8
aff16_wu_m128_seed4,16,16,x,56,190.81444065511107,0.9502639841291122,0.9999969347861798,1,I,2,I,8
aff16_wu_m128_seed4,16,16,x,57,45.58148924671022,0.996581488382708,0.9999970424105722,1,I,2,I,8
aff16_wu_m128_seed4,16,16,x,58,31.688267477189292,0.9816441829230764,0.9999970102770834,1,I,2,I,8
aff16_wu_m128_seed4,16,16,x,60,36.10514354334188,0.9848068065417416,0.999994892461438,1,I,2,I,8
aff16_wu_m128_seed4,16,16,x,61,125.03682336187266,0.9905791122759222,0.9999956513797208,1,I,2,I,8
aff16_wu_m128_seed4,16,16,x,62,74.2630848620911,0.92028494497654,0.9999956830800635,1,I,2,I,8
aff16_wu_m128_seed4,16,16,x,63,36.55724892113468,0.9826802113993732,0.9999951218801443,1,I,2,I,8
aff16_wu_m128_seed4,16,16,x,64,100.8430174799768,0.9973094320692333,0.9999977691090298,1,I,2,I,8
aff16_wu_m128_seed4,16,16,x,65,97.7995008073544,0.9987099170653431,0.9999970961535373,1,I,2,I,8
aff16_wu_m128_seed4,16,16,x,71,52.242608853245784,0.9813872095217581,0.999994879655269,1,I,2,I,8
aff16_wu_m128_seed4,16,16,x,72,136.17203561786667,0.9795306609175332,0.9999970374589782,1,I,2,I,8
aff16_wu_m128_seed4,16,16,x,73,36.48381247095905,0.9855208531632895,0.9999969507709644,1,I,2,I,8
aff16_wu_m128_seed4,16,16,x,74,195.8505065794982,0.9641651523534673,0.9999965871402563,1,I,2,I,8
aff16_wu_m128_seed4,16,16,x,77,115.14177387528747,0.9995703785325131,0.9999978869769128,1,I,2,I,8
aff16_wu_m128_seed4,16,16,x,79,51.15097414886903,0.9989309088597011,0.9999949748057763,1,I,2,I,8
aff16_wu_m128_seed4,16,16,x,82,146.87423274679878,0.9476544912588314,0.9999953260566675,1,I,2,I,8
aff16_wu_m128_seed4,16,16,x,85,55.728156369976965,0.9556851295000434,0.9999949412513885,1,I,2,I,8
aff16_wu_m128_seed4,16,16,x,86,27.89349179876271,0.9916996363051506,0.9999967568179889,1,I,2,I,8
aff16_wu_m128_seed4,16,16,x,87,134.42194492277937,0.9582868791052702,0.9999969538440774,1,I,2,I,8
aff16_wu_m128_seed4,16,16,x,88,92.71226869851749,0.9813978718424333,0.9999958273638979,1,I,2,I,8
aff16_wu_m128_seed4,16,16,x,89,176.98501495642432,0.9496579637475503,0.9999969146660914,1,I,2,I,8
aff16_wu_m128_seed4,16,16,x,90,147.97223883353837,0.9583726617250496,0.9999954700863396,1,I,2,I,8
aff16_wu_m128_seed4,16,16,x,91,90.4063372786904,0.9975169485898752,0.999997127249244,1,I,2,I,8
aff16_wu_m128_seed4,16,16,x,93,81.74563038474847,0.9985928341348905,0.9999978188114333,1,I,2,I,8
aff16_wu_m128_seed4,16,16,x,96,69.10735654598696,0.9877271089044216,0.9999967539131881,1,I,2,I,8
aff16_wu_m128_seed4,16,16,x,97,75.57998820401441,0.9888721308856194,0.9999967252077538,1,I,2,I,8
aff16_wu_m128_seed4,16,16,x,98,108.93631905924511,0.9990837377347856,0.9999956994554255,1,I,2,I,8
aff16_wu_m128_seed4,16,16,x,99,177.98542710941075,0.9699144135656338,0.9999955670435627,1,I,2,I,8
aff16_wu_m128_seed4,16,16,x,101,165.17673388061647,0.9704764092332397,0.9999970204996734,1,I,2,I,8
aff16_wu_m128_seed4,16,16,x,102,83.91170498819301,0.9894500978547236,0.9999952135547988,1,I,2,I,8
aff16_wu_m128_seed4,16,16,x,103,75.69076492484244,0.969859050534099,0.9999955628220685,1,I,2,I,8
aff16_wu_m128_seed4,16,16,x,104,131.06192001604848,0.946575532070488,0.9999980745596274,1,I,2,I,8
aff16_wu_m128_seed4,16,16,x,106,78.65915172342211,0.97571287915805,0.9999966410980876,1,I,2,I,8
aff16_wu_m128_seed4,16,16,x,109,104.58106677795818,0.9834648688979056,0.9999966896815955,1,I,2,I,8
aff16_wu_m128_seed4,16,16,x,110,98.66191216446398,0.9855670607097932,0.9999948428911585,1,I,2,I,8
aff16_wu_m128_seed4,16,16,x,111,134.01648366690173,0.9432440535378803,0.9999964807644718,1,I,2,I,8
aff16_wu_m128_seed4,16,16,x,112,64.14794280360441,0.9972910820209668,0.9999967116141976,1,I,2,I,8
aff16_wu_m128_seed4,16,16,x,113,65.36895513497956,0.9849140434021524,0.999996992808555,1,I,2,I,8
aff16_wu_m128_seed4,16,16,x,114,112.6475861054229,0.9883694594393743,0.9999972211807433,1,I,2,I,8
aff16_wu_m128_seed4,16,16,x,115,140.02501059701393,0.9338762577905391,0.9999964074129231,1,I,2,I,8
aff16_wu_m128_seed4,16,16,x,116,98.35977053231166,0.9837690664177636,0.9999971030049235,1,I,2,I,8
aff16_wu_m128_seed4,16,16,x,118,67.94358034784439,0.9976472668599912,0.9999952448754351,1,I,2,I,8
aff16_wu_m128_seed4,16,16,x,121,171.0886008199139,0.970094020448585,0.9999974786802437,1,I,2,I,8
aff16_wu_m128_seed4,16,16,x,122,132.94116966246946,0.9536134598530711,0.9999969141627895,1,I,2,I,8
aff16_wu_m128_seed4,16,16,x,123,73.33818069964737,0.9966491972410808,0.9999968051681553,1,I,2,I,8
aff16_wu_m128_seed4,16,16,x,125,71.62812631837917,0.983866443535167,0.9999966617586692,1,I,2,I,8
aff16_wu_m128_seed4,16,16,x,126,106.09132494377343,0.9554378223400896,0.9999969635966752,1,I,2,I,8
aff16_wu_m128_seed4,16,16,x,127,33.69684279542332,0.9578386529489056,0.9999969778729512,1,I,2,I,8
aff16_wu_m128_seed4,16,16,y,0,112.4633185081465,0.9859328077738936,0.9999946067665993,1,I,8,I,2
aff16_wu_m128_seed4,16,16,y,1,150.6724558457173,0.9764311797438491,0.9999903644793658,1,I,8,I,2
aff16_wu_m128_seed4,16,16,y,2,170.0314823314156,0.972239172114663,0.9999784751364945,1,I,8,I,2
aff16_wu_m128_seed4,16,16,y,3,66.37186430669973,0.9880323095376808,0.9999687504860637,1,I,8,I,2
aff16_wu_m128_seed4,16,16,y,4,105.4573102819659,0.9578485209933749,0.9999901768127962,1,I,8,I,2
aff16_wu_m128_seed4,16,16,y,5,117.63256391043674,0.9820558666004863,0.9999944777528639,1,I,8,I,2
aff16_wu_m128_seed4,16,16,y,6,44.20370672477716,0.9893460194755687,0.999994908066591,1,I,8,I,2
aff16_wu_m128_seed4,16,16,y,7,104.52603371502444,0.9285164094871036,0.999990669038545,1,I,8,I,2
aff16_wu_m128_seed4,16,16,y,8,83.26978673599888,0.9444493847229389,0.9999892699755342,1,I,8,I,2
aff16_wu_m128_seed4,16,16,y,9,118.1780173335044,0.9637341712865486,0.9999785550571412,1,I,8,I,2
aff16_wu_m128_seed4,16,16,y,10,88.50813421058123,0.946898978458323,0.9999721656114897,1,I,8,I,2
aff16_wu_m128_seed4,16,16,y,11,90.27222572936566,0.976142161292513,0.9999909105757868,1,I,8,I,2
aff16_wu_m128_seed4,16,16,y,12,71.0104470653613,0.995590465117488,0.9999755407297637,1,I,4,I,2
aff16_wu_m128_seed4,16,16,y,14,104.49355393278387,0.9983023258443432,0.9999683575245005,1,I,8,I,2
aff16_wu_m128_seed4,16,16,y,16,72.1996427956383,0.9612285044134651,0.9999947882865969,1,I,8,I,2
aff16_wu_m128_seed4,16,16,y,21,42.352025853442946,0.9618747068127241,0.9999901643019881,1,I,8,I,2
aff16_wu_m128_seed4,16,16,y,23,53.82679774413767,0.988671336618665,0.9999647634971299,1,I,8,I,2
aff16_wu_m128_seed4,16,16,y,26,50.80479722872569,0.9903407780901389,0.9999872009989772,1,I,8,I,2
aff16_wu_m128_seed4,16,16,y,27,117.50273498681533,0.9913625884881844,0.9999877166457053,1,I,8,I,2
aff16_wu_m128_seed4,16,16,y,30,146.12678908426622,0.9874235775253309,0.9999947640738048,1,I,8,I,2
aff16_wu_m128_seed4,16,16,y,31,43.72774871044194,0.9846452472210808,0.9999836412864346,1,I,8,I,2
aff16_wu_m128_seed4,16,16,y,32,61.70117232011756,0.9767444180895084,0.9999748204269957,1,I,8,I,2
aff16_wu_m128_seed4,16,16,y,34,58.88151589645999,0.9843951450484447,0.9999682293928805,1,I,8,I,2
aff16_wu_m128_seed4,16,16,y,36,108.14463804480937,0.9979485457126445,0.9999750893244053,1,I,8,I,2
aff16_wu_m128_seed4,16,16,y,37,161.95685631296993,0.973901716143696,0.999990278000733,1,I,8,I,2
aff16_wu_m128_seed4,16,16,y,38,138.7886272881995,0.9572569308430591,0.9999783329711055,1,I,8,I,2
aff16_wu_m128_seed4,16,16,y,39,101.71965092019748,0.9662697578515507,0.9999782095630702,1,I,8,I,2
aff16_wu_m128_seed4,16,16,y,41,42.62747469655971,0.9962767467271523,0.9999911782848293,1,I,8,I,2
aff16_wu_m128_seed4,16,16,y,43,53.89160371420457,0.9990039486642273,0.9999684896411081,1,I,8,I,2
aff16_wu_m128_seed4,16,16,y,44,105.6035746343609,0.9931474436566765,0.9999874236891568,1,I,8,I,2
aff16_wu_m128_seed4,16,16,y,46,151.7667473364192,0.9554868698198183,0.9999720358457591,1,I,8,I,2
aff16_wu_m128_seed4,16,16,y,48,73.63302419100359,0.9858010277074906,0.9999906663388184,1,I,8,I,2
aff16_wu_m128_seed4,16,16,y,49,103.00615595548419,0.9751717078233615,0.9999777160155362,1,I,8,I,2
aff16_wu_m128_seed4,16,16,y,51,80.69202452833916,0.9973468885124585,0.9999873217531118,1,I,8,I,2
aff16_wu_m128_seed4,16,16,y,52,150.1905789659917,0.9725061766029393,0.9999783037186637,1,I,8,I,2
aff16_wu_m128_seed4,16,16,y,53,39.69781160388517,0.9536607463169704,0.9999903221920616,1,I,8,I,2
aff16_wu_m128_seed4,16,16,y,54,65.17665692965082,0.9968112286410388,0.9999831501584313,1,I,8,I,2
aff16_wu_m128_seed4,16,16,y,56,189.2914500071852,0.9507741335008588,0.999989546255974,1,I,8,I,2
aff16_wu_m128_seed4,16,16,y,57,44.998369969585276,0.9965595650066449,0.9999469078482777,1,I,8,I,2
aff16_wu_m128_seed4,16,16,y,58,31.881774815336946,0.9815947326684102,0.9999778892687344,1,I,8,I,2
aff16_wu_m128_seed4,16,16,y,60,35.49808043523978,0.9847046852855971,0.9999653071670297,1,I,8,I,2
aff16_wu_m128_seed4,16,16,y,61,124.74014493241704,0.9904487442237933,0.9999876956168853,1,I,8,I,2
aff16_wu_m128_seed4,16,16,y,62,74.01860935736227,0.9205315950198975,0.9999727633788046,1,I,8,I,2
aff16_wu_m128_seed4,16,16,y,63,36.038062442116335,0.982211069271536,0.999986442627771,1,I,8,I,2
aff16_wu_m128_seed4,16,16,y,64,100.75691764288749,0.9972645564782237,0.999990914443937,1,I,8,I,2
aff16_wu_m128_seed4,16,16,y,65,97.19055960883769,0.9986304146188865,0.9999754295017136,1,I,8,I,2
aff16_wu_m128_seed4,16,16,y,71,52.13147902829002,0.9802918927889953,0.9999945697007082,1,I,8,I,2
aff16_wu_m128_seed4,16,16,y,72,135.54059593508993,0.9791561668232164,0.999994532600451,1,I,8,I,2
aff16_wu_m128_seed4,16,16,y,73,36.20678729998485,0.9854830363340659,0.9999651522911572,1,I,8,I,2
aff16_wu_m128_seed4,16,16,y,74,194.782218633697,0.9641381710930648,0.9999899928967413,1,I,8,I,2
aff16_wu_m128_seed4,16,16,y,77,114.61990613778892,0.9994499962937465,0.9999948302664803,1,I,8,I,2
aff16_wu_m128_seed4,16,16,y,79,50.5059605444628,0.9991726615327101,0.9999946905668847,1,I,8,I,2
aff16_wu_m128_seed4,16,16,y,82,146.77594101725467,0.9476119964950199,0.9999721556476262,1,I,8,I,2
aff16_wu_m128_seed4,16,16,y,85,55.44034375705759,0.953760985004294,0.9999927284839011,1,I,8,I,2
aff16_wu_m128_seed4,16,16,y,86,27.49990674834301,0.9915804246333431,0.9999654190311921,1,I,8,I,2
aff16_wu_m128_seed4,16,16,y,87,134.12008158233763,0.9578799563517423,0.9999781408657449,1,I,8,I,2
aff16_wu_m128_seed4,16,16,y,88,92.50114955898187,0.980985374384538,0.9999944036945264,1,I,8,I,2
aff16_wu_m128_seed4,16,16,y,89,175.31998227058685,0.9490232828612462,0.9999903453860558,1,I,8,I,2
aff16_wu_m128_seed4,16,16,y,90,147.68888407211716,0.9580849156321793,0.9999902444923762,1,I,8,I,2
aff16_wu_m128_seed4,16,16,y,91,89.773137332464,0.997634876192548,0.9999746975581792,1,I,8,I,2
aff16_wu_m128_seed4,16,16,y,93,81.53297055557321,0.9983679753579916,0.9999759967003959,1,I,8,I,2
aff16_wu_m128_seed4,16,16,y,96,67.98800543717293,0.9880134466754356,0.9999651252307894,1,I,8,I,2
aff16_wu_m128_seed4,16,16,y,97,74.93350918410553,0.9887045667215764,0.9999686943089431,1,I,8,I,2
aff16_wu_m128_seed4,16,16,y,98,108.66396059143105,0.9989677209312229,0.999969120243577,1,I,8,I,2
aff16_wu_m128_seed4,16,16,y,99,177.1580814094088,0.9695694836043911,0.9999728122753687,1,I,8,I,2
aff16_wu_m128_seed4,16,16,y,101,164.67169116844164,0.9698939515866033,0.9999714283492951,1,I,8,I,2
aff16_wu_m128_seed4,16,16,y,102,83.5072304644803,0.9893034069142306,0.9999947252740329,1,I,8,I,2
aff16_wu_m128_seed4,16,16,y,103,75.5328854770386,0.9685383693470019,0.999990009088056,1,I,8,I,2
aff16_wu_m128_seed4,16,16,y,104,130.720019464643,0.946318908258167,0.9999724922316894,1,I,8,I,2
aff16_wu_m128_seed4,16,16,y,106,77.9618983913721,0.9762747229016107,0.9999869118680889,1,I,8,I,2
aff16_wu_m128_seed4,16,16,y,109,104.00150185259376,0.9830772751534522,0.9999906754138699,1,I,8,I,2
aff16_wu_m128_seed4,16,16,y,110,98.08127877130987,0.985444095285875,0.9999906424503578,1,I,8,I,2
aff16_wu_m128_seed4,16,16,y,111,133.3319157921741,0.9429683178066154,0.9999783962266583,1,I,8,I,2
aff16_wu_m128_seed4,16,16,y,112,63.983842267807375,0.9973236786758888,0.99999110748374,1,I,8,I,2
aff16_wu_m128_seed4,16,16,y,113,65.02519640766609,0.9841271011268378,0.9999875356072724,1,I,8,I,2
aff16_wu_m128_seed4,16,16,y,114,112.07198492108137,0.9884650245964975,0.999990892101205,1,I,8,I,2
aff16_wu_m128_seed4,16,16,y,115,138.83841224614022,0.9336332817889639,0.9999906023406943,1,I,8,I,2
aff16_wu_m128_seed4,16,16,y,116,97.96637138036455,0.984475474242157,0.9999684336830615,1,I,8,I,2
aff16_wu_m128_seed4,16,16,y,118,67.36052577521482,0.9977172171623333,0.9999686229438679,1,I,8,I,2
aff16_wu_m128_seed4,16,16,y,121,171.83031143783543,0.9710377696897734,0.9999902233806086,1,I,8,I,2
aff16_wu_m128_seed4,16,16,y,122,132.3334451576774,0.9525660413677661,0.9999903933931622,1,I,8,I,2
aff16_wu_m128_seed4,16,16,y,123,72.96500685000233,0.9965638204476994,0.9999759635645028,1,I,8,I,2
aff16_wu_m128_seed4,16,16,y,125,71.1989540757892,0.9841119491019215,0.9999683933412344,1,I,8,I,2
aff16_wu_m128_seed4,16,16,y,126,105.25309749769356,0.9565239109310941,0.9999901885187661,1,I,8,I,2
aff16_wu_m128_seed4,16,16,y,127,33.28799077317959,0.9601579282820623,0.9999897461383733,1,I,8,I,2
aff16_wu_m128_seed5,16,16,x,0,89.73386722074883,0.9999720892696448,0.9999953278585141,1,I,2,I,4
aff16_wu_m128_seed5,16,16,x,2,116.49171703875909,0.9999710960483275,0.9999945356461705,1,I,2,I,4
aff16_wu_m128_seed5,16,16,x,4,72.99121135754642,0.9999611062860799,0.9999957014601251,1,I,2,I,4
aff16_wu_m128_seed5,16,16,x,6,159.8078873634726,0.9999853948482961,0.9999955787552637,1,I,2,I,4
aff16_wu_m128_seed5,16,16,x,8,76.52582130941134,0.99997528579272,0.9999948097613767,1,I,2,I,4
aff16_wu_m128_seed5,16,16,x,9,114.3744439555525,0.9999696607859948,0.9999956116996164,1,I,2,I,4
aff16_wu_m128_seed5,16,16,x,10,39.34931011915787,0.9999653708654301,0.9999938796801261,1,I,2,I,4
aff16_wu_m128_seed5,16,16,x,12,83.75333291132092,0.9999723089397653,0.9999956731943684,1,I,2,I,4
aff16_wu_m128_seed5,16,16,x,15,147.05923418075247,0.9997965181928137,0.99999562206003,1,I,2,I,2
aff16_wu_m128_seed5,16,16,x,16,117.66914054704073,0.9999917124411745,0.9999947315015824,1,I,2,I,4
aff16_wu_m128_seed5,16,16,x,19,144.01607735495028,0.9999587831608873,0.9999956653878022,1,I,2,I,4
aff16_wu_m128_seed5,16,16,x,20,128.73996722750204,0.9999806046097554,0.9999937320442951,1,I,2,I,4
aff16_wu_m128_seed5,16,16,x,21,120.54295620931896,0.9999909238816941,0.9999956076226436,1,I,2,I,4
aff16_wu_m128_seed5,16,16,x,22,74.24453048453111,0.9999757564018471,0.999993889722879,1,I,2,I,4
aff16_wu_m128_seed5,16,16,x,23,78.14379515515876,0.999987242319112,0.9999930024606118,1,I,2,I,4
aff16_wu_m128_seed5,16,16,x,24,50.315739133230096,0.9999681716745745,0.9999938360392732,1,I,2,I,4
aff16_wu_m128_seed5,16,16,x,25,122.89898844180395,0.9999840554893313,0.9999956174606963,1,I,2,I,4
aff16_wu_m128_seed5,16,16,x,26,107.29823367560398,0.9999764186131523,0.9999956352191844,1,I,2,I,4
aff16_wu_m128_seed5,16,16,x,27,147.68879911482549,0.999980460968489,0.9999956720869465,1,I,2,I,4
aff16_wu_m128_seed5,16,16,x,29,74.36671761289857,0.9999647290790834,0.9999930245200676,1,I,2,I,4
aff16_wu_m128_seed5,16,16,x,30,68.4094455298656,0.999970430482701,0.9999945300859768,1,I,2,I,4
aff16_wu_m128_seed5,16,16,x,31,124.9845584668651,0.9999866537326803,0.999995256373945,1,I,2,I,4
aff16_wu_m128_seed5,16,16,x,32,109.95067266508302,0.9999629124345903,0.9999945490830231,1,I,2,I,4
aff16_wu_m128_seed5,16,16,x,33,108.83366076662557,0.9999761845250931,0.9999956079184961,1,I,2,I,4
aff16_wu_m128_seed5,16,16,x,34,98.5379786156277,0.9999888203200243,0.9999939422597887,1,I,2,I,4
aff16_wu_m128_seed5,16,16,x,35,68.72792511372822,0.99995283489841,0.9999940164058608,1,I,2,I,4
aff16_wu_m128_seed5,16,16,x,36,127.46212111335826,0.9999809728968702,0.9999951955358963,1,I,2,I,4
aff16_wu_m128_seed5,16,16,x,37,96.27429255110161,0.9999878194723493,0.9999935042278044,1,I,2,I,4
aff16_wu_m128_seed5,16,16,x,38,77.339591077706,0.999983996006335,0.9999948974055994,1,I,2,I,4
aff16_wu_m128_seed5,16,16,x,41,52.628513566994116,0.9999870934408664,0.9999937557952501,1,I,2,I,4
aff16_wu_m128_seed5,16,16,x,42,100.91760801731915,0.9999812075806787,0.999995617099131,1,I,2,I,4
aff16_wu_m128_seed5,16,16,x,43,146.02877770134916,0.9999745186410357,0.9999930476953298,1,I,2,I,4
aff16_wu_m128_seed5,16,16,x,44,130.98054883224836,0.9999854523938239,0.9999956522385973,1,I,2,I,4
aff16_wu_m128_seed5,16,16,x,45,40.25181727725384,0.9999721209570671,0.9999956664972878,1,I,2,I,4
aff16_wu_m128_seed5,16,16,x,47,75.75161930134402,0.9999754695102484,0.9999951463945196,1,I,2,I,4
aff16_wu_m128_seed5,16,16,x,48,110.30981401698045,0.9999804632960554,0.9999935613251627,1,I,2,I,4
aff16_wu_m128_seed5,16,16,x,49,119.91947836722122,0.999975202312328,0.9999945144752613,1,I,2,I,2
aff16_wu_m128_seed5,16,16,x,50,104.15981176131571,0.999987744186414,0.9999944718938122,1,I,2,I,4
aff16_wu_m128_seed5,16,16,x,51,107.94216608986122,0.9999704258074256,0.99999302712655,1,I,2,I,4
aff16_wu_m128_seed5,16,16,x,53,142.31238179186965,0.999983467670335,0.9999952420016612,1,I,2,I,4
aff16_wu_m128_seed5,16,16,x,54,97.70737411748286,0.9999833811894911,0.999995300248395,1,I,2,I,4
aff16_wu_m128_seed5,16,16,x,55,55.15395419465629,0.9999681646565465,0.9999948516345462,1,I,2,I,4
aff16_wu_m128_seed5,16,16,x,56,76.17019458317161,0.9999783501963101,0.9999947602862473,1,I,2,I,4
aff16_wu_m128_seed5,16,16,x,57,100.16382938903196,0.999981557960767,0.9999948479449744,1,I,2,I,4
aff16_wu_m128_seed5,16,16,x,59,58.07656400667704,0.9999633397024,0.9999944698014013,1,I,2,I,4
aff16_wu_m128_seed5,16,16,x,61,95.790520158266,0.9999799806992845,0.9999944768540103,1,I,2,I,4
aff16_wu_m128_seed5,16,16,x,62,78.11725657250565,0.9999632310936014,0.9999956052548097,1,I,2,I,4
aff16_wu_m128_seed5,16,16,x,63,89.01051012993801,0.9999611996819454,0.9999956030946415,1,I,2,I,4
aff16_wu_m128_seed5,16,16,x,64,94.6383813701384,0.9999623213070595,0.9999948546995939,1,I,2,I,4
aff16_wu_m128_seed5,16,16,x,66,142.52558977107597,0.9999879751931605,0.9999955695946049,1,I,2,I,4
aff16_wu_m128_seed5,16,16,x,67,162.1013515867918,0.9999816086101422,0.9999956323104968,1,I,2,I,4
aff16_wu_m128_seed5,16,16,x,68,121.67773932864276,0.9999835081075865,0.99999478312859,1,I,2,I,4
aff16_wu_m128_seed5,16,16,x,70,88.89041953410806,0.9999855583993352,0.9999939934219323,1,I,2,I,4
aff16_wu_m128_seed5,16,16,x,73,145.87852937310834,0.99997776903257,0.9999953562376149,1,I,2,I,4
aff16_wu_m128_seed5,16,16,x,74,81.84033155173042,0.9999640368205724,0.9999871358776397,1,I,2,I,4
aff16_wu_m128_seed5,16,16,x,76,119.71022562716757,0.9999700580335152,0.9999956604158392,1,I,2,I,4
aff16_wu_m128_seed5,16,16,x,77,141.6512910993813,0.9999883029448406,0.9999955976607273,1,I,2,I,4
aff16_wu_m128_seed5,16,16,x,78,113.68880193426571,0.9999875369227893,0.9999953315120517,1,I,2,I,4
aff16_wu_m128_seed5,16,16,x,79,31.108629209086526,0.9999434797316715,0.9999952536999814,1,I,2,I,4
aff16_wu_m128_seed5,16,16,x,82,53.7237889890511,0.9999808255248044,0.9999948233789575,1,I,2,I,4
aff16_wu_m128_seed5,16,16,x,83,88.52276002161285,0.9999832402843035,0.9999948205670327,1,I,2,I,4
aff16_wu_m128_seed5,16,16,x,84,161.9871527945222,0.9999913405427208,0.9999953277847959,1,I,2,I,4
aff16_wu_m128_seed5,16,16,x,85,105.02939938749263,0.9999697017842365,0.9999930858950278,1,I,2,I,4
aff16_wu_m128_seed5,16,16,x,89,76.94638573201817,0.9999662289366067,0.9999930069739214,1,I,2,I,4
aff16_wu_m128_seed5,16,16,x,90,106.7438006655724,0.9999467075454214,0.999993618660155,1,I,2,I,4
aff16_wu_m128_seed5,16,16,x,91,112.63455543833679,0.9999917931334047,0.9999938925292944,1,I,2,I,4
aff16_wu_m128_seed5,16,16,x,93,157.40439668297412,0.999986634286897,0.999995193927134,1,I,2,I,4
aff16_wu_m128_seed5,16,16,x,96,92.52768292209639,0.9999773151330739,0.99999484004965,1,I,2,I,4
aff16_wu_m128_seed5,16,16,x,97,89.927063634243,0.9999762712323313,0.9999930022773156,1,I,2,I,4
aff16_wu_m128_seed5,16,16,x,98,98.11270504913597,0.9999860933595711,0.9999952149333406,1,I,2,I,4
aff16_wu_m128_seed5,16,16,x,99,106.87372930185546,0.9999824019269735,0.9999956248310279,1,I,2,I,4
aff16_wu_m128_seed5,16,16,x,100,62.43932424469467,0.9999569366641917,0.9999916686283062,1,I,2,I,4
aff16_wu_m128_seed5,16,16,x,101,98.64620199374558,0.9999775335378581,0.9999945450843705,1,I,2,I,4
aff16_wu_m128_seed5,16,16,x,103,141.0334664816636,0.9999835418980197,0.9999937779418623,1,I,2,I,4
aff16_wu_m128_seed5,16,16,x,104,152.98871258442006,0.9999844202419137,0.9999956445703857,1,I,2,I,4
aff16_wu_m128_seed5,16,16,x,105,171.68863968672918,0.9999886467732914,0.99999534459765,1,I,2,I,4
aff16_wu_m128_seed5,16,16,x,107,103.24535831591615,0.9999750567931858,0.9999956145859075,1,I,2,I,4
aff16_wu_m128_seed5,16,16,x,109,118.21145606271587,0.9999477522536969,0.9999955970322716,1,I,2,I,4
aff16_wu_m128_seed5,16,16,x,110,62.46440037965997,0.9999860757123008,0.9999947976230741,1,I,2,I,4
aff16_wu_m128_seed5,16,16,x,111,89.08265974798582,0.9999842966174636,0.9999929896730817,1,I,2,I,4
aff16_wu_m128_seed5,16,16,x,112,103.07857623117282,0.9999909651171988,0.9999956789879795,1,I,2,I,4
aff16_wu_m128_seed5,16,16,x,113,80.82810170574663,0.9999710944899065,0.9999939489284742,1,I,2,I,4
aff16_wu_m128_seed5,16,16,x,114,54.22079650097024,0.9999800626791058,0.999993760167711,1,I,2,I,4
aff16_wu_m128_seed5,16,16,x,115,87.26553273223617,0.99997551580193,0.9999956247851586,1,I,2,I,4
aff16_wu_m128_seed5,16,16,x,116,134.0318451911404,0.9999858041229114,0.9999948215941645,1,I,2,I,4
aff16_wu_m128_seed5,16,16,x,117,136.05503369672886,0.9999751857979045,0.9999955916019024,1,I,2,I,4
aff16_wu_m128_seed5,16,16,x,121,112.3041918500491,0.9999695652369835,0.9999936710689824,1,I,2,I,4
aff16_wu_m128_seed5,16,16,x,124,65.7978929680613,0.9999621594312409,0.9999939645291986,1,I,2,I,4
aff16_wu_m128_seed5,16,16,x,126,89.80348756971105,0.9999855611244883,0.9999952694438403,1,I,2,I,4
aff16_wu_m128_seed5,16,16,x,127,105.22450166145411,0.9999722894691374,0.999993953853235,1,I,2,I,4
aff16_wu_m128_seed5,16,16,y,0,88.85699886360996,0.9999814419243893,0.9999939208600801,1,I,4,I,2
aff16_wu_m128_seed5,16,16,y,2,115.86009750515544,0.9999528092131555,0.9999934219185048,1,I,4,I,2
aff16_wu_m128_seed5,16,16,y,4,71.73964683496187,0.9999625842020781,0.9999926843045557,1,I,4,I,2
aff16_wu_m128_seed5,16,16,y,6,158.05375411835496,0.999985993129253,0.9999934608759411,1,I,2,I,2
aff16_wu_m128_seed5,16,16,y,8,76.37902582338123,0.9999722611663319,0.9999939170050769,1,I,4,I,2
aff16_wu_m128_seed5,16,16,y,9,113.30313096917313,0.9999723473003673,0.999989907490034,1,I,4,I,2
aff16_wu_m128_seed5,16,16,y,10,39.132620904978936,0.9999570154280892,0.9999936644868663,1,I,4,I,2
aff16_wu_m128_seed5,16,16,y,12,82.93902152153241,0.9999475430420427,0.9999892787597783,1,I,2,I,2
aff16_wu_m128_seed5,16,16,y,15,142.64815018980192,0.9999184258292557,0.9999892193127238,1,I,2,I,2
aff16_wu_m128_seed5,16,16,y,16,116.77107561087486,0.9999680405946916,0.9999892491483641,1,I,4,I,2
aff16_wu_m128_seed5,16,16,y,19,142.35785365597187,0.9999554537571944,0.9999873481682622,1,I,4,I,2
aff16_wu_m128_seed5,16,16,y,20,127.0146838104081,0.9999811797009474,0.9999932896220183,1,I,2,I,2
aff16_wu_m128_seed5,16,16,y,21,119.2810444631638,0.9999820368526926,0.9999921431650307,1,I,2,I,2
aff16_wu_m128_seed5,16,16,y,22,73.22348170772975,0.9999605222941879,0.9999926492460836,1,I,2,I,2
aff16_wu_m128_seed5,16,16,y,23,77.57633717854127,0.9999770145012553,0.9999931367383207,1,I,2,I,2
aff16_wu_m128_seed5,16,16,y,24,49.93880241131565,0.9999834387509238,0.9999920994217483,1,I,2,I,2
aff16_wu_m128_seed5,16,16,y,25,122.19740217046606,0.9999852296343336,0.9999930498850055,1,I,2,I,2
aff16_wu_m128_seed5,16,16,y,26,106.07603991207695,0.9999788120717348,0.9999939997542784,1,I,4,I,2
aff16_wu_m128_seed5,16,16,y,27,146.2735618752351,0.999979332091388,0.9999915535425857,1,I,2,I,2
aff16_wu_m128_seed5,16,16,y,29,73.81390983293974,0.9999221226940546,0.999986971407761,1,I,4,I,2
aff16_wu_m128_seed5,16,16,y,30,67.4968399998661,0.9999650596141222,0.9999904444639744,1,I,2,I,2
aff16_wu_m128_seed5,16,16,y,31,123.0430759367066,0.9999626809391562,0.9999901837743786,1,I,4,I,2
aff16_wu_m128_seed5,16,16,y,32,109.48954988403591,0.999970121606507,0.9999925441390319,1,I,2,I,2
aff16_wu_m128_seed5,16,16,y,33,107.50795980860511,0.9999703801793068,0.9999940880650047,1,I,4,I,2
aff16_wu_m128_seed5,16,16,y,34,97.69000212783159,0.9999653177741122,0.9999902410037969,1,I,4,I,2
aff16_wu_m128_seed5,16,16,y,35,68.56171076630778,0.9999732368035605,0.9999915805530595,1,I,2,I,2
aff16_wu_m128_seed5,16,16,y,36,126.55381520957859,0.9999793699795214,0.9999915488372265,1,I,2,I,2
aff16_wu_m128_seed5,16,16,y,37,95.82023198915118,0.9999822456580096,0.9999934557719288,1,I,4,I,2
aff16_wu_m128_seed5,16,16,y,38,76.80125099790123,0.9999677442865726,0.9999924880247013,1,I,2,I,2
aff16_wu_m128_seed5,16,16,y,41,52.04016003866802,0.9999703669135784,0.9999910018593245,1,I,4,I,2
aff16_wu_m128_seed5,16,16,y,42,99.6082290147672,0.9999754097377173,0.9999933896651245,1,I,4,I,2
aff16_wu_m128_seed5,16,16,y,43,144.52969929713703,0.9999781974567885,0.9999900989124596,1,I,4,I,2
aff16_wu_m128_seed5,16,16,y,44,130.0054833135125,0.9999752654639509,0.9999929709452545,1,I,2,I,2
aff16_wu_m128_seed5,16,16,y,45,39.68323462051228,0.9999562429486791,0.9999929616986543,1,I,2,I,2
aff16_wu_m128_seed5,16,16,y,47,74.88404384627472,0.999981496660822,0.9999932228227933,1,I,4,I,2
aff16_wu_m128_seed5,16,16,y,48,109.09742717510562,0.9999838813241887,0.9999933239750776,1,I,4,I,2
aff16_wu_m128_seed5,16,16,y,49,119.82620581159875,0.9999610460803346,0.9999823364628568,1,I,4,I,2
aff16_wu_m128_seed5,16,16,y,50,103.09874526315112,0.9999792885494598,0.9999932914848632,1,I,4,I,2
aff16_wu_m128_seed5,16,16,y,51,106.78180448745236,0.999968448312348,0.9999934622122357,1,I,2,I,2
aff16_wu_m128_seed5,16,16,y,53,140.3329924350076,0.999973999739683,0.999993621230584,1,I,2,I,2
aff16_wu_m128_seed5,16,16,y,54,96.63990994569582,0.9999658967969123,0.9999916329946791,1,I,4,I,2
aff16_wu_m128_seed5,16,16,y,55,54.94408471447312,0.9999654269880108,0.9999926186985026,1,I,2,I,2
aff16_wu_m128_seed5,16,16,y,56,75.38843447803109,0.9999661174250402,0.9999928427324979,1,I,4,I,2
aff16_wu_m128_seed5,16,16,y,57,99.23989862673811,0.9999872205893353,0.9999937756093885,1,I,4,I,2
aff16_wu_m128_seed5,16,16,y,59,57.7835883904154,0.9999539579383323,0.9999913467891907,1,I,2,I,2
aff16_wu_m128_seed5,16,16,y,61,94.9484849006978,0.9999717953700685,0.9999956727762594,1,I,4,I,2
aff16_wu_m128_seed5,16,16,y,62,77.25132272116274,0.9999667408404354,0.9999924080525832,1,I,4,I,2
aff16_wu_m128_seed5,16,16,y,63,87.89894066435885,0.9999731352231805,0.9999925957696455,1,I,2,I,2
aff16_wu_m128_seed5,16,16,y,64,93.88628090050598,0.9999745873052451,0.9999906888415344,1,I,2,I,2
aff16_wu_m128_seed5,16,16,y,66,141.30493626527928,0.999982151578048,0.9999920311290085,1,I,4,I,2
aff16_wu_m128_seed5,16,16,y,67,161.5891561370693,0.9999770400742645,0.9999829969236541,1,I,2,I,2
aff16_wu_m128_seed5,16,16,y,68,121.03807756326647,0.999977558600157,0.999995681414543,1,I,4,I,2
aff16_wu_m128_seed5,16,16,y,70,87.93989643869791,0.9999795669987053,0.9999927778204191,1,I,4,I,2
aff16_wu_m128_seed5,16,16,y,73,143.56153366498273,0.9999724397626071,0.9999829345832093,1,I,2,I,2
aff16_wu_m128_seed5,16,16,y,74,82.5140659097408,0.9999534590972436,0.9999938585468341,1,I,2,I,2
aff16_wu_m128_seed5,16,16,y,76,119.00854419278825,0.999977323371941,0.9999903780658234,1,I,2,I,2
aff16_wu_m128_seed5,16,16,y,77,140.21262606234805,0.9999854074045333,0.9999916083173516,1,I,2,I,2
aff16_wu_m128_seed5,16,16,y,78,112.63920801574402,0.9999722096483544,0.9999937840478094,1,I,2,I,2
aff16_wu_m128_seed5,16,16,y,79,30.80225214568844,0.9999695863873598,0.9999939787880275,1,I,4,I,2
aff16_wu_m128_seed5,16,16,y,82,52.80221503431628,0.9999812594959854,0.9999921141091088,1,I,4,I,2
aff16_wu_m128_seed5,16,16,y,83,87.6272358014275,0.9999903973795574,0.99999039021401,1,I,2,I,2
aff16_wu_m128_seed5,16,16,y,84,159.9124034657312,0.9999833563399025,0.9999900589480751,1,I,4,I,2
aff16_wu_m128_seed5,16,16,y,85,103.60517151319776,0.9999778832989513,0.9999936411855056,1,I,4,I,2
aff16_wu_m128_seed5,16,16,y,89,76.55650022444802,0.9999766037206086,0.9999907792269305,1,I,2,I,2
aff16_wu_m128_seed5,16,16,y,90,105.78654307342936,0.9999709713836546,0.9999825381845231,1,I,4,I,2
aff16_wu_m128_seed5,16,16,y,91,112.65150643873837,0.9999730540579558,0.9999901342896118,1,I,2,I,2
aff16_wu_m128_seed5,16,16,y,93,155.9175636707403,0.9999784018447033,0.9999931923024324,1,I,4,I,2
aff16_wu_m128_seed5,16,16,y,96,91.81275016103018,0.9999804165935176,0.9999933419253627,1,I,2,I,2
aff16_wu_m128_seed5,16,16,y,97,89.15085631924602,0.9999859778700563,0.9999933880672558,1,I,4,I,2
aff16_wu_m128_seed5,16,16,y,98,97.04506578548208,0.9999865334718295,0.9999930375687961,1,I,2,I,2
aff16_wu_m128_seed5,16,16,y,99,105.77623581768599,0.9999678496643222,0.9999915045284354,1,I,2,I,2
aff16_wu_m128_seed5,16,16,y,100,62.7342064330791,0.9998975387844246,0.9999901699638702,1,I,2,I,2
aff16_wu_m128_seed5,16,16,y,101,98.20691385388382,0.9999829181403339,0.9999904870019994,1,I,2,I,2
aff16_wu_m128_seed5,16,16,y,103,139.63285161773373,0.9999849511175013,0.9999925012370743,1,I,2,I,2
aff16_wu_m128_seed5,16,16,y,104,151.61527048207833,0.9999737417970482,0.9999900520809348,1,I,2,I,2
aff16_wu_m128_seed5,16,16,y,105,169.63115992481087,0.9999666718838838,0.9999923477402695,1,I,2,I,2
aff16_wu_m128_seed5,16,16,y,107,102.01043993838105,0.9999706962356119,0.9999917109474309,1,I,4,I,2
aff16_wu_m128_seed5,16,16,y,109,116.51046782342407,0.9999451323873851,0.999991072574672,1,I,4,I,2
aff16_wu_m128_seed5,16,16,y,110,61.90444760792459,0.9999592385568351,0.9999932693471951,1,I,2,I,2
aff16_wu_m128_seed5,16,16,y,111,88.29309923098258,0.9999679192152393,0.9999909822812235,1,I,2,I,2
aff16_wu_m128_seed5,16,16,y,112,102.59602199330344,0.9999796742395909,0.9999894898226583,1,I,4,I,2
aff16_wu_m128_seed5,16,16,y,113,80.50425865326186,0.9999800372856533,0.9999924844897103,1,I,4,I,2
aff16_wu_m128_seed5,16,16,y,114,53.56656165636846,0.9999661367007989,0.9999939989107974,1,I,4,I,2
aff16_wu_m128_seed5,16,16,y,115,86.76017989031828,0.9999761331936063,0.9999934959141611,1,I,4,I,2
aff16_wu_m128_seed5,16,16,y,116,133.10850890238638,0.9999774437577891,0.9999852982746071,1,I,2,I,2
aff16_wu_m128_seed5,16,16,y,117,134.7208474080234,0.9999900304747235,0.9999936191505757,1,I,4,I,2
aff16_wu_m128_seed5,16,16,y,121,111.37339539403452,0.9999733826797069,0.9999900755634161,1,I,4,I,2
aff16_wu_m128_seed5,16,16,y,124,65.26334661392342,0.9999667165203453,0.9999936299519019,1,I,4,I,2
aff16_wu_m128_seed5,16,16,y,126,88.45969065900908,0.999978537544206,0.9999862315156028,1,I,4,I,2
aff16_wu_m128_seed5,16,16,y,127,104.47826115350415,0.9999795906896073,0.9999929767983404,1,I,2,I,2
aff21_wu_m128_seed1,21,7,x,0,553.1637146022621,0.9999911562946225,0.9999991672519172,1,I,6,M,36
aff21_wu_m128_seed1,21,7,x,1,542.8068301097621,0.9999925025181229,0.9999992250514224,1,I,6,M,36
aff21_wu_m128_seed1,21,7,x,2,549.6315371171257,0.9999930348645532,0.9999990486097857,1,I,6,M,36
aff21_wu_m128_seed1,21,7,x,4,556.4034412088591,0.9999931002416953,0.9999990533103333,1,I,6,M,36
aff21_wu_m128_seed1,21,7,x,5,543.6622071061125,0.9999928876134394,0.999999080370006,1,I,6,M,36
aff21_wu_m128_seed1,21,7,x,6,544.4849314385648,0.9999925420893807,0.9999993825078769,1,I,6,M,36
aff21_wu_m128_seed1,21,7,x,8,549.3418206315658,0.9999924335698098,0.9999992037801876,1,I,6,M,36
aff21_wu_m128_seed1,21,7,x,10,559.4878345027955,0.9999916736630988,0.9999990757302656,1,I,6,M,36
aff21_wu_m128_seed1,21,7,x,11,541.2145479092707,0.9999894530775759,0.999999179394444,1,I,6,M,36
aff21_wu_m128_seed1,21,7,x,12,552.788088723001,0.9999917146283066,0.99999921194379,1,I,6,M,36
aff21_wu_m128_seed1,21,7,x,15,555.4359849882961,0.9999937286290177,0.9999990549829298,1,I,6,M,36
aff21_wu_m128_seed1,21,7,x,18,559.3264463080591,0.9999908801227745,0.9999991656370066,1,I,6,M,36
aff21_wu_m128_seed1,21,7,x,19,554.4986301977519,0.9999923337543992,0.9999994445379871,1,I,6,M,36
aff21_wu_m128_seed1,21,7,x,21,546.240605607285,0.9999917018874388,0.9999991812077822,1,I,6,M,36
aff21_wu_m128_seed1,21,7,x,26,143.91990308846042,0.9999885654847632,0.9999993827080883,1,I,6,M,36
aff21_wu_m128_seed1,21,7,x,31,537.5784606681744,0.9999923951679814,0.9999990916356443,1,I,6,M,36
aff21_wu_m128_seed1,21,7,x,32,548.5225196251839,0.9999927739841237,0.9999990507934452,1,I,6,M,36
aff21_wu_m128_seed1,21,7,x,34,543.8044476710683,0.9999918739002144,0.9999991822587908,1,I,6,M,36
aff21_wu_m128_seed1,21,7,x,37,543.6634171410589,0.9999927065770983,0.9999992102613672,1,I,6,M,36
aff21_wu_m128_seed1,21,7,x,38,534.4517264343792,0.9999924584013844,0.9999994444917122,1,I,6,M,36
aff21_wu_m128_seed1,21,7,x,39,541.0181093197833,0.9999937121817682,0.9999990475643296,1,I,6,M,36
aff21_wu_m128_seed1,21,7,x,40,565.8736347471311,0.9999933371657194,0.999999055581569,1,I,6,M,36
aff21_wu_m128_seed1,21,7,x,41,549.1410449585522,0.9999936377042614,0.9999993743737092,1,I,6,M,36
aff21_wu_m128_seed1,21,7,x,42,538.5036550580201,0.9999936390609648,0.9999990967502707,1,I,6,M,36
aff21_wu_m128_seed1,21,7,x,43,554.174098630509,0.9999934224427944,0.9999990727824805,1,I,6,M,36
aff21_wu_m128_seed1,21,7,x,44,552.575072273439,0.9999929278579928,0.9999992078275413,1,I,6,M,36
aff21_wu_m128_seed1,21,7,x,45,560.2338520533306,0.9999929319149341,0.9999992093030643,1,I,6,M,36
aff21_wu_m128_seed1,21,7,x,46,545.1898214595075,0.9999923980562954,0.9999992138404722,1,I,6,M,36
aff21_wu_m128_seed1,21,7,x,49,556.609451140606,0.9999935535528459,0.9999990515568505,1,I,6,M,36
aff21_wu_m128_seed1,21,7,x,53,535.8217841556321,0.9999933521172928,0.9999990986028655,1,I,6,M,36
aff21_wu_m128_seed1,21,7,x,55,5.093593345282794e-05,0.9871443429204529,0.9999783350251221,1,I,6,I,6
aff21_wu_m128_seed1,21,7,x,57,566.347030907353,0.9999928889076344,0.9999991758239177,1,I,6,M,36
aff21_wu_m128_seed1,21,7,x,58,544.9030832326966,0.9999916841120433,0.9999992193192978,1,I,6,M,36
aff21_wu_m128_seed1,21,7,x,59,549.5231483595556,0.9999933683785579,0.9999990692795422,1,I,6,M,36
aff21_wu_m128_seed1,21,7,x,60,550.4829123417046,0.9999932517515556,0.9999994404863939,1,I,6,M,36
aff21_wu_m128_seed1,21,7,x,62,543.090952844934,0.9999928182315153,0.9999994382621769,1,I,6,M,36
aff21_wu_m128_seed1,21,7,x,63,71.03263456615744,0.999987682715753,0.9999993882167353,1,I,6,M,36
aff21_wu_m128_seed1,21,7,x,65,546.2523962666637,0.9999920999677966,0.9999991698757612,1,I,6,M,36
aff21_wu_m128_seed1,21,7,x,66,562.7780056507905,0.9999925342185984,0.9999992101572068,1,I,6,M,36
aff21_wu_m128_seed1,21,7,x,68,561.7307057527447,0.9999920702658645,0.9999991907313489,1,I,6,M,36
aff21_wu_m128_seed1,21,7,x,69,552.5003183924259,0.9999916716592268,0.9999992159955512,1,I,6,M,36
aff21_wu_m128_seed1,21,7,x,70,540.5278739958505,0.9999922307672837,0.9999992136904687,1,I,6,M,36
aff21_wu_m128_seed1,21,7,x,71,542.1730900095866,0.999992024978409,0.9999994303765741,1,I,6,M,36
aff21_wu_m128_seed1,21,7,x,72,545.574783437692,0.9999941755728128,0.9999990100712829,1,I,6,M,36
aff21_wu_m128_seed1,21,7,x,73,566.1089227781748,0.9999938572853929,0.9999990657049342,1,I,6,M,36
aff21_wu_m128_seed1,21,7,x,74,558.4299580968453,0.9999920703442153,0.9999994352552554,1,I,6,M,36
aff21_wu_m128_seed1,21,7,x,76,541.2646643024676,0.9999931019146256,0.9999990884016192,1,I,6,M,36
aff21_wu_m128_seed1,21,7,x,78,557.6810426528787,0.9999914290646491,0.9999993931676001,1,I,6,M,36
aff21_wu_m128_seed1,21,7,x,80,552.8367545248909,0.9999920179765072,0.9999994489788075,1,I,6,M,36
aff21_wu_m128_seed1,21,7,x,81,544.6061489341588,0.9999919101835449,0.9999992100264669,1,I,6,M,36
aff21_wu_m128_seed1,21,7,x,82,545.4998339721451,0.9999922120122604,0.9999994374470774,1,I,6,M,36
aff21_wu_m128_seed1,21,7,x,85,546.9322525633202,0.9999916166741754,0.9999993749955876,1,I,6,M,36
aff21_wu_m128_seed1,21,7,x,89,536.9164891991118,0.9999925744724657,0.9999991808618526,1,I,6,M,36
aff21_wu_m128_seed1,21,7,x,91,478.38434706900244,0.999993028049173,0.9999993897465836,1,I,6,M,36
aff21_wu_m128_seed1,21,7,x,92,542.0587298846349,0.999991837052148,0.999999172422607,1,I,6,M,36
aff21_wu_m128_seed1,21,7,x,94,543.1356777322025,0.9999916059394225,0.9999990375776996,1,I,6,M,36
aff21_wu_m128_seed1,21,7,x,95,532.1513199804159,0.9999915030136832,0.9999992329985212,1,I,6,M,36
aff21_wu_m128_seed1,21,7,x,103,537.2231311698804,0.9999932248841896,0.9999991036620081,1,I,6,M,36
aff21_wu_m128_seed1,21,7,x,104,539.0445798567401,0.9999938765019615,0.9999993791266417,1,I,6,M,36
aff21_wu_m128_seed1,21,7,x,105,555.1159702359354,0.9999920135168167,0.99999938832718,1,I,6,M,36
aff21_wu_m128_seed1,21,7,x,106,420.557531651461,0.9999911669756988,0.9999993935053563,1,I,6,M,36
aff21_wu_m128_seed1,21,7,x,108,564.2701435984242,0.9999930091304919,0.9999992118555354,1,I,6,M,36
aff21_wu_m128_seed1,21,7,x,112,556.1814787430542,0.9999911957273214,0.9999992103064924,1,I,6,M,36
aff21_wu_m128_seed1,21,7,x,114,565.7345002822005,0.999992051575197,0.9999993952414754,1,I,6,M,36
aff21_wu_m128_seed1,21,7,x,115,552.0683053155726,0.9999928438291089,0.9999992174637514,1,I,6,M,36
aff21_wu_m128_seed1,21,7,x,116,557.9165538172734,0.9999928088519988,0.9999992154493583,1,I,6,M,36
aff21_wu_m128_seed1,21,7,x,117,548.2929253184924,0.9999925389284472,0.9999994263787559,1,I,6,M,36
aff21_wu_m128_seed1,21,7,x,119,547.8558538753799,0.9999927052229219,0.9999992297061373,1,I,6,M,36
aff21_wu_m128_seed1,21,7,x,120,543.5896961858156,0.9999923262534212,0.9999992121808295,1,I,6,M,36
aff21_wu_m128_seed1,21,7,x,122,552.9562684985082,0.9999924563424765,0.9999994403411848,1,I,6,M,36
aff21_wu_m128_seed1,21,7,x,123,542.0565452481602,0.9999930492983836,0.9999993818547929,1,I,6,M,36
aff21_wu_m128_seed1,21,7,x,126,554.3473591173499,0.9999924464751136,0.9999990695951563,1,I,6,M,36
aff21_wu_m128_seed1,21,7,x,127,552.5014258974271,0.9999922904517868,0.9999991930123113,1,I,6,M,36
aff21_wu_m128_seed1,21,7,y,0,546.3252755924337,0.9999902179533695,0.9999938075973785,1,M,36,I,6
aff21_wu_m128_seed1,21,7,y,1,541.1461393755073,0.9999914637406312,0.9999987025022865,1,M,36,I,6
aff21_wu_m128_seed1,21,7,y,2,545.5501346584423,0.9999917226651173,0.9999983755865843,1,M,36,I,6
aff21_wu_m128_seed1,21,7,y,4,551.9944758481934,0.99999345732207,0.9999984265210388,1,M,36,I,6
aff21_wu_m128_seed1,21,7,y,5,540.586083469003,0.9999916872385985,0.9999986958177864,1,M,36,I,6
aff21_wu_m128_seed1,21,7,y,6,540.8306102249313,0.9999947790543541,0.9999984712866784,1,M,36,I,6
aff21_wu_m128_seed1,21,7,y,8,546.5672600322216,0.9999918947143372,0.9999983448684647,1,M,36,I,6
aff21_wu_m128_seed1,21,7,y,10,554.803957945305,0.9999918090446074,0.9999985775534904,1,M,36,I,6
aff21_wu_m128_seed1,21,7,y,11,539.1572127460687,0.9999918370635817,0.9999981790600057,1,M,36,I,6
aff21_wu_m128_seed1,21,7,y,12,548.975400612999,0.999989274215793,0.9999936996650297,1,M,36,I,6
aff21_wu_m128_seed1,21,7,y,15,550.6442813991669,0.9999940692002872,0.9999984498775238,1,M,36,I,6
aff21_wu_m128_seed1,21,7,y,18,552.7618039416026,0.9999901453715587,0.9999937051699614,1,M,36,I,6
aff21_wu_m128_seed1,21,7,y,19,552.6409526896305,0.9999898002092141,0.9999933129761692,1,M,36,I,6
aff21_wu_m128_seed1,21,7,y,21,542.4362986955655,0.9999944015112867,0.9999984486281278,1,M,36,I,6
aff21_wu_m128_seed1,21,7,y,26,142.81659157749286,0.9999881939371468,0.9999933564982264,1,M,36,I,6
aff21_wu_m128_seed1,21,7,y,31,535.8072146936038,0.9999913746425209,0.9999987106247451,1,M,36,I,6
aff21_wu_m128_seed1,21,7,y,32,544.1929545725094,0.9999893425622881,0.9999936310594304,1,M,36,I,6
aff21_wu_m128_seed1,21,7,y,34,540.9674712349071,0.999993127686285,0.9999984072717798,1,M,36,I,6
aff21_wu_m128_seed1,21,7,y,37,540.1621968211878,0.9999904092288178,0.9999987095302123,1,M,36,I,6
aff21_wu_m128_seed1,21,7,y,38,531.8421293615395,0.9999926179552094,0.9999987116320722,1,M,36,I,6
aff21_wu_m128_seed1,21,7,y,39,538.1465637803765,0.9999906502854371,0.9999986966605331,1,M,36,I,6
aff21_wu_m128_seed1,21,7,y,40,562.5957365863234,0.9999924169472904,0.9999985153987381,1,M,36,I,6
aff21_wu_m128_seed1,21,7,y,41,544.8195653443565,0.9999922163171266,0.9999986961816368,1,M,36,I,6
aff21_wu_m128_seed1,21,7,y,42,537.2144003786602,0.9999916698961104,0.9999980892201594,1,M,36,I,6
aff21_wu_m128_seed1,21,7,y,43,549.5432737631927,0.9999899477235893,0.9999937730633285,1,M,36,I,6
aff21_wu_m128_seed1,21,7,y,44,547.8961954875439,0.9999904350388679,0.9999937917167399,1,M,36,I,6
aff21_wu_m128_seed1,21,7,y,45,557.938947252797,0.9999927280246291,0.9999985283475944,1,M,36,I,6
aff21_wu_m128_seed1,21,7,y,46,541.8318657618967,0.9999942950723456,0.9999984619671337,1,M,36,I,6
aff21_wu_m128_seed1,21,7,y,49,554.1020651640749,0.9999890522958397,0.9999931227238813,1,M,36,I,6
aff21_wu_m128_seed1,21,7,y,53,533.5431643360423,0.9999921696226348,0.9999983889518467,1,M,36,I,6
aff21_wu_m128_seed1,21,7,y,57,561.8381947298885,0.9999926333202293,0.9999985963830506,1,M,36,I,6
aff21_wu_m128_seed1,21,7,y,58,541.4264593830542,0.9999928796175513,0.9999983445555011,1,M,36,I,6
aff21_wu_m128_seed1,21,7,y,59,542.3198808934251,0.9999899247642163,0.9999936869757204,1,M,36,I,6
aff21_wu_m128_seed1,21,7,y,60,547.1847952550421,0.9999916306653713,0.9999984853400457,1,M,36,I,6
aff21_wu_m128_seed1,21,7,y,62,540.80337819039,0.9999926535082236,0.9999987163996832,1,M,36,I,6
aff21_wu_m128_seed1,21,7,y,63,71.80162017152426,0.9999895367779257,0.9999979908004171,1,M,36,I,6
aff21_wu_m128_seed1,21,7,y,65,542.1652369481642,0.9999924677979168,0.9999987297934021,1,M,36,I,6
aff21_wu_m128_seed1,21,7,y,66,558.2792237569721,0.9999902547322962,0.9999936779023985,1,M,36,I,6
aff21_wu_m128_seed1,21,7,y,68,558.3222350390906,0.9999912180047662,0.999998475344854,1,M,36,I,6
aff21_wu_m128_seed1,21,7,y,69,549.9101958760965,0.9999924164181939,0.9999982518904782,1,M,36,I,6
aff21_wu_m128_seed1,21,7,y,70,537.0304377939093,0.9999940850277947,0.9999984663697629,1,M,36,I,6
aff21_wu_m128_seed1,21,7,y,71,538.4277194093536,0.999993886220995,0.9999984916218068,1,M,36,I,6
aff21_wu_m128_seed1,21,7,y,72,540.5003244352317,0.9999912466999646,0.9999987067338745,1,M,36,I,6
aff21_wu_m128_seed1,21,7,y,73,563.0553462159911,0.9999926157400066,0.9999984914462968,1,M,36,I,6
aff21_wu_m128_seed1,21,7,y,74,556.3326483072874,0.9999891733321464,0.999998448354532,1,M,36,I,6
aff21_wu_m128_seed1,21,7,y,76,536.1159739728372,0.9999935581609264,0.999998483044729,1,M,36,I,6
aff21_wu_m128_seed1,21,7,y,78,555.7478015443876,0.9999925100643366,0.999998427998564,1,M,36,I,6
aff21_wu_m128_seed1,21,7,y,80,551.0777836291996,0.999992301348128,0.9999982543746124,1,M,36,I,6
aff21_wu_m128_seed1,21,7,y,81,541.1950157682052,0.9999925488891244,0.9999986930045545,1,M,36,I,6
aff21_wu_m128_seed1,21,7,y,82,541.6084308597304,0.999990567343117,0.9999936325921586,1,M,36,I,6
aff21_wu_m128_seed1,21,7,y,85,543.4186199327044,0.9999949449164821,0.9999984667471101,1,M,36,I,6
aff21_wu_m128_seed1,21,7,y,89,534.3435420263337,0.9999927718099105,0.9999987051043522,1,M,36,I,6
aff21_wu_m128_seed1,21,7,y,91,475.2278944421591,0.9999926314795486,0.9999983843631122,1,M,36,I,6
aff21_wu_m128_seed1,21,7,y,92,537.2355349591364,0.9999929487935,0.9999983828486237,1,M,36,I,6
aff21_wu_m128_seed1,21,7,y,94,539.6038155413054,0.9999929274971047,0.999998356409715,1,M,36,I,6
aff21_wu_m128_seed1,21,7,y,95,530.6700891725551,0.9999918978918746,0.9999987209312595,1,M,36,I,6
aff21_wu_m128_seed1,21,7,y,103,536.1252734969879,0.9999918964470272,0.9999980493821046,1,M,36,I,6
aff21_wu_m128_seed1,21,7,y,104,535.0210940846854,0.999991703958265,0.9999987065503712,1,M,36,I,6
aff21_wu_m128_seed1,21,7,y,105,552.4933357393749,0.9999903774911779,0.999993192145342,1,M,36,I,6
aff21_wu_m128_seed1,21,7,y,106,418.59426720041574,0.9999893033339908,0.9999932402862165,1,M,36,I,6
aff21_wu_m128_seed1,21,7,y,108,560.5067447451064,0.9999922664328871,0.9999985609512294,1,M,36,I,6
aff21_wu_m128_seed1,21,7,y,112,552.4922357814451,0.9999900260485384,0.9999935291496709,1,M,36,I,6
aff21_wu_m128_seed1,21,7,y,114,564.4715530895284,0.9999923038583252,0.9999984460246626,1,M,36,I,6
aff21_wu_m128_seed1,21,7,y,115,548.4984326112814,0.999994309261228,0.9999984763619688,1,M,36,I,6
aff21_wu_m128_seed1,21,7,y,116,554.661050303725,0.9999925106972322,0.9999985630416561,1,M,36,I,6
aff21_wu_m128_seed1,21,7,y,117,543.4657188691841,0.9999927247153252,0.999998454359848,1,M,36,I,6
aff21_wu_m128_seed1,21,7,y,119,544.2156517350525,0.9999926616888113,0.9999983530834013,1,M,36,I,6
aff21_wu_m128_seed1,21,7,y,120,540.0542984405954,0.9999941999334482,0.9999984512360537,1,M,36,I,6
aff21_wu_m128_seed1,21,7,y,122,549.3401255256614,0.9999925772951453,0.9999983799970669,1,M,36,I,6
aff21_wu_m128_seed1,21,7,y,123,538.0771722907847,0.9999924695969519,0.9999983642818,1,M,36,I,6
aff21_wu_m128_seed1,21,7,y,126,549.198405300142,0.9999917946608663,0.9999985636500545,1,M,36,I,6
aff21_wu_m128_seed1,21,7,y,127,550.4268072349657,0.9999920074454424,0.9999985542876572,1,M,36,I,6
aff21_wu_m128_seed2,21,7,x,0,542.447143178746,0.9999937765858329,0.9999994891093741,1,I,6,M,36
aff21_wu_m128_seed2,21,7,x,1,535.8701085563641,0.9999954290824877,0.9999994093901684,1,I,6,M,36
aff21_wu_m128_seed2,21,7,x,2,563.3550507841384,0.9999949425582275,0.9999994998597956,1,I,6,M,36
aff21_wu_m128_seed2,21,7,x,4,556.4285030494241,0.9999958566420762,0.9999994497305118,1,I,6,M,36
aff21_wu_m128_seed2,21,7,x,5,568.0785596734962,0.9999940649134441,0.999999205795057,1,I,6,M,36
aff21_wu_m128_seed2,21,7,x,6,531.2248954991657,0.9999947518326219,0.9999991188279876,1,I,6,M,36
aff21_wu_m128_seed2,21,7,x,7,553.950494327409,0.9999943499117536,0.9999991337888143,1,I,6,M,36
aff21_wu_m128_seed2,21,7,x,8,565.679170123037,0.9999954143522333,0.999999502522007,1,I,6,M,36
aff21_wu_m128_seed2,21,7,x,9,540.6888753036619,0.999993536962031,0.9999994972191896,1,I,6,M,36
aff21_wu_m128_seed2,21,7,x,11,565.4890743255504,0.999995602571814,0.9999994202443385,1,I,6,M,36
aff21_wu_m128_seed2,21,7,x,14,565.3272881837735,0.9999937314501407,0.9999991526673696,1,I,6,M,36
aff21_wu_m128_seed2,21,7,x,15,567.2859721595205,0.9999948835020502,0.9999993168307832,1,I,6,M,36
aff21_wu_m128_seed2,21,7,x,16,569.761256168618,0.9999945423734531,0.9999994760632035,1,I,6,M,36
aff21_wu_m128_seed2,21,7,x,17,570.1545894879945,0.9999945049512275,0.9999991453188832,1,I,6,M,36
aff21_wu_m128_seed2,21,7,x,18,581.8442371311107,0.9999917976751912,0.99999952647335,1,I,6,M,36
aff21_wu_m128_seed2,21,7,x,19,540.2320632715262,0.9999936566738606,0.9999993112453828,1,I,6,M,36
aff21_wu_m128_seed2,21,7,x,20,539.4511951892254,0.999995461040243,0.9999994881639235,1,I,6,M,36
aff21_wu_m128_seed2,21,7,x,21,565.4041185839377,0.9999950714751923,0.999999496556818,1,I,6,M,36
aff21_wu_m128_seed2,21,7,x,22,534.9252474917566,0.9999953026280728,0.9999994488127326,1,I,6,M,36
aff21_wu_m128_seed2,21,7,x,25,548.361699057538,0.9999926143398041,0.9999991992228805,1,I,6,M,36
aff21_wu_m128_seed2,21,7,x,27,573.3622426131227,0.9999932006105494,0.9999991966957383,1,I,6,M,36
aff21_wu_m128_seed2,21,7,x,29,539.0138679222626,0.999995326352981,0.9999994818941906,1,I,6,M,36
aff21_wu_m128_seed2,21,7,x,30,569.7960436984582,0.9999957249077184,0.9999994536580356,1,I,6,M,36
aff21_wu_m128_seed2,21,7,x,33,570.5139137192405,0.9999911800874919,0.9999995354727595,1,I,6,M,36
aff21_wu_m128_seed2,21,7,x,35,539.9653767566705,0.9999926733234235,0.9999995065340388,1,I,6,M,36
aff21_wu_m128_seed2,21,7,x,37,551.3037548825087,0.9999949894954597,0.9999991314293584,1,I,6,M,36
aff21_wu_m128_seed2,21,7,x,38,564.8641091874813,0.9999949937514993,0.9999995004410588,1,I,6,M,36
aff21_wu_m128_seed2,21,7,x,40,583.5279633096334,0.9999945926625964,0.9999991201139355,1,I,6,M,36
aff21_wu_m128_seed2,21,7,x,41,349.03356004553143,0.9999937926248812,0.9999991293568737,1,I,6,M,36
aff21_wu_m128_seed2,21,7,x,42,538.331328019287,0.9999933687749667,0.9999993174337753,1,I,6,M,36
aff21_wu_m128_seed2,21,7,x,45,0.00020821079503395375,0.9038461953352722,0.9999894760692098,1,I,6,I,6
aff21_wu_m128_seed2,21,7,x,46,573.7292001405534,0.9999955385341417,0.9999993930924497,1,I,6,M,36
aff21_wu_m128_seed2,21,7,x,49,525.7420463898432,0.9999952741309696,0.9999994211724654,1,I,6,M,36
aff21_wu_m128_seed2,21,7,x,54,577.194389884815,0.9999950349077413,0.9999991212439974,1,I,6,M,36
aff21_wu_m128_seed2,21,7,x,55,554.2520585748282,0.9999939813470821,0.9999994881251782,1,I,6,M,36
aff21_wu_m128_seed2,21,7,x,56,531.9088899497593,0.9999937680756139,0.9999992296288235,1,I,6,M,36
aff21_wu_m128_seed2,21,7,x,57,551.2629906308503,0.9999936483887741,0.999999311477492,1,I,6,M,36
aff21_wu_m128_seed2,21,7,x,61,565.184165543968,0.999994111319793,0.9999992180800524,1,I,6,M,36
aff21_wu_m128_seed2,21,7,x,62,574.1686639369865,0.9999955810252538,0.9999994420703542,1,I,6,M,36
aff21_wu_m128_seed2,21,7,x,63,547.7283000167483,0.9999957435824254,0.9999994900930008,1,I,6,M,36
aff21_wu_m128_seed2,21,7,x,65,0.003574892863884822,0.9101175619630192,0.9999989882100734,1,I,6,I,6
aff21_wu_m128_seed2,21,7,x,67,554.0627939938104,0.9999939884165143,0.9999995561808467,1,I,6,M,36
aff21_wu_m128_seed2,21,7,x,68,542.8893295628778,0.9999929614866294,0.9999993210781783,1,I,6,M,36
aff21_wu_m128_seed2,21,7,x,69,535.428124943848,0.9999925657941864,0.9999995610156325,1,I,6,M,36
aff21_wu_m128_seed2,21,7,x,70,395.07215873411116,0.9999909104751727,0.9999995223083871,1,I,6,M,36
aff21_wu_m128_seed2,21,7,x,71,538.5397659142081,0.9999947574941862,0.9999995030751723,1,I,6,M,36
aff21_wu_m128_seed2,21,7,x,73,541.9433864620825,0.9999943466685954,0.9999993850444481,1,I,6,M,36
aff21_wu_m128_seed2,21,7,x,76,555.5774036054959,0.9999937143435863,0.9999992098692064,1,I,6,M,36
aff21_wu_m128_seed2,21,7,x,77,134.84261021485705,0.9999863145854788,0.9999995577012671,1,I,6,M,36
aff21_wu_m128_seed2,21,7,x,81,579.0633891560581,0.9999918901111062,0.9999991974400909,1,I,6,M,36
aff21_wu_m128_seed2,21,7,x,82,568.9749471012651,0.999995826216458,0.9999994025233384,1,I,6,M,36
aff21_wu_m128_seed2,21,7,x,83,570.1165808330417,0.9999935925590568,0.9999992845038788,1,I,6,M,36
aff21_wu_m128_seed2,21,7,x,84,532.9612097913656,0.9999953930377312,0.9999994593818126,1,I,6,M,36
aff21_wu_m128_seed2,21,7,x,87,564.0952020681123,0.9999954503799536,0.9999994754517425,1,I,6,M,36
aff21_wu_m128_seed2,21,7,x,89,546.3102183337342,0.9999911094117618,0.9999992152003717,1,I,6,M,36
aff21_wu_m128_seed2,21,7,x,90,523.7859309845635,0.9999936732025765,0.9999995552530351,1,I,6,M,36
aff21_wu_m128_seed2,21,7,x,93,569.3665190093533,0.9999901156319906,0.9999995329779344,1,I,6,M,36
aff21_wu_m128_seed2,21,7,x,94,537.1637386026878,0.9999949505265184,0.9999991129649813,1,I,6,M,36
aff21_wu_m128_seed2,21,7,x,95,554.6075391000813,0.999994170033609,0.9999993477325658,1,I,6,M,36
aff21_wu_m128_seed2,21,7,x,96,564.8661873552802,0.9999902282955115,0.9999995268246917,1,I,6,M,36
aff21_wu_m128_seed2,21,7,x,98,553.4093021049162,0.9999937140772327,0.9999995468782861,1,I,6,M,36
aff21_wu_m128_seed2,21,7,x,100,0.0006157322113135802,0.9408885885816467,0.9999980124617586,1,I,6,I,6
aff21_wu_m128_seed2,21,7,x,101,537.3724665290565,0.9999937969623397,0.9999992924729756,1,I,6,M,36
aff21_wu_m128_seed2,21,7,x,104,570.5031253144646,0.9999949100592713,0.9999993210147092,1,I,6,M,36
aff21_wu_m128_seed2,21,7,x,106,554.7897241849586,0.9999947749795132,0.9999994907473528,1,I,6,M,36
aff21_wu_m128_seed2,21,7,x,108,533.6285613791274,0.9999938648743747,0.9999995525756985,1,I,6,M,36
aff21_wu_m128_seed2,21,7,x,109,570.0309718954255,0.9999945697176178,0.9999993174162312,1,I,6,M,36
aff21_wu_m128_seed2,21,7,x,110,546.443859587208,0.9999957275970325,0.9999994243925163,1,I,6,M,36
aff21_wu_m128_seed2,21,7,x,111,537.3991729958748,0.9999922758841622,0.9999992353199749,1,I,6,M,36
aff21_wu_m128_seed2,21,7,x,114,537.101149914591,0.9999928371583163,0.9999994243216297,1,I,6,M,36
aff21_wu_m128_seed2,21,7,x,116,570.805778032504,0.9999957173261351,0.9999994063582923,1,I,6,M,36
aff21_wu_m128_seed2,21,7,x,118,556.5638563688808,0.9999957801177627,0.9999994177772159,1,I,6,M,36
aff21_wu_m128_seed2,21,7,x,120,537.5937767996966,0.9999946548645228,0.9999991323441602,1,I,6,M,36
aff21_wu_m128_seed2,21,7,x,121,180.72697680949628,0.9999924703925404,0.9999991409829018,1,I,6,M,36
aff21_wu_m128_seed2,21,7,x,127,557.5876244039034,0.9999933395605737,0.9999992066352565,1,I,6,M,36
aff21_wu_m128_seed2,21,7,y,0,545.2003423191649,0.999992716908339,0.9999981728046906,1,M,36,I,6
aff21_wu_m128_seed2,21,7,y,1,543.0627537819086,0.9999924132560977,0.999999094214069,1,M,36,I,6
aff21_wu_m128_seed2,21,7,y,2,570.5612215817249,0.9999943008041715,0.9999971491757207,1,M,36,I,6
aff21_wu_m128_seed2,21,7,y,4,561.507176395408,0.9999935073558344,0.9999968939647692,1,M,36,I,6
aff21_wu_m128_seed2,21,7,y,5,576.5919975220711,0.9999914462963634,0.9999970102375136,1,M,36,I,6
aff21_wu_m128_seed2,21,7,y,6,535.2663399845928,0.9999922351207983,0.9999990921302592,1,M,36,I,6
aff21_wu_m128_seed2,21,7,y,7,559.1695638733846,0.9999920747268378,0.9999968911124967,1,M,36,I,6
aff21_wu_m128_seed2,21,7,y,8,572.6900853038911,0.9999916479068874,0.9999970148470065,1,M,36,I,6
aff21_wu_m128_seed2,21,7,y,9,546.1923855005443,0.9999905495623197,0.9999991027500171,1,M,36,I,6
aff21_wu_m128_seed2,21,7,y,11,571.7599616586449,0.9999941211214664,0.999997145633893,1,M,36,I,6
aff21_wu_m128_seed2,21,7,y,13,0.0010877623492291013,0.939474552069139,0.9999958257879465,1,I,6,I,6
aff21_wu_m128_seed2,21,7,y,14,572.520403097248,0.9999918940289095,0.9999970247582499,1,M,36,I,6
aff21_wu_m128_seed2,21,7,y,15,574.4387004159439,0.9999906616353796,0.9999969972953932,1,M,36,I,6
aff21_wu_m128_seed2,21,7,y,16,576.7381535102932,0.999994111114337,0.9999971559180165,1,M,36,I,6
aff21_wu_m128_seed2,21,7,y,17,576.8791351025659,0.9999923416210292,0.999997024075485,1,M,36,I,6
aff21_wu_m128_seed2,21,7,y,18,585.0873011746778,0.9999926023022581,0.9999970930971558,1,M,36,I,6
aff21_wu_m128_seed2,21,7,y,19,545.2740192746413,0.9999907344093317,0.9999991040851839,1,M,36,I,6
aff21_wu_m128_seed2,21,7,y,20,546.7664894104817,0.9999914290798596,0.9999990609701128,1,M,36,I,6
aff21_wu_m128_seed2,21,7,y,21,570.5188250995063,0.9999898001172612,0.9999970538465127,1,M,36,I,6
aff21_wu_m128_seed2,21,7,y,22,539.5097191717019,0.9999942151979084,0.9999981809060212,1,M,36,I,6
aff21_wu_m128_seed2,21,7,y,25,552.8204707957689,0.9999920866917179,0.9999990987655188,1,M,36,I,6
aff21_wu_m128_seed2,21,7,y,27,579.562426424103,0.9999947913770113,0.9999972315988386,1,M,36,I,6
aff21_wu_m128_seed2,21,7,y,29,546.1331995380378,0.999991561779287,0.9999990656054567,1,M,36,I,6
aff21_wu_m128_seed2,21,7,y,30,574.0409093805106,0.9999893903289647,0.9999970997087879,1,M,36,I,6
aff21_wu_m128_seed2,21,7,y,33,574.9568460297977,0.9999924521417308,0.9999970799023059,1,M,36,I,6
aff21_wu_m128_seed2,21,7,y,35,544.8039699565012,0.9999911849030991,0.9999991073556304,1,M,36,I,6
aff21_wu_m128_seed2,21,7,y,37,555.8332796889233,0.9999912599352765,0.9999969311842093,1,M,36,I,6
aff21_wu_m128_seed2,21,7,y,38,571.88278090189,0.9999943305042372,0.9999971466305002,1,M,36,I,6
aff21_wu_m128_seed2,21,7,y,40,589.5755623935795,0.9999935371665594,0.9999971993401525,1,M,36,I,6
aff21_wu_m128_seed2,21,7,y,41,353.0262203386533,0.9999894476064847,0.9999981774339665,1,M,36,I,6
aff21_wu_m128_seed2,21,7,y,42,546.140002368211,0.9999931953387691,0.9999981474610015,1,M,36,I,6
aff21_wu_m128_seed2,21,7,y,46,576.9607832664176,0.9999925655741316,0.9999972658472089,1,M,36,I,6
aff21_wu_m128_seed2,21,7,y,49,532.0338022669002,0.9999905401101117,0.9999991176744555,1,M,36,I,6
aff21_wu_m128_seed2,21,7,y,54,582.935077527528,0.999994101587882,0.9999972119221376,1,M,36,I,6
aff21_wu_m128_seed2,21,7,y,55,558.2963955398382,0.9999919911118841,0.9999969253760955,1,M,36,I,6
aff21_wu_m128_seed2,21,7,y,56,540.6392260703639,0.9999931451253433,0.999999083912359,1,M,36,I,6
aff21_wu_m128_seed2,21,7,y,57,557.3579111681474,0.9999942304264325,0.9999968694438044,1,M,36,I,6
aff21_wu_m128_seed2,21,7,y,61,573.8778655582158,0.9999923883029805,0.9999970117560757,1,M,36,I,6
aff21_wu_m128_seed2,21,7,y,62,577.8872739917039,0.999992576926732,0.9999970743228871,1,M,36,I,6
aff21_wu_m128_seed2,21,7,y,63,553.6029115324667,0.9999940714063141,0.9999968446721752,1,M,36,I,6
aff21_wu_m128_seed2,21,7,y,67,559.9477174528929,0.9999951089108713,0.9999968252567581,1,M,36,I,6
aff21_wu_m128_seed2,21,7,y,68,548.8088096163916,0.9999924744037499,0.9999990808673787,1,M,36,I,6
aff21_wu_m128_seed2,21,7,y,69,543.0501190617077,0.9999947849618468,0.9999981510960794,1,M,36,I,6
aff21_wu_m128_seed2,21,7,y,70,396.4194312205202,0.99999444689064,0.999998187456565,1,M,36,I,6
aff21_wu_m128_seed2,21,7,y,71,547.203759075163,0.9999944484939258,0.9999981380503653,1,M,36,I,6
aff21_wu_m128_seed2,21,7,y,73,544.6292433812624,0.9999945960796677,0.9999981876846442,1,M,36,I,6
aff21_wu_m128_seed2,21,7,y,76,560.7393369740346,0.999991435881356,0.999996899885532,1,M,36,I,6
aff21_wu_m128_seed2,21,7,y,77,137.05423786866118,0.9999919685451163,0.999998208253813,1,M,36,I,6
aff21_wu_m128_seed2,21,7,y,81,583.1410945050898,0.9999942176648943,0.9999972662096838,1,M,36,I,6
aff21_wu_m128_seed2,21,7,y,82,574.2453362557741,0.999992786896612,0.9999970405289519,1,M,36,I,6
aff21_wu_m128_seed2,21,7,y,83,574.6469868705942,0.9999912009616747,0.9999972819242927,1,M,36,I,6
aff21_wu_m128_seed2,21,7,y,84,538.1068684294545,0.9999949061011079,0.9999981721786079,1,M,36,I,6
aff21_wu_m128_seed2,21,7,y,87,571.3291552172251,0.9999938575295797,0.9999971390331762,1,M,36,I,6
aff21_wu_m128_seed2,21,7,y,89,551.8411426819865,0.9999910921568095,0.9999981575456175,1,M,36,I,6
aff21_wu_m128_seed2,21,7,y,90,530.7155770478314,0.9999930007231692,0.9999990971578753,1,M,36,I,6
aff21_wu_m128_seed2,21,7,y,93,571.6130362340531,0.9999936963681524,0.9999972946086384,1,M,36,I,6
aff21_wu_m128_seed2,21,7,y,94,541.4631970613256,0.9999919051858295,0.9999990819213062,1,M,36,I,6
aff21_wu_m128_seed2,21,7,y,95,561.0161339539251,0.9999942976380253,0.9999968423959433,1,M,36,I,6
aff21_wu_m128_seed2,21,7,y,96,567.1742342237575,0.999993781956263,0.9999972720414498,1,M,36,I,6
aff21_wu_m128_seed2,21,7,y,98,559.330454540168,0.9999928813788027,0.9999968688861199,1,M,36,I,6
aff21_wu_m128_seed2,21,7,y,100,0.0010662713843610978,0.913366264148979,0.9999969166240491,1,I,6,I,6
aff21_wu_m128_seed2,21,7,y,101,542.3609033304823,0.9999941541617277,0.9999981901425039,1,M,36,I,6
aff21_wu_m128_seed2,21,7,y,104,578.2094430468238,0.9999896377801729,0.9999969966845745,1,M,36,I,6
aff21_wu_m128_seed2,21,7,y,106,559.2015344557165,0.999994646214101,0.9999969345094757,1,M,36,I,6
aff21_wu_m128_seed2,21,7,y,108,540.4955966636114,0.999992940427715,0.9999990980000841,1,M,36,I,6
aff21_wu_m128_seed2,21,7,y,109,576.0273357747533,0.9999937870734236,0.9999972304514853,1,M,36,I,6
aff21_wu_m128_seed2,21,7,y,110,553.2044303762691,0.9999933794422047,0.9999968331435986,1,M,36,I,6
aff21_wu_m128_seed2,21,7,y,111,546.7792930812814,0.9999950009672101,0.9999981270886856,1,M,36,I,6
aff21_wu_m128_seed2,21,7,y,114,545.7564789645487,0.9999950118364291,0.9999981413401721,1,M,36,I,6
aff21_wu_m128_seed2,21,7,y,116,576.2140547683204,0.9999922700345141,0.9999970504439835,1,M,36,I,6
aff21_wu_m128_seed2,21,7,y,118,563.0401699563822,0.9999949231188,0.9999968480242816,1,M,36,I,6
aff21_wu_m128_seed2,21,7,y,120,544.9205692806812,0.9999955239564112,0.9999981560254293,1,M,36,I,6
aff21_wu_m128_seed2,21,7,y,121,183.51533632063058,0.9999928963616229,0.9999981590102668,1,M,36,I,6
aff21_wu_m128_seed2,21,7,y,127,563.073367812327,0.9999921404790264,0.9999969193290001,1,M,36,I,6
