run,n,side,neuron,energy,live,dom_irrep,dom_dim,dom_block,e_dom,block_dominant,alpha_plain,plain_label,alpha_twist,twist_label,aligned_plain,aligned_twist,support_orbit,support_freqs,test_acc
aff15_wu_m128_seed3,15,x,0,442.01184035894266,True,12,4,5,0.9999920141104771,True,0.9999918500334978,M10r,0.5946664759276626,k3l,True,False,4,"3,6,9,12",1.0
aff15_wu_m128_seed3,15,x,1,181.0554744934476,True,2,1,0,0.4952967528675639,False,6.537569569883642e-06,M5r,5.881653019731529e-06,k3r,False,False,0,,1.0
aff15_wu_m128_seed3,15,x,2,53.79514776748825,True,12,4,5,0.9999788911299702,True,0.9999778823863958,M12r,0.5948231355913635,k3l,True,False,4,"3,6,9,12",1.0
aff15_wu_m128_seed3,15,x,3,62.3794599506283,True,12,4,5,0.999986302949654,True,0.9999889752470357,M9r,0.5948238168246349,k3l,True,False,4,"3,6,9,12",1.0
aff15_wu_m128_seed3,15,x,4,444.27096902104284,True,12,4,5,0.9999921752238661,True,0.9999926028131715,M11r,0.5944815896584553,k3l,True,False,4,"3,6,9,12",1.0
aff15_wu_m128_seed3,15,x,5,0.0001667408575427891,True,12,4,5,0.8802054878496955,False,0.5139905032339712,M2l,0.8189305867309494,k3r,False,False,0,,1.0
aff15_wu_m128_seed3,15,x,6,452.1842022611204,True,12,4,5,0.999989034335737,True,0.9999886936432908,M2r,0.5948237142740127,k3l,True,False,4,"3,6,9,12",1.0
aff15_wu_m128_seed3,15,x,7,0.0007152970460431081,True,8,2,3,0.6252422751889058,False,0.800957539821671,M0r,0.6252443594265513,k5l,False,False,0,,1.0
aff15_wu_m128_seed3,15,x,8,0.0001258499948937778,True,8,2,3,0.753104652712956,False,0.8235824605376938,M11r,0.7531068332757423,k5r,False,False,0,,1.0
aff15_wu_m128_seed3,15,x,9,440.9763758273182,True,12,4,5,0.9999893186223056,True,0.9999918754196937,M6r,0.5944851822417532,k3l,True,False,4,"3,6,9,12",1.0
aff15_wu_m128_seed3,15,x,10,386.56366984536044,True,1,1,0,0.9999884027094421,True,2.328535828043483e-06,M14r,2.881222917650098e-06,k6r,False,False,0,,1.0
aff15_wu_m128_seed3,15,x,11,0.0003194209498255932,True,8,2,3,0.6412295996255379,False,0.7581722438418858,M1r,0.6412320369865907,k5r,False,False,0,,1.0
aff15_wu_m128_seed3,15,x,12,0.001541874934168254,True,12,4,5,0.8721994488680649,False,0.716949723998698,M7r,0.5962981737892571,k3r,False,False,0,,1.0
aff15_wu_m128_seed3,15,x,13,449.8399949580294,True,12,4,5,0.9999901436746201,True,0.9999893760739976,M4r,0.5948255481134063,k3l,True,False,4,"3,6,9,12",1.0
aff15_wu_m128_seed3,15,x,14,0.0002494006704243876,True,12,4,5,0.866428438128535,False,0.5904883551219419,M10r,0.5827034099272264,k3r,False,False,0,,1.0
aff15_wu_m128_seed3,15,x,15,0.00036014487167244995,True,12,4,5,0.7419434168035309,False,0.8661341430016556,M10r,0.58927643499348,k3r,False,False,0,,1.0
aff15_wu_m128_seed3,15,x,16,0.00039041080622840776,True,8,2,3,0.52705777284343,False,0.7107456236338241,M14r,0.5270622024882154,k5l,False,False,0,,1.0
aff15_wu_m128_seed3,15,x,17,446.98853664314424,True,12,4,5,0.9999915183773675,True,0.9999906737698419,M3r,0.594623356739052,k3l,True,False,4,"3,6,9,12",1.0
aff15_wu_m128_seed3,15,x,18,64.26006636218457,True,12,4,5,0.9999917939159032,True,0.9999765588454267,M6r,0.5944842620618287,k3l,True,False,4,"3,6,9,12",1.0
aff15_wu_m128_seed3,15,x,19,314.5970304325691,True,8,2,3,0.9999817351439259,True,0.9999817291820682,M1r,0.9999828425618658,k5l,True,True,0,,1.0
aff15_wu_m128_seed3,15,x,20,446.91501117169474,True,12,4,5,0.9999891914286713,True,0.9999917916254862,M9r,0.5948270843922705,k3l,True,False,4,"3,6,9,12",1.0
aff15_wu_m128_seed3,15,x,21,0.0002389178252752006,True,12,4,5,0.5764294642262475,False,0.6994737618300715,M5r,0.5339754346540555,k6r,False,False,0,,1.0
aff15_wu_m128_seed3,15,x,22,391.63928412313277,True,6,1,0,0.9999844626345848,True,6.01204348850596e-06,M9l,4.413995957524285e-06,k6r,False,False,0,,1.0
aff15_wu_m128_seed3,15,x,23,0.0002997953449705631,True,12,4,5,0.7542752075172866,False,0.6270902861803097,M8r,0.4479484982904295,k3l,False,False,0,,1.0
aff15_wu_m128_seed3,15,x,24,58.847065895020435,True,12,4,5,0.9999867325106359,True,0.9999724371448119,M12r,0.5948155810563664,k3l,True,False,4,"3,6,9,12",1.0
aff15_wu_m128_seed3,15,x,25,0.0010733749600865174,True,8,2,3,0.6213697730316085,False,0.6660143231074938,M13r,0.6213705498274903,k5l,False,False,0,,1.0
aff15_wu_m128_seed3,15,x,26,0.0008395940176682786,True,12,4,5,0.929646448385795,True,0.7518533614886673,M13r,0.7665156451143249,k3r,False,False,4,"3,6,9,12",1.0
aff15_wu_m128_seed3,15,x,27,8.971598762701724e-05,True,12,4,5,0.6363477907536599,False,0.5236321073486441,M0r,0.3783558944798285,k3l,False,False,0,,1.0
aff15_wu_m128_seed3,15,x,28,449.60424346315943,True,12,4,5,0.9999906876811494,True,0.9999899334564356,M3r,0.5946288170748575,k3l,True,False,4,"3,6,9,12",1.0
aff15_wu_m128_seed3,15,x,29,53.94763816742082,True,12,4,5,0.9999624797665296,True,0.9999709351291158,M8r,0.5946014374563656,k3l,True,False,4,"3,6,9,12",1.0
aff15_wu_m128_seed3,15,x,30,55.8180033762689,True,12,4,5,0.9999887091896759,True,0.9999898506404942,M14r,0.5948185560132321,k3l,True,False,4,"3,6,9,12",1.0
aff15_wu_m128_seed3,15,x,31,0.00030396602471774567,True,12,4,5,0.5335339799468958,False,0.4121901260945817,M14r,0.4644201018242908,k6r,False,False,0,,1.0
aff15_wu_m128_seed3,15,x,32,0.00039327938522376344,True,12,4,5,0.7919388989460014,False,0.49696501223843503,M2l,0.7834053570247214,k3r,False,False,0,,1.0
aff15_wu_m128_seed3,15,x,33,64.23535605238865,True,12,4,5,0.9999869129754372,True,0.9999882617405647,M10r,0.5946794216592565,k3l,True,False,4,"3,6,9,12",1.0
aff15_wu_m128_seed3,15,x,34,0.0001573504856043564,True,12,4,5,0.70059520906187,False,0.4201326179485218,M2l,0.5362236662555214,k6r,False,False,0,,1.0
aff15_wu_m128_seed3,15,x,35,0.00015162433192319078,True,12,4,5,0.6373294989270202,False,0.5796542171490273,M2l,0.3794982827446185,k3l,False,False,0,,1.0
aff15_wu_m128_seed3,15,x,36,0.00045930453275174404,True,12,4,5,0.8732541743121731,False,0.8590269817169021,M10r,0.7182402533691569,k3r,False,False,0,,1.0
aff15_wu_m128_seed3,15,x,37,0.00013035125002599498,True,12,4,5,0.7862606756055309,False,0.49001670144038917,M7l,0.4918412241140323,k6r,False,False,0,,1.0
aff15_wu_m128_seed3,15,x,38,5.954609717763535e-05,True,8,2,3,0.5409000288376333,False,0.6729698692231746,M12r,0.5409045789370666,k5l,False,False,0,,1.0
aff15_wu_m128_seed3,15,x,39,57.44845553844316,True,12,4,5,0.9999732209050014,True,0.9999771442688803,M13r,0.5945873194431279,k3l,True,False,4,"3,6,9,12",1.0
aff15_wu_m128_seed3,15,x,40,0.00016992687447927186,True,12,4,5,0.7594012887128738,False,0.6190046338673529,M3r,0.5193191463778585,k3r,False,False,0,,1.0
aff15_wu_m128_seed3,15,x,41,390.5800346714911,True,6,1,0,0.9999791727148407,True,9.42072221447537e-06,M7r,4.5496708647953385e-06,k6r,False,False,0,,1.0
aff15_wu_m128_seed3,15,x,42,445.2723083320861,True,12,4,5,0.9999935714794843,True,0.9999919300157297,M1r,0.594484367238584,k3l,True,False,4,"3,6,9,12",1.0
aff15_wu_m128_seed3,15,x,43,66.73888079102285,True,12,4,5,0.999976639791574,True,0.9999761495449881,M4r,0.59482859703213,k3l,True,False,4,"3,6,9,12",1.0
aff15_wu_m128_seed3,15,x,44,451.82188958611493,True,12,4,5,0.9999924585333168,True,0.9999931408059434,M3r,0.5946316042600753,k3l,True,False,4,"3,6,9,12",1.0
aff15_wu_m128_seed3,15,x,45,512.8054046208367,True,8,2,3,0.9999854458046865,True,0.9999890855547899,M6r,0.9999871965947356,k5l,True,True,0,,1.0
aff15_wu_m128_seed3,15,x,46,3.642198851358315e-05,True,12,4,5,0.6902962723991135,False,0.8177851403153283,M9r,0.5443521880802394,k3r,False,False,0,,1.0
aff15_wu_m128_seed3,15,x,47,396.8337172075198,True,6,1,0,0.9999810373086276,True,6.079462757981919e-06,M9l,4.62388633257856e-06,k6r,False,False,0,,1.0
aff15_wu_m128_seed3,15,x,48,0.0005288175723005227,True,12,4,5,0.7012947728845079,False,0.43226878662174767,M11r,0.6776013735095424,k3r,False,False,0,,1.0
aff15_wu_m128_seed3,15,x,49,456.88650799830833,True,12,4,5,0.999989349721782,True,0.9999868541334712,M2r,0.5948238686813195,k3l,True,False,4,"3,6,9,12",1.0
aff15_wu_m128_seed3,15,x,50,440.312094403113,True,12,4,5,0.999991971363762,True,0.9999901650259806,M10r,0.5946754151599435,k3l,True,False,4,"3,6,9,12",1.0
aff15_wu_m128_seed3,15,x,51,0.00014450756278029696,True,12,4,5,0.5026283721090584,False,0.6500722137008451,M5r,0.44687063141335914,k6r,False,False,0,,1.0
aff15_wu_m128_seed3,15,x,52,186.97614845259199,True,2,1,0,0.49530094628244115,False,6.006995294546242e-06,M9r,6.88981725560931e-06,k3r,False,False,0,,1.0
aff15_wu_m128_seed3,15,x,53,0.00013611611975181676,True,8,2,3,0.5645419647597394,False,0.8269290400400383,M5r,0.564543714519717,k5l,False,False,0,,1.0
aff15_wu_m128_seed3,15,x,54,448.11791015093235,True,12,4,5,0.9999929742565052,True,0.9999927880727693,M9r,0.5948298953307645,k3l,True,False,4,"3,6,9,12",1.0
aff15_wu_m128_seed3,15,x,55,1408.4722118776785,True,8,2,3,0.9999865624866225,True,0.9999902982872627,M6r,0.999988333318685,k5r,True,True,0,,1.0
aff15_wu_m128_seed3,15,x,56,0.0002680795319107802,True,1,1,0,0.3119754480273833,False,0.46810710327345567,M11r,0.26628256134395356,k5l,False,False,0,,1.0
aff15_wu_m128_seed3,15,x,57,0.0007986384898971267,True,12,4,5,0.7751082907315803,False,0.6017275946462988,M2l,0.734751745747763,k6r,False,False,0,,1.0
aff15_wu_m128_seed3,15,x,58,183.73483573312552,True,2,1,0,0.4953176572312933,False,4.9514069598928745e-06,M14l,4.124050719244346e-06,k6r,False,False,0,,1.0
aff15_wu_m128_seed3,15,x,59,6.336646635459402e-05,True,12,4,5,0.708771554015648,False,0.5997540313149394,M13r,0.5359981539727907,k6r,False,False,0,,1.0
aff15_wu_m128_seed3,15,x,60,444.57698187781574,True,12,4,5,0.9999923407330524,True,0.9999897596615039,M3r,0.594638615346206,k3l,True,False,4,"3,6,9,12",1.0
aff15_wu_m128_seed3,15,x,61,6.540273166028204e-05,True,8,2,3,0.6033799742489695,False,0.6910040394194321,M9r,0.6033879979475438,k5l,False,False,0,,1.0
aff15_wu_m128_seed3,15,x,62,0.0005379222470840668,True,12,4,5,0.7969175795248555,False,0.5842991506171292,M2l,0.7460048513011698,k6r,False,False,0,,1.0
aff15_wu_m128_seed3,15,x,63,448.38493933243114,True,12,4,5,0.9999938873937473,True,0.9999927739331754,M11r,0.5944838511603621,k3l,True,False,4,"3,6,9,12",1.0
aff15_wu_m128_seed3,15,x,64,449.85880528078025,True,12,4,5,0.999993064419864,True,0.9999914894861164,M4r,0.5948351770070776,k3l,True,False,4,"3,6,9,12",1.0
aff15_wu_m128_seed3,15,x,65,0.0006956275693522922,True,12,4,5,0.8185378197004988,False,0.5141433848969569,M2l,0.799503218283296,k3r,False,False,0,,1.0
aff15_wu_m128_seed3,15,x,66,61.921713567127654,True,12,4,5,0.9999861703608103,True,0.9999783377318182,M4r,0.5948300946540837,k3l,True,False,4,"3,6,9,12",1.0
aff15_wu_m128_seed3,15,x,67,395.0539552649383,True,1,1,0,0.99998529197866,True,5.5955563214382655e-06,M5r,5.554723763756115e-06,k5r,False,False,0,,1.0
aff15_wu_m128_seed3,15,x,68,0.00033656796086711126,True,12,4,5,0.64214428522562,False,0.5102056576629648,M2l,0.494022823928962,k6r,False,False,0,,1.0
aff15_wu_m128_seed3,15,x,69,0.0003018627215446602,True,8,2,3,0.5234386506889626,False,0.8268774321431208,M5r,0.5234419443247119,k5r,False,False,0,,1.0
aff15_wu_m128_seed3,15,x,70,396.2072698573686,True,6,1,0,0.9999810220565393,True,7.788985449875138e-06,M7r,5.040486376171429e-06,k6r,False,False,0,,1.0
aff15_wu_m128_seed3,15,x,71,0.00013329235990373916,True,8,2,3,0.707565310276748,False,0.7245487943010761,M7r,0.7075713095105055,k5r,False,False,0,,1.0
aff15_wu_m128_seed3,15,x,72,0.00047583106480832333,True,8,2,3,0.4912498509667916,False,0.685990457468021,M2r,0.49125129828584446,k5l,False,False,0,,1.0
aff15_wu_m128_seed3,15,x,73,0.000330204673259118,True,12,4,5,0.8892907471622417,False,0.645769703166632,M10r,0.5424118274054083,k6r,False,False,0,,1.0
aff15_wu_m128_seed3,15,x,74,0.0003355031559868394,True,12,4,5,0.9397727788326251,True,0.6461461013133907,M12r,0.7214238629589462,k6r,False,False,4,"3,6,9,12",1.0
aff15_wu_m128_seed3,15,x,75,179.1690892381015,True,2,1,0,0.49531619604784566,False,7.173728860659193e-06,M2l,5.090723882234364e-06,k5l,False,False,0,,1.0
aff15_wu_m128_seed3,15,x,76,1387.1846298793603,True,8,2,3,0.9999886876818604,True,0.9999898319746887,M2r,0.9999902595548111,k5l,True,True,0,,1.0
aff15_wu_m128_seed3,15,x,77,0.0003840867039968914,True,6,1,0,0.3770268528423639,False,0.4793111190708443,M6r,0.24707450972962008,k5r,False,False,0,,1.0
aff15_wu_m128_seed3,15,x,78,57.86940323598947,True,12,4,5,0.9999800903070972,True,0.9999847419429257,M6r,0.5944604289179305,k3l,True,False,4,"3,6,9,12",1.0
aff15_wu_m128_seed3,15,x,79,55.05066362496521,True,12,4,5,0.9999902995729711,True,0.9999876355495546,M5r,0.594664217260521,k3l,True,False,4,"3,6,9,12",1.0
aff15_wu_m128_seed3,15,x,80,0.00012630601366818995,True,8,2,3,0.7379858360681362,False,0.6268550994672054,M4r,0.7379901358366322,k5l,False,False,0,,1.0
aff15_wu_m128_seed3,15,x,81,436.2384324985972,True,12,4,5,0.9999895448579874,True,0.9999885811492409,M10r,0.5946735418363135,k3l,True,False,4,"3,6,9,12",1.0
aff15_wu_m128_seed3,15,x,82,178.93190288909852,True,8,2,3,0.9999781396713764,True,0.9999885307850277,M6r,0.9999798566624024,k5l,True,True,0,,1.0
aff15_wu_m128_seed3,15,x,83,393.1428136530258,True,1,1,0,0.999986230689986,True,4.375402683619878e-06,M8r,4.186717358286775e-06,k5l,False,False,0,,1.0
aff15_wu_m128_seed3,15,x,84,447.69902545535604,True,12,4,5,0.9999905590465149,True,0.999989970090452,M3r,0.594628746170384,k3l,True,False,4,"3,6,9,12",1.0
aff15_wu_m128_seed3,15,x,85,0.0026247022897082756,True,12,4,5,0.9141615628038828,True,0.624414108055605,M5r,0.7782253359566867,k3r,False,False,4,"3,6,9,12",1.0
aff15_wu_m128_seed3,15,x,86,58.92004502486454,True,12,4,5,0.9999861245374857,True,0.9999815936390828,M8r,0.5946299903226334,k3l,True,False,4,"3,6,9,12",1.0
aff15_wu_m128_seed3,15,x,87,0.00013281873918622678,True,8,2,3,0.5688214379583898,False,0.7962370002193302,M1r,0.568825264578255,k5l,False,False,0,,1.0
aff15_wu_m128_seed3,15,x,88,1067.5379824468853,True,8,2,3,0.9999900121660485,True,0.9999907989951974,M1r,0.9999911394540546,k5l,True,True,0,,1.0
aff15_wu_m128_seed3,15,x,89,451.7097680103979,True,12,4,5,0.9999878744378257,True,0.9999892347818939,M7r,0.5948216893131593,k3l,True,False,4,"3,6,9,12",1.0
aff15_wu_m128_seed3,15,x,90,0.0003497188202129557,True,8,2,3,0.42933309543494724,False,0.6703026926997211,M11r,0.42933559044666525,k5r,False,False,0,,1.0
aff15_wu_m128_seed3,15,x,91,448.4837275664093,True,12,4,5,0.9999917453974788,True,0.9999905799545569,M10r,0.5946767646076823,k3l,True,False,4,"3,6,9,12",1.0
aff15_wu_m128_seed3,15,x,92,63.29780748898814,True,12,4,5,0.9999866282766325,True,0.99998815255523,M8r,0.5946173872344948,k3l,True,False,4,"3,6,9,12",1.0
aff15_wu_m128_seed3,15,x,93,0.00016396603183963735,True,12,4,5,0.7342404172687224,False,0.4705945261220346,M2l,0.5182967122050274,k6r,False,False,0,,1.0
aff15_wu_m128_seed3,15,x,94,454.8640171016511,True,12,4,5,0.99999045486495,True,0.9999904116416789,M12r,0.5948194495019198,k3l,True,False,4,"3,6,9,12",1.0
aff15_wu_m128_seed3,15,x,95,4.061974751416328e-05,True,8,2,3,0.6845747218106076,False,0.7791220851509685,M6r,0.6845906584283911,k5l,False,False,0,,1.0
aff15_wu_m128_seed3,15,x,96,0.0002885777106021972,True,12,4,5,0.6273606332018409,False,0.8695691054003225,M5r,0.3953684668794051,k6r,False,False,0,,1.0
aff15_wu_m128_seed3,15,x,97,52.90240628220453,True,12,4,5,0.9999812930214157,True,0.9999768049493217,M5r,0.5946790877307377,k3l,True,False,4,"3,6,9,12",1.0
aff15_wu_m128_seed3,15,x,98,0.00042869252023563576,True,12,4,5,0.5510272667021671,False,0.7581027942084919,M9r,0.4564089317536784,k3r,False,False,0,,1.0
aff15_wu_m128_seed3,15,x,99,56.094633727899065,True,12,4,5,0.9999849993267234,True,0.9999817919654621,M14r,0.5948302757653706,k3l,True,False,4,"3,6,9,12",1.0
aff15_wu_m128_seed3,15,x,100,60.18526679078676,True,12,4,5,0.999984257570057,True,0.9999916240740695,M6r,0.5944769820878244,k3l,True,False,4,"3,6,9,12",1.0
aff15_wu_m128_seed3,15,x,101,1399.4831426662417,True,8,2,3,0.9999901430693736,True,0.999991161296079,M1r,0.9999912620838415,k5l,True,True,0,,1.0
aff15_wu_m128_seed3,15,x,102,442.388260880725,True,12,4,5,0.9999928916956028,True,0.9999885290606073,M9r,0.5948331608477966,k3l,True,False,4,"3,6,9,12",1.0
aff15_wu_m128_seed3,15,x,103,0.0006201938646276873,True,12,4,5,0.9073094663621304,True,0.9240949894325834,M11r,0.5904449157623277,k6r,True,False,4,"3,6,9,12",1.0
aff15_wu_m128_seed3,15,x,104,0.0004092313891233436,True,12,4,5,0.7154937245579351,False,0.6022930799004079,M12r,0.6075496923281852,k6r,False,False,0,,1.0
aff15_wu_m128_seed3,15,x,105,58.12171170069919,True,12,4,5,0.9999779448973771,True,0.9999772720941639,M12r,0.5948203400600406,k3l,True,False,4,"3,6,9,12",1.0
aff15_wu_m128_seed3,15,x,106,0.00038970554291260713,True,8,2,3,0.45157429672728716,False,0.5443994690005672,M4r,0.4515769396938215,k5r,False,False,0,,1.0
aff15_wu_m128_seed3,15,x,107,52.8939580936213,True,12,4,5,0.9999877661891898,True,0.9999875661805862,M7r,0.5948059232932018,k3l,True,False,4,"3,6,9,12",1.0
aff15_wu_m128_seed3,15,x,108,0.00016201869824767476,True,8,2,3,0.6613613931492481,False,0.7287248067018696,M9r,0.6613637699828714,k5r,False,False,0,,1.0
aff15_wu_m128_seed3,15,x,109,0.0005577193913737789,True,12,4,5,0.6647673776650447,False,0.786246070834084,M4r,0.45004114802807627,k6r,False,False,0,,1.0
aff15_wu_m128_seed3,15,x,110,56.87316318368026,True,12,4,5,0.9999877068438906,True,0.9999874217246177,M10r,0.5946527103229022,k3l,True,False,4,"3,6,9,12",1.0
aff15_wu_m128_seed3,15,x,111,54.693219862755335,True,12,4,5,0.9999847856748848,True,0.9999733872558275,M11r,0.5944877350486729,k3l,True,False,4,"3,6,9,12",1.0
aff15_wu_m128_seed3,15,x,112,0.00030078057077875223,True,12,4,5,0.8251663803927065,False,0.6291078127323807,M11r,0.49084353823457383,k3l,False,False,0,,1.0
aff15_wu_m128_seed3,15,x,113,64.04429622227114,True,12,4,5,0.9999836288920114,True,0.9999740437567153,M11r,0.5944592501734537,k3l,True,False,4,"3,6,9,12",1.0
aff15_wu_m128_seed3,15,x,114,0.0009831041488081325,True,12,4,5,0.6793840172853766,False,0.78095647155345,M10r,0.4939708282385286,k3r,False,False,0,,1.0
aff15_wu_m128_seed3,15,x,115,447.8931462744941,True,12,4,5,0.9999907687950359,True,0.9999896636986371,M2r,0.5948279509410118,k3l,True,False,4,"3,6,9,12",1.0
aff15_wu_m128_seed3,15,x,116,452.3077503087746,True,12,4,5,0.9999941285396228,True,0.9999933063808001,M1r,0.5944754057615689,k3l,True,False,4,"3,6,9,12",1.0
aff15_wu_m128_seed3,15,x,117,715.5521311944925,True,8,2,3,0.9999861326396036,True,0.9999891460880606,M6r,0.9999878647820821,k5l,True,True,0,,1.0
aff15_wu_m128_seed3,15,x,118,0.00023110586735912788,True,8,2,3,0.41506103011077167,False,0.5593266451571282,M1r,0.41506326711525726,k5r,False,False,0,,1.0
aff15_wu_m128_seed3,15,x,119,0.00025438179342819324,True,8,2,3,0.7846349916474068,False,0.8536362211119201,M10r,0.7846361366003114,k5r,False,False,0,,1.0
aff15_wu_m128_seed3,15,x,120,48.44659519727991,True,12,4,5,0.9999683537615547,True,0.9999687463027642,M8r,0.59463016288702,k3l,True,False,4,"3,6,9,12",1.0
aff15_wu_m128_seed3,15,x,121,445.448817418066,True,12,4,5,0.9999912144135449,True,0.9999907520688054,M0r,0.5946713605722423,k3l,True,False,4,"3,6,9,12",1.0
aff15_wu_m128_seed3,15,x,122,58.68302349889906,True,12,4,5,0.9999853064693043,True,0.9999578084533807,M2r,0.5948330753310259,k3l,True,False,4,"3,6,9,12",1.0
aff15_wu_m128_seed3,15,x,123,0.0008900531809862839,True,12,4,5,0.9353203103643105,True,0.7540256049115479,M4r,0.5838940311115443,k3r,False,False,4,"3,6,9,12",1.0
aff15_wu_m128_seed3,15,x,124,1392.269560393411,True,8,2,3,0.9999900870250137,True,0.9999909847779858,M2r,0.9999916554496886,k5l,True,True,0,,1.0
aff15_wu_m128_seed3,15,x,125,0.00027121117914056516,True,12,4,5,0.522560789650543,False,0.5276212234723376,M12r,0.31079360119586924,k3l,False,False,0,,1.0
aff15_wu_m128_seed3,15,x,126,391.59922316914395,True,1,1,0,0.9999882118652021,True,2.6580109937701687e-06,M13r,3.122156845049824e-06,k6r,False,False,0,,1.0
aff15_wu_m128_seed3,15,x,127,0.0012600915977614747,True,12,4,5,0.49285449021658834,False,0.7357692643078559,M8r,0.4515647753540688,k5l,False,False,0,,1.0
aff15_wu_m128_seed3,15,y,0,446.0431695588309,True,12,4,5,0.9999926709397654,True,0.999992601745022,M11l,0.595866043992293,k3r,True,False,4,"3,6,9,12",1.0
aff15_wu_m128_seed3,15,y,1,182.08429236073883,True,2,1,0,0.49532391225883543,False,4.912053101898726e-06,M14r,6.04435436594879e-06,k3l,False,False,0,,1.0
aff15_wu_m128_seed3,15,y,2,54.55785699860914,True,12,4,5,0.999987367301014,True,0.9999886365325448,M6l,0.5958866580923643,k3r,True,False,4,"3,6,9,12",1.0
aff15_wu_m128_seed3,15,y,3,63.429855813184155,True,12,4,5,0.9999867907097747,True,0.9999843861752147,M6l,0.5958694943821633,k3r,True,False,4,"3,6,9,12",1.0
aff15_wu_m128_seed3,15,y,4,446.7894996185906,True,12,4,5,0.9999939404890265,True,0.9999909913912415,M4l,0.5954047635945893,k3r,True,False,4,"3,6,9,12",1.0
aff15_wu_m128_seed3,15,y,5,0.0002157221502712377,True,12,4,5,0.8380643076609594,False,0.5373518491273526,M7r,0.7678060626092841,k6l,False,False,0,,1.0
aff15_wu_m128_seed3,15,y,6,455.18891783267975,True,12,4,5,0.9999883219687989,True,0.9999912249064605,M6l,0.5958456193968925,k3r,True,False,4,"3,6,9,12",1.0
aff15_wu_m128_seed3,15,y,7,0.00013741196568922177,True,8,2,3,0.6114851322011878,False,0.7680713340339785,M9l,0.6114879640782462,k5l,False,False,0,,1.0
aff15_wu_m128_seed3,15,y,8,0.00025193128664205823,True,8,2,3,0.45610444911450887,False,0.6094790090411143,M0l,0.4561069462572526,k5l,False,False,0,,1.0
aff15_wu_m128_seed3,15,y,9,443.15804456833723,True,12,4,5,0.9999908620051957,True,0.9999916032787636,M3l,0.5958979239420754,k3r,True,False,4,"3,6,9,12",1.0
aff15_wu_m128_seed3,15,y,10,387.0562601378549,True,1,1,0,0.9999826448879591,True,5.608551889020341e-06,M3l,3.6283257826865865e-06,k3l,False,False,0,,1.0
aff15_wu_m128_seed3,15,y,11,7.798159595997013e-05,True,12,4,5,0.29752762237696,False,0.3855280655910989,M3l,0.21346266471573028,k6l,False,False,0,,1.0
aff15_wu_m128_seed3,15,y,12,0.00032119382839882263,True,12,4,5,0.5295651837884902,False,0.4954556415884257,M12l,0.5027211767537311,k6l,False,False,0,,1.0
aff15_wu_m128_seed3,15,y,13,451.5824574037622,True,12,4,5,0.9999929380820719,True,0.9999901687400585,M9l,0.595418846194836,k3r,True,False,4,"3,6,9,12",1.0
aff15_wu_m128_seed3,15,y,14,0.00015075285228755315,True,12,4,5,0.6261921085120175,False,0.5023160236243716,M12l,0.46063295573644053,k3l,False,False,0,,1.0
aff15_wu_m128_seed3,15,y,15,0.0013024123316095406,True,12,4,5,0.47035867541153253,False,0.7386174739282475,M9l,0.4557932284330439,k5l,False,False,0,,1.0
aff15_wu_m128_seed3,15,y,16,0.002180238553659993,True,12,4,5,0.8337970285952975,False,0.539121153413612,M3l,0.8296172891518153,k6l,False,False,0,,1.0
aff15_wu_m128_seed3,15,y,17,449.09427828256986,True,12,4,5,0.9999911843307939,True,0.9999921571182024,M6l,0.5958655474283072,k3r,True,False,4,"3,6,9,12",1.0
aff15_wu_m128_seed3,15,y,18,65.67797398509225,True,12,4,5,0.9999850952143312,True,0.9999758225597798,M3l,0.5958817158505797,k3r,True,False,4,"3,6,9,12",1.0
aff15_wu_m128_seed3,15,y,19,318.0136054282821,True,8,2,3,0.9999944148521669,True,0.9999966385669258,M9l,0.9999946242175238,k5l,True,True,0,,1.0
aff15_wu_m128_seed3,15,y,20,451.02009820875276,True,12,4,5,0.9999917740021781,True,0.9999882253897411,M6l,0.5958605115701687,k3r,True,False,4,"3,6,9,12",1.0
aff15_wu_m128_seed3,15,y,21,9.172932831294839e-05,True,12,4,5,0.9080713797429744,True,0.7965357335849996,M12l,0.6968553455356862,k3l,False,False,4,"3,6,9,12",1.0
aff15_wu_m128_seed3,15,y,22,387.7047763596959,True,6,1,0,0.999990556249029,True,2.581237539923957e-06,M7r,2.9307925451789945e-06,k3l,False,False,0,,1.0
aff15_wu_m128_seed3,15,y,23,0.0001931540031384501,True,12,4,5,0.5258605155075127,False,0.6227801426827482,M12l,0.4372259372495236,k6l,False,False,0,,1.0
aff15_wu_m128_seed3,15,y,24,59.608436526472566,True,12,4,5,0.9999905738277799,True,0.9999846772140993,M0l,0.5956983158459275,k3r,True,False,4,"3,6,9,12",1.0
aff15_wu_m128_seed3,15,y,25,0.00023604148707983977,True,12,4,5,0.8174612012193313,False,0.6619633774728225,M0l,0.5421166477017842,k6l,False,False,0,,1.0
aff15_wu_m128_seed3,15,y,26,0.0006644428056656972,True,12,4,5,0.8667658248347653,False,0.5071467859753206,M7r,0.7643811708825414,k3l,False,False,0,,1.0
aff15_wu_m128_seed3,15,y,27,5.595318301260167e-05,True,12,4,5,0.4372898296510909,False,0.27897496147669393,M12l,0.2603967700166979,k3r,False,False,0,,1.0
aff15_wu_m128_seed3,15,y,28,451.9184728972914,True,12,4,5,0.9999938585204979,True,0.9999930032438187,M0l,0.5956999394641731,k3r,True,False,4,"3,6,9,12",1.0
aff15_wu_m128_seed3,15,y,29,54.33255471508621,True,12,4,5,0.9999891333992409,True,0.999980465688594,M11l,0.5958508636431054,k3r,True,False,4,"3,6,9,12",1.0
aff15_wu_m128_seed3,15,y,30,56.64344951068257,True,12,4,5,0.9999881449730567,True,0.9999896524110108,M0l,0.5957131818636698,k3r,True,False,4,"3,6,9,12",1.0
aff15_wu_m128_seed3,15,y,31,0.00044721799448495855,True,12,4,5,0.7945530075544437,False,0.7584748604235805,M9l,0.5324723488218873,k3l,False,False,0,,1.0
aff15_wu_m128_seed3,15,y,32,0.0003197524484528818,True,6,1,0,0.4894181484086701,False,0.44188906136689554,M9l,0.43364058223193724,k5r,False,False,0,,1.0
aff15_wu_m128_seed3,15,y,33,65.53851187024121,True,12,4,5,0.9999899892636862,True,0.9999876679980165,M9l,0.5953899090676114,k3r,True,False,4,"3,6,9,12",1.0
aff15_wu_m128_seed3,15,y,34,7.540671423490565e-05,True,12,4,5,0.4587292447678632,False,0.49248954705531406,M12l,0.27470640626601994,k6l,False,False,0,,1.0
aff15_wu_m128_seed3,15,y,35,4.522318377907859e-05,True,12,4,5,0.9140260408170723,True,0.5642313466624249,M7r,0.9111461605182125,k3l,False,True,4,"3,6,9,12",1.0
aff15_wu_m128_seed3,15,y,36,0.00018798078051570374,True,12,4,5,0.5518644111973118,False,0.5619125369491739,M0l,0.33087625131321957,k3l,False,False,0,,1.0
aff15_wu_m128_seed3,15,y,37,0.0003445506224366441,True,12,4,5,0.8006173138467343,False,0.7314681556271834,M6l,0.47711281180708387,k3r,False,False,0,,1.0
aff15_wu_m128_seed3,15,y,38,0.0001100405862761422,True,12,4,5,0.6440217302789671,False,0.5016669034086723,M9l,0.6147511163302413,k3l,False,False,0,,1.0
aff15_wu_m128_seed3,15,y,39,57.95652852930439,True,12,4,5,0.999992962403469,True,0.9999769372321652,M9l,0.5954120124800194,k3r,True,False,4,"3,6,9,12",1.0
aff15_wu_m128_seed3,15,y,40,0.00017657617818719152,True,12,4,5,0.8048502449904342,False,0.7020801793165786,M3l,0.5679388142197792,k3l,False,False,0,,1.0
aff15_wu_m128_seed3,15,y,41,386.07805831452833,True,6,1,0,0.9999919809850347,True,3.4703384143262206e-06,M3l,1.931834906917593e-06,k6r,False,False,0,,1.0
aff15_wu_m128_seed3,15,y,42,448.00907360314903,True,12,4,5,0.9999929407296184,True,0.999992069438602,M0l,0.5957024134077467,k3r,True,False,4,"3,6,9,12",1.0
aff15_wu_m128_seed3,15,y,43,67.37540694622987,True,12,4,5,0.9999900086592725,True,0.9999795386822408,M9l,0.595414513215319,k3r,True,False,4,"3,6,9,12",1.0
aff15_wu_m128_seed3,15,y,44,452.1796821736688,True,12,4,5,0.9999919249036159,True,0.9999871277767749,M12l,0.5958304460392111,k3r,True,False,4,"3,6,9,12",1.0
aff15_wu_m128_seed3,15,y,45,516.0779074146451,True,8,2,3,0.9999956281780892,True,0.9999969452430028,M12l,0.9999958354452363,k5l,True,True,0,,1.0
aff15_wu_m128_seed3,15,y,46,0.00013990440231586464,True,12,4,5,0.5437991211715384,False,0.5775724085177599,M6l,0.34404338876242635,k3l,False,False,0,,1.0
aff15_wu_m128_seed3,15,y,47,393.18378362655557,True,6,1,0,0.9999907981778015,True,3.6990220471332985e-06,M3l,2.333857663944397e-06,k6r,False,False,0,,1.0
aff15_wu_m128_seed3,15,y,48,0.0011378643522881276,True,12,4,5,0.8344360385977804,False,0.5033718830067627,M2r,0.49667631532791884,k3r,False,False,0,,1.0
aff15_wu_m128_seed3,15,y,49,459.7770196187707,True,12,4,5,0.999992095276676,True,0.9999889735715293,M12l,0.5958344086495744,k3r,True,False,4,"3,6,9,12",1.0
aff15_wu_m128_seed3,15,y,50,444.80952619054534,True,12,4,5,0.999992955513401,True,0.9999930063081774,M0l,0.5957024185765134,k3r,True,False,4,"3,6,9,12",1.0
aff15_wu_m128_seed3,15,y,51,7.640223949437911e-05,True,12,4,5,0.6956898945864542,False,0.7600329605967799,M12l,0.5774653589197025,k3l,False,False,0,,1.0
aff15_wu_m128_seed3,15,y,52,187.40273488605712,True,2,1,0,0.4953243912431134,False,7.063402515030895e-06,M3l,6.8015185610227216e-06,k3l,False,False,0,,1.0
aff15_wu_m128_seed3,15,y,53,3.7995531373312415e-05,True,6,1,0,0.4188569019495477,False,0.4142870634677306,M0l,0.2666952178655109,k6l,False,False,0,,1.0
aff15_wu_m128_seed3,15,y,54,449.54203567844735,True,12,4,5,0.9999927659530183,True,0.9999921735390799,M8l,0.5959016584377678,k3r,True,False,4,"3,6,9,12",1.0
aff15_wu_m128_seed3,15,y,55,1415.6565725911332,True,8,2,3,0.9999957025461854,True,0.99999685295437,M12l,0.9999959106566634,k5r,True,True,0,,1.0
aff15_wu_m128_seed3,15,y,56,0.0006256734050573494,True,8,2,3,0.39474138903786166,False,0.5831813131939354,M6l,0.39474256613819264,k5l,False,False,0,,1.0
aff15_wu_m128_seed3,15,y,57,0.0004487977544934826,True,8,2,3,0.6127420579037707,False,0.7677346679544238,M3l,0.6127437732408351,k5r,False,False,0,,1.0
aff15_wu_m128_seed3,15,y,58,184.21216212816137,True,2,1,0,0.49532211467604537,False,8.936211562252828e-06,M3l,1.2651746556575843e-05,k3l,False,False,0,,1.0
aff15_wu_m128_seed3,15,y,59,8.210283904522079e-05,True,8,2,3,0.6191609164866959,False,0.696542971798295,M12l,0.6191626468242754,k5r,False,False,0,,1.0
aff15_wu_m128_seed3,15,y,60,446.0954948554223,True,12,4,5,0.9999929876062603,True,0.999990707879479,M8l,0.5959053401617518,k3r,True,False,4,"3,6,9,12",1.0
aff15_wu_m128_seed3,15,y,61,0.00022101548704710926,True,8,2,3,0.6148350590116026,False,0.7572398065830619,M3l,0.614836814530872,k5l,False,False,0,,1.0
aff15_wu_m128_seed3,15,y,62,0.00015610846119715598,True,12,4,5,0.6527381207979617,False,0.5878905317769745,M0l,0.5628212106607894,k3l,False,False,0,,1.0
aff15_wu_m128_seed3,15,y,63,449.8560589735708,True,12,4,5,0.9999920305213441,True,0.9999906901931118,M12l,0.5958320966217585,k3r,True,False,4,"3,6,9,12",1.0
aff15_wu_m128_seed3,15,y,64,450.87434826568455,True,12,4,5,0.9999917578124593,True,0.9999892674451388,M12l,0.5958322794464753,k3r,True,False,4,"3,6,9,12",1.0
aff15_wu_m128_seed3,15,y,65,0.0005964504690203818,True,8,2,3,0.6705924974196853,False,0.7607526717673652,M9l,0.6705936070932451,k5r,False,False,0,,1.0
aff15_wu_m128_seed3,15,y,66,61.861134768669366,True,12,4,5,0.9999891137017533,True,0.9999853045688553,M8l,0.5958876400321731,k3r,True,False,4,"3,6,9,12",1.0
aff15_wu_m128_seed3,15,y,67,395.72781846313404,True,1,1,0,0.9999852357396845,True,1.6792955479247023e-06,M4l,1.500132117071299e-06,k5l,False,False,0,,1.0
aff15_wu_m128_seed3,15,y,68,0.0002590165203815633,True,12,4,5,0.5983650627820972,False,0.5205118541342325,M9l,0.38354021146416467,k6l,False,False,0,,1.0
aff15_wu_m128_seed3,15,y,69,8.901218361739238e-05,True,12,4,5,0.5895677335907041,False,0.35474311568101985,M7r,0.36623968148955877,k6l,False,False,0,,1.0
aff15_wu_m128_seed3,15,y,70,392.34374587020085,True,6,1,0,0.9999909092492621,True,3.6814489819755013e-06,M3l,3.2512341697855156e-06,k3l,False,False,0,,1.0
aff15_wu_m128_seed3,15,y,71,0.00010285044739864323,True,8,2,3,0.5648260081393973,False,0.8132600526989572,M12l,0.5648287618591334,k5l,False,False,0,,1.0
aff15_wu_m128_seed3,15,y,72,0.00030798245040774896,True,12,4,5,0.6407121278233224,False,0.8081969109914942,M3l,0.5615947849235582,k6l,False,False,0,,1.0
aff15_wu_m128_seed3,15,y,73,0.00034698221474956933,True,12,4,5,0.6504087067655433,False,0.6261783139251798,M3l,0.46744695602806535,k6l,False,False,0,,1.0
aff15_wu_m128_seed3,15,y,74,0.00015713771579199277,True,12,4,5,0.7373958733809707,False,0.4330666096627734,M2r,0.6096215687096607,k3l,False,False,0,,1.0
aff15_wu_m128_seed3,15,y,75,179.90376042687706,True,2,1,0,0.49532533337698537,False,5.299784991267389e-06,M4r,8.441223485279522e-06,k3l,False,False,0,,1.0
aff15_wu_m128_seed3,15,y,76,1395.6336281296017,True,8,2,3,0.9999960383482788,True,0.9999970148298255,M12l,0.999996246543401,k5l,True,True,0,,1.0
aff15_wu_m128_seed3,15,y,77,0.0003428144058533972,True,12,4,5,0.6310400477251221,False,0.4402245016544606,M0l,0.3967979812948284,k6l,False,False,0,,1.0
aff15_wu_m128_seed3,15,y,78,59.079228274873884,True,12,4,5,0.9999928934047657,True,0.9999572174709935,M11l,0.5958705586963052,k3r,True,False,4,"3,6,9,12",1.0
aff15_wu_m128_seed3,15,y,79,56.145241984111436,True,12,4,5,0.9999913887555503,True,0.9999900927695551,M12l,0.595817760080481,k3r,True,False,4,"3,6,9,12",1.0
aff15_wu_m128_seed3,15,y,80,0.0033518265487189865,True,12,4,5,0.9853940438277594,True,0.8778683055121904,M3l,0.8081697373560399,k3l,False,False,4,"3,6,9,12",1.0
aff15_wu_m128_seed3,15,y,81,440.20811001025567,True,12,4,5,0.999994042308356,True,0.9999932812575258,M14l,0.5954174253596123,k3r,True,False,4,"3,6,9,12",1.0
aff15_wu_m128_seed3,15,y,82,180.3590222040823,True,8,2,3,0.999989105514134,True,0.9999921851450652,M3l,0.9999893112084183,k5l,True,True,0,,1.0
aff15_wu_m128_seed3,15,y,83,393.5398841024666,True,1,1,0,0.9999828334049035,True,2.799382373838978e-06,M6l,2.4829353362582216e-06,k6l,False,False,0,,1.0
aff15_wu_m128_seed3,15,y,84,450.24353387042487,True,12,4,5,0.9999889227334121,True,0.9999921950031853,M9l,0.5954153390841086,k3r,True,False,4,"3,6,9,12",1.0
aff15_wu_m128_seed3,15,y,85,0.0015009268111349405,True,12,4,5,0.9380067789980208,True,0.6335730850492697,M3l,0.7518094720427063,k6l,False,False,4,"3,6,9,12",1.0
aff15_wu_m128_seed3,15,y,86,59.372885604740404,True,12,4,5,0.9999865040897749,True,0.999980194292079,M3l,0.5958916224014515,k3r,True,False,4,"3,6,9,12",1.0
aff15_wu_m128_seed3,15,y,87,2.422907241289144e-05,True,6,1,0,0.31332229044659127,False,0.18888809618703994,M12l,0.23698408517411182,k6l,False,False,0,,1.0
aff15_wu_m128_seed3,15,y,88,1073.140300119664,True,8,2,3,0.9999967428004826,True,0.9999972602459598,M3l,0.9999969525188386,k5l,True,True,0,,1.0
aff15_wu_m128_seed3,15,y,89,454.2795354362563,True,12,4,5,0.9999890162899645,True,0.9999902862650324,M3l,0.595897913023294,k3r,True,False,4,"3,6,9,12",1.0
aff15_wu_m128_seed3,15,y,90,0.0006387428755960269,True,12,4,5,0.8170703266942269,False,0.5299623472185414,M0l,0.7028661616685965,k6l,False,False,0,,1.0
aff15_wu_m128_seed3,15,y,91,450.8306282203167,True,12,4,5,0.9999902895853938,True,0.9999880603890311,M12l,0.595831744611131,k3r,True,False,4,"3,6,9,12",1.0
aff15_wu_m128_seed3,15,y,92,62.54950779613104,True,12,4,5,0.999989268549265,True,0.999977030519668,M12l,0.5958298113676758,k3r,True,False,4,"3,6,9,12",1.0
aff15_wu_m128_seed3,15,y,93,0.00021063135970959346,True,12,4,5,0.7112570470501349,False,0.46365589052279954,M9l,0.423751809238544,k3r,False,False,0,,1.0
aff15_wu_m128_seed3,15,y,94,458.6504720108112,True,12,4,5,0.9999935947780618,True,0.9999932754597902,M14l,0.5954094181638075,k3r,True,False,4,"3,6,9,12",1.0
aff15_wu_m128_seed3,15,y,95,2.436870146285142e-05,True,12,4,5,0.4666548964295675,False,0.4690410031697285,M7r,0.42446744363567507,k3l,False,False,0,,1.0
aff15_wu_m128_seed3,15,y,96,0.0008487561835342772,True,12,4,5,0.7037445319686023,False,0.6760684293501323,M3l,0.6700290664372566,k6l,False,False,0,,1.0
aff15_wu_m128_seed3,15,y,97,53.43335252676899,True,12,4,5,0.9999616924391661,True,0.999978452340729,M3l,0.5958840018748246,k3r,True,False,4,"3,6,9,12",1.0
aff15_wu_m128_seed3,15,y,98,0.0001877317089726907,True,2,1,0,0.30603367429864164,False,0.29584606483029763,M6l,0.21566924700398557,k6l,False,False,0,,1.0
aff15_wu_m128_seed3,15,y,99,56.10210784782996,True,12,4,5,0.9999874637090306,True,0.999983137772947,M12l,0.5958243200180826,k3r,True,False,4,"3,6,9,12",1.0
aff15_wu_m128_seed3,15,y,100,60.971005350492085,True,12,4,5,0.9999909071921043,True,0.999987263159912,M14l,0.5954174802768348,k3r,True,False,4,"3,6,9,12",1.0
aff15_wu_m128_seed3,15,y,101,1405.3962501989338,True,8,2,3,0.9999968772827726,True,0.9999974244136076,M3l,0.9999970856735593,k5l,True,True,0,,1.0
aff15_wu_m128_seed3,15,y,102,444.2721073190275,True,12,4,5,0.9999909652601668,True,0.9999925966775253,M0l,0.5957071267074256,k3r,True,False,4,"3,6,9,12",1.0
aff15_wu_m128_seed3,15,y,103,0.00025840285889471525,True,12,4,5,0.6623486032480803,False,0.7176164551649119,M3l,0.4466329877310758,k6l,False,False,0,,1.0
aff15_wu_m128_seed3,15,y,104,0.0010375972777137397,True,12,4,5,0.4704207864619522,False,0.6716319137721203,M12l,0.40857351327133606,k6l,False,False,0,,1.0
aff15_wu_m128_seed3,15,y,105,59.162131192815664,True,12,4,5,0.999992847700532,True,0.9999822690758814,M14l,0.5954124839864202,k3r,True,False,4,"3,6,9,12",1.0
aff15_wu_m128_seed3,15,y,106,0.0010426395447029877,True,12,4,5,0.7238194366006794,False,0.5409286761867356,M2r,0.7100742848205948,k3l,False,False,0,,1.0
aff15_wu_m128_seed3,15,y,107,53.58122875241804,True,12,4,5,0.9999875921836648,True,0.9999699832522774,M3l,0.5959143065387086,k3r,True,False,4,"3,6,9,12",1.0
aff15_wu_m128_seed3,15,y,108,8.991556431319751e-05,True,12,4,5,0.916294354818744,True,0.6122051412399976,M6l,0.7007518429889813,k3l,False,False,4,"3,6,9,12",1.0
aff15_wu_m128_seed3,15,y,109,0.0014081423008449373,True,12,4,5,0.8091753917070525,False,0.5669074095468922,M7r,0.5477525934155174,k3l,False,False,0,,1.0
aff15_wu_m128_seed3,15,y,110,57.075392444089374,True,12,4,5,0.9999916658523983,True,0.9999919125528289,M6l,0.595851419367626,k3r,True,False,4,"3,6,9,12",1.0
aff15_wu_m128_seed3,15,y,111,54.894858539099204,True,12,4,5,0.9999917996381065,True,0.9999840625484319,M0l,0.595700412145831,k3r,True,False,4,"3,6,9,12",1.0
aff15_wu_m128_seed3,15,y,112,0.0002417252168895004,True,12,4,5,0.8258303296541671,False,0.5268796726920272,M7r,0.7190050022083977,k3l,False,False,0,,1.0
aff15_wu_m128_seed3,15,y,113,64.66388473766018,True,12,4,5,0.9999872323319787,True,0.9999860752553418,M12l,0.5958307921033297,k3r,True,False,4,"3,6,9,12",1.0
aff15_wu_m128_seed3,15,y,114,0.0007975429562477678,True,12,4,5,0.8311152176261382,False,0.6348199291250705,M6l,0.7495204059559973,k3l,False,False,0,,1.0
aff15_wu_m128_seed3,15,y,115,451.3062077889598,True,12,4,5,0.99999311899548,True,0.9999918020780668,M0l,0.595704845609978,k3r,True,False,4,"3,6,9,12",1.0
aff15_wu_m128_seed3,15,y,116,455.4127214468611,True,12,4,5,0.9999928699125223,True,0.9999905849987424,M6l,0.5958568567982503,k3r,True,False,4,"3,6,9,12",1.0
aff15_wu_m128_seed3,15,y,117,720.2942043264225,True,8,2,3,0.9999961100356081,True,0.9999970038451558,M12l,0.9999963171726288,k5l,True,True,0,,1.0
aff15_wu_m128_seed3,15,y,118,0.0002927341257730376,True,12,4,5,0.7966523770720236,False,0.8014660785009361,M12l,0.6395876470838696,k6l,False,False,0,,1.0
aff15_wu_m128_seed3,15,y,119,0.00011733927915721572,True,12,4,5,0.5069917910746854,False,0.4425006024701421,M2r,0.42376849703802405,k6l,False,False,0,,1.0
aff15_wu_m128_seed3,15,y,120,49.063771885928844,True,12,4,5,0.999985774782979,True,0.9999654669767547,M0l,0.5957092145371947,k3r,True,False,4,"3,6,9,12",1.0
aff15_wu_m128_seed3,15,y,121,449.80586132970035,True,12,4,5,0.9999926395472574,True,0.9999875546948923,M8l,0.5959054177136289,k3r,True,False,4,"3,6,9,12",1.0
aff15_wu_m128_seed3,15,y,122,59.29635303688526,True,12,4,5,0.9999823982779579,True,0.9999738339522837,M12l,0.5958281564593708,k3r,True,False,4,"3,6,9,12",1.0
aff15_wu_m128_seed3,15,y,123,0.0004279191830582399,True,8,2,3,0.28166666945871227,False,0.3749461278456646,M3l,0.2816677574178286,k5l,False,False,0,,1.0
aff15_wu_m128_seed3,15,y,124,1400.7241505567674,True,8,2,3,0.9999954362745727,True,0.9999968650404745,M9l,0.9999956452805362,k5r,True,True,0,,1.0
aff15_wu_m128_seed3,15,y,125,0.0009644717264018558,True,12,4,5,0.8014042587910457,False,0.5290889238330543,M2r,0.47700283831383333,k3r,False,False,0,,1.0
aff15_wu_m128_seed3,15,y,126,391.8231196726995,True,1,1,0,0.9999842715536564,True,2.7407481375504705e-06,M2r,2.738145768021103e-06,k6l,False,False,0,,1.0
aff15_wu_m128_seed3,15,y,127,0.0010361953336091487,True,12,4,5,0.9265425600868789,True,0.7363854673674023,M0l,0.5522976116458763,k3r,False,False,4,"3,6,9,12",1.0
aff15_wu_m128_seed4,15,x,0,0.00018821014642813615,True,12,4,5,0.8481360619873072,False,0.5664160218475515,M1l,0.688512498097047,k3l,False,False,0,,1.0
aff15_wu_m128_seed4,15,x,1,489.66570365814346,True,12,4,5,0.9999926079910891,True,0.9999949251894839,M12r,0.8119595981578158,k3l,True,False,4,"3,6,9,12",1.0
aff15_wu_m128_seed4,15,x,2,0.0001255142549544593,True,12,4,5,0.6748268809108624,False,0.9075268959696438,M12r,0.5480781716572792,k3l,True,False,0,,1.0
aff15_wu_m128_seed4,15,x,3,305.37881569278,True,3,1,0,0.499995762346477,False,1.7630162255826786e-06,M2r,1.7274942631622435e-06,k2l,False,False,0,,1.0
aff15_wu_m128_seed4,15,x,4,0.0001506266113169362,True,8,2,3,0.48015921115461707,False,0.7624785352490028,M9r,0.4801613332557071,k5l,False,False,0,,1.0
aff15_wu_m128_seed4,15,x,5,485.6236755911158,True,12,4,5,0.9999954856907485,True,0.9999958850251462,M9r,0.812002128998722,k3l,True,False,4,"3,6,9,12",1.0
aff15_wu_m128_seed4,15,x,6,31.88958383604394,True,12,4,5,0.9999567913720286,True,0.9999899330070026,M12r,0.8119298890624638,k3l,True,False,4,"3,6,9,12",1.0
aff15_wu_m128_seed4,15,x,7,162.74364982937698,True,3,1,0,0.49999379335752353,False,3.030249591583373e-06,M14r,3.211017690348205e-06,k3l,False,False,0,,1.0
aff15_wu_m128_seed4,15,x,8,166.15353673749573,True,3,1,0,0.499993697400719,False,4.040974466384208e-06,M3r,3.6507909272510352e-06,k5r,False,False,0,,1.0
aff15_wu_m128_seed4,15,x,9,0.00013770788814863275,True,8,2,3,0.5559088371831512,False,0.7210430730302609,M3r,0.5559124551165232,k5l,False,False,0,,1.0
aff15_wu_m128_seed4,15,x,10,228.56949393773746,True,12,4,5,0.9999967350489376,True,0.9999959320162061,M13r,0.8120429933765332,k3l,True,False,4,"3,6,9,12",1.0
aff15_wu_m128_seed4,15,x,11,0.000157793738378578,True,8,2,3,0.4207653383334016,False,0.8008068246305761,M3r,0.42076632238049916,k5l,False,False,0,,1.0
aff15_wu_m128_seed4,15,x,12,40.57241278491487,True,12,4,5,0.9999925329854594,True,0.9999923787718502,M3r,0.8120459522823619,k3l,True,False,4,"3,6,9,12",1.0
aff15_wu_m128_seed4,15,x,13,39.06946315624838,True,12,4,5,0.9999914413941833,True,0.9999857404384513,M9r,0.8120005416017321,k3l,True,False,4,"3,6,9,12",1.0
aff15_wu_m128_seed4,15,x,14,0.0002495535933472967,True,12,4,5,0.835895811514228,False,0.4944231138169332,M9r,0.6788957837350805,k3l,False,False,0,,1.0
aff15_wu_m128_seed4,15,x,15,0.0002711232248603402,True,12,4,5,0.9220451931104545,True,0.8106549014065495,M6r,0.7488855637337781,k3l,False,False,4,"3,6,9,12",1.0
aff15_wu_m128_seed4,15,x,16,489.53973861978454,True,12,4,5,0.999994518572306,True,0.9999951151045658,M12r,0.811958116241998,k3l,True,False,4,"3,6,9,12",1.0
aff15_wu_m128_seed4,15,x,17,487.22192018291497,True,12,4,5,0.999996820264292,True,0.9999955658869151,M13r,0.8120527157511614,k3l,True,False,4,"3,6,9,12",1.0
aff15_wu_m128_seed4,15,x,18,0.0001641816935970121,True,12,4,5,0.47521216222122753,False,0.4371315127596516,M6r,0.38573222722218753,k3l,False,False,0,,1.0
aff15_wu_m128_seed4,15,x,19,0.00017246793105019515,True,12,4,5,0.8875314992959383,False,0.8227643360585069,M3r,0.7207161038606043,k3l,False,False,0,,1.0
aff15_wu_m128_seed4,15,x,20,0.00039949825428170813,True,8,2,3,0.7561869220030262,False,0.8539018669798438,M12r,0.7561878495057976,k5l,False,False,0,,1.0
aff15_wu_m128_seed4,15,x,21,33.020924713201744,True,12,4,5,0.9999811443443952,True,0.9999801699879827,M6r,0.8119963823753992,k3l,True,False,4,"3,6,9,12",1.0
aff15_wu_m128_seed4,15,x,22,753.8274579491074,True,8,2,3,0.9999951909896234,True,0.9999958457367599,M0r,0.9999956077448757,k5r,True,True,0,,1.0
aff15_wu_m128_seed4,15,x,23,154.53032014602863,True,3,1,0,0.4999946929981091,False,2.7949752155037456e-06,M8l,2.921265127641923e-06,k3l,False,False,0,,1.0
aff15_wu_m128_seed4,15,x,24,0.00010286171204237147,True,12,4,5,0.9059834674116236,True,0.5987056703011081,M6r,0.7354348437723358,k3l,False,False,4,"3,6,9,12",1.0
aff15_wu_m128_seed4,15,x,25,48.473701370438974,True,12,4,5,0.9999942254723699,True,0.9999926579559978,M0r,0.8116659898664867,k3l,True,False,4,"3,6,9,12",1.0
aff15_wu_m128_seed4,15,x,26,486.36512580053034,True,12,4,5,0.9999949513081438,True,0.9999947060330128,M9r,0.8120014148028494,k3l,True,False,4,"3,6,9,12",1.0
aff15_wu_m128_seed4,15,x,27,31.121555951997482,True,12,4,5,0.9999633182583019,True,0.99999150952282,M12r,0.8119282450409645,k3l,True,False,4,"3,6,9,12",1.0
aff15_wu_m128_seed4,15,x,28,30.112892667101665,True,12,4,5,0.999996133734635,True,0.9999909209015639,M3r,0.8120588827880465,k3l,True,False,4,"3,6,9,12",1.0
aff15_wu_m128_seed4,15,x,29,0.0011980419621094563,True,8,2,3,0.47212078665895846,False,0.6498514696437586,M3r,0.47212159143508287,k5l,False,False,0,,1.0
aff15_wu_m128_seed4,15,x,30,45.78241409381447,True,12,4,5,0.9999466876330029,True,0.999986591714229,M0r,0.81167922920799,k3l,True,False,4,"3,6,9,12",1.0
aff15_wu_m128_seed4,15,x,31,448.9024462817575,True,12,4,5,0.9999961585001671,True,0.9999959610235951,M12r,0.8119597903836272,k3l,True,False,4,"3,6,9,12",1.0
aff15_wu_m128_seed4,15,x,32,0.00019042230204775745,True,12,4,5,0.38782098074257104,False,0.39943849103675483,M3r,0.3147505227447101,k3l,False,False,0,,1.0
aff15_wu_m128_seed4,15,x,33,0.0006298025876500363,True,12,4,5,0.8566909556026526,False,0.8255613928679932,M6r,0.6954983520035312,k3l,False,False,0,,1.0
aff15_wu_m128_seed4,15,x,34,0.0007229086251802304,True,12,4,5,0.9189656593829842,True,0.5970232299800479,M3r,0.7463042178306785,k3l,False,False,4,"3,6,9,12",1.0
aff15_wu_m128_seed4,15,x,35,294.2289235551456,True,12,4,5,0.9999955981004734,True,0.9999966082237146,M6r,0.8120118451725029,k3l,True,False,4,"3,6,9,12",1.0
aff15_wu_m128_seed4,15,x,36,277.8378653749753,True,8,2,3,0.9999956367122004,True,0.9999962808570957,M0r,0.999996054179967,k5l,True,True,0,,1.0
aff15_wu_m128_seed4,15,x,37,487.2478769190475,True,12,4,5,0.999994756047351,True,0.9999963699936573,M3r,0.81205164770843,k3l,True,False,4,"3,6,9,12",1.0
aff15_wu_m128_seed4,15,x,38,2.55400810296351e-05,True,12,4,5,0.9151407281495589,True,0.6152772614301486,M3r,0.7728510845134214,k6r,False,False,4,"3,6,9,12",1.0
aff15_wu_m128_seed4,15,x,39,1401.9575406236095,True,8,2,3,0.9999955057665921,True,0.9999961881544221,M0r,0.999995921163922,k5l,True,True,0,,1.0
aff15_wu_m128_seed4,15,x,40,301.2448144187823,True,3,1,0,0.4999947483649144,False,2.740017079557338e-06,M2r,2.5374842160227163e-06,k3l,False,False,0,,1.0
aff15_wu_m128_seed4,15,x,41,0.0001624104779432191,True,12,4,5,0.7193428788227593,False,0.5668010508004454,M6r,0.6411874354614235,k6r,False,False,0,,1.0
aff15_wu_m128_seed4,15,x,42,0.0003492284061293609,True,12,4,5,0.716906277377881,False,0.4064231902771908,M6l,0.5816536612391251,k3l,False,False,0,,1.0
aff15_wu_m128_seed4,15,x,43,0.000531124355138132,True,12,4,5,0.7823638383885207,False,0.6438599322286775,M12r,0.7357930817784509,k3r,False,False,0,,1.0
aff15_wu_m128_seed4,15,x,44,638.0050218809552,True,8,2,3,0.9999956137778468,True,0.9999962724944811,M0r,0.9999960301138808,k5r,True,True,0,,1.0
aff15_wu_m128_seed4,15,x,45,0.00013131833934082275,True,12,4,5,0.6088164507721676,False,0.5501961420050947,M0r,0.49411254585550235,k3l,False,False,0,,1.0
aff15_wu_m128_seed4,15,x,46,0.000868861892548683,True,12,4,5,0.8267440648159285,False,0.5837484004943676,M9r,0.6713217235882806,k3l,False,False,0,,1.0
aff15_wu_m128_seed4,15,x,47,272.4323015936026,True,1,1,0,0.999992144707887,True,2.5915158204202002e-06,M9r,2.6308510943951603e-06,k3l,False,False,0,,1.0
aff15_wu_m128_seed4,15,x,48,154.3747165156463,True,3,1,0,0.49999459846808736,False,2.6306532016392465e-06,M14r,2.7278047299620813e-06,k3l,False,False,0,,1.0
aff15_wu_m128_seed4,15,x,49,8.036855566076322e-05,True,1,1,0,0.35033644399008684,False,0.32635974930563233,M12r,0.2928490829282713,k6r,False,False,0,,1.0
aff15_wu_m128_seed4,15,x,50,2.401824667099303e-05,True,8,2,3,0.4937651848376627,False,0.6689000658429655,M3r,0.4937728866180151,k5r,False,False,0,,1.0
aff15_wu_m128_seed4,15,x,51,484.08014351973117,True,12,4,5,0.9999935009221883,True,0.999994920495987,M9r,0.8119967119804727,k3l,True,False,4,"3,6,9,12",1.0
aff15_wu_m128_seed4,15,x,52,0.0017853337330223384,True,8,2,3,0.734845819942573,False,0.872771902499365,M3r,0.734847014401037,k5l,False,False,0,,1.0
aff15_wu_m128_seed4,15,x,53,38.767126082673734,True,12,4,5,0.9999943524055114,True,0.999971517104727,M6r,0.811986288904757,k3l,True,False,4,"3,6,9,12",1.0
aff15_wu_m128_seed4,15,x,54,0.0004409898478235681,True,12,4,5,0.7982493971116519,False,0.8604478620843213,M12r,0.6478861192937556,k3l,False,False,0,,1.0
aff15_wu_m128_seed4,15,x,55,0.0001537948291307331,True,8,2,3,0.5562799950193428,False,0.6336846250731183,M6r,0.556282455190178,k5l,False,False,0,,1.0
aff15_wu_m128_seed4,15,x,56,483.89965360446047,True,12,4,5,0.999995565390125,True,0.9999961122571086,M6r,0.812009035950159,k3l,True,False,4,"3,6,9,12",1.0
aff15_wu_m128_seed4,15,x,57,0.0001516894594940332,True,8,2,3,0.4759519057887278,False,0.7555156238067486,M9r,0.47595397784495064,k5r,False,False,0,,1.0
aff15_wu_m128_seed4,15,x,58,264.9749169999614,True,12,4,5,0.99999694540161,True,0.9999960478892645,M13r,0.8120501349909419,k3l,True,False,4,"3,6,9,12",1.0
aff15_wu_m128_seed4,15,x,59,0.0008717808162162641,True,12,4,5,0.9190580535932488,True,0.5479513363568208,M6l,0.8694229078676377,k6r,False,False,4,"3,6,9,12",1.0
aff15_wu_m128_seed4,15,x,60,488.5624366371493,True,12,4,5,0.9999957016561207,True,0.9999965525136354,M6r,0.8120132098744561,k3l,True,False,4,"3,6,9,12",1.0
aff15_wu_m128_seed4,15,x,61,486.74868162946404,True,12,4,5,0.9999948409550384,True,0.9999958421243584,M12r,0.8119586055880997,k3l,True,False,4,"3,6,9,12",1.0
aff15_wu_m128_seed4,15,x,62,24.415880701906598,True,12,4,5,0.9999722392557617,True,0.9999776603800453,M0r,0.811688938204372,k3l,True,False,4,"3,6,9,12",1.0
aff15_wu_m128_seed4,15,x,63,0.0009188202053326605,True,12,4,5,0.9051981762614356,True,0.7347877502894518,M9r,0.7353088839222054,k3l,False,False,4,"3,6,9,12",1.0
aff15_wu_m128_seed4,15,x,64,0.0001399229059205625,True,12,4,5,0.9185249444397411,True,0.5350373544167774,M1l,0.7915602812269518,k3r,False,False,4,"3,6,9,12",1.0
aff15_wu_m128_seed4,15,x,65,1406.0505823261065,True,8,2,3,0.9999954596986832,True,0.9999961253659174,M0r,0.9999958752041536,k5r,True,True,0,,1.0
aff15_wu_m128_seed4,15,x,66,1407.3575157996163,True,8,2,3,0.9999952372314059,True,0.9999959722567323,M0r,0.9999956523119147,k5l,True,True,0,,1.0
aff15_wu_m128_seed4,15,x,67,483.4043115697868,True,12,4,5,0.9999952691268386,True,0.999994808859794,M14r,0.8119992696083057,k3l,True,False,4,"3,6,9,12",1.0
aff15_wu_m128_seed4,15,x,68,487.08327377310064,True,12,4,5,0.9999924681606848,True,0.9999960034093566,M6r,0.8120105655340698,k3l,True,False,4,"3,6,9,12",1.0
aff15_wu_m128_seed4,15,x,69,3.565399440796355e-05,True,12,4,5,0.48124462692590547,False,0.274596417088537,M1l,0.3940288165071904,k6r,False,False,0,,1.0
aff15_wu_m128_seed4,15,x,70,35.51255760078035,True,12,4,5,0.9999950994694379,True,0.9999921657558205,M9r,0.812002497236875,k3l,True,False,4,"3,6,9,12",1.0
aff15_wu_m128_seed4,15,x,71,44.824561938127296,True,12,4,5,0.9999954976983322,True,0.9999948355209847,M0r,0.8116436569719736,k3l,True,False,4,"3,6,9,12",1.0
aff15_wu_m128_seed4,15,x,72,1394.4213642310724,True,8,2,3,0.9999954224441303,True,0.9999961044292557,M0r,0.9999958374386098,k5r,True,True,0,,1.0
aff15_wu_m128_seed4,15,x,73,41.26917740568559,True,12,4,5,0.9999943065120532,True,0.9999883636964859,M3r,0.8120520230685603,k3l,True,False,4,"3,6,9,12",1.0
aff15_wu_m128_seed4,15,x,74,0.0006881445406048594,True,12,4,5,0.5021131846719695,False,0.8792941234233502,M0r,0.4869937236003535,k5l,False,False,0,,1.0
aff15_wu_m128_seed4,15,x,75,0.0003537537515535124,True,12,4,5,0.9184145449518354,True,0.7268243425706611,M6r,0.7457450140417995,k3l,False,False,4,"3,6,9,12",1.0
aff15_wu_m128_seed4,15,x,76,0.000637212025838751,True,8,2,3,0.49374507563263115,False,0.7303758904603067,M0r,0.49374560039542015,k5l,False,False,0,,1.0
aff15_wu_m128_seed4,15,x,77,485.51110233857776,True,12,4,5,0.9999967051008863,True,0.9999964879834117,M3r,0.8120536039345811,k3l,True,False,4,"3,6,9,12",1.0
aff15_wu_m128_seed4,15,x,78,0.00030192330672673136,True,12,4,5,0.5903071130949924,False,0.7238093689633636,M6r,0.5037099756482634,k6r,False,False,0,,1.0
aff15_wu_m128_seed4,15,x,79,263.7788139700647,True,6,1,0,0.9999940386875011,True,1.5309269680960442e-06,M10r,2.0230151442077075e-06,k3l,False,False,0,,1.0
aff15_wu_m128_seed4,15,x,80,488.58593581321395,True,12,4,5,0.9999947398902654,True,0.9999963857857537,M6r,0.8120069150603437,k3l,True,False,4,"3,6,9,12",1.0
aff15_wu_m128_seed4,15,x,81,50.38705542008166,True,12,4,5,0.9999842440096162,True,0.999991343601067,M12r,0.8119467118402238,k3l,True,False,4,"3,6,9,12",1.0
aff15_wu_m128_seed4,15,x,82,31.292563096481206,True,12,4,5,0.9999906760381647,True,0.9999771334689592,M3r,0.8120561818228316,k3l,True,False,4,"3,6,9,12",1.0
aff15_wu_m128_seed4,15,x,83,193.6096344394279,True,12,4,5,0.9999925902741349,True,0.9999955228892164,M6r,0.8120133074875949,k3l,True,False,4,"3,6,9,12",1.0
aff15_wu_m128_seed4,15,x,84,0.0001591096429458882,True,8,2,3,0.5620216099312327,False,0.8224792477259368,M3r,0.5620223515519399,k5r,False,False,0,,1.0
aff15_wu_m128_seed4,15,x,85,0.0006983741966393184,True,12,4,5,0.9308297174475464,True,0.5476880016539128,M1l,0.9272282219584019,k3r,False,True,2,"3,12",1.0
aff15_wu_m128_seed4,15,x,86,486.8634541648651,True,12,4,5,0.9999961675386925,True,0.9999940949124837,M13r,0.8120541291648194,k3l,True,False,4,"3,6,9,12",1.0
aff15_wu_m128_seed4,15,x,87,0.00027004826740158005,True,12,4,5,0.6371908877156005,False,0.7438037549158304,M3r,0.5931891981067077,k3r,False,False,0,,1.0
aff15_wu_m128_seed4,15,x,88,485.528611557527,True,12,4,5,0.999995681132468,True,0.9999955666357534,M12r,0.8119626851968096,k3l,True,False,4,"3,6,9,12",1.0
aff15_wu_m128_seed4,15,x,89,480.2715721554778,True,12,4,5,0.9999968648108226,True,0.9999951691106621,M0r,0.8116897966665194,k3l,True,False,4,"3,6,9,12",1.0
aff15_wu_m128_seed4,15,x,90,0.0005441530003769545,True,8,2,3,0.5538137311659699,False,0.9156958510429173,M9r,0.5538152287006283,k5r,True,False,0,,1.0
aff15_wu_m128_seed4,15,x,91,0.00017029410881874037,True,8,2,3,0.5864551625003722,False,0.6794671892982362,M3r,0.5864561473655793,k5l,False,False,0,,1.0
aff15_wu_m128_seed4,15,x,92,0.00010101039153095776,True,12,4,5,0.9030911609973236,True,0.7054707540411058,M3r,0.7994888585123004,k3r,False,False,4,"3,6,9,12",1.0
aff15_wu_m128_seed4,15,x,93,0.00041081835252403895,True,12,4,5,0.7121264514897266,False,0.511781728275651,M6l,0.5781594748646917,k3l,False,False,0,,1.0
aff15_wu_m128_seed4,15,x,94,0.00035455872476693076,True,12,4,5,0.6664776885781657,False,0.7069821392943167,M12r,0.5413364174891928,k3l,False,False,0,,1.0
aff15_wu_m128_seed4,15,x,95,271.2267925028578,True,6,1,0,0.9999924264513208,True,1.946286251135542e-06,M9r,1.790095512834126e-06,k5l,False,False,0,,1.0
aff15_wu_m128_seed4,15,x,96,484.894626860672,True,12,4,5,0.9999953184931475,True,0.9999956007311441,M9r,0.8120009074263957,k3l,True,False,4,"3,6,9,12",1.0
aff15_wu_m128_seed4,15,x,97,28.693155617676137,True,12,4,5,0.9999542969144467,True,0.9999814631060254,M12r,0.8119234345726918,k3l,True,False,4,"3,6,9,12",1.0
aff15_wu_m128_seed4,15,x,98,0.00046107358896835043,True,8,2,3,0.5769927534243637,False,0.7776106580358119,M6r,0.5769939068260588,k5r,False,False,0,,1.0
aff15_wu_m128_seed4,15,x,99,487.7384855840196,True,12,4,5,0.9999970199665517,True,0.9999960091200308,M10r,0.8117045371175199,k3l,True,False,4,"3,6,9,12",1.0
aff15_wu_m128_seed4,15,x,100,269.19544685597845,True,1,1,0,0.9999924572999371,True,2.3771033320982743e-06,M9r,2.535771238773125e-06,k3l,False,False,0,,1.0
aff15_wu_m128_seed4,15,x,101,47.54637790778191,True,12,4,5,0.9999864904284269,True,0.9999909845929916,M9r,0.8119897155874286,k3l,True,False,4,"3,6,9,12",1.0
aff15_wu_m128_seed4,15,x,102,0.0001476079191992539,True,8,2,3,0.6997191389275539,False,0.861107759560048,M3r,0.6997198221765539,k5l,False,False,0,,1.0
aff15_wu_m128_seed4,15,x,103,263.03477411655535,True,6,1,0,0.9999929906776447,True,1.7478885205240147e-06,M3l,2.081622606202634e-06,k3l,False,False,0,,1.0
aff15_wu_m128_seed4,15,x,104,0.0004707348788534907,True,12,4,5,0.4530871001156627,False,0.6344503754421615,M12r,0.3679096923906516,k3l,False,False,0,,1.0
aff15_wu_m128_seed4,15,x,105,0.0001521259579487019,True,12,4,5,0.8942684298381645,False,0.6800441811236291,M3r,0.726163461458437,k3l,False,False,0,,1.0
aff15_wu_m128_seed4,15,x,106,30.594024929378556,True,12,4,5,0.9999397839246955,True,0.9999854209814533,M6r,0.8119539940760546,k3l,True,False,4,"3,6,9,12",1.0
aff15_wu_m128_seed4,15,x,107,486.18027274129884,True,12,4,5,0.9999962320926864,True,0.9999958601918431,M0r,0.8117114739606837,k3l,True,False,4,"3,6,9,12",1.0
aff15_wu_m128_seed4,15,x,108,42.93205674355222,True,12,4,5,0.9999752792718033,True,0.9999912709318677,M12r,0.8119457326275352,k3l,True,False,4,"3,6,9,12",1.0
aff15_wu_m128_seed4,15,x,109,1134.8822090924036,True,8,2,3,0.9999955053752657,True,0.9999961739888468,M0r,0.9999959195812694,k5r,True,True,0,,1.0
aff15_wu_m128_seed4,15,x,110,0.00023423071377556167,True,8,2,3,0.5072711868170989,False,0.7461094755894891,M9r,0.5072722274162682,k5r,False,False,0,,1.0
aff15_wu_m128_seed4,15,x,111,257.4780460049308,True,1,1,0,0.9999916565011506,True,2.5640580454304205e-06,M7r,2.8083928460518335e-06,k3l,False,False,0,,1.0
aff15_wu_m128_seed4,15,x,112,0.00041537832380406954,True,8,2,3,0.6695032046359867,False,0.7625381182417875,M6r,0.6695041849601866,k5r,False,False,0,,1.0
aff15_wu_m128_seed4,15,x,113,32.01767402929448,True,12,4,5,0.9999925069424811,True,0.9999919705328312,M9r,0.8120035880768081,k3l,True,False,4,"3,6,9,12",1.0
aff15_wu_m128_seed4,15,x,114,36.179761002923094,True,12,4,5,0.9999657569518998,True,0.9999923379897143,M6r,0.8119584619844908,k3l,True,False,4,"3,6,9,12",1.0
aff15_wu_m128_seed4,15,x,115,0.0002415006741722901,True,12,4,5,0.642942696825732,False,0.44029414264968403,M9r,0.5221922984238395,k3l,False,False,0,,1.0
aff15_wu_m128_seed4,15,x,116,0.00012349376664589333,True,12,4,5,0.5401063277492039,False,0.5735615288523934,M0r,0.4384051596009363,k3l,False,False,0,,1.0
aff15_wu_m128_seed4,15,x,117,481.34244156438325,True,12,4,5,0.9999930186936413,True,0.999992627954287,M0r,0.8117116718682248,k3l,True,False,4,"3,6,9,12",1.0
aff15_wu_m128_seed4,15,x,118,264.72619637928665,True,1,1,0,0.9999928558654315,True,1.7471563944461494e-06,M13l,2.0172365928937304e-06,k3l,False,False,0,,1.0
aff15_wu_m128_seed4,15,x,119,0.0014824500406854218,True,12,4,5,0.8493089039520255,False,0.9242780447629388,M3r,0.6896013957245128,k3l,True,False,0,,1.0
aff15_wu_m128_seed4,15,x,120,487.088698674479,True,12,4,5,0.9999968687920461,True,0.9999959915403529,M0r,0.8116992531700837,k3l,True,False,4,"3,6,9,12",1.0
aff15_wu_m128_seed4,15,x,121,35.85280490146162,True,12,4,5,0.9999539088292165,True,0.999982901778943,M3r,0.8120248821672519,k3l,True,False,4,"3,6,9,12",1.0
aff15_wu_m128_seed4,15,x,122,265.4246823687289,True,6,1,0,0.9999941044185037,True,8.723101873736766e-07,M11r,9.894391332398911e-07,k2l,False,False,0,,1.0
aff15_wu_m128_seed4,15,x,123,0.00019210098391342267,True,12,4,5,0.8644192517042458,False,0.61791762204088,M6r,0.7330372904957106,k3r,False,False,0,,1.0
aff15_wu_m128_seed4,15,x,124,39.15024292593989,True,12,4,5,0.9999916071333317,True,0.9999821755562123,M6r,0.8119902612242572,k3l,True,False,4,"3,6,9,12",1.0
aff15_wu_m128_seed4,15,x,125,44.29915938587857,True,12,4,5,0.9999888711636076,True,0.9999902219047253,M12r,0.8119559383110255,k3l,True,False,4,"3,6,9,12",1.0
aff15_wu_m128_seed4,15,x,126,9.671751215222127e-05,True,1,1,0,0.4612599950462235,False,0.25329596165513907,M1l,0.36037811244610407,k3l,False,False,0,,1.0
aff15_wu_m128_seed4,15,x,127,0.00026447086692822056,True,12,4,5,0.5316047409814261,False,0.7360567639330823,M6r,0.43127107787899466,k3l,False,False,0,,1.0
aff15_wu_m128_seed4,15,y,0,0.0002834316169352104,True,12,4,5,0.4664702203092465,False,0.5823254410197257,M6r,0.42488774717222344,k5r,False,False,0,,1.0
aff15_wu_m128_seed4,15,y,1,493.63486978568847,True,12,4,5,0.9999963236434785,True,0.9999962507552208,M7l,0.8122396968122085,k3r,True,False,4,"3,6,9,12",1.0
aff15_wu_m128_seed4,15,y,2,8.65791778709503e-05,True,8,2,3,0.6950471964259741,False,0.831195972924551,M0l,0.6950527601641765,k5r,False,False,0,,1.0
aff15_wu_m128_seed4,15,y,3,305.05038849642773,True,3,1,0,0.4999915277874066,False,4.566405129788588e-06,M6l,3.4831575125806957e-06,k7l,False,False,0,,1.0
aff15_wu_m128_seed4,15,y,4,0.00025367235132851764,True,8,2,3,0.5552689243960737,False,0.6536858234393638,M12l,0.5552701616183904,k5r,False,False,0,,1.0
aff15_wu_m128_seed4,15,y,5,488.39480707082515,True,12,4,5,0.9999957994342976,True,0.9999956750551358,M9l,0.8123594507724434,k3r,True,False,4,"3,6,9,12",1.0
aff15_wu_m128_seed4,15,y,6,31.890160001113383,True,12,4,5,0.9999582122364776,True,0.999982670265438,M12l,0.8122020807204604,k3r,True,False,4,"3,6,9,12",1.0
aff15_wu_m128_seed4,15,y,7,162.05917792974643,True,3,1,0,0.4999482457944109,False,1.859191687590358e-05,M6r,1.907999329635978e-05,k3r,False,False,0,,1.0
aff15_wu_m128_seed4,15,y,8,165.46170506356287,True,3,1,0,0.49993995081748727,False,3.101040988311107e-05,M6r,2.557018390534041e-05,k5l,False,False,0,,1.0
aff15_wu_m128_seed4,15,y,9,0.0007172554630598751,True,8,2,3,0.8330718807152974,False,0.8364248310280407,M4l,0.8330729888848855,k5r,False,False,0,,1.0
aff15_wu_m128_seed4,15,y,10,231.0399664900438,True,12,4,5,0.9999948508111611,True,0.999995717468988,M8l,0.8122049722846721,k3r,True,False,4,"3,6,9,12",1.0
aff15_wu_m128_seed4,15,y,11,0.00018006949938090394,True,8,2,3,0.4535262372838511,False,0.691706613540042,M7l,0.4535278794265074,k5l,False,False,0,,1.0
aff15_wu_m128_seed4,15,y,12,40.99090732405637,True,12,4,5,0.9999718800856885,True,0.9999804656199369,M14l,0.8123384940370224,k3r,True,False,4,"3,6,9,12",1.0
aff15_wu_m128_seed4,15,y,13,39.368912694927495,True,12,4,5,0.9999846502327147,True,0.9999796971410974,M5l,0.8121014191338629,k3r,True,False,4,"3,6,9,12",1.0
aff15_wu_m128_seed4,15,y,14,0.00015272550203152547,True,8,2,3,0.4853152354564803,False,0.6123413941783159,M8l,0.48531917953416004,k5l,False,False,0,,1.0
aff15_wu_m128_seed4,15,y,15,0.001119934050963702,True,8,2,3,0.5818056300870286,False,0.6716150690998456,M11l,0.5818061643649993,k5l,False,False,0,,1.0
aff15_wu_m128_seed4,15,y,16,493.31301569608985,True,12,4,5,0.9999956407752734,True,0.999996011698905,M5l,0.8121139765335994,k3r,True,False,4,"3,6,9,12",1.0
aff15_wu_m128_seed4,15,y,17,491.0648161429011,True,12,4,5,0.9999942077020108,True,0.9999946138976932,M9l,0.8123601721831151,k3r,True,False,4,"3,6,9,12",1.0
aff15_wu_m128_seed4,15,y,18,0.00013448141174186517,True,12,4,5,0.43435645219845354,False,0.4668776494980406,M13l,0.35353757054981905,k3r,False,False,0,,1.0
aff15_wu_m128_seed4,15,y,19,0.0008131256759063707,True,8,2,3,0.7232831385613857,False,0.7793148108936832,M13l,0.7232843264595625,k5l,False,False,0,,1.0
aff15_wu_m128_seed4,15,y,20,0.0007288477761393827,True,12,4,5,0.7322979783859166,False,0.5421185919816947,M6r,0.7179387307964404,k6l,False,False,0,,1.0
aff15_wu_m128_seed4,15,y,21,32.93731134546141,True,12,4,5,0.9999933079214688,True,0.9999919614576105,M5l,0.8121176821867073,k3r,True,False,4,"3,6,9,12",1.0
aff15_wu_m128_seed4,15,y,22,752.9954209956157,True,8,2,3,0.9999910487385435,True,0.9999919326838823,M8l,0.9999917767669847,k5l,True,True,0,,1.0
aff15_wu_m128_seed4,15,y,23,154.1201629853556,True,3,1,0,0.499948569784825,False,1.8570895158381973e-05,M7l,1.8727039234773052e-05,k6r,False,False,0,,1.0
aff15_wu_m128_seed4,15,y,24,0.00020961896753759633,True,12,4,5,0.931761560889823,True,0.7539808897269287,M13l,0.8171277550502092,k3l,False,False,4,"3,6,9,12",1.0
aff15_wu_m128_seed4,15,y,25,49.15158116632877,True,12,4,5,0.9999881952225068,True,0.9999939623969604,M2l,0.8122483177710367,k3r,True,False,4,"3,6,9,12",1.0
aff15_wu_m128_seed4,15,y,26,491.4403652652645,True,12,4,5,0.9999950755008452,True,0.9999935751281729,M6l,0.8125794946669568,k3r,True,False,4,"3,6,9,12",1.0
aff15_wu_m128_seed4,15,y,27,31.64918449717961,True,12,4,5,0.9999877437450354,True,0.9999945274242388,M8l,0.8122031276517316,k3r,True,False,4,"3,6,9,12",1.0
aff15_wu_m128_seed4,15,y,28,30.809797239313514,True,12,4,5,0.9999802621676651,True,0.999968308723348,M1l,0.8125574144063159,k3r,True,False,4,"3,6,9,12",1.0
aff15_wu_m128_seed4,15,y,29,0.0015135382467337739,True,8,2,3,0.7582793524628805,False,0.8268837160420758,M13l,0.7582801210156478,k5l,False,False,0,,1.0
aff15_wu_m128_seed4,15,y,30,46.5217201357727,True,12,4,5,0.9999761564112138,True,0.9999736852897292,M4l,0.8123538257826355,k3r,True,False,4,"3,6,9,12",1.0
aff15_wu_m128_seed4,15,y,31,451.0193333280842,True,12,4,5,0.9999940678486575,True,0.9999943875759021,M4l,0.8123607129622804,k3r,True,False,4,"3,6,9,12",1.0
aff15_wu_m128_seed4,15,y,32,0.0007039577833660584,True,8,2,3,0.567026422165608,False,0.6734634550771448,M13l,0.5670280090969029,k5l,False,False,0,,1.0
aff15_wu_m128_seed4,15,y,33,0.000356975918542122,True,12,4,5,0.5277502679740528,False,0.766455493303797,M12l,0.4579597573557543,k5l,False,False,0,,1.0
aff15_wu_m128_seed4,15,y,34,0.0003068461333111488,True,8,2,3,0.5749652392393285,False,0.7637482958592231,M10l,0.5749663969189476,k5r,False,False,0,,1.0
aff15_wu_m128_seed4,15,y,35,297.4947361130897,True,12,4,5,0.9999948414714319,True,0.9999926871995426,M11l,0.8125756329564519,k3r,True,False,4,"3,6,9,12",1.0
aff15_wu_m128_seed4,15,y,36,277.85570888774083,True,8,2,3,0.9999902121842101,True,0.9999916776760727,M14l,0.9999909483444551,k5l,True,True,0,,1.0
aff15_wu_m128_seed4,15,y,37,491.7888737825387,True,12,4,5,0.9999968027435853,True,0.9999962031473408,M7l,0.8122423846697436,k3r,True,False,4,"3,6,9,12",1.0
aff15_wu_m128_seed4,15,y,38,0.00010775435882362381,True,8,2,3,0.45501151749805374,False,0.5151104563663933,M13l,0.4550128553696939,k5l,False,False,0,,1.0
aff15_wu_m128_seed4,15,y,39,1399.841427898025,True,8,2,3,0.9999919528368085,True,0.9999928024471694,M4l,0.9999926993416156,k5r,True,True,0,,1.0
aff15_wu_m128_seed4,15,y,40,300.4722231809732,True,3,1,0,0.49999206071643204,False,4.069997825611074e-06,M6l,3.4740540101739003e-06,k7l,False,False,0,,1.0
aff15_wu_m128_seed4,15,y,41,0.00043263516683514044,True,12,4,5,0.8574521235367304,False,0.5772598111008125,M0l,0.6964389010507038,k3r,False,False,0,,1.0
aff15_wu_m128_seed4,15,y,42,0.00031416899666427295,True,12,4,5,0.7083850680551587,False,0.5041233455397593,M5l,0.5752058973194262,k3r,False,False,0,,1.0
aff15_wu_m128_seed4,15,y,43,0.0005570654104395518,True,12,4,5,0.43940046906437014,False,0.7098683647535988,M4l,0.4361385831486087,k5r,False,False,0,,1.0
aff15_wu_m128_seed4,15,y,44,637.7641644162873,True,8,2,3,0.9999907417283199,True,0.9999917080826886,M8l,0.999991481466043,k5l,True,True,0,,1.0
aff15_wu_m128_seed4,15,y,45,0.00012705106758886104,True,8,2,3,0.46829960892030026,False,0.7485273642252311,M10l,0.4683023969134415,k5r,False,False,0,,1.0
aff15_wu_m128_seed4,15,y,46,0.0004209225445396801,True,8,2,3,0.5257781897229513,False,0.7590643013825522,M1l,0.5257795312946442,k5r,False,False,0,,1.0
aff15_wu_m128_seed4,15,y,47,272.9266375691816,True,1,1,0,0.9999848353862575,True,8.002512022522072e-06,M5l,4.379258792657271e-06,k5r,False,False,0,,1.0
aff15_wu_m128_seed4,15,y,48,153.7067022234851,True,3,1,0,0.49994759929639554,False,2.121681553365794e-05,M6r,1.7663491077018988e-05,k6r,False,False,0,,1.0
aff15_wu_m128_seed4,15,y,49,0.0001218929475501044,True,8,2,3,0.3813435059166332,False,0.4245751331737375,M3l,0.3813467292419624,k5l,False,False,0,,1.0
aff15_wu_m128_seed4,15,y,50,2.0028980505537875e-05,True,8,2,3,0.5049120707602169,False,0.5151243474663427,M7l,0.5049340860110686,k5r,False,False,0,,1.0
aff15_wu_m128_seed4,15,y,51,488.2739647659035,True,12,4,5,0.9999966962970758,True,0.9999955652802245,M0l,0.8121168919347784,k3r,True,False,4,"3,6,9,12",1.0
aff15_wu_m128_seed4,15,y,52,0.0007269843882830935,True,12,4,5,0.47483261062854554,False,0.8547166817207347,M3l,0.44845860220332173,k5r,False,False,0,,1.0
aff15_wu_m128_seed4,15,y,53,39.47165611103291,True,12,4,5,0.999949640143576,True,0.9999440772374765,M3l,0.8121775961184725,k3r,True,False,4,"3,6,9,12",1.0
aff15_wu_m128_seed4,15,y,54,0.0005212899935748495,True,12,4,5,0.7397784763072109,False,0.4431033996995146,M13l,0.6008436531420206,k3r,False,False,0,,1.0
aff15_wu_m128_seed4,15,y,55,7.135052802770306e-05,True,12,4,5,0.8606138867396407,False,0.5225059201175838,M6r,0.6993277395619532,k3r,False,False,0,,1.0
aff15_wu_m128_seed4,15,y,56,487.7363307786283,True,12,4,5,0.9999943076529115,True,0.9999952737459827,M9l,0.8123576942953041,k3r,True,False,4,"3,6,9,12",1.0
aff15_wu_m128_seed4,15,y,57,9.44174962534744e-05,True,12,4,5,0.8122108309020103,False,0.6307093734441068,M8l,0.6905500389171038,k6l,False,False,0,,1.0
aff15_wu_m128_seed4,15,y,58,267.7435614763955,True,12,4,5,0.9999949023273913,True,0.9999947903506166,M3l,0.8122040483859038,k3r,True,False,4,"3,6,9,12",1.0
aff15_wu_m128_seed4,15,y,59,0.0004515852855295439,True,12,4,5,0.4788008383724538,False,0.6724926849818544,M8l,0.44298775311750566,k5r,False,False,0,,1.0
aff15_wu_m128_seed4,15,y,60,494.0873713766755,True,12,4,5,0.9999954592355641,True,0.9999966702784594,M12l,0.8122373531128876,k3r,True,False,4,"3,6,9,12",1.0
aff15_wu_m128_seed4,15,y,61,490.5836133600426,True,12,4,5,0.9999960431603367,True,0.9999950614033853,M6l,0.812576801562928,k3r,True,False,4,"3,6,9,12",1.0
aff15_wu_m128_seed4,15,y,62,24.671174069892743,True,12,4,5,0.999957883465674,True,0.9999530213933759,M13l,0.8121907450673385,k3r,True,False,4,"3,6,9,12",1.0
aff15_wu_m128_seed4,15,y,63,0.0011536679310599977,True,12,4,5,0.9162026723788871,True,0.547591667574657,M11l,0.8901667983106327,k6l,False,False,4,"3,6,9,12",1.0
aff15_wu_m128_seed4,15,y,64,0.00020143102013555494,True,8,2,3,0.5231179122125754,False,0.6590921088657923,M0l,0.5231194192591806,k5l,False,False,0,,1.0
aff15_wu_m128_seed4,15,y,65,1402.613573825734,True,8,2,3,0.999991382649675,True,0.9999922955862317,M4l,0.9999921328006646,k5l,True,True,0,,1.0
aff15_wu_m128_seed4,15,y,66,1404.5212702861052,True,8,2,3,0.9999910905399599,True,0.99999210503832,M6l,0.999991981611073,k5r,True,True,0,,1.0
aff15_wu_m128_seed4,15,y,67,488.0614985255528,True,12,4,5,0.9999962074001778,True,0.9999960891226164,M7l,0.8122440098692517,k3r,True,False,4,"3,6,9,12",1.0
aff15_wu_m128_seed4,15,y,68,491.63342080464184,True,12,4,5,0.999995978994758,True,0.9999959824575096,M10l,0.8121150642670562,k3r,True,False,4,"3,6,9,12",1.0
aff15_wu_m128_seed4,15,y,69,0.0003161589563304218,True,12,4,5,0.8125732727569484,False,0.612402019390747,M2l,0.6946108293538067,k3l,False,False,0,,1.0
aff15_wu_m128_seed4,15,y,70,35.869073746069446,True,12,4,5,0.9999590273687353,True,0.9999790147313833,M4l,0.8123361780706237,k3r,True,False,4,"3,6,9,12",1.0
aff15_wu_m128_seed4,15,y,71,45.69764440506327,True,12,4,5,0.999983455961461,True,0.9999814306052286,M5l,0.8121074901299189,k3r,True,False,4,"3,6,9,12",1.0
aff15_wu_m128_seed4,15,y,72,1391.5437129078982,True,8,2,3,0.9999911446836716,True,0.999992086811186,M6l,0.9999920343809957,k5r,True,True,0,,1.0
aff15_wu_m128_seed4,15,y,73,42.19989452707995,True,12,4,5,0.9999828461372723,True,0.9999852129482355,M0l,0.8121104583361893,k3r,True,False,4,"3,6,9,12",1.0
aff15_wu_m128_seed4,15,y,74,8.216089020166604e-05,True,12,4,5,0.5278301702092106,False,0.715606507399503,M2l,0.4283877115853519,k3r,False,False,0,,1.0
aff15_wu_m128_seed4,15,y,75,0.0004624997888536415,True,8,2,3,0.7904750743486004,False,0.8460916670396307,M7l,0.7904766683205661,k5l,False,False,0,,1.0
aff15_wu_m128_seed4,15,y,76,0.0007384807784241111,True,8,2,3,0.4494185292476295,False,0.7941822312957256,M11l,0.44941936687441386,k5r,False,False,0,,1.0
aff15_wu_m128_seed4,15,y,77,489.74892945319215,True,12,4,5,0.9999947447798218,True,0.9999933794846837,M6l,0.8125752956291119,k3r,True,False,4,"3,6,9,12",1.0
aff15_wu_m128_seed4,15,y,78,0.0001876118202897627,True,8,2,3,0.5873021384968816,False,0.6410575772788919,M2l,0.5873038826380655,k5r,False,False,0,,1.0
aff15_wu_m128_seed4,15,y,79,262.6207542594897,True,6,1,0,0.999989916599138,True,3.791490853561168e-06,M13l,3.7726078974041066e-06,k3r,False,False,0,,1.0
aff15_wu_m128_seed4,15,y,80,493.39781980547497,True,12,4,5,0.9999952517045281,True,0.9999952418773639,M8l,0.8122060193632937,k3r,True,False,4,"3,6,9,12",1.0
aff15_wu_m128_seed4,15,y,81,51.37813182314616,True,12,4,5,0.9999916802097573,True,0.9999924579259202,M10l,0.8120990302257536,k3r,True,False,4,"3,6,9,12",1.0
aff15_wu_m128_seed4,15,y,82,31.72365367093308,True,12,4,5,0.9999882489492302,True,0.9999925689196248,M7l,0.8122534121679539,k3r,True,False,4,"3,6,9,12",1.0
aff15_wu_m128_seed4,15,y,83,195.42771822293355,True,12,4,5,0.9999934620033938,True,0.9999919519453722,M6l,0.8125777735425763,k3r,True,False,4,"3,6,9,12",1.0
aff15_wu_m128_seed4,15,y,84,0.00015096426634562333,True,8,2,3,0.5441358758608243,False,0.6383808983213431,M7l,0.5441382546371965,k5r,False,False,0,,1.0
aff15_wu_m128_seed4,15,y,85,0.00016221783453435865,True,8,2,3,0.4780770373276653,False,0.5789599019013987,M1r,0.47807940131812054,k5l,False,False,0,,1.0
aff15_wu_m128_seed4,15,y,86,490.6047125919024,True,12,4,5,0.9999954856528604,True,0.9999957147167873,M0l,0.8121210241909496,k3r,True,False,4,"3,6,9,12",1.0
aff15_wu_m128_seed4,15,y,87,0.00014958534627937937,True,12,4,5,0.7918704198182844,False,0.6712333496422512,M8l,0.6427889733916363,k3r,False,False,0,,1.0
aff15_wu_m128_seed4,15,y,88,490.2008628831804,True,12,4,5,0.9999949725441428,True,0.9999942532077659,M13l,0.8122056943347781,k3r,True,False,4,"3,6,9,12",1.0
aff15_wu_m128_seed4,15,y,89,483.40482128436065,True,12,4,5,0.9999934805099094,True,0.9999943548930028,M0l,0.812122517437611,k3r,True,False,4,"3,6,9,12",1.0
aff15_wu_m128_seed4,15,y,90,0.0003762656183313102,True,12,4,5,0.8111228242674197,False,0.6536695098258636,M1l,0.65894311325619,k3r,False,False,0,,1.0
aff15_wu_m128_seed4,15,y,91,0.00027154458011948254,True,8,2,3,0.7890280141129993,False,0.8625354376180963,M1l,0.7890310514693619,k5l,False,False,0,,1.0
aff15_wu_m128_seed4,15,y,92,8.211478410813356e-05,True,12,4,5,0.48799282844756303,False,0.711777108120507,M2l,0.39638749783226007,k3r,False,False,0,,1.0
aff15_wu_m128_seed4,15,y,93,0.00014600463275044645,True,12,4,5,0.3776761562041593,False,0.556448986794365,M2l,0.36756849773883216,k5r,False,False,0,,1.0
aff15_wu_m128_seed4,15,y,94,0.00012593642697083677,True,8,2,3,0.4871740825848922,False,0.5908223255443459,M6r,0.48717690004410197,k5r,False,False,0,,1.0
aff15_wu_m128_seed4,15,y,95,269.8253824370527,True,6,1,0,0.9999914718283045,True,2.22136452003933e-06,M12l,1.7344717482112e-06,k5l,False,False,0,,1.0
aff15_wu_m128_seed4,15,y,96,488.69505115969355,True,12,4,5,0.9999934145205501,True,0.999993531375968,M8l,0.8122090907060486,k3r,True,False,4,"3,6,9,12",1.0
aff15_wu_m128_seed4,15,y,97,28.52934972948516,True,12,4,5,0.9999883576352195,True,0.9999883938903606,M6l,0.8125612453745076,k3r,True,False,4,"3,6,9,12",1.0
aff15_wu_m128_seed4,15,y,98,0.00019774335511623365,True,12,4,5,0.5736171132715059,False,0.7720483864951575,M3l,0.4655663199941227,k3r,False,False,0,,1.0
aff15_wu_m128_seed4,15,y,99,491.2756937014575,True,12,4,5,0.9999946367669773,True,0.9999933303106281,M6l,0.8125776439131923,k3r,True,False,4,"3,6,9,12",1.0
aff15_wu_m128_seed4,15,y,100,269.4526781524562,True,1,1,0,0.9999860468134963,True,6.587120570235639e-06,M5l,3.868271526082842e-06,k3r,False,False,0,,1.0
aff15_wu_m128_seed4,15,y,101,48.43390420605997,True,12,4,5,0.9999922457757673,True,0.9999811174277631,M7l,0.8122495730307776,k3r,True,False,4,"3,6,9,12",1.0
aff15_wu_m128_seed4,15,y,102,0.00014775200527092526,True,12,4,5,0.8484072069696414,False,0.7397134835865389,M13l,0.6894336455509863,k3r,False,False,0,,1.0
aff15_wu_m128_seed4,15,y,103,262.07837225938556,True,6,1,0,0.9999909357155352,True,2.3298945766518903e-06,M3r,2.515130382377975e-06,k3r,False,False,0,,1.0
aff15_wu_m128_seed4,15,y,104,0.00024250671620102183,True,8,2,3,0.4152892277192497,False,0.606287449916921,M2l,0.4152910409320712,k5l,False,False,0,,1.0
aff15_wu_m128_seed4,15,y,105,0.0005560656821683122,True,12,4,5,0.8256256910680521,False,0.6859418978100701,M13l,0.7812342459276899,k6l,False,False,0,,1.0
aff15_wu_m128_seed4,15,y,106,31.0859664253053,True,12,4,5,0.9999861862908533,True,0.9999734110150972,M1l,0.8125859243659836,k3r,True,False,4,"3,6,9,12",1.0
aff15_wu_m128_seed4,15,y,107,488.27313211333734,True,12,4,5,0.9999949950069854,True,0.9999946345373746,M9l,0.8123597773219078,k3r,True,False,4,"3,6,9,12",1.0
aff15_wu_m128_seed4,15,y,108,43.48693788864095,True,12,4,5,0.999982328550151,True,0.9999916838986267,M4l,0.8123600434235708,k3r,True,False,4,"3,6,9,12",1.0
aff15_wu_m128_seed4,15,y,109,1135.0074983877184,True,8,2,3,0.9999917507567889,True,0.9999926374096093,M8l,0.9999924764757285,k5l,True,True,0,,1.0
aff15_wu_m128_seed4,15,y,110,0.00028399172417751937,True,12,4,5,0.5329386058735668,False,0.6946585802479832,M14l,0.49702007923861663,k6l,False,False,0,,1.0
aff15_wu_m128_seed4,15,y,111,256.88708106471177,True,1,1,0,0.9999874209000043,True,3.873646219378434e-06,M0l,3.9890785775123696e-06,k3r,False,False,0,,1.0
aff15_wu_m128_seed4,15,y,112,0.0002286610492441629,True,12,4,5,0.6131909179939978,False,0.6665864928215746,M7l,0.5913784359397359,k6l,False,False,0,,1.0
aff15_wu_m128_seed4,15,y,113,32.767531947940824,True,12,4,5,0.9999791559931881,True,0.9999910821700382,M11l,0.8125789512457652,k3r,True,False,4,"3,6,9,12",1.0
aff15_wu_m128_seed4,15,y,114,36.59949323898117,True,12,4,5,0.9999876239871401,True,0.999990085659681,M9l,0.8123498906734751,k3r,True,False,4,"3,6,9,12",1.0
aff15_wu_m128_seed4,15,y,115,0.002433451816855006,True,12,4,5,0.9298306825034688,True,0.730075649869553,M1l,0.7813171359267372,k3l,False,False,4,"3,6,9,12",1.0
aff15_wu_m128_seed4,15,y,116,0.0001340858680762557,True,12,4,5,0.847498064785479,False,0.5687900990464659,M9l,0.7456777341261723,k6l,False,False,0,,1.0
aff15_wu_m128_seed4,15,y,117,484.5384686550561,True,12,4,5,0.9999947927677212,True,0.9999954724967225,M12l,0.8122340599227685,k3r,True,False,4,"3,6,9,12",1.0
aff15_wu_m128_seed4,15,y,118,264.2906512959116,True,1,1,0,0.999988622545217,True,3.904960897382481e-06,M0l,4.053885008797802e-06,k3r,False,False,0,,1.0
aff15_wu_m128_seed4,15,y,119,0.0020385481236878523,True,12,4,5,0.9527742363663712,True,0.7980491040591783,M0l,0.7739423026902017,k3r,False,False,4,"3,6,9,12",1.0
aff15_wu_m128_seed4,15,y,120,490.4819896544908,True,12,4,5,0.9999950957029207,True,0.9999945483119155,M8l,0.8122095636100294,k3r,True,False,4,"3,6,9,12",1.0
aff15_wu_m128_seed4,15,y,121,36.13258737377887,True,12,4,5,0.9999874493942658,True,0.9999815055046722,M13l,0.8122117622631154,k3r,True,False,4,"3,6,9,12",1.0
aff15_wu_m128_seed4,15,y,122,264.024601903675,True,6,1,0,0.9999918896049257,True,2.341609622443581e-06,M2l,1.988990677177337e-06,k3r,False,False,0,,1.0
aff15_wu_m128_seed4,15,y,123,0.00025897626401959526,True,12,4,5,0.6125842392934037,False,0.41925621946757546,M1r,0.6069522691681991,k3l,False,False,0,,1.0
aff15_wu_m128_seed4,15,y,124,39.88944636221983,True,12,4,5,0.9999858010486713,True,0.9999883115045021,M2l,0.8122302106029484,k3r,True,False,4,"3,6,9,12",1.0
aff15_wu_m128_seed4,15,y,125,44.93834457865796,True,12,4,5,0.9999862596467141,True,0.9999851980604837,M14l,0.8123438501534844,k3r,True,False,4,"3,6,9,12",1.0
aff15_wu_m128_seed4,15,y,126,0.000864513692863823,True,12,4,5,0.9597506996163689,True,0.5425578796836085,M6r,0.8704942501625569,k6l,False,False,4,"3,6,9,12",1.0
aff15_wu_m128_seed4,15,y,127,0.00016695882756959877,True,12,4,5,0.8121470949839342,False,0.6834444502490262,M5l,0.7180829578572372,k3l,False,False,0,,1.0
aff15_wu_m128_seed5,15,x,0,307.9322060188636,True,13,4,0,0.992810202199418,True,1.9208204473086262e-06,M8r,0.5112902181392069,k3l,False,False,0,,1.0
aff15_wu_m128_seed5,15,x,1,0.00042027295531370284,True,13,4,0,0.8173974272754037,False,0.06713792462453912,M6r,0.8128433435821834,k6r,False,False,0,,1.0
aff15_wu_m128_seed5,15,x,2,0.008745737051558938,True,13,4,0,0.9841866421697554,True,0.010031733683701383,M14r,0.6928238259352738,k6r,False,False,0,,1.0
aff15_wu_m128_seed5,15,x,3,3.135493222047018e-05,True,13,4,0,0.588502861964268,False,0.010669578990075644,M9r,0.513544452170668,k3r,False,False,0,,1.0
aff15_wu_m128_seed5,15,x,4,311.1464747645212,True,13,4,0,0.9946170199774815,True,2.78534924471581e-06,M4r,0.5120752566187162,k3l,False,False,0,,1.0
aff15_wu_m128_seed5,15,x,5,17.27594793023367,True,13,4,0,0.9928094013017044,True,7.660071222710268e-06,M6r,0.5113845963525154,k3l,False,False,0,,1.0
aff15_wu_m128_seed5,15,x,6,319.14458108623955,True,13,4,0,0.9940237053245896,True,2.595607454317415e-06,M6r,0.5120177932947735,k3l,False,False,0,,1.0
aff15_wu_m128_seed5,15,x,7,305.1060384683514,True,13,4,0,0.9918248474976745,True,1.2468284428981011e-06,M8r,0.510782184376528,k3l,False,False,0,,1.0
aff15_wu_m128_seed5,15,x,8,5.975618112229724e-05,True,13,4,0,0.8767331301011789,False,0.049807497169833834,M14r,0.5392355515502314,k3r,False,False,0,,1.0
aff15_wu_m128_seed5,15,x,9,10.056730336163639,True,13,4,0,0.9922726663520737,True,1.9697306749636774e-05,M4r,0.5111813871859462,k3l,False,False,0,,1.0
aff15_wu_m128_seed5,15,x,10,318.40268139740726,True,13,4,0,0.9949147156202125,True,2.2108194089194494e-06,M6r,0.5124801247575809,k3l,False,False,0,,1.0
aff15_wu_m128_seed5,15,x,11,0.0002639495767996566,True,13,4,0,0.6128796162314598,False,0.2657859138389681,M7r,0.380485432386145,k3r,False,False,0,,1.0
aff15_wu_m128_seed5,15,x,12,0.0012368166908470755,True,13,4,0,0.827973143403628,False,0.016882049675555587,M13r,0.5392843769195622,k3r,False,False,0,,1.0
aff15_wu_m128_seed5,15,x,13,445.2192398082788,True,1,1,0,0.9999925103591542,True,1.9174645161260896e-06,M11r,2.30546055470999e-06,k5l,False,False,0,,1.0
aff15_wu_m128_seed5,15,x,14,309.1867117169289,True,13,4,0,0.9921168272960391,True,2.787583841524335e-06,M2r,0.5110278453836997,k3l,False,False,0,,1.0
aff15_wu_m128_seed5,15,x,15,317.26318551669675,True,13,4,0,0.9940628631223652,True,1.3862788859587502e-06,M13r,0.5121453788902613,k3l,False,False,0,,1.0
aff15_wu_m128_seed5,15,x,16,95.26758780240074,True,13,4,0,0.9935625691666164,True,1.5748787786591823e-06,M8r,0.5116762313959152,k3l,False,False,0,,1.0
aff15_wu_m128_seed5,15,x,17,754.2916488423588,True,8,2,3,0.9999900400736116,True,0.9999909210289063,M0r,0.9999909247344133,k5l,True,True,0,,1.0
aff15_wu_m128_seed5,15,x,18,8.623298062990018e-05,True,13,4,0,0.6568392099252159,False,0.17943660755184343,M6r,0.4641004425237319,k6r,False,False,0,,1.0
aff15_wu_m128_seed5,15,x,19,9.337227598402544e-05,True,13,4,0,0.4741261142704328,False,0.1661512831058928,M7r,0.32717873725482566,k3r,False,False,0,,1.0
aff15_wu_m128_seed5,15,x,20,306.0349098656892,True,13,4,0,0.9924735567750859,True,5.182174395754482e-06,M13r,0.5113299808490143,k3l,False,False,0,,1.0
aff15_wu_m128_seed5,15,x,21,2.9284219317520545e-05,True,13,4,0,0.6546812232523411,False,0.024416155330043782,M0r,0.5224019666699953,k6r,False,False,0,,1.0
aff15_wu_m128_seed5,15,x,22,0.00027986094047203125,True,13,4,0,0.9610035006978391,True,0.02137562571180553,M6r,0.5775091423249531,k3r,False,False,0,,1.0
aff15_wu_m128_seed5,15,x,23,318.45593593909916,True,13,4,0,0.9917136889000591,True,2.703464812363681e-06,M6r,0.5107223754284315,k3l,False,False,0,,1.0
aff15_wu_m128_seed5,15,x,24,0.00029902761916865596,True,13,4,0,0.7255351589595772,False,0.23992999600356552,M0r,0.6828178564723455,k6r,False,False,0,,1.0
aff15_wu_m128_seed5,15,x,25,0.0017738923369624417,True,13,4,0,0.8464626820793583,False,0.09238125939988193,M4r,0.5016889479908664,k3r,False,False,0,,1.0
aff15_wu_m128_seed5,15,x,26,202.40120399934315,True,3,1,0,0.4999921154481553,False,4.5879832034872965e-06,M8r,4.042174236580427e-06,k5r,False,False,0,,1.0
aff15_wu_m128_seed5,15,x,27,314.9286379267988,True,13,4,0,0.9943409814485612,True,1.1062974327719658e-06,M4r,0.5119285272097348,k3l,False,False,0,,1.0
aff15_wu_m128_seed5,15,x,28,188.51705285472914,True,3,1,0,0.4999933011583615,False,3.310036449515813e-06,M9r,3.5117370365952243e-06,k1r,False,False,0,,1.0
aff15_wu_m128_seed5,15,x,29,406.1412006721933,True,8,2,3,0.999990097353012,True,0.9999902729795206,M13r,0.9999912184774681,k5r,True,True,0,,1.0
aff15_wu_m128_seed5,15,x,30,313.4836335417341,True,13,4,0,0.9949367085514615,True,3.553265388788848e-06,M4r,0.5125641849424696,k3l,False,False,0,,1.0
aff15_wu_m128_seed5,15,x,31,321.5700610537057,True,13,4,0,0.9942992729446383,True,1.4956686435594147e-06,M8r,0.5120547882213566,k3l,False,False,0,,1.0
aff15_wu_m128_seed5,15,x,32,0.00015232603227806425,True,13,4,0,0.5338235772231396,False,0.29677622774932233,M5r,0.42491770252894573,k6r,False,False,0,,1.0
aff15_wu_m128_seed5,15,x,33,206.28819562465605,True,2,1,0,0.48408966631990535,False,2.810858949622439e-06,M12r,5.06142947178221e-06,k3r,False,False,0,,1.0
aff15_wu_m128_seed5,15,x,34,309.1408490264003,True,13,4,0,0.993370743310035,True,1.541367371573837e-06,M13r,0.5117920432844286,k3l,False,False,0,,1.0
aff15_wu_m128_seed5,15,x,35,748.8623371632045,True,8,2,3,0.9999871954216961,True,0.9999881531498575,M13r,0.9999883105667292,k5l,True,True,0,,1.0
aff15_wu_m128_seed5,15,x,36,313.3538310627263,True,13,4,0,0.9896100403468342,True,1.1996070290118387e-06,M6r,0.509634167933062,k3l,False,False,0,,1.0
aff15_wu_m128_seed5,15,x,37,311.26785472204756,True,13,4,0,0.9915098618003404,True,3.50563131951683e-06,M2r,0.5107982648395923,k3l,False,False,0,,1.0
aff15_wu_m128_seed5,15,x,38,299.5233233208301,True,13,4,0,0.994062431875111,True,1.7551514381471152e-06,M14r,0.5117857046367282,k3l,False,False,0,,1.0
aff15_wu_m128_seed5,15,x,39,9.798383495507982,True,13,4,0,0.9896771334063166,True,3.0004244784797516e-06,M6r,0.5099018833684422,k3l,False,False,0,,1.0
aff15_wu_m128_seed5,15,x,40,0.0001823225706433628,True,13,4,0,0.6567576922272111,False,0.2850730315976386,M7r,0.6162113857109355,k3r,False,False,0,,1.0
aff15_wu_m128_seed5,15,x,41,308.809945813834,True,13,4,0,0.9917185957342426,True,3.3539664636141196e-06,M14r,0.5105811720698813,k3l,False,False,0,,1.0
aff15_wu_m128_seed5,15,x,42,5.499631690998568e-05,True,13,4,0,0.645217778652835,False,0.19142364288609776,M3r,0.5839021323875111,k3r,False,False,0,,1.0
aff15_wu_m128_seed5,15,x,43,0.00255990260713387,True,13,4,0,0.8694693848190183,False,0.06959834387299872,M6r,0.4478802463067558,k3l,False,False,0,,1.0
aff15_wu_m128_seed5,15,x,44,0.0028454563005840075,True,13,4,0,0.9600794373164349,True,0.028106526179953094,M12r,0.5996915471366651,k3r,False,False,0,,1.0
aff15_wu_m128_seed5,15,x,45,304.1073488517065,True,13,4,0,0.9949140629525403,True,1.5245020409440978e-06,M4r,0.5125561342364973,k3l,False,False,0,,1.0
aff15_wu_m128_seed5,15,x,46,11.572435592374328,True,13,4,0,0.9894298426079303,True,2.7632263690984964e-05,M6r,0.5095344058002862,k3l,False,False,0,,1.0
aff15_wu_m128_seed5,15,x,47,314.83811149564457,True,13,4,0,0.9927240003249972,True,1.3432568376087568e-06,M13r,0.5114628484923323,k3l,False,False,0,,1.0
aff15_wu_m128_seed5,15,x,48,458.64806082082066,True,1,1,0,0.9999937267162051,True,1.4542759426205128e-06,M13l,1.5618854506388945e-06,k5l,False,False,0,,1.0
aff15_wu_m128_seed5,15,x,49,8.581386379956478e-05,True,13,4,0,0.6994477840171511,False,0.20769056271419334,M3r,0.39439889060516886,k3r,False,False,0,,1.0
aff15_wu_m128_seed5,15,x,50,322.5858701167211,True,13,4,0,0.9916465885936082,True,4.052646805965868e-06,M10r,0.5107856659379795,k3l,False,False,0,,1.0
aff15_wu_m128_seed5,15,x,51,315.8469306366204,True,13,4,0,0.9952013065878784,True,1.184644987759363e-06,M8r,0.5125260040785802,k3l,False,False,0,,1.0
aff15_wu_m128_seed5,15,x,52,308.0998153754328,True,13,4,0,0.9950528134755668,True,1.4322331875067078e-06,M4r,0.5126250576311913,k3l,False,False,0,,1.0
aff15_wu_m128_seed5,15,x,53,14.911568497322126,True,13,4,0,0.9849609947770355,True,2.7998238698195983e-05,M8r,0.5072277103574958,k3l,False,False,0,,1.0
aff15_wu_m128_seed5,15,x,54,303.27090575039745,True,13,4,0,0.994945145496704,True,1.6793099499761033e-06,M6r,0.5124888500040553,k3l,False,False,0,,1.0
aff15_wu_m128_seed5,15,x,55,1.651507929063125e-05,True,13,4,0,0.7216705826491593,False,0.09509227830732984,M7r,0.6850977987951227,k6r,False,False,0,,1.0
aff15_wu_m128_seed5,15,x,56,308.17867664628466,True,13,4,0,0.9940503153685225,True,2.596239985219464e-06,M0l,0.5119193261728191,k3l,False,False,0,,1.0
aff15_wu_m128_seed5,15,x,57,10.808555983961433,True,13,4,0,0.9944037329523931,True,7.589427538733917e-06,M10r,0.5121970159725047,k3l,False,False,0,,1.0
aff15_wu_m128_seed5,15,x,58,207.03109685905778,True,13,4,0,0.9936550123480521,True,1.1701373977058252e-06,M8r,0.5117306773052029,k3l,False,False,0,,1.0
aff15_wu_m128_seed5,15,x,59,311.06995089509894,True,13,4,0,0.9946951916517723,True,1.1855790103062359e-06,M1l,0.5124413682300616,k3l,False,False,0,,1.0
aff15_wu_m128_seed5,15,x,60,309.2738785538784,True,13,4,0,0.9932607521701254,True,4.098589831762234e-06,M0l,0.511696917173309,k3l,False,False,0,,1.0
aff15_wu_m128_seed5,15,x,61,149.63295639139128,True,8,2,3,0.9999831897539239,True,0.9999844506540306,M5r,0.9999837069366844,k5r,True,True,0,,1.0
aff15_wu_m128_seed5,15,x,62,310.55331288564525,True,13,4,0,0.9922428673481218,True,1.4325580742211148e-06,M14r,0.510854519917795,k3l,False,False,0,,1.0
aff15_wu_m128_seed5,15,x,63,0.0015340304800394778,True,13,4,0,0.629135490780358,False,0.28500832913558805,M6r,0.45321920575769054,k6r,False,False,0,,1.0
aff15_wu_m128_seed5,15,x,64,0.00013354034155801418,True,13,4,0,0.5648485966098802,False,0.1829589109046875,M13r,0.29119085390963473,k3l,False,False,0,,1.0
aff15_wu_m128_seed5,15,x,65,448.9509009057197,True,1,1,0,0.9999935143651998,True,8.382587275421226e-07,M13l,1.5795084648388767e-06,k6r,False,False,0,,1.0
aff15_wu_m128_seed5,15,x,66,337.15326781768556,True,2,1,0,0.48408970077937097,False,2.9559231251391504e-06,M3l,5.676115152494949e-06,k3r,False,False,0,,1.0
aff15_wu_m128_seed5,15,x,67,305.4692688135977,True,13,4,0,0.9942051581214644,True,1.435686428982102e-06,M9r,0.5118589113558526,k3l,False,False,0,,1.0
aff15_wu_m128_seed5,15,x,68,300.3687467016289,True,13,4,0,0.9942735831872968,True,3.2037479973270715e-06,M13r,0.512254723432313,k3l,False,False,0,,1.0
aff15_wu_m128_seed5,15,x,69,9.437506471852671e-05,True,13,4,0,0.8804282258894303,False,0.08097632592434627,M10r,0.5249378842446969,k3r,False,False,0,,1.0
aff15_wu_m128_seed5,15,x,70,307.29763688899044,True,13,4,0,0.9923480972687858,True,3.2469078751213337e-06,M2r,0.51123079673943,k3l,False,False,0,,1.0
aff15_wu_m128_seed5,15,x,71,0.00028750733183406733,True,13,4,0,0.63702427503232,False,0.13107431120155988,M8r,0.5427896992608635,k3r,False,False,0,,1.0
aff15_wu_m128_seed5,15,x,72,309.3335698680466,True,13,4,0,0.9925494893241664,True,4.7054981207117915e-06,M4r,0.5110110286854288,k3l,False,False,0,,1.0
aff15_wu_m128_seed5,15,x,73,0.0018044471052677813,True,13,4,0,0.8869429637734338,False,0.03432849732135388,M7r,0.8272993792023412,k3r,False,False,0,,1.0
aff15_wu_m128_seed5,15,x,74,0.0021575863844997957,True,13,4,0,0.8724397431950877,False,0.08469273531005837,M12r,0.50097059477044,k3r,False,False,0,,1.0
aff15_wu_m128_seed5,15,x,75,0.0005275694731611527,True,13,4,0,0.9062610653183566,True,0.03251513123435546,M8r,0.5584954358118416,k6r,False,False,0,,1.0
aff15_wu_m128_seed5,15,x,76,129.38218831797795,True,2,1,0,0.4840881736917266,False,2.7473507719226137e-06,M3l,6.277242138338323e-06,k3r,False,False,0,,1.0
aff15_wu_m128_seed5,15,x,77,303.3937744587265,True,13,4,0,0.9946240692577205,True,4.751706466408564e-06,M6r,0.5123264462114828,k3l,False,False,0,,1.0
aff15_wu_m128_seed5,15,x,78,2.1543461855845842e-05,True,13,4,0,0.8180975270254945,False,0.001870173269452999,M3r,0.5162695545317311,k6r,False,False,0,,1.0
aff15_wu_m128_seed5,15,x,79,0.00013386589647734477,True,13,4,0,0.620597886783017,False,0.06462540989671398,M11r,0.5940953527337117,k6r,False,False,0,,1.0
aff15_wu_m128_seed5,15,x,80,0.00693263547751437,True,13,4,0,0.9300564912072937,True,0.05559443471648006,M13r,0.7835454160792873,k3r,False,False,0,,1.0
aff15_wu_m128_seed5,15,x,81,316.91546920269843,True,13,4,0,0.9927907522709308,True,1.6564285582620525e-06,M13r,0.5114953552183821,k3l,False,False,0,,1.0
aff15_wu_m128_seed5,15,x,82,10.385231213167826,True,13,4,0,0.9944855563124115,True,2.165736341349808e-05,M14r,0.5119993056417977,k3l,False,False,0,,1.0
aff15_wu_m128_seed5,15,x,83,314.554050788595,True,13,4,0,0.9912632431792058,True,3.001596651638928e-06,M6r,0.5105969476791224,k3l,False,False,0,,1.0
aff15_wu_m128_seed5,15,x,84,310.45889029012704,True,13,4,0,0.9941154012719898,True,1.6639786866837e-06,M8r,0.5119638227629123,k3l,False,False,0,,1.0
aff15_wu_m128_seed5,15,x,85,755.0539242422967,True,8,2,3,0.999988425101931,True,0.9999890668142707,M13r,0.999989539830536,k5l,True,True,0,,1.0
aff15_wu_m128_seed5,15,x,86,746.7767516883148,True,8,2,3,0.9999916464517186,True,0.9999920015585461,M0r,0.999992533607131,k5l,True,True,0,,1.0
aff15_wu_m128_seed5,15,x,87,751.0658153454531,True,8,2,3,0.9999897274219072,True,0.9999900866664074,M5r,0.9999902485380477,k5r,True,True,0,,1.0
aff15_wu_m128_seed5,15,x,88,189.02146464669127,True,3,1,0,0.4999926186323054,False,3.423665746046119e-06,M6l,3.51335796341777e-06,k1r,False,False,0,,1.0
aff15_wu_m128_seed5,15,x,89,741.3876676658177,True,8,2,3,0.9999924331657586,True,0.9999932498475558,M0r,0.9999933189115442,k5l,True,True,0,,1.0
aff15_wu_m128_seed5,15,x,90,313.84489849631274,True,13,4,0,0.9949502240379515,True,1.8647285997932688e-06,M4r,0.5122436721324424,k3l,False,False,0,,1.0
aff15_wu_m128_seed5,15,x,91,310.61887706845056,True,13,4,0,0.9942368526271268,True,1.7082307988459383e-06,M2r,0.5122048088729698,k3l,False,False,0,,1.0
aff15_wu_m128_seed5,15,x,92,3.359637338760268e-05,True,13,4,0,0.37451274159056674,False,0.20049197581742664,M8r,0.26005547583524563,k3r,False,False,0,,1.0
aff15_wu_m128_seed5,15,x,93,0.00014966565857883881,True,13,4,0,0.6507071703978942,False,0.01877878369225155,M13r,0.49632095350206096,k6r,False,False,0,,1.0
aff15_wu_m128_seed5,15,x,94,0.0003283725783115951,True,13,4,0,0.895258389193147,False,0.08032506554434787,M12r,0.7705214044122148,k6r,False,False,0,,1.0
aff15_wu_m128_seed5,15,x,95,317.25520789554,True,13,4,0,0.9943678213197154,True,6.439535891609914e-06,M13r,0.5123043958233663,k3l,False,False,0,,1.0
aff15_wu_m128_seed5,15,x,96,297.94303849033815,True,13,4,0,0.9948561912445145,True,1.3489671840431994e-06,M13r,0.5125468328000925,k3l,False,False,0,,1.0
aff15_wu_m128_seed5,15,x,97,745.3977003397652,True,8,2,3,0.9999887252079326,True,0.9999861604107743,M5r,0.9999892502320515,k5l,True,True,0,,1.0
aff15_wu_m128_seed5,15,x,98,350.9621763003286,True,8,2,3,0.9999886406347942,True,0.9999888987944975,M13r,0.9999897623256798,k5l,True,True,0,,1.0
aff15_wu_m128_seed5,15,x,99,5.314290892737483e-05,True,13,4,0,0.8801008755483678,False,0.035215392284957646,M7r,0.452558377943906,k3l,False,False,0,,1.0
aff15_wu_m128_seed5,15,x,100,0.0012583799125355415,True,13,4,0,0.7906497222166662,False,0.025254436704631657,M12r,0.5220908029827301,k6r,False,False,0,,1.0
aff15_wu_m128_seed5,15,x,101,5.408767633165519e-05,True,13,4,0,0.5407092041521318,False,0.11644706568094101,M11r,0.49622993838714463,k6r,False,False,0,,1.0
aff15_wu_m128_seed5,15,x,102,318.5172599104326,True,13,4,0,0.9941464289748542,True,3.3618947680232896e-06,M2r,0.5121522910963574,k3l,False,False,0,,1.0
aff15_wu_m128_seed5,15,x,103,0.0005557770886471368,True,13,4,0,0.8556816146724325,False,0.05743689870187141,M11r,0.6040247742993302,k3r,False,False,0,,1.0
aff15_wu_m128_seed5,15,x,104,0.00020298379880093827,True,8,2,3,0.7469762795349985,False,0.7398276833236446,M6r,0.7469790187414799,k5r,False,False,0,,1.0
aff15_wu_m128_seed5,15,x,105,0.00012227322842962705,True,13,4,0,0.513390744286367,False,0.23142522651864428,M0r,0.45066643116615285,k6r,False,False,0,,1.0
aff15_wu_m128_seed5,15,x,106,0.0005726245565193578,True,13,4,0,0.7200066331330126,False,0.22765284385524162,M9r,0.4452088975747668,k3r,False,False,0,,1.0
aff15_wu_m128_seed5,15,x,107,0.00046383375693628647,True,13,4,0,0.8556501123563656,False,0.02023629498323352,M6r,0.6257926168179015,k6r,False,False,0,,1.0
aff15_wu_m128_seed5,15,x,108,10.641736599909324,True,13,4,0,0.994775155505763,True,2.6072965148793057e-05,M6r,0.5125018498697645,k3l,False,False,0,,1.0
aff15_wu_m128_seed5,15,x,109,0.00015895607584588564,True,13,4,0,0.9113328519798733,True,0.05195764776105194,M8r,0.5332413978062952,k6r,False,False,0,,1.0
aff15_wu_m128_seed5,15,x,110,19.011524159456183,True,13,4,0,0.9878253809223554,True,1.8664817388057777e-06,M2r,0.5088325781369514,k3l,False,False,0,,1.0
aff15_wu_m128_seed5,15,x,111,321.17826860773044,True,13,4,0,0.9931994948943336,True,4.601808837534738e-06,M4r,0.5116672303660083,k3l,False,False,0,,1.0
aff15_wu_m128_seed5,15,x,112,299.5788867202107,True,13,4,0,0.9949188941736715,True,5.290722629839414e-06,M2r,0.5124829341886029,k3l,False,False,0,,1.0
aff15_wu_m128_seed5,15,x,113,597.4598145408835,True,8,2,3,0.9999886703310549,True,0.9999886871094227,M5r,0.9999891904899905,k5r,True,True,0,,1.0
aff15_wu_m128_seed5,15,x,114,313.4494267027203,True,13,4,0,0.9944662893558561,True,1.1948207407681194e-06,M8r,0.5121469695647959,k3l,False,False,0,,1.0
aff15_wu_m128_seed5,15,x,115,3.099795403556725e-05,True,13,4,0,0.696531245490918,False,0.02768139289821782,M8r,0.520832676227523,k6r,False,False,0,,1.0
aff15_wu_m128_seed5,15,x,116,26.74645865129782,True,13,4,0,0.9936048428308734,True,2.6840558367517415e-06,M8r,0.5119357901610306,k3l,False,False,0,,1.0
aff15_wu_m128_seed5,15,x,117,317.5059574997127,True,13,4,0,0.9949779744795064,True,3.5065871929617646e-06,M6r,0.512510346883896,k3l,False,False,0,,1.0
aff15_wu_m128_seed5,15,x,118,19.137592660611897,True,13,4,0,0.9884214472548079,True,1.6274007042242315e-05,M6r,0.5091117175587007,k3l,False,False,0,,1.0
aff15_wu_m128_seed5,15,x,119,451.65001107065393,True,1,1,0,0.9999909767644599,True,2.686620819679201e-06,M11r,2.8143660601136797e-06,k5l,False,False,0,,1.0
aff15_wu_m128_seed5,15,x,120,322.7957818971776,True,13,4,0,0.9949605195050878,True,1.1208744452056034e-06,M14r,0.5122482216001415,k3l,False,False,0,,1.0
aff15_wu_m128_seed5,15,x,121,3.6824632098519725,True,13,4,0,0.9934734927692643,True,3.674078927915627e-05,M14r,0.5114722989215528,k3l,False,False,0,,1.0
aff15_wu_m128_seed5,15,x,122,308.39944760486077,True,13,4,0,0.9885938373582775,True,5.3694135323022275e-06,M13r,0.5093342346376887,k3l,False,False,0,,1.0
aff15_wu_m128_seed5,15,x,123,0.0010605044078099081,True,13,4,0,0.6813868032661263,False,0.2672600309829199,M8r,0.6297951582673733,k6r,False,False,0,,1.0
aff15_wu_m128_seed5,15,x,124,317.63889248036213,True,13,4,0,0.993999348922362,True,3.870758364240549e-06,M8r,0.5121190335394603,k3l,False,False,0,,1.0
aff15_wu_m128_seed5,15,x,125,194.37316256703485,True,3,1,0,0.4999886894873077,False,5.8581340627807755e-06,M8r,6.851264567959183e-06,k3r,False,False,0,,1.0
aff15_wu_m128_seed5,15,x,126,305.21956635772517,True,13,4,0,0.9924660803650421,True,6.374048862729239e-06,M0l,0.5112106654579924,k3l,False,False,0,,1.0
aff15_wu_m128_seed5,15,x,127,309.3056007667957,True,13,4,0,0.9948555183916448,True,1.718681644391873e-06,M4r,0.5121952757419108,k3l,False,False,0,,1.0
aff15_wu_m128_seed5,15,y,0,308.5574924036922,True,13,4,0,0.9929366890079161,True,1.8375217731591084e-06,M3l,0.5117619033751604,k3r,False,False,0,,1.0
aff15_wu_m128_seed5,15,y,1,0.0004184432733331427,True,13,4,0,0.7597350917827448,False,0.11017732010135683,M9l,0.5696103107201748,k3l,False,False,0,,1.0
aff15_wu_m128_seed5,15,y,2,0.002471117198441332,True,13,4,0,0.8878324949164501,False,0.07070053881768268,M3l,0.6580044481017933,k3l,False,False,0,,1.0
aff15_wu_m128_seed5,15,y,3,8.096022714744557e-05,True,13,4,0,0.4654796979937669,False,0.30722459503778204,M12l,0.32454665325935916,k5l,False,False,0,,1.0
aff15_wu_m128_seed5,15,y,4,313.59301360997443,True,13,4,0,0.9946719624235363,True,1.954766134029543e-06,M5l,0.5123588793196512,k3r,False,False,0,,1.0
aff15_wu_m128_seed5,15,y,5,17.085777234947734,True,13,4,0,0.9943438129242905,True,5.228920480841688e-06,M3l,0.512592918445552,k3r,False,False,0,,1.0
aff15_wu_m128_seed5,15,y,6,321.8864615422928,True,13,4,0,0.9944356235922086,True,2.1667943431600237e-06,M12l,0.5122436619146374,k3r,False,False,0,,1.0
aff15_wu_m128_seed5,15,y,7,306.9067241916409,True,13,4,0,0.9915061881872277,True,2.1905493817114843e-06,M5l,0.5107329611335072,k3r,False,False,0,,1.0
aff15_wu_m128_seed5,15,y,8,6.249259068191039e-05,True,13,4,0,0.8078900249237468,False,0.1243695236072322,M5l,0.5054100895665666,k3l,False,False,0,,1.0
aff15_wu_m128_seed5,15,y,9,9.717957074126895,True,13,4,0,0.9908622619136898,True,4.547921140559809e-06,M3r,0.5107631769657139,k3r,False,False,0,,1.0
aff15_wu_m128_seed5,15,y,10,321.9194454280182,True,13,4,0,0.9950964016287198,True,6.937522835608054e-07,M13r,0.5129553188895508,k3r,False,False,0,,1.0
aff15_wu_m128_seed5,15,y,11,0.00037942803676702813,True,13,4,0,0.624108582582636,False,0.07690974726066276,M8l,0.36839571276403127,k3l,False,False,0,,1.0
aff15_wu_m128_seed5,15,y,12,0.0016609031415282822,True,13,4,0,0.944136521289984,True,0.024541021116271378,M0l,0.790760826514707,k6l,False,False,0,,1.0
aff15_wu_m128_seed5,15,y,13,443.93413830717435,True,1,1,0,0.999986550109069,True,3.3248504365364843e-06,M5l,3.84249551402273e-06,k5l,False,False,0,,1.0
aff15_wu_m128_seed5,15,y,14,311.91048412350176,True,13,4,0,0.9921066613235164,True,6.870306115763903e-06,M12l,0.5110399818945108,k3r,False,False,0,,1.0
aff15_wu_m128_seed5,15,y,15,318.596012883916,True,13,4,0,0.9943422969518158,True,2.6995791645285293e-06,M3l,0.512485169853219,k3r,False,False,0,,1.0
aff15_wu_m128_seed5,15,y,16,95.62313523138543,True,13,4,0,0.9939924198011023,True,2.1677412878377355e-06,M3l,0.512385822662601,k3r,False,False,0,,1.0
aff15_wu_m128_seed5,15,y,17,753.4590626995553,True,8,2,3,0.9999879237613482,True,0.9999895153476374,M0l,0.9999890201856105,k5l,True,True,0,,1.0
aff15_wu_m128_seed5,15,y,18,0.00028307464565367676,True,13,4,0,0.8901301274110512,False,0.0452827979125537,M4l,0.785382664667769,k3l,False,False,0,,1.0
aff15_wu_m128_seed5,15,y,19,0.0003883264962498394,True,13,4,0,0.9073730970333526,True,0.05623410595057608,M9l,0.8610434046340123,k6l,False,False,0,,1.0
aff15_wu_m128_seed5,15,y,20,309.05615164630876,True,13,4,0,0.9930155964257235,True,7.522761494742532e-07,M6r,0.5118710123038371,k3r,False,False,0,,1.0
aff15_wu_m128_seed5,15,y,21,1.8447571923776043e-05,True,13,4,0,0.774998744270494,False,0.08875349556315845,M7l,0.698898543656924,k6l,False,False,0,,1.0
aff15_wu_m128_seed5,15,y,22,0.00018193170658903812,True,13,4,0,0.7608875958870358,False,0.1251755760912617,M12l,0.6282184128745247,k6l,False,False,0,,1.0
aff15_wu_m128_seed5,15,y,23,320.98343621230174,True,13,4,0,0.9913784305251768,True,2.3484609138021576e-06,M9l,0.5108536091022633,k3r,False,False,0,,1.0
aff15_wu_m128_seed5,15,y,24,0.0003269275754325625,True,13,4,0,0.49266081699352354,False,0.028573911234437633,M8l,0.273277476662195,k3l,False,False,0,,1.0
aff15_wu_m128_seed5,15,y,25,0.0006518024929584711,True,13,4,0,0.8173712631335405,False,0.061041832567417964,M14l,0.43415750034095263,k3l,False,False,0,,1.0
aff15_wu_m128_seed5,15,y,26,201.7297853422724,True,3,1,0,0.49999423040384733,False,3.37737650277087e-06,M13l,3.56854455732452e-06,k5l,False,False,0,,1.0
aff15_wu_m128_seed5,15,y,27,318.8047282313328,True,13,4,0,0.9939321242494097,True,3.944147232848738e-06,M7r,0.5121838193456362,k3r,False,False,0,,1.0
aff15_wu_m128_seed5,15,y,28,188.32624405340994,True,3,1,0,0.49999393339849574,False,2.1629460395177196e-06,M13l,2.5374701896422945e-06,k5l,False,False,0,,1.0
aff15_wu_m128_seed5,15,y,29,406.07809636545585,True,8,2,3,0.9999876087578058,True,0.9999889189924802,M0l,0.9999887088112409,k5r,True,True,0,,1.0
aff15_wu_m128_seed5,15,y,30,316.0751115781092,True,13,4,0,0.9948056124729072,True,1.951016344351976e-06,M12l,0.5124329215475059,k3r,False,False,0,,1.0
aff15_wu_m128_seed5,15,y,31,322.9983170746615,True,13,4,0,0.9940802749651095,True,1.7419934447687656e-06,M9l,0.5122519700609489,k3r,False,False,0,,1.0
aff15_wu_m128_seed5,15,y,32,0.0001171851291065783,True,1,1,0,0.46752795556963767,False,0.06522290988376903,M5l,0.10417015692268992,k3l,False,False,0,,1.0
aff15_wu_m128_seed5,15,y,33,205.95918360408913,True,2,1,0,0.4840536897988663,False,3.0557898947673225e-06,M7l,8.562914594308239e-06,k3l,False,False,0,,1.0
aff15_wu_m128_seed5,15,y,34,310.867051247239,True,13,4,0,0.9933642088341049,True,1.1649254131578588e-06,M12r,0.5118897945873758,k3r,False,False,0,,1.0
aff15_wu_m128_seed5,15,y,35,744.483732252635,True,8,2,3,0.9999882295422525,True,0.9999891451780403,M5l,0.9999894487953538,k5l,True,True,0,,1.0
aff15_wu_m128_seed5,15,y,36,314.5597016830183,True,13,4,0,0.990067649041346,True,8.195429290516687e-07,M3r,0.5103596251453533,k3r,False,False,0,,1.0
aff15_wu_m128_seed5,15,y,37,313.9162891095127,True,13,4,0,0.9911599454384886,True,5.225364062871264e-06,M9l,0.5107454897527882,k3r,False,False,0,,1.0
aff15_wu_m128_seed5,15,y,38,302.46339773327117,True,13,4,0,0.9940298877535546,True,2.5921531081924845e-06,M3l,0.5124140821891016,k3r,False,False,0,,1.0
aff15_wu_m128_seed5,15,y,39,10.02191617433897,True,13,4,0,0.9881925930641391,True,3.570743837203831e-05,M10l,0.5094203859811038,k3r,False,False,0,,1.0
aff15_wu_m128_seed5,15,y,40,0.0001415860290899191,True,13,4,0,0.4252073631694457,False,0.33039953239312586,M10l,0.3887586104350933,k5r,False,False,0,,1.0
aff15_wu_m128_seed5,15,y,41,312.2248820458034,True,13,4,0,0.9919033690246841,True,5.968322903063112e-07,M13r,0.51130665003488,k3r,False,False,0,,1.0
aff15_wu_m128_seed5,15,y,42,0.0001449525909093674,True,13,4,0,0.8129813374218251,False,0.08760156487488527,M8l,0.6653185484397902,k3l,False,False,0,,1.0
aff15_wu_m128_seed5,15,y,43,0.003313586133251473,True,13,4,0,0.971828947458908,True,0.020731499056188787,M13l,0.8664085936489923,k3l,False,False,0,,1.0
aff15_wu_m128_seed5,15,y,44,0.0010237939020451758,True,13,4,0,0.8798246656881751,False,0.016669242233853628,M4l,0.5342436727807864,k3l,False,False,0,,1.0
aff15_wu_m128_seed5,15,y,45,305.23147648549036,True,13,4,0,0.9948486613045404,True,1.6265046206990421e-06,M6r,0.5128319773702571,k3r,False,False,0,,1.0
aff15_wu_m128_seed5,15,y,46,11.655551223689844,True,13,4,0,0.9918445289542538,True,7.893904190425458e-06,M5l,0.5112081389183086,k3r,False,False,0,,1.0
aff15_wu_m128_seed5,15,y,47,317.72494934618936,True,13,4,0,0.9934691177311235,True,8.869965695144356e-07,M8l,0.512118223066206,k3r,False,False,0,,1.0
aff15_wu_m128_seed5,15,y,48,459.60339472194414,True,1,1,0,0.9999862726218135,True,3.2538283290289446e-06,M6l,5.655302724289164e-06,k6l,False,False,0,,1.0
aff15_wu_m128_seed5,15,y,49,4.514156209038514e-05,True,13,4,0,0.5544747377819967,False,0.20587544359737708,M14l,0.5523775089309756,k6l,False,False,0,,1.0
aff15_wu_m128_seed5,15,y,50,325.27155273443634,True,13,4,0,0.9914986126771823,True,1.585872187961911e-06,M7r,0.5109296056273459,k3r,False,False,0,,1.0
aff15_wu_m128_seed5,15,y,51,318.17486975394974,True,13,4,0,0.9950339530053895,True,6.064554332525194e-06,M12l,0.5125521244485024,k3r,False,False,0,,1.0
aff15_wu_m128_seed5,15,y,52,310.80952335742694,True,13,4,0,0.9947060158698439,True,2.4447589646335634e-06,M12l,0.5123816232967612,k3r,False,False,0,,1.0
aff15_wu_m128_seed5,15,y,53,14.602565221637775,True,13,4,0,0.986486451892957,True,2.8010941745302956e-06,M13l,0.5085047648512915,k3r,False,False,0,,1.0
aff15_wu_m128_seed5,15,y,54,306.6106125359313,True,13,4,0,0.9947989575879743,True,8.972603824274887e-06,M9l,0.5126315982928424,k3r,False,False,0,,1.0
aff15_wu_m128_seed5,15,y,55,5.191789913695976e-05,True,13,4,0,0.6991405765707033,False,0.09320684560145572,M11l,0.4604708869674097,k3l,False,False,0,,1.0
aff15_wu_m128_seed5,15,y,56,309.58045043376814,True,13,4,0,0.9941193920551736,True,1.1422635223514648e-06,M8l,0.512451856918645,k3r,False,False,0,,1.0
aff15_wu_m128_seed5,15,y,57,11.20663850388908,True,13,4,0,0.9938282834476645,True,3.0769631716382305e-05,M11l,0.5121004444302096,k3r,False,False,0,,1.0
aff15_wu_m128_seed5,15,y,58,207.3349489901256,True,13,4,0,0.9939111253671972,True,3.997916424388833e-06,M3l,0.512351149520096,k3r,False,False,0,,1.0
aff15_wu_m128_seed5,15,y,59,313.11077463133574,True,13,4,0,0.9945992663753364,True,3.611122742978597e-06,M5l,0.5126926108450148,k3r,False,False,0,,1.0
aff15_wu_m128_seed5,15,y,60,312.19169579767225,True,13,4,0,0.9932249141752143,True,1.2666696709654255e-06,M10r,0.5119123301804277,k3r,False,False,0,,1.0
aff15_wu_m128_seed5,15,y,61,149.50729079054688,True,8,2,3,0.9999854373645792,True,0.9999869180564678,M5l,0.9999866410697809,k5r,True,True,0,,1.0
aff15_wu_m128_seed5,15,y,62,314.49298234608545,True,13,4,0,0.9922414987308315,True,1.6146308236307393e-06,M5l,0.5114740680020599,k3r,False,False,0,,1.0
aff15_wu_m128_seed5,15,y,63,0.0017064286915931786,True,13,4,0,0.570867949782829,False,0.25934809664055636,M4l,0.36642557000212805,k3l,False,False,0,,1.0
aff15_wu_m128_seed5,15,y,64,0.00041090768745754365,True,13,4,0,0.7024365500371736,False,0.19073032128667328,M14l,0.376096886171625,k3l,False,False,0,,1.0
aff15_wu_m128_seed5,15,y,65,448.97403271461457,True,1,1,0,0.9999886861192807,True,2.2014850097479523e-06,M7r,4.291018314527627e-06,k6l,False,False,0,,1.0
aff15_wu_m128_seed5,15,y,66,336.7432265839673,True,2,1,0,0.4840552020281284,False,2.869639737557419e-06,M7l,4.565712770282189e-06,k6r,False,False,0,,1.0
aff15_wu_m128_seed5,15,y,67,309.1852051953069,True,13,4,0,0.9939699628143498,True,7.659107212021947e-07,M13l,0.5123806434434224,k3r,False,False,0,,1.0
aff15_wu_m128_seed5,15,y,68,301.8570426148745,True,13,4,0,0.9945679375434258,True,4.128743024750945e-06,M3l,0.5126090991992678,k3r,False,False,0,,1.0
aff15_wu_m128_seed5,15,y,69,0.00011590609804792542,True,13,4,0,0.9512316144052441,True,0.02716898136246528,M1l,0.9470276172701968,k3l,False,True,0,,1.0
aff15_wu_m128_seed5,15,y,70,308.3301925935752,True,13,4,0,0.9925940246938947,True,3.7412291201726275e-06,M13l,0.5116645391262091,k3r,False,False,0,,1.0
aff15_wu_m128_seed5,15,y,71,0.0003581739054799896,True,13,4,0,0.6739840602115047,False,0.2357693233087235,M7l,0.6169918222493264,k6l,False,False,0,,1.0
aff15_wu_m128_seed5,15,y,72,311.9532204964222,True,13,4,0,0.9925273574961475,True,2.319893811820961e-06,M7l,0.5112497795611476,k3r,False,False,0,,1.0
aff15_wu_m128_seed5,15,y,73,0.00375932828062729,True,13,4,0,0.9384590981945122,True,0.023361813937596013,M3l,0.629702320918436,k6l,False,False,0,,1.0
aff15_wu_m128_seed5,15,y,74,0.0006277469147550922,True,13,4,0,0.8030865050780637,False,0.11718084489506382,M7l,0.7186279348316453,k3l,False,False,0,,1.0
aff15_wu_m128_seed5,15,y,75,0.0010673479795279565,True,13,4,0,0.978464443043637,True,0.00019911205120160853,M3l,0.8142693769251581,k3l,False,False,0,,1.0
aff15_wu_m128_seed5,15,y,76,129.12453555884952,True,2,1,0,0.4840535459993032,False,4.5186393208093406e-06,M12l,8.604928779994675e-06,k3l,False,False,0,,1.0
aff15_wu_m128_seed5,15,y,77,307.1085779737908,True,13,4,0,0.9948469594065322,True,1.1525133972808035e-06,M8l,0.512836033595349,k3r,False,False,0,,1.0
aff15_wu_m128_seed5,15,y,78,2.8052417210199458e-05,True,8,2,3,0.9020914639749227,True,0.7874982835951101,M10l,0.9020957378839414,k5l,False,True,0,,1.0
aff15_wu_m128_seed5,15,y,79,9.986451316521577e-05,True,8,2,3,0.5048666149090586,False,0.4931503064758464,M9l,0.5048684399012485,k5r,False,False,0,,1.0
aff15_wu_m128_seed5,15,y,80,0.00223855816693559,True,13,4,0,0.8442077157393325,False,0.09951370655094707,M1l,0.45088400476889173,k3l,False,False,0,,1.0
aff15_wu_m128_seed5,15,y,81,318.6790086545229,True,13,4,0,0.9930031132181234,True,2.9333883963776475e-06,M12l,0.5115088897055532,k3r,False,False,0,,1.0
aff15_wu_m128_seed5,15,y,82,10.841445849123163,True,13,4,0,0.9931022813423094,True,4.434205826600964e-05,M12l,0.5115637106606182,k3r,False,False,0,,1.0
aff15_wu_m128_seed5,15,y,83,318.16354419775257,True,13,4,0,0.9919241068612545,True,1.8936684238244444e-06,M3l,0.5113232805566984,k3r,False,False,0,,1.0
aff15_wu_m128_seed5,15,y,84,312.25080691207387,True,13,4,0,0.9941481122470798,True,1.0916530842123909e-06,M6r,0.5124620049649341,k3r,False,False,0,,1.0
aff15_wu_m128_seed5,15,y,85,755.3889467787462,True,8,2,3,0.999986069951843,True,0.999987307347898,M10l,0.9999879673916151,k5l,True,True,0,,1.0
aff15_wu_m128_seed5,15,y,86,744.3734980615793,True,8,2,3,0.9999883338765722,True,0.9999893680240286,M5l,0.9999895598578571,k5l,True,True,0,,1.0
aff15_wu_m128_seed5,15,y,87,749.522259407474,True,8,2,3,0.9999847636629824,True,0.9999860623853262,M0l,0.9999858664689439,k5l,True,True,0,,1.0
aff15_wu_m128_seed5,15,y,88,188.5016127255059,True,3,1,0,0.49999401946257505,False,1.7051014422279168e-06,M13l,2.2675546765146738e-06,k3l,False,False,0,,1.0
aff15_wu_m128_seed5,15,y,89,740.7182910090834,True,8,2,3,0.9999863969830598,True,0.9999873669966504,M10l,0.9999882807582016,k5l,True,True,0,,1.0
aff15_wu_m128_seed5,15,y,90,317.1657155233815,True,13,4,0,0.9950382424023918,True,1.5754135249565623e-06,M10r,0.512845446239697,k3r,False,False,0,,1.0
aff15_wu_m128_seed5,15,y,91,311.26662110229927,True,13,4,0,0.9944207191229409,True,3.707432633878119e-06,M13l,0.5126204396225534,k3r,False,False,0,,1.0
aff15_wu_m128_seed5,15,y,92,9.2972475345625e-05,True,13,4,0,0.5302692131983309,False,0.007444975867791204,M0l,0.5286500178130387,k3l,False,False,0,,1.0
aff15_wu_m128_seed5,15,y,93,0.0003681096674649325,True,13,4,0,0.5619961498526589,False,0.40948104708161076,M1l,0.42948507741511843,k3l,False,False,0,,1.0
aff15_wu_m128_seed5,15,y,94,0.000314079722201489,True,13,4,0,0.5469122251770012,False,0.41621188784861546,M7l,0.424998907712487,k5r,False,False,0,,1.0
aff15_wu_m128_seed5,15,y,95,319.61137254988574,True,13,4,0,0.9948348081577786,True,7.487488210460966e-07,M5r,0.5128270856656908,k3r,False,False,0,,1.0
aff15_wu_m128_seed5,15,y,96,298.5384347123224,True,13,4,0,0.9949903588350774,True,2.474639410865061e-06,M13l,0.5129048907186669,k3r,False,False,0,,1.0
aff15_wu_m128_seed5,15,y,97,746.4463730775188,True,8,2,3,0.9999875101290012,True,0.999988682135662,M10l,0.9999893971229058,k5l,True,True,0,,1.0
aff15_wu_m128_seed5,15,y,98,350.1658069464694,True,8,2,3,0.9999858944603822,True,0.9999872856856045,M0l,0.9999869895901877,k5l,True,True,0,,1.0
aff15_wu_m128_seed5,15,y,99,0.00010320763949817583,True,13,4,0,0.8692306950819999,False,0.08259361593260657,M5l,0.44771448021821325,k3r,False,False,0,,1.0
aff15_wu_m128_seed5,15,y,100,0.0007395684077174738,True,13,4,0,0.9312718332042408,True,0.030067394601041443,M6l,0.6070384292435735,k3l,False,False,0,,1.0
aff15_wu_m128_seed5,15,y,101,5.930848365939642e-05,True,8,2,3,0.46942499339462623,False,0.4353995051569433,M2l,0.46942756550466763,k5l,False,False,0,,1.0
aff15_wu_m128_seed5,15,y,102,319.7223707252661,True,13,4,0,0.9942319578502434,True,1.6200385427259377e-06,M3l,0.5124348073190649,k3r,False,False,0,,1.0
aff15_wu_m128_seed5,15,y,103,0.0004143365454854798,True,13,4,0,0.6690673866639948,False,0.10050113269526731,M14l,0.36647432753067966,k6l,False,False,0,,1.0
aff15_wu_m128_seed5,15,y,104,0.0018799083280442964,True,13,4,0,0.9322879621349721,True,0.013485796914660042,M0l,0.6587048484824946,k3l,False,False,0,,1.0
aff15_wu_m128_seed5,15,y,105,0.0007303788693498111,True,13,4,0,0.8455472510426211,False,0.13349517421870566,M13l,0.564816846580263,k3l,False,False,0,,1.0
aff15_wu_m128_seed5,15,y,106,0.00037536750412746464,True,13,4,0,0.7539531969486084,False,0.0719513731703418,M7l,0.5743505126820416,k6l,False,False,0,,1.0
aff15_wu_m128_seed5,15,y,107,0.0004607325597974289,True,13,4,0,0.540848006496602,False,0.36764846853041167,M7l,0.38966693608762265,k5r,False,False,0,,1.0
aff15_wu_m128_seed5,15,y,108,10.892133499651374,True,13,4,0,0.9937288937098137,True,2.4639948810504776e-05,M3l,0.5122631993526496,k3r,False,False,0,,1.0
aff15_wu_m128_seed5,15,y,109,0.00017978650818433107,True,13,4,0,0.680710242112864,False,0.23402646974789917,M5l,0.3625370295774729,k6l,False,False,0,,1.0
aff15_wu_m128_seed5,15,y,110,18.910967780781874,True,13,4,0,0.9891148499741346,True,1.817556015039155e-06,M6r,0.5097915555094406,k3r,False,False,0,,1.0
aff15_wu_m128_seed5,15,y,111,323.37852120473065,True,13,4,0,0.9930625374904462,True,2.8877092315642663e-06,M11l,0.511732660848947,k3r,False,False,0,,1.0
aff15_wu_m128_seed5,15,y,112,302.98532837526113,True,13,4,0,0.9949758558681031,True,2.983225107790369e-06,M10l,0.512889190463737,k3r,False,False,0,,1.0
aff15_wu_m128_seed5,15,y,113,597.3320296930842,True,8,2,3,0.9999883003532329,True,0.9999882934241333,M5l,0.9999895377436241,k5l,True,True,0,,1.0
aff15_wu_m128_seed5,15,y,114,314.7611404867104,True,13,4,0,0.9943956891734164,True,1.225614070882247e-06,M10r,0.5125099489367659,k3r,False,False,0,,1.0
aff15_wu_m128_seed5,15,y,115,3.954396783108589e-05,True,13,4,0,0.7245734786490087,False,0.20468846734409255,M4l,0.6224133837123595,k6l,False,False,0,,1.0
aff15_wu_m128_seed5,15,y,116,27.14705017505314,True,13,4,0,0.9952874874896886,True,6.357679537024584e-06,M1l,0.5129707505901774,k3r,False,False,0,,1.0
aff15_wu_m128_seed5,15,y,117,319.3005985657728,True,13,4,0,0.9950053213274418,True,1.8754728471977838e-06,M3l,0.5128265739924557,k3r,False,False,0,,1.0
aff15_wu_m128_seed5,15,y,118,19.40987076463677,True,13,4,0,0.9899096443963799,True,2.1108875910681857e-06,M7l,0.509912284686367,k3r,False,False,0,,1.0
aff15_wu_m128_seed5,15,y,119,451.4223177136303,True,1,1,0,0.9999924539702162,True,7.800291002892199e-07,M14l,1.398921241108387e-06,k6l,False,False,0,,1.0
aff15_wu_m128_seed5,15,y,120,326.29085790003967,True,13,4,0,0.994685669577382,True,9.727622063804365e-07,M12r,0.5125680509977513,k3r,False,False,0,,1.0
aff15_wu_m128_seed5,15,y,121,3.5694808987448616,True,13,4,0,0.9932506712432011,True,3.52381727730725e-05,M3l,0.5119999453523041,k3r,False,False,0,,1.0
aff15_wu_m128_seed5,15,y,122,311.7306129745892,True,13,4,0,0.9888393792086507,True,1.2331426521666927e-06,M5l,0.5093558484450889,k3r,False,False,0,,1.0
aff15_wu_m128_seed5,15,y,123,0.0004482267788040465,True,13,4,0,0.893547297356177,False,0.02812834178020505,M5l,0.4629680898397584,k6l,False,False,0,,1.0
aff15_wu_m128_seed5,15,y,124,320.85150223749275,True,13,4,0,0.9943943078576486,True,1.5564785741188036e-06,M9l,0.5124185532033432,k3r,False,False,0,,1.0
aff15_wu_m128_seed5,15,y,125,193.36127772342533,True,3,1,0,0.4999946137822824,False,2.6356319127195426e-06,M13l,2.99786830367009e-06,k5r,False,False,0,,1.0
aff15_wu_m128_seed5,15,y,126,308.80756188122945,True,13,4,0,0.9926601300230024,True,1.4465375378309335e-06,M3l,0.5116128526368473,k3r,False,False,0,,1.0
aff15_wu_m128_seed5,15,y,127,312.41285738451194,True,13,4,0,0.9949663385550264,True,3.547036224035247e-06,M3l,0.5128067968755045,k3r,False,False,0,,1.0
aff16_wu_m128_seed3,16,x,0,155.43626025278368,True,22,8,16,0.9999872538265385,True,0.9999806268541883,M5r,0.6453854115538015,k5l,True,False,8,"1,3,5,7,9,11,13,15",1.0
aff16_wu_m128_seed3,16,x,1,143.0644557265992,True,22,8,16,0.9999782578852042,True,0.9999691334868158,M1r,0.6454133367263338,k5l,True,False,8,"1,3,5,7,9,11,13,15",1.0
aff16_wu_m128_seed3,16,x,2,23.445379685992897,True,21,4,0,0.9971435197193962,True,0.0015398325908537,M6l,0.8485243633466194,k6r,False,False,0,,1.0
aff16_wu_m128_seed3,16,x,3,146.90449112104608,True,22,8,16,0.9999945647615431,True,0.9999879347769072,M7r,0.6452983356623697,k5l,True,False,8,"1,3,5,7,9,11,13,15",1.0
aff16_wu_m128_seed3,16,x,4,166.70209985915773,True,22,8,16,0.9999785327270808,True,0.5011598593311761,M2r,0.6451123612844253,k5l,False,False,8,"1,3,5,7,9,11,13,15",1.0
aff16_wu_m128_seed3,16,x,5,138.31898171318977,True,22,8,16,0.9999908536855576,True,0.9999873908560292,M1r,0.6454357141990295,k5l,True,False,8,"1,3,5,7,9,11,13,15",1.0
aff16_wu_m128_seed3,16,x,6,218.1322723797169,True,21,4,0,0.9965683335902139,True,0.0012395426725752372,M0l,0.8513662460865223,k2r,False,False,0,,1.0
aff16_wu_m128_seed3,16,x,7,148.62678979875957,True,22,8,16,0.999987735590949,True,0.9999617184506615,M6r,0.6452962813266333,k5l,True,False,8,"1,3,5,7,9,11,13,15",1.0
aff16_wu_m128_seed3,16,x,8,507.6026672107904,True,2,1,0,0.47528293738356525,False,1.3187020397592982e-06,M3l,1.7420068854010463e-06,k5r,False,False,0,,1.0
aff16_wu_m128_seed3,16,x,9,147.31552238666728,True,22,8,16,0.9999831479509688,True,0.9999803449234943,M1r,0.6454232676595881,k5l,True,False,8,"1,3,5,7,9,11,13,15",1.0
aff16_wu_m128_seed3,16,x,10,191.5853502304931,True,22,8,16,0.9999917654166226,True,0.9999829344847014,M3r,0.6451900213738564,k5l,True,False,8,"1,3,5,7,9,11,13,15",1.0
aff16_wu_m128_seed3,16,x,11,148.66382436514687,True,22,8,16,0.9999890421492896,True,0.9999852999909659,M5r,0.6453984377810967,k5l,True,False,8,"1,3,5,7,9,11,13,15",1.0
aff16_wu_m128_seed3,16,x,12,141.54182441780185,True,22,8,16,0.9999846052139832,True,0.9999780320169263,M5r,0.6453834508061163,k5l,True,False,8,"1,3,5,7,9,11,13,15",1.0
aff16_wu_m128_seed3,16,x,13,181.6041166612111,True,22,8,16,0.9999891783190079,True,0.500344608023419,M3r,0.6453056158676332,k5l,False,False,8,"1,3,5,7,9,11,13,15",1.0
aff16_wu_m128_seed3,16,x,14,184.7298650004071,True,22,8,16,0.999984419413428,True,0.5009360830651892,M1r,0.6453990241788403,k5l,False,False,8,"1,3,5,7,9,11,13,15",1.0
aff16_wu_m128_seed3,16,x,15,507.2459692842556,True,9,1,0,0.9999888438985984,True,2.859569997708143e-06,M7r,0.9999889335395846,k8l,False,True,0,,1.0
aff16_wu_m128_seed3,16,x,16,85.84189589824248,True,22,8,16,0.9999793439688859,True,0.9999649822384166,M2r,0.645450237641204,k5l,True,False,8,"1,3,5,7,9,11,13,15",1.0
aff16_wu_m128_seed3,16,x,17,487.37250243296745,True,9,1,0,0.9999886555010279,True,2.7881718953560842e-06,M1r,0.9999887496429347,k8l,False,True,0,,1.0
aff16_wu_m128_seed3,16,x,18,215.30291014225682,True,22,8,16,0.9999952624934094,True,0.9999908355222759,M7r,0.6452796669347156,k5l,True,False,8,"1,3,5,7,9,11,13,15",1.0
aff16_wu_m128_seed3,16,x,19,174.87892459430665,True,22,8,16,0.9999932004492048,True,0.9999820299580613,M5r,0.6453926153056193,k5l,True,False,8,"1,3,5,7,9,11,13,15",1.0
aff16_wu_m128_seed3,16,x,20,173.82391119204482,True,22,8,16,0.9999877962403517,True,0.9999802724086846,M1r,0.6454403269673218,k5l,True,False,8,"1,3,5,7,9,11,13,15",1.0
aff16_wu_m128_seed3,16,x,21,271.2932583391285,True,16,2,4,0.999984129618224,True,0.9739710050651549,M2l,0.9999852197915826,k4l,True,True,0,,1.0
aff16_wu_m128_seed3,16,x,22,176.87482508021452,True,22,8,16,0.9999830824153678,True,0.999969601369513,M6r,0.6453067553828052,k5l,True,False,8,"1,3,5,7,9,11,13,15",1.0
aff16_wu_m128_seed3,16,x,23,149.28280403250875,True,22,8,16,0.9999881992491958,True,0.9999760956462267,M2r,0.6454747731178697,k5l,True,False,8,"1,3,5,7,9,11,13,15",1.0
aff16_wu_m128_seed3,16,x,24,127.33106819413482,True,22,8,16,0.9999759637070222,True,0.9999701637953055,M2r,0.6454787914354384,k5l,True,False,8,"1,3,5,7,9,11,13,15",1.0
aff16_wu_m128_seed3,16,x,25,112.0797723144504,True,22,8,16,0.999993237882579,True,0.9999842276440003,M3r,0.6451819464814118,k5l,True,False,8,"1,3,5,7,9,11,13,15",1.0
aff16_wu_m128_seed3,16,x,26,129.9949727552655,True,22,8,16,0.9999779142297456,True,0.9999647876463931,M1r,0.6454367924356327,k5l,True,False,8,"1,3,5,7,9,11,13,15",1.0
aff16_wu_m128_seed3,16,x,27,160.15800122281172,True,21,4,0,0.997389362558526,True,0.001320036178805667,M6l,0.8487034309977852,k6r,False,False,0,,1.0
aff16_wu_m128_seed3,16,x,28,165.04260864966554,True,22,8,16,0.9999906352509408,True,0.5004931877263084,M3r,0.6451821100698067,k5l,False,False,8,"1,3,5,7,9,11,13,15",1.0
aff16_wu_m128_seed3,16,x,29,515.479687486022,True,19,2,0,0.9999750485062153,True,5.810613503765637e-06,M2l,0.999978487267173,k4l,False,True,0,,1.0
aff16_wu_m128_seed3,16,x,30,189.836593982182,True,22,8,16,0.9999875657424725,True,0.5012953191637388,M5r,0.6454202645248739,k5l,False,False,8,"1,3,5,7,9,11,13,15",1.0
aff16_wu_m128_seed3,16,x,31,181.5255208614588,True,22,8,16,0.9999909017101198,True,0.9999852823305411,M5r,0.6453982131041004,k5l,True,False,8,"1,3,5,7,9,11,13,15",1.0
aff16_wu_m128_seed3,16,x,32,121.95799462806565,True,22,8,16,0.9999887464998393,True,0.5002908568998446,M2r,0.6456698034682776,k5l,False,False,8,"1,3,5,7,9,11,13,15",1.0
aff16_wu_m128_seed3,16,x,33,140.24770778957696,True,22,8,16,0.9999906688976784,True,0.9999760831933018,M1r,0.6454306535524833,k5l,True,False,8,"1,3,5,7,9,11,13,15",1.0
aff16_wu_m128_seed3,16,x,34,280.6134258504879,True,16,2,4,0.9999820978190244,True,0.9739671064333532,M2l,0.9999838543331231,k4l,True,True,0,,1.0
aff16_wu_m128_seed3,16,x,35,145.94448683210618,True,22,8,16,0.99988287138056,True,0.9998100701841408,M0r,0.6441529252082089,k5l,True,False,8,"1,3,5,7,9,11,13,15",1.0
aff16_wu_m128_seed3,16,x,36,179.0116557789733,True,22,8,16,0.99988531725277,True,0.9998135948308682,M0r,0.6441470542029241,k5l,True,False,8,"1,3,5,7,9,11,13,15",1.0
aff16_wu_m128_seed3,16,x,37,163.7974765401069,True,22,8,16,0.9999935918357955,True,0.9999879319481966,M7r,0.6452819747861391,k5l,True,False,8,"1,3,5,7,9,11,13,15",1.0
aff16_wu_m128_seed3,16,x,38,142.30740383589455,True,22,8,16,0.9999932764780257,True,0.9999863566607824,M3r,0.6451950658704483,k5l,True,False,8,"1,3,5,7,9,11,13,15",1.0
aff16_wu_m128_seed3,16,x,39,507.72326003958284,True,19,2,0,0.9999786031354116,True,4.784567873713221e-06,M7r,0.9999807153075061,k4l,False,True,0,,1.0
aff16_wu_m128_seed3,16,x,40,149.5055161554874,True,22,8,16,0.9999851223224813,True,0.999977713785984,M6r,0.6453068988421393,k5l,True,False,8,"1,3,5,7,9,11,13,15",1.0
aff16_wu_m128_seed3,16,x,41,38.04476385804216,True,22,8,16,0.9990835403262112,True,0.61664091937202,M0r,0.6450130056119069,k5l,False,False,8,"1,3,5,7,9,11,13,15",1.0
aff16_wu_m128_seed3,16,x,42,140.04363218343846,True,22,8,16,0.9999924882762886,True,0.9999861794141595,M3r,0.6451825096199589,k5l,True,False,8,"1,3,5,7,9,11,13,15",1.0
aff16_wu_m128_seed3,16,x,43,538.6546271696917,True,16,2,4,0.9999725654901337,True,0.9744100889469341,M2l,0.9999745374327507,k4l,True,True,0,,1.0
aff16_wu_m128_seed3,16,x,44,131.2162710397742,True,22,8,16,0.9999857202233748,True,0.999976758017314,M3r,0.6451910898794221,k5l,True,False,8,"1,3,5,7,9,11,13,15",1.0
aff16_wu_m128_seed3,16,x,45,69.3733820313207,True,22,8,16,0.9976013614821926,True,0.584352286957498,M0r,0.6433631959336553,k5l,False,False,8,"1,3,5,7,9,11,13,15",1.0
aff16_wu_m128_seed3,16,x,46,132.64028233110122,True,22,8,16,0.9999908826657791,True,0.9999833752632489,M2r,0.6454696629840558,k5l,True,False,8,"1,3,5,7,9,11,13,15",1.0
aff16_wu_m128_seed3,16,x,47,110.64577083525693,True,22,8,16,0.9999064641266664,True,0.9998303904031967,M0r,0.6441996403512938,k5l,True,False,8,"1,3,5,7,9,11,13,15",1.0
aff16_wu_m128_seed3,16,x,48,145.52629884801487,True,22,8,16,0.9999804550377736,True,0.9999638492151068,M1r,0.6454362687359922,k5l,True,False,8,"1,3,5,7,9,11,13,15",1.0
aff16_wu_m128_seed3,16,x,49,149.75467778054,True,22,8,16,0.9998875604887135,True,0.999801268383106,M0r,0.6441560806146377,k5l,True,False,8,"1,3,5,7,9,11,13,15",1.0
aff16_wu_m128_seed3,16,x,50,299.7586738918765,True,16,2,4,0.9999751411188843,True,0.973962233841848,M2l,0.9999800384921146,k4r,True,True,0,,1.0
aff16_wu_m128_seed3,16,x,51,506.5479977375094,True,2,1,0,0.47449235843399945,False,1.4306112038432111e-06,M0r,2.176358427128108e-06,k5r,False,False,0,,1.0
aff16_wu_m128_seed3,16,x,52,511.27966187993474,True,19,2,0,0.9999740645362504,True,6.207770320549725e-06,M2l,0.9999784111218002,k4r,False,True,0,,1.0
aff16_wu_m128_seed3,16,x,53,512.7801316035038,True,2,1,0,0.46554793329008903,False,1.3774147570278274e-06,M3l,1.6554805025473405e-06,k5l,False,False,0,,1.0
aff16_wu_m128_seed3,16,x,54,130.21267248598852,True,22,8,16,0.9999883393224157,True,0.999977064322732,M2r,0.6454912250268874,k5l,True,False,8,"1,3,5,7,9,11,13,15",1.0
aff16_wu_m128_seed3,16,x,55,500.2242742262767,True,2,1,0,0.4713156877899132,False,1.4868472561279996e-06,M0r,2.4589149180063845e-06,k5r,False,False,0,,1.0
aff16_wu_m128_seed3,16,x,56,26.174986173126495,True,21,4,0,0.9971939469533425,True,0.0013584529410786397,M2l,0.8485110027436082,k6r,False,False,0,,1.0
aff16_wu_m128_seed3,16,x,57,188.59541415567688,True,22,8,16,0.9999929481596834,True,0.9999848877881553,M2r,0.6454707183657509,k5l,True,False,8,"1,3,5,7,9,11,13,15",1.0
aff16_wu_m128_seed3,16,x,58,84.65046089945787,True,22,8,16,0.9991006650076286,True,0.2823952622881242,M3l,0.644126935380056,k5l,False,False,8,"1,3,5,7,9,11,13,15",1.0
aff16_wu_m128_seed3,16,x,59,133.73480936569987,True,22,8,16,0.9999848509073432,True,0.999976042474663,M1r,0.6454437349526871,k5l,True,False,8,"1,3,5,7,9,11,13,15",1.0
aff16_wu_m128_seed3,16,x,60,86.7612249790805,True,22,8,16,0.9810760060509143,True,0.49263360202826706,M0r,0.6373899652235204,k1r,False,False,8,"1,3,5,7,9,11,13,15",1.0
aff16_wu_m128_seed3,16,x,61,132.04531191415623,True,22,8,16,0.9999937099817559,True,0.5018734339924851,M6r,0.6456765757938676,k5l,False,False,8,"1,3,5,7,9,11,13,15",1.0
aff16_wu_m128_seed3,16,x,62,151.69203888716916,True,22,8,16,0.9999917294414757,True,0.9999867763898341,M7r,0.6452872372478557,k5l,True,False,8,"1,3,5,7,9,11,13,15",1.0
aff16_wu_m128_seed3,16,x,63,139.8864968078734,True,22,8,16,0.9999888073102948,True,0.99998357645311,M5r,0.6453953761687657,k5l,True,False,8,"1,3,5,7,9,11,13,15",1.0
aff16_wu_m128_seed3,16,x,64,139.53631626558888,True,22,8,16,0.9999924803577604,True,0.9999845910109258,M1r,0.6454481075208163,k5l,True,False,8,"1,3,5,7,9,11,13,15",1.0
aff16_wu_m128_seed3,16,x,65,71.63626953128289,True,22,8,16,0.9847753909560013,True,0.3768232088756403,M0r,0.6350780986060235,k5l,False,False,8,"1,3,5,7,9,11,13,15",1.0
aff16_wu_m128_seed3,16,x,66,66.1103456698903,True,21,4,0,0.9996233089363331,True,0.00017417226100400107,M0l,0.8538412991916065,k6r,False,False,0,,1.0
aff16_wu_m128_seed3,16,x,67,48.2163502766959,True,22,8,16,0.9999722286419164,True,0.999954815596806,M6r,0.6452880500389885,k5l,True,False,8,"1,3,5,7,9,11,13,15",1.0
aff16_wu_m128_seed3,16,x,68,65.63103312839105,True,21,4,0,0.9995754631015253,True,0.0002081375835885534,M0l,0.8537040020874309,k6r,False,False,0,,1.0
aff16_wu_m128_seed3,16,x,69,49.802139837284166,True,22,8,16,0.9999771843060075,True,0.9999320752834513,M7r,0.6452727481315711,k5l,True,False,8,"1,3,5,7,9,11,13,15",1.0
aff16_wu_m128_seed3,16,x,70,100.14880973933687,True,22,8,16,0.9999886209246986,True,0.502375134007949,M2r,0.6456636423211689,k5l,False,False,8,"1,3,5,7,9,11,13,15",1.0
aff16_wu_m128_seed3,16,x,71,173.72825101336977,True,22,8,16,0.999990310693604,True,0.5019233842312464,M5r,0.6454317200374718,k5l,False,False,8,"1,3,5,7,9,11,13,15",1.0
aff16_wu_m128_seed3,16,x,72,132.25517734893685,True,22,8,16,0.9999880468983047,True,0.9999694084520147,M5r,0.645405207913343,k5l,True,False,8,"1,3,5,7,9,11,13,15",1.0
aff16_wu_m128_seed3,16,x,73,123.03523638344568,True,22,8,16,0.9973336625037731,True,0.6989051415762954,M0r,0.6420937312835374,k5l,False,False,8,"1,3,5,7,9,11,13,15",1.0
aff16_wu_m128_seed3,16,x,74,130.7789270047223,True,22,8,16,0.9999866150941014,True,0.5003863593577844,M3r,0.6453125780470785,k5l,False,False,8,"1,3,5,7,9,11,13,15",1.0
aff16_wu_m128_seed3,16,x,75,175.79314412137748,True,22,8,16,0.9999927349766017,True,0.999982560206854,M3r,0.6451966448540388,k5l,True,False,8,"1,3,5,7,9,11,13,15",1.0
aff16_wu_m128_seed3,16,x,76,60.732871912853774,True,21,4,0,0.9995511962284456,True,0.00021095384507812792,M0l,0.853765732217498,k6r,False,False,0,,1.0
aff16_wu_m128_seed3,16,x,77,224.36636937361243,True,21,4,0,0.996670997231603,True,0.0012161031481282734,M0r,0.8515112547123104,k2r,False,False,0,,1.0
aff16_wu_m128_seed3,16,x,78,137.33356641368496,True,22,8,16,0.9998783799023484,True,0.9998063399592155,M0r,0.6441573691623431,k5l,True,False,8,"1,3,5,7,9,11,13,15",1.0
aff16_wu_m128_seed3,16,x,79,153.57130834414983,True,22,8,16,0.9999870458606522,True,0.9999818233766837,M5r,0.6453944986518468,k5l,True,False,8,"1,3,5,7,9,11,13,15",1.0
aff16_wu_m128_seed3,16,x,80,150.37188247312142,True,22,8,16,0.9998846718799982,True,0.9998006677506611,M0r,0.6441597493671283,k5l,True,False,8,"1,3,5,7,9,11,13,15",1.0
aff16_wu_m128_seed3,16,x,81,164.88408139193567,True,22,8,16,0.9999861058412931,True,0.9999772312630485,M6r,0.6453104241209439,k5l,True,False,8,"1,3,5,7,9,11,13,15",1.0
aff16_wu_m128_seed3,16,x,82,120.8329560222729,True,22,8,16,0.9999944212063233,True,0.9999839614836917,M5r,0.6453949529239464,k5l,True,False,8,"1,3,5,7,9,11,13,15",1.0
aff16_wu_m128_seed3,16,x,83,182.626533396102,True,22,8,16,0.9999889808457396,True,0.999982421142004,M2r,0.6454726982585429,k5l,True,False,8,"1,3,5,7,9,11,13,15",1.0
aff16_wu_m128_seed3,16,x,84,512.4420068299254,True,19,2,0,0.9999762410215585,True,4.6886164997390914e-06,M6r,0.9999784903141234,k4r,False,True,0,,1.0
aff16_wu_m128_seed3,16,x,85,75.96269778149397,True,22,8,16,0.9999865175964352,True,0.5005768944379976,M2r,0.6456754610047465,k5l,False,False,8,"1,3,5,7,9,11,13,15",1.0
aff16_wu_m128_seed3,16,x,86,184.29961420342377,True,22,8,16,0.9999837888958517,True,0.5009899788575105,M2r,0.6451207430179731,k5l,False,False,8,"1,3,5,7,9,11,13,15",1.0
aff16_wu_m128_seed3,16,x,87,178.77857351568002,True,22,8,16,0.9999917307077729,True,0.9999860145057644,M1r,0.6454270169203237,k5l,True,False,8,"1,3,5,7,9,11,13,15",1.0
aff16_wu_m128_seed3,16,x,88,160.92992948127053,True,21,4,0,0.9972823608431527,True,0.0013739969463552122,M2l,0.8486104910375296,k6r,False,False,0,,1.0
aff16_wu_m128_seed3,16,x,89,137.43711886448014,True,22,8,16,0.9999899845167223,True,0.9999748041184058,M5r,0.6454077073679774,k5l,True,False,8,"1,3,5,7,9,11,13,15",1.0
aff16_wu_m128_seed3,16,x,90,165.55193937470733,True,22,8,16,0.9999924939855266,True,0.9999881153170211,M7r,0.6452979065162062,k5l,True,False,8,"1,3,5,7,9,11,13,15",1.0
aff16_wu_m128_seed3,16,x,91,177.89842863549367,True,22,8,16,0.9999016017791759,True,0.9998254441634211,M0r,0.6441704525959616,k5l,True,False,8,"1,3,5,7,9,11,13,15",1.0
aff16_wu_m128_seed3,16,x,92,192.32330814420604,True,22,8,16,0.9999805250022502,True,0.5011816078611613,M5r,0.645383841995566,k5l,False,False,8,"1,3,5,7,9,11,13,15",1.0
aff16_wu_m128_seed3,16,x,93,152.9119843543411,True,22,8,16,0.9999830834161676,True,0.5007813275072939,M7r,0.6451522699865146,k5l,False,False,8,"1,3,5,7,9,11,13,15",1.0
aff16_wu_m128_seed3,16,x,94,148.63654079410583,True,22,8,16,0.9999890951386817,True,0.4999967112620527,M3r,0.645307062988901,k5l,False,False,8,"1,3,5,7,9,11,13,15",1.0
aff16_wu_m128_seed3,16,x,95,118.31138527376571,True,22,8,16,0.9999864246929238,True,0.5010482958197606,M2r,0.6456398873131901,k5l,False,False,8,"1,3,5,7,9,11,13,15",1.0
aff16_wu_m128_seed3,16,x,96,217.03125634678767,True,21,4,0,0.9965091200180948,True,0.0012708715254574725,M0l,0.8513471682538793,k2r,False,False,0,,1.0
aff16_wu_m128_seed3,16,x,97,193.8811173815783,True,22,8,16,0.9999888415648861,True,0.5001543423167955,M3r,0.6453028689683942,k5l,False,False,8,"1,3,5,7,9,11,13,15",1.0
aff16_wu_m128_seed3,16,x,98,204.20279520943672,True,22,8,16,0.9999937996787935,True,0.9999794894223325,M3r,0.6451948444693092,k5l,True,False,8,"1,3,5,7,9,11,13,15",1.0
aff16_wu_m128_seed3,16,x,99,474.0810572992912,True,9,1,0,0.9999879835429806,True,2.8110707614140435e-06,M1r,0.9999880703444647,k8l,False,True,0,,1.0
aff16_wu_m128_seed3,16,x,100,58.37889810048696,True,22,8,16,0.9969340155178333,True,0.3017480496325857,M0r,0.6425530088484803,k5l,False,False,8,"1,3,5,7,9,11,13,15",1.0
aff16_wu_m128_seed3,16,x,101,206.31783003229143,True,22,8,16,0.9999900922765862,True,0.9999863369295581,M7r,0.645280900318773,k5l,True,False,8,"1,3,5,7,9,11,13,15",1.0
aff16_wu_m128_seed3,16,x,102,146.22774833382354,True,22,8,16,0.9999715841093612,True,0.9999720140987727,M6r,0.6452922132054727,k5l,True,False,8,"1,3,5,7,9,11,13,15",1.0
aff16_wu_m128_seed3,16,x,103,156.35053683525905,True,22,8,16,0.9999914189455612,True,0.9999878555004709,M7r,0.6452844604892476,k5l,True,False,8,"1,3,5,7,9,11,13,15",1.0
aff16_wu_m128_seed3,16,x,104,102.09733399179076,True,22,8,16,0.9993847856507255,True,0.28217869211551533,M3l,0.6461573169517025,k5l,False,False,8,"1,3,5,7,9,11,13,15",1.0
aff16_wu_m128_seed3,16,x,105,215.16549735942027,True,21,4,0,0.9965982563537993,True,0.001201850910269422,M4l,0.851379140628462,k2r,False,False,0,,1.0
aff16_wu_m128_seed3,16,x,106,115.85003828173917,True,22,8,16,0.999980677909482,True,0.999968455531122,M2r,0.645474830898637,k5l,True,False,8,"1,3,5,7,9,11,13,15",1.0
aff16_wu_m128_seed3,16,x,107,72.9382172579398,True,21,4,0,0.9995771981890842,True,0.00020295558351247691,M0l,0.8537361268668292,k6r,False,False,0,,1.0
aff16_wu_m128_seed3,16,x,108,163.15070851982318,True,22,8,16,0.9998998789251169,True,0.9998262148235977,M0r,0.644160998198238,k5l,True,False,8,"1,3,5,7,9,11,13,15",1.0
aff16_wu_m128_seed3,16,x,109,156.83197921094026,True,21,4,0,0.9974156013123708,True,0.0012277921997966253,M2l,0.8487231318464444,k6r,False,False,0,,1.0
aff16_wu_m128_seed3,16,x,110,148.31997415871942,True,22,8,16,0.9999910588916293,True,0.9999854726633663,M1r,0.6454283423232271,k5l,True,False,8,"1,3,5,7,9,11,13,15",1.0
aff16_wu_m128_seed3,16,x,111,498.9215002580077,True,9,1,0,0.9999889992708885,True,2.3566954152848616e-06,M4l,0.9999890902328235,k8l,False,True,0,,1.0
aff16_wu_m128_seed3,16,x,112,71.69848700216994,True,22,8,16,0.9936059235966567,True,0.525540708865333,M0r,0.6407533893124894,k5l,False,False,8,"1,3,5,7,9,11,13,15",1.0
aff16_wu_m128_seed3,16,x,113,826.6136358402116,True,7,1,0,0.9999890670125176,True,1.8572829008393872e-06,M7l,1.5992552055795312e-06,k4l,False,False,0,,1.0
aff16_wu_m128_seed3,16,x,114,297.34535749728286,True,16,2,4,0.9999801994591131,True,0.9739679427390724,M2l,0.9999821141831299,k4l,True,True,0,,1.0
aff16_wu_m128_seed3,16,x,115,188.17741051360275,True,22,8,16,0.9999890650708538,True,0.999981817116125,M6r,0.6453115501595559,k5l,True,False,8,"1,3,5,7,9,11,13,15",1.0
aff16_wu_m128_seed3,16,x,116,179.768898273847,True,22,8,16,0.9998706615952988,True,0.9997993523800068,M0r,0.6441456216771616,k5l,True,False,8,"1,3,5,7,9,11,13,15",1.0
aff16_wu_m128_seed3,16,x,117,109.54465817387793,True,22,8,16,0.9999923017637602,True,0.5005299796608339,M7r,0.6451530705357964,k5l,False,False,8,"1,3,5,7,9,11,13,15",1.0
aff16_wu_m128_seed3,16,x,118,543.5133145950773,True,16,2,4,0.9999724016706728,True,0.974409675513657,M4l,0.9999740758579908,k4r,True,True,0,,1.0
aff16_wu_m128_seed3,16,x,119,128.09871301607077,True,22,8,16,0.9999900354006064,True,0.9999836561872353,M5r,0.6453756866929602,k5l,True,False,8,"1,3,5,7,9,11,13,15",1.0
aff16_wu_m128_seed3,16,x,120,110.80883342632664,True,22,8,16,0.9999929263792003,True,0.5007330406199434,M2r,0.6456564809903801,k5l,False,False,8,"1,3,5,7,9,11,13,15",1.0
aff16_wu_m128_seed3,16,x,121,823.968870523345,True,7,1,0,0.9999901829262041,True,2.0885723008449074e-06,M5r,1.4232359437599758e-06,k3r,False,False,0,,1.0
aff16_wu_m128_seed3,16,x,122,205.28135878070592,True,22,8,16,0.9999936675705965,True,0.9999841815635367,M3r,0.6451973452398142,k5l,True,False,8,"1,3,5,7,9,11,13,15",1.0
aff16_wu_m128_seed3,16,x,123,145.15835496348262,True,22,8,16,0.9999933301182273,True,0.9999869932093817,M7r,0.6452844675033869,k5l,True,False,8,"1,3,5,7,9,11,13,15",1.0
aff16_wu_m128_seed3,16,x,124,147.0563859700482,True,22,8,16,0.999993104588411,True,0.9999847139582033,M3r,0.645172146255725,k5l,True,False,8,"1,3,5,7,9,11,13,15",1.0
aff16_wu_m128_seed3,16,x,125,137.15233700661804,True,22,8,16,0.999991711052543,True,0.9999806031258892,M7r,0.645311648415221,k5l,True,False,8,"1,3,5,7,9,11,13,15",1.0
aff16_wu_m128_seed3,16,x,126,132.69352514114573,True,22,8,16,0.9999824020346668,True,0.9999778948893627,M6r,0.6453013014849772,k5l,True,False,8,"1,3,5,7,9,11,13,15",1.0
aff16_wu_m128_seed3,16,x,127,156.37472197365722,True,21,4,0,0.9972731098156767,True,0.0012896690587509178,M6l,0.848612764958612,k6r,False,False,0,,1.0
aff16_wu_m128_seed3,16,y,0,155.37525257287777,True,22,8,16,0.9999876137106664,True,0.9999862938966357,M2l,0.6449980975574372,k5r,True,False,4,"3,5,11,13",1.0
aff16_wu_m128_seed3,16,y,1,143.64692290184976,True,22,8,16,0.9999898848078329,True,0.9999853656709942,M2l,0.6450064987363359,k5r,True,False,4,"3,5,11,13",1.0
aff16_wu_m128_seed3,16,y,2,23.560034127172354,True,21,4,0,0.9967875384387449,True,0.001035209017155847,M5l,0.8520079952375421,k2l,False,False,0,,1.0
aff16_wu_m128_seed3,16,y,3,147.33670306307286,True,22,8,16,0.9999917175275587,True,0.9999826915437263,M5l,0.6455689411453381,k5r,True,False,4,"3,5,11,13",1.0
aff16_wu_m128_seed3,16,y,4,168.22258568646396,True,22,8,16,0.9999865557464087,True,0.500362882277984,M3l,0.6456514418125108,k5r,False,False,4,"3,5,11,13",1.0
aff16_wu_m128_seed3,16,y,5,139.5958521914396,True,22,8,16,0.999992405162432,True,0.9999880211447146,M5l,0.6455783632007783,k5r,True,False,4,"3,5,11,13",1.0
aff16_wu_m128_seed3,16,y,6,215.85513860229045,True,21,4,0,0.9963560014829879,True,0.001339562103040944,M2r,0.8506361077769616,k2l,False,False,0,,1.0
aff16_wu_m128_seed3,16,y,7,148.3630281546415,True,22,8,16,0.9999819159081653,True,0.9999789981938471,M2l,0.6450088969556866,k5r,True,False,4,"3,5,11,13",1.0
aff16_wu_m128_seed3,16,y,8,506.1665639921424,True,2,1,0,0.4750240267280925,False,2.374906269583434e-06,M7l,5.419638441467672e-06,k2l,False,False,0,,1.0
aff16_wu_m128_seed3,16,y,9,148.5257057447572,True,22,8,16,0.9999943694162146,True,0.9999838433397852,M5l,0.6455898838297993,k5r,True,False,4,"3,5,11,13",1.0
aff16_wu_m128_seed3,16,y,10,192.86643990582658,True,22,8,16,0.9999930476403622,True,0.9999918830992686,M6l,0.6452894359889082,k5r,True,False,4,"3,5,11,13",1.0
aff16_wu_m128_seed3,16,y,11,149.45040747879057,True,22,8,16,0.9999875482309175,True,0.9999875115096258,M5l,0.6456003052659558,k5r,True,False,4,"3,5,11,13",1.0
aff16_wu_m128_seed3,16,y,12,141.90895694376104,True,22,8,16,0.9999911589816236,True,0.9999852589583337,M5l,0.6455767902811057,k5r,True,False,4,"3,5,11,13",1.0
aff16_wu_m128_seed3,16,y,13,182.69447809181304,True,22,8,16,0.9999941608399354,True,0.5003569171411762,M3l,0.6456318460697983,k5r,False,False,4,"3,5,11,13",1.0
aff16_wu_m128_seed3,16,y,14,185.07821571103648,True,22,8,16,0.9999924048955119,True,0.5003592516024601,M3l,0.6456313013227257,k5r,False,False,4,"3,5,11,13",1.0
aff16_wu_m128_seed3,16,y,15,509.89107366476287,True,9,1,0,0.9999882422819476,True,1.7399778520644435e-06,M6l,0.9999886563869258,k8l,False,True,0,,1.0
aff16_wu_m128_seed3,16,y,16,86.07967648621465,True,22,8,16,0.9999829875662762,True,0.9999588050029985,M6l,0.6452959832188596,k5r,True,False,4,"3,5,11,13",1.0
aff16_wu_m128_seed3,16,y,17,491.5736959425678,True,9,1,0,0.9999894528315066,True,1.5928287476209685e-06,M0l,0.9999898555811981,k8l,False,True,0,,1.0
aff16_wu_m128_seed3,16,y,18,215.83622121843248,True,22,8,16,0.9999885944298974,True,0.9999869128188997,M2l,0.6450026741680371,k5r,True,False,4,"3,5,11,13",1.0
aff16_wu_m128_seed3,16,y,19,174.43079728472907,True,22,8,16,0.9999937879819262,True,0.9999926106341216,M6l,0.6452888841876255,k5r,True,False,4,"3,5,11,13",1.0
aff16_wu_m128_seed3,16,y,20,174.9649858521796,True,22,8,16,0.9999962484718704,True,0.9999938614175105,M6l,0.6453001875649489,k5r,True,False,4,"3,5,11,13",1.0
aff16_wu_m128_seed3,16,y,21,271.82199999744273,True,16,2,4,0.9999839047502042,True,0.9741193048051273,M6r,0.999985873764545,k4l,True,True,0,,1.0
aff16_wu_m128_seed3,16,y,22,177.89735021945478,True,22,8,16,0.9999918633887648,True,0.9999901307086908,M6l,0.6452997836210582,k5r,True,False,4,"3,5,11,13",1.0
aff16_wu_m128_seed3,16,y,23,151.55009288843556,True,22,8,16,0.9999846519934689,True,0.9999884362523261,M2l,0.6449927005152082,k5r,True,False,4,"3,5,11,13",1.0
aff16_wu_m128_seed3,16,y,24,128.19750125921513,True,22,8,16,0.9999699659579478,True,0.9999719660185767,M2l,0.6450022553889804,k5r,True,False,4,"3,5,11,13",1.0
aff16_wu_m128_seed3,16,y,25,112.87271241698235,True,22,8,16,0.9999934302902891,True,0.9999896977363802,M6l,0.6452966920001134,k5r,True,False,4,"3,5,11,13",1.0
aff16_wu_m128_seed3,16,y,26,130.391736271966,True,22,8,16,0.9999818708134015,True,0.9999781788329569,M6l,0.645285164200194,k5r,True,False,4,"3,5,11,13",1.0
aff16_wu_m128_seed3,16,y,27,159.99064969031056,True,21,4,0,0.996809200174088,True,0.001165948560987599,M2r,0.8511464855510531,k2l,False,False,0,,1.0
aff16_wu_m128_seed3,16,y,28,165.578983449493,True,22,8,16,0.9999929456955535,True,0.5003439015376322,M3l,0.6456694979683337,k5r,False,False,4,"3,5,11,13",1.0
aff16_wu_m128_seed3,16,y,29,516.4754276285273,True,19,2,0,0.9999848918761017,True,2.5134143939382664e-06,M2l,0.9999860696398725,k4l,False,True,0,,1.0
aff16_wu_m128_seed3,16,y,30,191.24251077888036,True,22,8,16,0.9999929021366917,True,0.5003642673184789,M3l,0.6456506932720414,k5r,False,False,4,"3,5,11,13",1.0
aff16_wu_m128_seed3,16,y,31,182.7679315683088,True,22,8,16,0.9999937493564616,True,0.9999914826356525,M6l,0.6453036837845115,k5r,True,False,4,"3,5,11,13",1.0
aff16_wu_m128_seed3,16,y,32,122.70016443501632,True,22,8,16,0.9999861899111961,True,0.5003568551051462,M3l,0.6456502732197609,k5r,False,False,4,"3,5,11,13",1.0
aff16_wu_m128_seed3,16,y,33,141.91805767040609,True,22,8,16,0.999989221692011,True,0.9999868502878833,M2l,0.6450198525604254,k5r,True,False,4,"3,5,11,13",1.0
aff16_wu_m128_seed3,16,y,34,281.22402486435186,True,16,2,4,0.9999864189821777,True,0.9741202964760636,M6r,0.9999873828093617,k4l,True,True,0,,1.0
aff16_wu_m128_seed3,16,y,35,147.493754290326,True,22,8,16,0.9999907072671786,True,0.999988108928484,M6l,0.6453002341763479,k5r,True,False,4,"3,5,11,13",1.0
aff16_wu_m128_seed3,16,y,36,180.63352111584044,True,22,8,16,0.9999853839871672,True,0.9999830494426702,M6l,0.645299161512378,k5r,True,False,4,"3,5,11,13",1.0
aff16_wu_m128_seed3,16,y,37,164.28453302642947,True,22,8,16,0.9999965825774095,True,0.9999926674618141,M6l,0.645302949228826,k5r,True,False,4,"3,5,11,13",1.0
aff16_wu_m128_seed3,16,y,38,143.27668689961814,True,22,8,16,0.9999935025383425,True,0.9999850135661896,M5l,0.6455569281311843,k5r,True,False,4,"3,5,11,13",1.0
aff16_wu_m128_seed3,16,y,39,510.0172348479082,True,19,2,0,0.9999829946499225,True,3.952951963803776e-06,M6l,0.9999840847975007,k4r,False,True,0,,1.0
aff16_wu_m128_seed3,16,y,40,150.1405659369468,True,22,8,16,0.9999931715346729,True,0.9999908258957881,M6l,0.6452921739926392,k5r,True,False,4,"3,5,11,13",1.0
aff16_wu_m128_seed3,16,y,41,38.875757408097805,True,22,8,16,0.9980423383043625,True,0.4987495156274136,M3l,0.6444569658928283,k5r,False,False,4,"3,5,11,13",1.0
aff16_wu_m128_seed3,16,y,42,142.0321823415824,True,22,8,16,0.9999884720783536,True,0.9999867648359558,M5l,0.6455861063217548,k5r,True,False,4,"3,5,11,13",1.0
aff16_wu_m128_seed3,16,y,43,540.0588313856624,True,16,2,4,0.9999884941712038,True,0.974125292928952,M6r,0.9999890614682021,k4l,True,True,0,,1.0
aff16_wu_m128_seed3,16,y,44,131.80760961225053,True,22,8,16,0.9999894763148498,True,0.9999867569698452,M5l,0.6455891167046748,k5r,True,False,4,"3,5,11,13",1.0
aff16_wu_m128_seed3,16,y,45,77.70589342931052,True,22,8,16,0.9953808040197085,True,0.49717668930944336,M3l,0.6425942234587875,k5r,False,False,4,"3,5,11,13",1.0
aff16_wu_m128_seed3,16,y,46,132.9424729540601,True,22,8,16,0.9999902661952451,True,0.9999838785360989,M6l,0.6452914766116038,k5r,True,False,4,"3,5,11,13",1.0
aff16_wu_m128_seed3,16,y,47,111.85900946675035,True,22,8,16,0.9999958197669157,True,0.9999875632490625,M5l,0.645564414273701,k5r,True,False,4,"3,5,11,13",1.0
aff16_wu_m128_seed3,16,y,48,145.98464431635898,True,22,8,16,0.9999900819379063,True,0.9999860089828331,M2l,0.6450140513565861,k5r,True,False,4,"3,5,11,13",1.0
aff16_wu_m128_seed3,16,y,49,151.15200379060155,True,22,8,16,0.999993320567621,True,0.999990669904301,M5l,0.6455908299964788,k5r,True,False,4,"3,5,11,13",1.0
aff16_wu_m128_seed3,16,y,50,300.402904744932,True,16,2,4,0.9999843581821309,True,0.9741221723802127,M6r,0.999984924451538,k4l,True,True,0,,1.0
aff16_wu_m128_seed3,16,y,51,506.72187175293067,True,2,1,0,0.4741327729078633,False,1.6367461023464256e-06,M3r,2.1656012017090463e-06,k4l,False,False,0,,1.0
aff16_wu_m128_seed3,16,y,52,512.1111434219878,True,19,2,0,0.9999836541122339,True,2.1827489820533316e-06,M2l,0.9999847735191649,k4r,False,True,0,,1.0
aff16_wu_m128_seed3,16,y,53,512.5227956528536,True,2,1,0,0.46528027000695976,False,2.321114251986605e-06,M6r,5.776191566233973e-06,k2l,False,False,0,,1.0
aff16_wu_m128_seed3,16,y,54,130.48584102161277,True,22,8,16,0.9999916808032773,True,0.9999895433084025,M6l,0.6452918596307672,k5r,True,False,4,"3,5,11,13",1.0
aff16_wu_m128_seed3,16,y,55,500.4035065662749,True,2,1,0,0.47096159906286944,False,1.4432237670060725e-06,M7l,1.9587010422334166e-06,k4l,False,False,0,,1.0
aff16_wu_m128_seed3,16,y,56,26.151167632827928,True,21,4,0,0.9966836597577283,True,0.0011470152987869615,M2r,0.851047621040878,k2l,False,False,0,,1.0
aff16_wu_m128_seed3,16,y,57,188.7719432067681,True,22,8,16,0.9999955206917415,True,0.9999924419906342,M5l,0.6455676932450501,k5r,True,False,4,"3,5,11,13",1.0
aff16_wu_m128_seed3,16,y,58,87.93131892428674,True,22,8,16,0.9996867878019076,True,0.5000986473818714,M3l,0.6453950972433458,k5r,False,False,4,"3,5,11,13",1.0
aff16_wu_m128_seed3,16,y,59,134.41501739682926,True,22,8,16,0.9999909836882084,True,0.999985303763808,M2l,0.6450196767862382,k5r,True,False,4,"3,5,11,13",1.0
aff16_wu_m128_seed3,16,y,60,109.25626663233275,True,22,8,16,0.9969792454229286,True,0.49910941699989064,M3l,0.6437468263637373,k5r,False,False,4,"3,5,11,13",1.0
aff16_wu_m128_seed3,16,y,61,132.7188973034552,True,22,8,16,0.9999933568293724,True,0.5003384105904104,M3l,0.6456334559486688,k5r,False,False,4,"3,5,11,13",1.0
aff16_wu_m128_seed3,16,y,62,152.6781346238184,True,22,8,16,0.9999928474835476,True,0.9999901340510281,M5l,0.6455841776464668,k5r,True,False,4,"3,5,11,13",1.0
aff16_wu_m128_seed3,16,y,63,139.8674586422025,True,22,8,16,0.9999948532937093,True,0.9999896239782549,M5l,0.6455800207690171,k5r,True,False,4,"3,5,11,13",1.0
aff16_wu_m128_seed3,16,y,64,140.3724392582656,True,22,8,16,0.9999905912157094,True,0.9999862708994405,M5l,0.6455857042781972,k5r,True,False,4,"3,5,11,13",1.0
aff16_wu_m128_seed3,16,y,65,90.2769837311372,True,22,8,16,0.9986782738184781,True,0.9982602124669876,M2l,0.644192413472977,k5r,True,False,4,"3,5,11,13",1.0
aff16_wu_m128_seed3,16,y,66,63.953564188069016,True,21,4,0,0.9975658623790478,True,0.0004860807216311571,M1l,0.8459304364952173,k2l,False,False,0,,1.0
aff16_wu_m128_seed3,16,y,67,48.50203254062181,True,22,8,16,0.9999618243474283,True,0.9999572209390487,M2l,0.6449891908817917,k5r,True,False,4,"3,5,11,13",1.0
aff16_wu_m128_seed3,16,y,68,63.357128952765706,True,21,4,0,0.9968402081539744,True,0.0004926210973475386,M1l,0.8513109767293441,k2l,False,False,0,,1.0
aff16_wu_m128_seed3,16,y,69,50.38065460739659,True,22,8,16,0.9999835573698052,True,0.9999805289450613,M6l,0.6452805204890616,k5r,True,False,4,"3,5,11,13",1.0
aff16_wu_m128_seed3,16,y,70,101.11384970443542,True,22,8,16,0.9999826484032014,True,0.5014571754514886,M2l,0.645029449935,k5r,False,False,4,"3,5,11,13",1.0
aff16_wu_m128_seed3,16,y,71,173.9066314952344,True,22,8,16,0.9999918004952905,True,0.5003527456775753,M3l,0.6456546014073009,k5r,False,False,4,"3,5,11,13",1.0
aff16_wu_m128_seed3,16,y,72,132.56608726078164,True,22,8,16,0.9999908377938239,True,0.9999885495418197,M2l,0.644994658619413,k5r,True,False,4,"3,5,11,13",1.0
aff16_wu_m128_seed3,16,y,73,128.3640566721464,True,22,8,16,0.998775642468264,True,0.4994778351657397,M3l,0.6450012187699298,k5r,False,False,4,"3,5,11,13",1.0
aff16_wu_m128_seed3,16,y,74,130.8314127326461,True,22,8,16,0.9999855307373063,True,0.5011906085971349,M2l,0.6450337255305278,k5r,False,False,4,"3,5,11,13",1.0
aff16_wu_m128_seed3,16,y,75,176.31691814067176,True,22,8,16,0.9999891152887158,True,0.9999859028215932,M6l,0.6452929086022042,k5r,True,False,4,"3,5,11,13",1.0
aff16_wu_m128_seed3,16,y,76,59.063393683639624,True,21,4,0,0.9975272945813484,True,0.0004990036659541186,M1l,0.8458923415753722,k2l,False,False,0,,1.0
aff16_wu_m128_seed3,16,y,77,224.05377914306632,True,21,4,0,0.9966632209571576,True,0.0011062171225311927,M0r,0.8518663691842986,k2l,False,False,0,,1.0
aff16_wu_m128_seed3,16,y,78,139.32113286614356,True,22,8,16,0.9999919592005286,True,0.9999817007980041,M5l,0.6455871694230351,k5r,True,False,4,"3,5,11,13",1.0
aff16_wu_m128_seed3,16,y,79,154.58500921983384,True,22,8,16,0.9999924317005389,True,0.9999866100999558,M2l,0.6449980507444278,k5r,True,False,4,"3,5,11,13",1.0
aff16_wu_m128_seed3,16,y,80,151.08671328401738,True,22,8,16,0.9999743087230009,True,0.9999819840013078,M2l,0.6449894839708865,k5r,True,False,4,"3,5,11,13",1.0
aff16_wu_m128_seed3,16,y,81,166.84549667712963,True,22,8,16,0.9999949809609008,True,0.9999923806218491,M5l,0.6455890710217189,k5r,True,False,4,"3,5,11,13",1.0
aff16_wu_m128_seed3,16,y,82,122.05431186262085,True,22,8,16,0.9999957995184516,True,0.9999925002406952,M6l,0.6452941039028373,k5r,True,False,4,"3,5,11,13",1.0
aff16_wu_m128_seed3,16,y,83,183.6404001411896,True,22,8,16,0.999994768517551,True,0.9999911822278554,M5l,0.6455659492584651,k5r,True,False,4,"3,5,11,13",1.0
aff16_wu_m128_seed3,16,y,84,514.5185793532613,True,19,2,0,0.9999846480872149,True,3.07181953213276e-06,M6l,0.9999859166748315,k4l,False,True,0,,1.0
aff16_wu_m128_seed3,16,y,85,76.23505601408377,True,22,8,16,0.9999844973035116,True,0.5000786600862984,M2l,0.645052225298199,k5r,False,False,4,"3,5,11,13",1.0
aff16_wu_m128_seed3,16,y,86,184.92694908144304,True,22,8,16,0.9999904686710109,True,0.5003614587873538,M3l,0.6456533425664411,k5r,False,False,4,"3,5,11,13",1.0
aff16_wu_m128_seed3,16,y,87,179.70580801391264,True,22,8,16,0.9999953455508266,True,0.9999873365564639,M6l,0.6453020522178088,k5r,True,False,4,"3,5,11,13",1.0
aff16_wu_m128_seed3,16,y,88,161.44506750786962,True,21,4,0,0.9969346490368401,True,0.000870188561302133,M2r,0.852139524808904,k2l,False,False,0,,1.0
aff16_wu_m128_seed3,16,y,89,137.74213076440537,True,22,8,16,0.9999936729799277,True,0.9999900188922187,M5l,0.6455895694336837,k5r,True,False,4,"3,5,11,13",1.0
aff16_wu_m128_seed3,16,y,90,166.31357845487176,True,22,8,16,0.9999955940391588,True,0.9999927153073835,M6l,0.6452841383196468,k5r,True,False,4,"3,5,11,13",1.0
aff16_wu_m128_seed3,16,y,91,179.2153305228348,True,22,8,16,0.9999906403241531,True,0.9999887750003345,M6l,0.6452930574253849,k5r,True,False,4,"3,5,11,13",1.0
aff16_wu_m128_seed3,16,y,92,193.04794541737456,True,22,8,16,0.9999941774301989,True,0.5003493717487225,M3l,0.6456386770977379,k5r,False,False,4,"3,5,11,13",1.0
aff16_wu_m128_seed3,16,y,93,153.85207126590456,True,22,8,16,0.9999909218233239,True,0.5003668367223082,M3l,0.6456404023307969,k5r,False,False,4,"3,5,11,13",1.0
aff16_wu_m128_seed3,16,y,94,149.31099342202873,True,22,8,16,0.9999866174012858,True,0.5012337202115746,M2l,0.6452550779018495,k5r,False,False,4,"3,5,11,13",1.0
aff16_wu_m128_seed3,16,y,95,119.01593628721182,True,22,8,16,0.9999870195926132,True,0.5010081034515308,M2l,0.6452598892089411,k5r,False,False,4,"3,5,11,13",1.0
aff16_wu_m128_seed3,16,y,96,215.9951958961694,True,21,4,0,0.9966722137041475,True,0.0011293247538756656,M0r,0.8519222650806582,k2l,False,False,0,,1.0
aff16_wu_m128_seed3,16,y,97,194.6626468184818,True,22,8,16,0.9999947568047717,True,0.500344092240513,M3l,0.6456383638432246,k5r,False,False,4,"3,5,11,13",1.0
aff16_wu_m128_seed3,16,y,98,204.80111636003903,True,22,8,16,0.9999922391931825,True,0.9999899590846185,M2l,0.6449797257845906,k5r,True,False,4,"3,5,11,13",1.0
aff16_wu_m128_seed3,16,y,99,477.9060971461362,True,9,1,0,0.9999885441012468,True,2.310330909225772e-06,M2l,0.999988960640317,k8l,False,True,0,,1.0
aff16_wu_m128_seed3,16,y,100,67.5063434009459,True,22,8,16,0.9978654424916482,True,0.9974578656391573,M6l,0.6438579253282836,k5r,True,False,4,"3,5,11,13",1.0
aff16_wu_m128_seed3,16,y,101,207.36514685858555,True,22,8,16,0.9999923020300188,True,0.9999915520679798,M2l,0.6450074913316858,k5r,True,False,4,"3,5,11,13",1.0
aff16_wu_m128_seed3,16,y,102,147.30582846144816,True,22,8,16,0.9999874113353763,True,0.9999886960562556,M2l,0.6449991273025608,k5r,True,False,4,"3,5,11,13",1.0
aff16_wu_m128_seed3,16,y,103,157.22967073018359,True,22,8,16,0.9999888154980902,True,0.9999857674826382,M5l,0.6455682467249033,k5r,True,False,4,"3,5,11,13",1.0
aff16_wu_m128_seed3,16,y,104,106.90743465916351,True,22,8,16,0.9989565555623621,True,0.49976932980172717,M3l,0.6449502702311914,k5r,False,False,4,"3,5,11,13",1.0
aff16_wu_m128_seed3,16,y,105,213.86282696515488,True,21,4,0,0.996349264906582,True,0.0014211542663194188,M2r,0.8506408750378098,k2l,False,False,0,,1.0
aff16_wu_m128_seed3,16,y,106,116.25619729531286,True,22,8,16,0.9999893789510875,True,0.9999874109106873,M5l,0.6455793279026997,k5r,True,False,4,"3,5,11,13",1.0
aff16_wu_m128_seed3,16,y,107,70.43988886438947,True,21,4,0,0.9967897871789297,True,0.0004720822971075669,M1l,0.851241862285287,k2l,False,False,0,,1.0
aff16_wu_m128_seed3,16,y,108,165.15301872277843,True,22,8,16,0.9999882182072278,True,0.9999840711097145,M2l,0.6450187025774538,k5r,True,False,4,"3,5,11,13",1.0
aff16_wu_m128_seed3,16,y,109,156.1551887640794,True,21,4,0,0.9969428406398407,True,0.0009160111611465931,M0r,0.8520558045921652,k2l,False,False,0,,1.0
aff16_wu_m128_seed3,16,y,110,149.51947966217458,True,22,8,16,0.9999906925772725,True,0.99998902852629,M5l,0.6455730288190917,k5r,True,False,4,"3,5,11,13",1.0
aff16_wu_m128_seed3,16,y,111,501.50432475053066,True,9,1,0,0.9999864235008061,True,2.503659717671687e-06,M6l,0.9999868314209536,k8l,False,True,0,,1.0
aff16_wu_m128_seed3,16,y,112,86.33786586953,True,22,8,16,0.9977326708968606,True,0.4991499062615941,M3l,0.6442099137805989,k5r,False,False,4,"3,5,11,13",1.0
aff16_wu_m128_seed3,16,y,113,830.368597935603,True,7,1,0,0.9998856216006868,True,1.9130671156662593e-05,M5l,1.6474776412216835e-05,k2l,False,False,0,,1.0
aff16_wu_m128_seed3,16,y,114,297.96130691938686,True,16,2,4,0.999983738928307,True,0.974117703538384,M6r,0.9999843053009075,k4l,True,True,0,,1.0
aff16_wu_m128_seed3,16,y,115,189.34649096937656,True,22,8,16,0.9999928312581278,True,0.9999854728107347,M5l,0.6455743048263153,k5r,True,False,4,"3,5,11,13",1.0
aff16_wu_m128_seed3,16,y,116,181.8022197855927,True,22,8,16,0.9999888231268382,True,0.9999878247927975,M2l,0.6450056667194598,k5r,True,False,4,"3,5,11,13",1.0
aff16_wu_m128_seed3,16,y,117,110.73299667406378,True,22,8,16,0.999991972624081,True,0.5003472216944825,M3l,0.6456702053031107,k5r,False,False,4,"3,5,11,13",1.0
aff16_wu_m128_seed3,16,y,118,544.8156690867007,True,16,2,4,0.9999884806214867,True,0.9741254992366832,M6r,0.9999891299886523,k4l,True,True,0,,1.0
aff16_wu_m128_seed3,16,y,119,128.41686188436213,True,22,8,16,0.9999881864155574,True,0.9999831578247059,M2l,0.6449810613661405,k5r,True,False,4,"3,5,11,13",1.0
aff16_wu_m128_seed3,16,y,120,111.7963770019211,True,22,8,16,0.9999834463067182,True,0.5003690613553657,M3l,0.6456536229358449,k5r,False,False,4,"3,5,11,13",1.0
aff16_wu_m128_seed3,16,y,121,826.279609632097,True,7,1,0,0.9998853612531824,True,1.8660230525945617e-05,M5l,1.5756216917667906e-05,k2r,False,False,0,,1.0
aff16_wu_m128_seed3,16,y,122,205.63189684204693,True,22,8,16,0.9999906708722512,True,0.9999881870904991,M2l,0.6449814183842825,k5r,True,False,4,"3,5,11,13",1.0
aff16_wu_m128_seed3,16,y,123,145.85366276900186,True,22,8,16,0.9999950084244482,True,0.9999881352018664,M5l,0.6455746199708499,k5r,True,False,4,"3,5,11,13",1.0
aff16_wu_m128_seed3,16,y,124,147.25889586992096,True,22,8,16,0.9999908175729814,True,0.9999827943193362,M5l,0.6455562996055643,k5r,True,False,4,"3,5,11,13",1.0
aff16_wu_m128_seed3,16,y,125,138.12621244819465,True,22,8,16,0.9999949797978888,True,0.9999922623510676,M6l,0.6452920710517323,k5r,True,False,4,"3,5,11,13",1.0
aff16_wu_m128_seed3,16,y,126,134.27457189071404,True,22,8,16,0.9999876731030752,True,0.9999821723353246,M5l,0.6455799842027524,k5r,True,False,4,"3,5,11,13",1.0
aff16_wu_m128_seed3,16,y,127,155.06074848150698,True,21,4,0,0.9966939589241749,True,0.0011883536810531488,M2r,0.8509641046019643,k2l,False,False,0,,1.0
aff16_wu_m128_seed4,16,x,0,113.34373239199672,True,22,8,16,0.9857193344785224,True,0.5075994797328014,M2l,0.5230582128426114,k7l,False,False,8,"1,3,5,7,9,11,13,15",1.0
aff16_wu_m128_seed4,16,x,1,150.813513392909,True,22,8,16,0.9760368513140277,True,0.5125257400279574,M2l,0.5181344969125654,k7l,False,False,8,"1,3,5,7,9,11,13,15",1.0
aff16_wu_m128_seed4,16,x,2,170.88997730023257,True,22,8,16,0.9727521588363198,True,0.5141742976635036,M2l,0.5163917223127417,k7l,False,False,8,"1,3,5,7,9,11,13,15",1.0
aff16_wu_m128_seed4,16,x,3,67.1452124096862,True,22,8,16,0.9882302361550261,True,0.5059446465956308,M2l,0.5247515901929517,k7l,False,False,8,"1,3,5,7,9,11,13,15",1.0
aff16_wu_m128_seed4,16,x,4,105.75451588251383,True,22,8,16,0.9587329178459646,True,0.5208871798219691,M2l,0.5089162346997721,k7l,False,False,8,"1,3,5,7,9,11,13,15",1.0
aff16_wu_m128_seed4,16,x,5,117.81892319673975,True,22,8,16,0.9825229971086359,True,0.5088175035139296,M2l,0.5217267364057969,k7l,False,False,8,"1,3,5,7,9,11,13,15",1.0
aff16_wu_m128_seed4,16,x,6,44.546432353744954,True,22,8,16,0.9900504766676123,True,0.5052656053013818,M2l,0.5255386034088574,k7l,False,False,8,"1,3,5,7,9,11,13,15",1.0
aff16_wu_m128_seed4,16,x,7,104.46882901942146,True,22,8,16,0.9304000351780438,True,0.5352908116752096,M2l,0.493925396362634,k7l,False,False,8,"1,3,5,7,9,11,13,15",1.0
aff16_wu_m128_seed4,16,x,8,82.84670896910039,True,22,8,16,0.9456324141178183,True,0.5276920132457973,M2l,0.5017060788334455,k7l,False,False,8,"1,3,5,7,9,11,13,15",1.0
aff16_wu_m128_seed4,16,x,9,118.933673155682,True,22,8,16,0.9648054772261964,True,0.5178633831126762,M2l,0.5121424042324645,k7l,False,False,8,"1,3,5,7,9,11,13,15",1.0
aff16_wu_m128_seed4,16,x,10,88.93870698271772,True,22,8,16,0.9464824972174151,True,0.5272302887299934,M2l,0.5022522386487274,k7l,False,False,8,"1,3,5,7,9,11,13,15",1.0
aff16_wu_m128_seed4,16,x,11,90.53425660742136,True,22,8,16,0.976672834906389,True,0.5118985108420281,M2l,0.5183868252623038,k7l,False,False,8,"1,3,5,7,9,11,13,15",1.0
aff16_wu_m128_seed4,16,x,12,71.35827411209178,True,22,8,16,0.9960361595457247,True,0.5025756458742793,M2l,0.5285261191004342,k7l,False,False,8,"1,3,5,7,9,11,13,15",1.0
aff16_wu_m128_seed4,16,x,13,275.5801361820414,True,3,1,0,0.49999206148187736,False,1.7378411898997962e-06,M3l,4.384597203677157e-06,k8l,False,False,0,,1.0
aff16_wu_m128_seed4,16,x,14,104.50645293701587,True,22,8,16,0.9984731850108882,True,0.5013401904543374,M2l,0.5300535826608956,k7l,False,False,8,"1,3,5,7,9,11,13,15",1.0
aff16_wu_m128_seed4,16,x,15,495.0047655906763,True,1,1,0,0.9999835957752506,True,5.086648655179399e-06,M3l,4.054236983156903e-06,k7l,False,False,0,,1.0
aff16_wu_m128_seed4,16,x,16,73.02871824166056,True,22,8,16,0.9615052017985316,True,0.5194728730964894,M2l,0.5103452799241519,k7l,False,False,8,"1,3,5,7,9,11,13,15",1.0
aff16_wu_m128_seed4,16,x,17,203.01919463504214,True,16,2,4,0.999920436955021,True,0.9922846408379034,M2l,0.9999233866344196,k4l,True,True,0,,1.0
aff16_wu_m128_seed4,16,x,18,224.60355825966926,True,21,4,0,0.9887073523217067,True,3.834981685247642e-06,M7r,0.843829914661707,k2r,False,False,0,,1.0
aff16_wu_m128_seed4,16,x,19,256.5727999933632,True,21,4,0,0.989686879217432,True,3.1669142742634476e-06,M1r,0.8450065565177313,k6r,False,False,0,,1.0
aff16_wu_m128_seed4,16,x,20,496.2842590395098,True,8,1,2,0.9999796807635533,True,0.9999823334161368,M3l,0.9999805878241246,k8l,True,True,0,,1.0
aff16_wu_m128_seed4,16,x,21,42.70523354957211,True,22,8,16,0.9624738138526121,True,0.519239739705978,M2l,0.5111314378362443,k7l,False,False,8,"1,3,5,7,9,11,13,15",1.0
aff16_wu_m128_seed4,16,x,22,230.88101074329222,True,21,4,0,0.9887340283243371,True,6.3909353450548105e-06,M6r,0.8438089807874081,k2r,False,False,0,,1.0
aff16_wu_m128_seed4,16,x,23,54.336944777307835,True,22,8,16,0.9898225567218722,True,0.5056819887609136,M2l,0.5252402333072345,k7l,False,False,8,"1,3,5,7,9,11,13,15",1.0
aff16_wu_m128_seed4,16,x,24,302.9840874376658,True,3,1,0,0.4999939528392476,False,2.4821138881329036e-06,M3l,2.6479404835016532e-06,k8l,False,False,0,,1.0
aff16_wu_m128_seed4,16,x,25,308.2529697135517,True,3,1,0,0.49999568881695733,False,1.1445672242905752e-06,M6r,1.8749233361593135e-06,k4l,False,False,0,,1.0
aff16_wu_m128_seed4,16,x,26,50.782940791691885,True,22,8,16,0.9900215897807607,True,0.5053466883186953,M2l,0.5252959361926929,k7l,False,False,8,"1,3,5,7,9,11,13,15",1.0
aff16_wu_m128_seed4,16,x,27,117.93176887378668,True,22,8,16,0.9912629589731453,True,0.5047223419995459,M2l,0.525970579449252,k7l,False,False,8,"1,3,5,7,9,11,13,15",1.0
aff16_wu_m128_seed4,16,x,28,500.8121907229214,True,1,1,0,0.9999845909240459,True,5.023703067905205e-06,M5r,4.153126563110343e-06,k7l,False,False,0,,1.0
aff16_wu_m128_seed4,16,x,29,222.7826465762267,True,21,4,0,0.9887976145591513,True,7.084219495892354e-06,M7r,0.8444124006994701,k2r,False,False,0,,1.0
aff16_wu_m128_seed4,16,x,30,146.34375950014152,True,22,8,16,0.987116755212698,True,0.5070323294655621,M2l,0.5237790944083983,k7l,False,False,8,"1,3,5,7,9,11,13,15",1.0
aff16_wu_m128_seed4,16,x,31,43.84257054298721,True,22,8,16,0.9852882282144847,True,0.5078872594874922,M2l,0.5232599783303918,k7l,False,False,8,"1,3,5,7,9,11,13,15",1.0
aff16_wu_m128_seed4,16,x,32,61.98453407648959,True,22,8,16,0.9761003645777976,True,0.5121721726409049,M2l,0.518102304060678,k7l,False,False,8,"1,3,5,7,9,11,13,15",1.0
aff16_wu_m128_seed4,16,x,33,280.79223509106583,True,3,1,0,0.49999201992201286,False,1.9133651197128366e-06,M3l,3.173315067064008e-06,k8l,False,False,0,,1.0
aff16_wu_m128_seed4,16,x,34,59.638862931043526,True,22,8,16,0.9849152743990648,True,0.5078861221488541,M2l,0.5224161382976608,k7l,False,False,8,"1,3,5,7,9,11,13,15",1.0
aff16_wu_m128_seed4,16,x,35,409.3798649550571,True,19,2,0,0.9484836946935445,True,2.537450464704701e-06,M2l,0.9484851658113016,k4l,False,True,0,,1.0
aff16_wu_m128_seed4,16,x,36,108.76164469143562,True,22,8,16,0.9977870755151859,True,0.5014258306315136,M2l,0.5296586680387445,k7l,False,False,8,"1,3,5,7,9,11,13,15",1.0
aff16_wu_m128_seed4,16,x,37,162.13894289023517,True,22,8,16,0.9742368663493453,True,0.5131499958704944,M2l,0.5171506714636731,k7l,False,False,8,"1,3,5,7,9,11,13,15",1.0
aff16_wu_m128_seed4,16,x,38,139.69149784173248,True,22,8,16,0.9561953383217866,True,0.5221096734034655,M2l,0.5075485668057977,k7l,False,False,8,"1,3,5,7,9,11,13,15",1.0
aff16_wu_m128_seed4,16,x,39,102.54098291896946,True,22,8,16,0.9656231987809344,True,0.5174030911300406,M2l,0.5125540625785316,k7l,False,False,8,"1,3,5,7,9,11,13,15",1.0
aff16_wu_m128_seed4,16,x,40,383.0783865843826,True,15,1,0,0.999958386056899,True,9.568284654790078e-06,M3l,0.999960239370136,k8l,False,True,0,,1.0
aff16_wu_m128_seed4,16,x,41,42.86833521675092,True,22,8,16,0.996147436725418,True,0.5025270588424158,M2l,0.5288351009104403,k7l,False,False,8,"1,3,5,7,9,11,13,15",1.0
aff16_wu_m128_seed4,16,x,42,338.43282975405424,True,21,4,0,0.989635542620203,True,4.914559618468e-06,M6l,0.843733043896502,k6r,False,False,0,,1.0
aff16_wu_m128_seed4,16,x,43,54.41036917788771,True,22,8,16,0.9988767006680619,True,0.5009459132376133,M2l,0.5300180484701907,k7l,False,False,8,"1,3,5,7,9,11,13,15",1.0
aff16_wu_m128_seed4,16,x,44,106.08020540128183,True,22,8,16,0.99301104616202,True,0.5041217785816147,M2l,0.5271655852303445,k7l,False,False,8,"1,3,5,7,9,11,13,15",1.0
aff16_wu_m128_seed4,16,x,45,255.73890912247393,True,21,4,0,0.989655295307563,True,4.92374731565333e-06,M1r,0.8452794892649222,k6r,False,False,0,,1.0
aff16_wu_m128_seed4,16,x,46,151.93300663960298,True,22,8,16,0.9561678351331425,True,0.5222200032692221,M2l,0.5073308519696782,k7l,False,False,8,"1,3,5,7,9,11,13,15",1.0
aff16_wu_m128_seed4,16,x,47,439.4487958234047,True,3,1,0,0.49999572312465124,False,1.1727753108856446e-06,M3l,1.680761324899841e-06,k4l,False,False,0,,1.0
aff16_wu_m128_seed4,16,x,48,74.10415870035074,True,22,8,16,0.9863052665433921,True,0.5074266496976569,M2l,0.5233480510453803,k7l,False,False,8,"1,3,5,7,9,11,13,15",1.0
aff16_wu_m128_seed4,16,x,49,103.64272438953417,True,22,8,16,0.9753122456530038,True,0.5129758988449516,M2l,0.5177598517549401,k7l,False,False,8,"1,3,5,7,9,11,13,15",1.0
aff16_wu_m128_seed4,16,x,50,20.711614913591514,True,19,2,0,0.938335576878282,True,0.0038556689246135134,M2l,0.938372464124693,k4l,False,True,0,,1.0
aff16_wu_m128_seed4,16,x,51,81.2072157365628,True,22,8,16,0.996998268118647,True,0.5017510171327123,M2l,0.5291898235661778,k7l,False,False,8,"1,3,5,7,9,11,13,15",1.0
aff16_wu_m128_seed4,16,x,52,150.4245043450617,True,22,8,16,0.9724793015645862,True,0.5140973023445471,M2l,0.5162183090851048,k7l,False,False,8,"1,3,5,7,9,11,13,15",1.0
aff16_wu_m128_seed4,16,x,53,40.24306506784904,True,22,8,16,0.9534886048750166,True,0.52384510027488,M2l,0.5059411974526393,k7l,False,False,8,"1,3,5,7,9,11,13,15",1.0
aff16_wu_m128_seed4,16,x,54,65.70361264274564,True,22,8,16,0.9970161108839884,True,0.5021032186904293,M2l,0.5292804800970005,k7l,False,False,8,"1,3,5,7,9,11,13,15",1.0
aff16_wu_m128_seed4,16,x,55,377.00348041649676,True,15,1,0,0.9999604480772584,True,8.150707820177241e-06,M2l,0.9999617831879986,k8l,False,True,0,,1.0
aff16_wu_m128_seed4,16,x,56,190.81444065511107,True,22,8,16,0.9502639841291122,True,0.5250899149106218,M2l,0.5044016989370239,k7l,False,False,8,"1,3,5,7,9,11,13,15",1.0
aff16_wu_m128_seed4,16,x,57,45.58148924671022,True,22,8,16,0.996581488382708,True,0.50198678114743,M2l,0.5289889646635401,k7l,False,False,8,"1,3,5,7,9,11,13,15",1.0
aff16_wu_m128_seed4,16,x,58,31.688267477189292,True,22,8,16,0.9816441829230764,True,0.5093774519939396,M2l,0.5210220695141635,k7l,False,False,8,"1,3,5,7,9,11,13,15",1.0
aff16_wu_m128_seed4,16,x,59,416.9340152360813,True,19,2,0,0.9484905786568918,True,1.6531933785548634e-06,M1r,0.9484920672671667,k4l,False,True,0,,1.0
aff16_wu_m128_seed4,16,x,60,36.10514354334188,True,22,8,16,0.9848068065417416,True,0.5080870824348718,M2l,0.523008566016978,k7l,False,False,8,"1,3,5,7,9,11,13,15",1.0
aff16_wu_m128_seed4,16,x,61,125.03682336187266,True,22,8,16,0.9905791122759222,True,0.505045984097462,M2l,0.5258285356477136,k7l,False,False,8,"1,3,5,7,9,11,13,15",1.0
aff16_wu_m128_seed4,16,x,62,74.2630848620911,True,22,8,16,0.92028494497654,True,0.5400721566280428,M2l,0.4885298980551207,k7l,False,False,8,"1,3,5,7,9,11,13,15",1.0
aff16_wu_m128_seed4,16,x,63,36.55724892113468,True,22,8,16,0.9826802113993732,True,0.5091890370699583,M2l,0.5216427319461008,k7l,False,False,8,"1,3,5,7,9,11,13,15",1.0
aff16_wu_m128_seed4,16,x,64,100.8430174799768,True,22,8,16,0.9973094320692333,True,0.5016786416689724,M2l,0.5289696368027949,k7l,False,False,8,"1,3,5,7,9,11,13,15",1.0
aff16_wu_m128_seed4,16,x,65,97.7995008073544,True,22,8,16,0.9987099170653431,True,0.5009160102100758,M2l,0.5300858346346201,k7l,False,False,8,"1,3,5,7,9,11,13,15",1.0
aff16_wu_m128_seed4,16,x,66,350.3644362387056,True,21,4,0,0.989869258161902,True,4.597586408122495e-06,M2l,0.8443328305259729,k6r,False,False,0,,1.0
aff16_wu_m128_seed4,16,x,67,233.80117241330953,True,21,4,0,0.9896303266367454,True,6.806706664875211e-06,M3r,0.8449337910963348,k6r,False,False,0,,1.0
aff16_wu_m128_seed4,16,x,68,239.45827001716762,True,21,4,0,0.9895793699511161,True,5.36861307067203e-06,M3r,0.8450386707341454,k6r,False,False,0,,1.0
aff16_wu_m128_seed4,16,x,69,550.6038830649101,True,1,1,0,0.9999806887930094,True,7.554289886602967e-06,M3l,6.882710734874184e-06,k7l,False,False,0,,1.0
aff16_wu_m128_seed4,16,x,70,63.592100961388205,True,8,1,2,0.9999722099451833,True,0.999974891480223,M2l,0.9999739015621096,k8l,True,True,0,,1.0
aff16_wu_m128_seed4,16,x,71,52.242608853245784,True,22,8,16,0.9813872095217581,True,0.5098197682640312,M2l,0.5211895307173451,k7l,False,False,8,"1,3,5,7,9,11,13,15",1.0
aff16_wu_m128_seed4,16,x,72,136.17203561786667,True,22,8,16,0.9795306609175332,True,0.5104746739046081,M2l,0.5199169839645543,k7l,False,False,8,"1,3,5,7,9,11,13,15",1.0
aff16_wu_m128_seed4,16,x,73,36.48381247095905,True,22,8,16,0.9855208531632895,True,0.5075659688539287,M2l,0.5229363501277787,k7l,False,False,8,"1,3,5,7,9,11,13,15",1.0
aff16_wu_m128_seed4,16,x,74,195.8505065794982,True,22,8,16,0.9641651523534673,True,0.5183939426740469,M2l,0.5116384585510633,k7l,False,False,8,"1,3,5,7,9,11,13,15",1.0
aff16_wu_m128_seed4,16,x,75,656.7248614671378,True,19,2,0,0.9484718828016553,True,2.182688877014391e-06,M5r,0.94847333885696,k4r,False,True,0,,1.0
aff16_wu_m128_seed4,16,x,76,339.6344671027574,True,3,1,0,0.4999958939899788,False,1.8222175072943748e-06,M3l,1.467565045967621e-06,k3r,False,False,0,,1.0
aff16_wu_m128_seed4,16,x,77,115.14177387528747,True,22,8,16,0.9995703785325131,True,0.500548179690435,M2l,0.530166842137603,k7l,False,False,8,"1,3,5,7,9,11,13,15",1.0
aff16_wu_m128_seed4,16,x,78,555.7633694517708,True,1,1,0,0.9999854972249445,True,4.015880106346546e-06,M3l,3.4258100904045623e-06,k7l,False,False,0,,1.0
aff16_wu_m128_seed4,16,x,79,51.15097414886903,True,22,8,16,0.9989309088597011,True,0.5011287985847424,M2l,0.530501744847281,k7l,False,False,8,"1,3,5,7,9,11,13,15",1.0
aff16_wu_m128_seed4,16,x,80,356.2996024524745,True,15,1,0,0.999961756627012,True,7.108262984546038e-06,M2l,0.9999628810510419,k8l,False,True,0,,1.0
aff16_wu_m128_seed4,16,x,81,508.82928283846417,True,8,1,2,0.9999790462649926,True,0.9999817700620999,M3l,0.9999798543464428,k8l,True,True,0,,1.0
aff16_wu_m128_seed4,16,x,82,146.87423274679878,True,22,8,16,0.9476544912588314,True,0.5265166090987303,M2l,0.5030300171915415,k7l,False,False,8,"1,3,5,7,9,11,13,15",1.0
aff16_wu_m128_seed4,16,x,83,237.38103610926078,True,21,4,0,0.9888638135135132,True,4.947188752557868e-06,M7r,0.8440055588518814,k2r,False,False,0,,1.0
aff16_wu_m128_seed4,16,x,84,203.59232185985093,True,16,2,4,0.9999212258664492,True,0.9922876959574989,M2l,0.999922882923463,k4r,True,True,0,,1.0
aff16_wu_m128_seed4,16,x,85,55.728156369976965,True,22,8,16,0.9556851295000434,True,0.5227997995691648,M2l,0.5075653929285046,k7l,False,False,8,"1,3,5,7,9,11,13,15",1.0
aff16_wu_m128_seed4,16,x,86,27.89349179876271,True,22,8,16,0.9916996363051506,True,0.5047137167099383,M2l,0.5262273605905771,k7l,False,False,8,"1,3,5,7,9,11,13,15",1.0
aff16_wu_m128_seed4,16,x,87,134.42194492277937,True,22,8,16,0.9582868791052702,True,0.5211696424251817,M2l,0.5084467324027176,k7l,False,False,8,"1,3,5,7,9,11,13,15",1.0
aff16_wu_m128_seed4,16,x,88,92.71226869851749,True,22,8,16,0.9813978718424333,True,0.5095800042649788,M2l,0.5209405724762227,k7l,False,False,8,"1,3,5,7,9,11,13,15",1.0
aff16_wu_m128_seed4,16,x,89,176.98501495642432,True,22,8,16,0.9496579637475503,True,0.525404589421597,M2l,0.5040869714200814,k7l,False,False,8,"1,3,5,7,9,11,13,15",1.0
aff16_wu_m128_seed4,16,x,90,147.97223883353837,True,22,8,16,0.9583726617250496,True,0.5211673485528514,M2l,0.5087249983990534,k7l,False,False,8,"1,3,5,7,9,11,13,15",1.0
aff16_wu_m128_seed4,16,x,91,90.4063372786904,True,22,8,16,0.9975169485898752,True,0.5013139603344308,M2l,0.5296801119190269,k7l,False,False,8,"1,3,5,7,9,11,13,15",1.0
aff16_wu_m128_seed4,16,x,92,432.2971542396833,True,3,1,0,0.4999958813899625,False,1.5034762251435633e-06,M3l,1.4352230572784292e-06,k7l,False,False,0,,1.0
aff16_wu_m128_seed4,16,x,93,81.74563038474847,True,22,8,16,0.9985928341348905,True,0.5010499875045681,M2l,0.5296418896243619,k7l,False,False,8,"1,3,5,7,9,11,13,15",1.0
aff16_wu_m128_seed4,16,x,94,659.4272507676612,True,19,2,0,0.9484718145099004,True,3.4256899422921313e-06,M5r,0.9484733020589758,k4l,False,True,0,,1.0
aff16_wu_m128_seed4,16,x,95,353.9564250197901,True,15,1,0,0.9999612608270939,True,7.509025394309499e-06,M3l,0.999962337780949,k8l,False,True,0,,1.0
aff16_wu_m128_seed4,16,x,96,69.10735654598696,True,22,8,16,0.9877271089044216,True,0.5065824080478029,M2l,0.5241351812806572,k7l,False,False,8,"1,3,5,7,9,11,13,15",1.0
aff16_wu_m128_seed4,16,x,97,75.57998820401441,True,22,8,16,0.9888721308856194,True,0.5060110778276108,M2l,0.524741248814314,k7l,False,False,8,"1,3,5,7,9,11,13,15",1.0
aff16_wu_m128_seed4,16,x,98,108.93631905924511,True,22,8,16,0.9990837377347856,True,0.5007670344342492,M2l,0.5303414951615664,k7l,False,False,8,"1,3,5,7,9,11,13,15",1.0
aff16_wu_m128_seed4,16,x,99,177.98542710941075,True,22,8,16,0.9699144135656338,True,0.5156644073060853,M2l,0.5149033583838918,k7l,False,False,8,"1,3,5,7,9,11,13,15",1.0
aff16_wu_m128_seed4,16,x,100,243.78815745215718,True,21,4,0,0.988727250711116,True,3.0914031634175117e-06,M6r,0.8441811063565814,k2r,False,False,0,,1.0
aff16_wu_m128_seed4,16,x,101,165.17673388061647,True,22,8,16,0.9704764092332397,True,0.5150219311594254,M2l,0.515067972136897,k7l,False,False,8,"1,3,5,7,9,11,13,15",1.0
aff16_wu_m128_seed4,16,x,102,83.91170498819301,True,22,8,16,0.9894500978547236,True,0.5058531861934215,M2l,0.5252583573654702,k7l,False,False,8,"1,3,5,7,9,11,13,15",1.0
aff16_wu_m128_seed4,16,x,103,75.69076492484244,True,22,8,16,0.969859050534099,True,0.5156705825734735,M2l,0.5148427253996847,k7l,False,False,8,"1,3,5,7,9,11,13,15",1.0
aff16_wu_m128_seed4,16,x,104,131.06192001604848,True,22,8,16,0.946575532070488,True,0.5270078070266159,M2l,0.5020376605397899,k7l,False,False,8,"1,3,5,7,9,11,13,15",1.0
aff16_wu_m128_seed4,16,x,105,0.0005008542429962262,True,19,2,0,0.5033487080617708,False,0.17613093134897587,M2l,0.5421105352297781,k4l,False,False,0,,1.0
aff16_wu_m128_seed4,16,x,106,78.65915172342211,True,22,8,16,0.97571287915805,True,0.5127425123793637,M2l,0.5177371829825159,k7l,False,False,8,"1,3,5,7,9,11,13,15",1.0
aff16_wu_m128_seed4,16,x,107,435.15219478363326,True,3,1,0,0.49999184877768027,False,2.313328655982579e-06,M0l,3.953774693875261e-06,k8l,False,False,0,,1.0
aff16_wu_m128_seed4,16,x,108,432.03230708447944,True,3,1,0,0.49999254960487877,False,1.8514060532163667e-06,M3l,3.6348010249469026e-06,k8l,False,False,0,,1.0
aff16_wu_m128_seed4,16,x,109,104.58106677795818,True,22,8,16,0.9834648688979056,True,0.5087149605081068,M2l,0.5218573152005536,k7l,False,False,8,"1,3,5,7,9,11,13,15",1.0
aff16_wu_m128_seed4,16,x,110,98.66191216446398,True,22,8,16,0.9855670607097932,True,0.5077212693795238,M2l,0.5234005489148137,k7l,False,False,8,"1,3,5,7,9,11,13,15",1.0
aff16_wu_m128_seed4,16,x,111,134.01648366690173,True,22,8,16,0.9432440535378803,True,0.5288608717000636,M2l,0.5005430566323332,k7l,False,False,8,"1,3,5,7,9,11,13,15",1.0
aff16_wu_m128_seed4,16,x,112,64.14794280360441,True,22,8,16,0.9972910820209668,True,0.5019149781070338,M2l,0.5291388437302618,k7l,False,False,8,"1,3,5,7,9,11,13,15",1.0
aff16_wu_m128_seed4,16,x,113,65.36895513497956,True,22,8,16,0.9849140434021524,True,0.5076137276199724,M2l,0.5229968227956416,k7l,False,False,8,"1,3,5,7,9,11,13,15",1.0
aff16_wu_m128_seed4,16,x,114,112.6475861054229,True,22,8,16,0.9883694594393743,True,0.50588547318455,M2l,0.5248214605992412,k7l,False,False,8,"1,3,5,7,9,11,13,15",1.0
aff16_wu_m128_seed4,16,x,115,140.02501059701393,True,22,8,16,0.9338762577905391,True,0.5335387367350057,M2l,0.4955746472189168,k7l,False,False,8,"1,3,5,7,9,11,13,15",1.0
aff16_wu_m128_seed4,16,x,116,98.35977053231166,True,22,8,16,0.9837690664177636,True,0.5083378740838753,M2l,0.5221568783591345,k7l,False,False,8,"1,3,5,7,9,11,13,15",1.0
aff16_wu_m128_seed4,16,x,117,346.16529326998875,True,3,1,0,0.4999949979382105,False,1.615051336648079e-06,M2r,2.8520740180283194e-06,k4r,False,False,0,,1.0
aff16_wu_m128_seed4,16,x,118,67.94358034784439,True,22,8,16,0.9976472668599912,True,0.5017643852500092,M2l,0.5296145887069291,k7l,False,False,8,"1,3,5,7,9,11,13,15",1.0
aff16_wu_m128_seed4,16,x,119,251.17144847685174,True,21,4,0,0.9887048361940934,True,4.4730762191440005e-06,M2l,0.8434407457912728,k2r,False,False,0,,1.0
aff16_wu_m128_seed4,16,x,120,205.72020652964767,True,21,4,0,0.9892962874057426,True,2.6424091672562218e-05,M2l,0.84070814860156,k2r,False,False,0,,1.0
aff16_wu_m128_seed4,16,x,121,171.0886008199139,True,22,8,16,0.970094020448585,True,0.5153076796252437,M2l,0.5145561597338579,k7l,False,False,8,"1,3,5,7,9,11,13,15",1.0
aff16_wu_m128_seed4,16,x,122,132.94116966246946,True,22,8,16,0.9536134598530711,True,0.5234853237851345,M2l,0.5059770088809905,k7l,False,False,8,"1,3,5,7,9,11,13,15",1.0
aff16_wu_m128_seed4,16,x,123,73.33818069964737,True,22,8,16,0.9966491972410808,True,0.5020944245839771,M2l,0.5288476096447993,k7l,False,False,8,"1,3,5,7,9,11,13,15",1.0
aff16_wu_m128_seed4,16,x,124,212.73786505895765,True,21,4,0,0.9890897446366899,True,1.230933453600886e-05,M3l,0.8428021709669459,k2r,False,False,0,,1.0
aff16_wu_m128_seed4,16,x,125,71.62812631837917,True,22,8,16,0.983866443535167,True,0.50864669363784,M2l,0.5220547046617859,k7l,False,False,8,"1,3,5,7,9,11,13,15",1.0
aff16_wu_m128_seed4,16,x,126,106.09132494377343,True,22,8,16,0.9554378223400896,True,0.5224892251242083,M2l,0.5071364236098536,k7l,False,False,8,"1,3,5,7,9,11,13,15",1.0
aff16_wu_m128_seed4,16,x,127,33.69684279542332,True,22,8,16,0.9578386529489056,True,0.5212825410230725,M2l,0.5083996816175798,k7l,False,False,8,"1,3,5,7,9,11,13,15",1.0
aff16_wu_m128_seed4,16,y,0,112.4633185081465,True,22,8,16,0.9859328077738936,True,0.5072534342569203,M2r,0.5234902207722955,k7r,False,False,8,"1,3,5,7,9,11,13,15",1.0
aff16_wu_m128_seed4,16,y,1,150.6724558457173,True,22,8,16,0.9764311797438491,True,0.5119420404342597,M2r,0.5182420066182536,k7r,False,False,8,"1,3,5,7,9,11,13,15",1.0
aff16_wu_m128_seed4,16,y,2,170.0314823314156,True,22,8,16,0.972239172114663,True,0.5133930822118041,M2r,0.5149643010315493,k7r,False,False,8,"1,3,5,7,9,11,13,15",1.0
aff16_wu_m128_seed4,16,y,3,66.37186430669973,True,22,8,16,0.9880323095376808,True,0.5072429146021724,M2r,0.5251838005830454,k7r,False,False,8,"1,3,5,7,9,11,13,15",1.0
aff16_wu_m128_seed4,16,y,4,105.4573102819659,True,22,8,16,0.9578485209933749,True,0.5206678471464588,M2r,0.5086434668955675,k7r,False,False,8,"1,3,5,7,9,11,13,15",1.0
aff16_wu_m128_seed4,16,y,5,117.63256391043674,True,22,8,16,0.9820558666004863,True,0.5091733730780832,M2r,0.5214313862546448,k7r,False,False,8,"1,3,5,7,9,11,13,15",1.0
aff16_wu_m128_seed4,16,y,6,44.20370672477716,True,22,8,16,0.9893460194755687,True,0.5056601549569587,M2r,0.5252986455460038,k7r,False,False,8,"1,3,5,7,9,11,13,15",1.0
aff16_wu_m128_seed4,16,y,7,104.52603371502444,True,22,8,16,0.9285164094871036,True,0.5353306744815582,M2r,0.4930593445106981,k7r,False,False,8,"1,3,5,7,9,11,13,15",1.0
aff16_wu_m128_seed4,16,y,8,83.26978673599888,True,22,8,16,0.9444493847229389,True,0.5278898668804303,M2r,0.5013178792213508,k7r,False,False,8,"1,3,5,7,9,11,13,15",1.0
aff16_wu_m128_seed4,16,y,9,118.1780173335044,True,22,8,16,0.9637341712865486,True,0.5176394843255442,M2r,0.5104546374825426,k7r,False,False,8,"1,3,5,7,9,11,13,15",1.0
aff16_wu_m128_seed4,16,y,10,88.50813421058123,True,22,8,16,0.946898978458323,True,0.5261773630845613,M2r,0.5025090998513239,k7r,False,False,8,"1,3,5,7,9,11,13,15",1.0
aff16_wu_m128_seed4,16,y,11,90.27222572936566,True,22,8,16,0.976142161292513,True,0.5128871085183425,M2r,0.5186808279544327,k7r,False,False,8,"1,3,5,7,9,11,13,15",1.0
aff16_wu_m128_seed4,16,y,12,71.0104470653613,True,22,8,16,0.995590465117488,True,0.5033132224691382,M2r,0.5291989632741441,k7r,False,False,8,"1,3,5,7,9,11,13,15",1.0
aff16_wu_m128_seed4,16,y,13,275.9020718557685,True,3,1,0,0.499992832445273,False,2.279787154249733e-06,M5l,3.1291096794494495e-06,k6l,False,False,0,,1.0
aff16_wu_m128_seed4,16,y,14,104.49355393278387,True,22,8,16,0.9983023258443432,True,0.5021747029592157,M2r,0.5306223005199013,k7r,False,False,8,"1,3,5,7,9,11,13,15",1.0
aff16_wu_m128_seed4,16,y,15,496.96695549628134,True,1,1,0,0.9999880214559439,True,3.3510052262463937e-06,M4l,2.4969689576966494e-06,k8l,False,False,0,,1.0
aff16_wu_m128_seed4,16,y,16,72.1996427956383,True,22,8,16,0.9612285044134651,True,0.5196876826020972,M2r,0.5103845529254196,k7r,False,False,8,"1,3,5,7,9,11,13,15",1.0
aff16_wu_m128_seed4,16,y,17,202.79546845576226,True,16,2,4,0.9999381869842036,True,0.9923859521171925,M2r,0.999945139690832,k4r,True,True,0,,1.0
aff16_wu_m128_seed4,16,y,18,222.7508487746784,True,21,4,0,0.9889378132935801,True,1.67141817642524e-05,M2r,0.8440695562279875,k2l,False,False,0,,1.0
aff16_wu_m128_seed4,16,y,19,254.5055313913982,True,21,4,0,0.9898649224322896,True,2.0125866011602637e-05,M7l,0.8465057525538976,k6l,False,False,0,,1.0
aff16_wu_m128_seed4,16,y,20,496.5069778006162,True,8,1,2,0.9999648874885617,True,0.9999698868503216,M1l,0.9999667842827329,k8l,True,True,0,,1.0
aff16_wu_m128_seed4,16,y,21,42.352025853442946,True,22,8,16,0.9618747068127241,True,0.5185830366956851,M2r,0.51074650530492,k7r,False,False,8,"1,3,5,7,9,11,13,15",1.0
aff16_wu_m128_seed4,16,y,22,222.90441717186258,True,21,4,0,0.988974910270036,True,0.00019368123308039563,M3r,0.8298491382704015,k2l,False,False,0,,1.0
aff16_wu_m128_seed4,16,y,23,53.82679774413767,True,22,8,16,0.988671336618665,True,0.5067958633384139,M2r,0.5272727501306679,k7r,False,False,8,"1,3,5,7,9,11,13,15",1.0
aff16_wu_m128_seed4,16,y,24,304.6949144493604,True,3,1,0,0.4999933378981441,False,1.7933363487321628e-06,M7l,3.1014883485999945e-06,k6l,False,False,0,,1.0
aff16_wu_m128_seed4,16,y,25,308.6694128866981,True,3,1,0,0.4999934045054678,False,2.918563498575363e-06,M2r,2.7431839758282536e-06,k2l,False,False,0,,1.0
aff16_wu_m128_seed4,16,y,26,50.80479722872569,True,22,8,16,0.9903407780901389,True,0.5052802047079548,M2r,0.5259346235512462,k7r,False,False,8,"1,3,5,7,9,11,13,15",1.0
aff16_wu_m128_seed4,16,y,27,117.50273498681533,True,22,8,16,0.9913625884881844,True,0.5047044275755818,M2r,0.5265644530580793,k7r,False,False,8,"1,3,5,7,9,11,13,15",1.0
aff16_wu_m128_seed4,16,y,28,502.94754968853226,True,1,1,0,0.9999889673254617,True,2.4034689957235074e-06,M4l,1.917074339486079e-06,k4r,False,False,0,,1.0
aff16_wu_m128_seed4,16,y,29,221.13786180708217,True,21,4,0,0.9889278637511567,True,1.4429388771245218e-05,M2r,0.8439759503896997,k2l,False,False,0,,1.0
aff16_wu_m128_seed4,16,y,30,146.12678908426622,True,22,8,16,0.9874235775253309,True,0.5065701548065588,M2r,0.52430919106934,k7r,False,False,8,"1,3,5,7,9,11,13,15",1.0
aff16_wu_m128_seed4,16,y,31,43.72774871044194,True,22,8,16,0.9846452472210808,True,0.5083268112513838,M2r,0.5236798473690972,k7r,False,False,8,"1,3,5,7,9,11,13,15",1.0
aff16_wu_m128_seed4,16,y,32,61.70117232011756,True,22,8,16,0.9767444180895084,True,0.5127151833729378,M2r,0.5191856883112793,k7r,False,False,8,"1,3,5,7,9,11,13,15",1.0
aff16_wu_m128_seed4,16,y,33,281.6023470997982,True,3,1,0,0.4999935891133121,False,1.8185198887399893e-06,M5l,2.588794997669943e-06,k4l,False,False,0,,1.0
aff16_wu_m128_seed4,16,y,34,58.88151589645999,True,22,8,16,0.9843951450484447,True,0.5090783888790589,M2r,0.5232688463183326,k7r,False,False,8,"1,3,5,7,9,11,13,15",1.0
aff16_wu_m128_seed4,16,y,35,401.4227383126375,True,19,2,0,0.9498726837352908,True,0.00012679957218851923,M3l,0.9498863057262125,k4r,False,True,0,,1.0
aff16_wu_m128_seed4,16,y,36,108.14463804480937,True,22,8,16,0.9979485457126445,True,0.5021353016455147,M2r,0.5304943282957498,k7r,False,False,8,"1,3,5,7,9,11,13,15",1.0
aff16_wu_m128_seed4,16,y,37,161.95685631296993,True,22,8,16,0.973901716143696,True,0.5132036591935993,M2r,0.5169023464869291,k7r,False,False,8,"1,3,5,7,9,11,13,15",1.0
aff16_wu_m128_seed4,16,y,38,138.7886272881995,True,22,8,16,0.9572569308430591,True,0.5208805568312086,M2r,0.5069605297567977,k7r,False,False,8,"1,3,5,7,9,11,13,15",1.0
aff16_wu_m128_seed4,16,y,39,101.71965092019748,True,22,8,16,0.9662697578515507,True,0.51635434849152,M2r,0.5117624686486614,k7r,False,False,8,"1,3,5,7,9,11,13,15",1.0
aff16_wu_m128_seed4,16,y,40,385.21815722154355,True,15,1,0,0.999981124474139,True,4.081038208345679e-06,M4r,0.9999814846529356,k8l,False,True,0,,1.0
aff16_wu_m128_seed4,16,y,41,42.62747469655971,True,22,8,16,0.9962767467271523,True,0.5027001778893517,M2r,0.529307299710724,k7r,False,False,8,"1,3,5,7,9,11,13,15",1.0
aff16_wu_m128_seed4,16,y,42,254.89922801068573,True,21,4,0,0.987742320283552,True,0.00021251905179650783,M2r,0.50366716921571,k6l,False,False,0,,1.0
aff16_wu_m128_seed4,16,y,43,53.89160371420457,True,22,8,16,0.9990039486642273,True,0.5018891829778314,M2r,0.5309858503820278,k7r,False,False,8,"1,3,5,7,9,11,13,15",1.0
aff16_wu_m128_seed4,16,y,44,105.6035746343609,True,22,8,16,0.9931474436566765,True,0.5038232524526398,M2r,0.5274549838885644,k7r,False,False,8,"1,3,5,7,9,11,13,15",1.0
aff16_wu_m128_seed4,16,y,45,253.7552794892999,True,21,4,0,0.9897535510087598,True,1.8389945978529518e-05,M7l,0.846946574502413,k6l,False,False,0,,1.0
aff16_wu_m128_seed4,16,y,46,151.7667473364192,True,22,8,16,0.9554868698198183,True,0.5218735646048551,M2r,0.5070563126952915,k7r,False,False,8,"1,3,5,7,9,11,13,15",1.0
aff16_wu_m128_seed4,16,y,47,439.2711046388465,True,3,1,0,0.499994210694249,False,2.1563219316157587e-06,M5l,2.0277543928806716e-06,k4l,False,False,0,,1.0
aff16_wu_m128_seed4,16,y,48,73.63302419100359,True,22,8,16,0.9858010277074906,True,0.5080345991097807,M2r,0.5238649120404985,k7r,False,False,8,"1,3,5,7,9,11,13,15",1.0
aff16_wu_m128_seed4,16,y,49,103.00615595548419,True,22,8,16,0.9751717078233615,True,0.5117480448022106,M2r,0.5167414703341187,k7r,False,False,8,"1,3,5,7,9,11,13,15",1.0
aff16_wu_m128_seed4,16,y,50,11.621824499099791,True,19,2,0,0.9743543996294228,True,0.005510188960676747,M2r,0.9753241143963408,k4l,False,True,0,,1.0
aff16_wu_m128_seed4,16,y,51,80.69202452833916,True,22,8,16,0.9973468885124585,True,0.5017566347860916,M2r,0.5296862903833299,k7r,False,False,8,"1,3,5,7,9,11,13,15",1.0
aff16_wu_m128_seed4,16,y,52,150.1905789659917,True,22,8,16,0.9725061766029393,True,0.5132478040452558,M2r,0.5150659261578934,k7r,False,False,8,"1,3,5,7,9,11,13,15",1.0
aff16_wu_m128_seed4,16,y,53,39.69781160388517,True,22,8,16,0.9536607463169704,True,0.5227366814012436,M2r,0.5063751350749907,k7r,False,False,8,"1,3,5,7,9,11,13,15",1.0
aff16_wu_m128_seed4,16,y,54,65.17665692965082,True,22,8,16,0.9968112286410388,True,0.5022396636217409,M2r,0.5301366433521622,k7r,False,False,8,"1,3,5,7,9,11,13,15",1.0
aff16_wu_m128_seed4,16,y,55,379.19107519414985,True,15,1,0,0.9999816102523982,True,4.0449301837651205e-06,M2r,0.9999820129907727,k8l,False,True,0,,1.0
aff16_wu_m128_seed4,16,y,56,189.2914500071852,True,22,8,16,0.9507741335008588,True,0.5247311900299569,M2r,0.5046613612671836,k7r,False,False,8,"1,3,5,7,9,11,13,15",1.0
aff16_wu_m128_seed4,16,y,57,44.998369969585276,True,22,8,16,0.9965595650066449,True,0.5031159924401113,M2r,0.5320813404204251,k7r,False,False,8,"1,3,5,7,9,11,13,15",1.0
aff16_wu_m128_seed4,16,y,58,31.881774815336946,True,22,8,16,0.9815947326684102,True,0.5085866858271356,M2r,0.5201657657812313,k7r,False,False,8,"1,3,5,7,9,11,13,15",1.0
aff16_wu_m128_seed4,16,y,59,405.7700732224242,True,19,2,0,0.9502715589194546,True,0.00014270108532496242,M3l,0.950282896996586,k4l,False,True,0,,1.0
aff16_wu_m128_seed4,16,y,60,35.49808043523978,True,22,8,16,0.9847046852855971,True,0.5088529255156701,M2r,0.5251861292512631,k7r,False,False,8,"1,3,5,7,9,11,13,15",1.0
aff16_wu_m128_seed4,16,y,61,124.74014493241704,True,22,8,16,0.9904487442237933,True,0.5051977907128964,M2r,0.5260362750664653,k7r,False,False,8,"1,3,5,7,9,11,13,15",1.0
aff16_wu_m128_seed4,16,y,62,74.01860935736227,True,22,8,16,0.9205315950198975,True,0.5394073092296738,M2r,0.4885179222406139,k7r,False,False,8,"1,3,5,7,9,11,13,15",1.0
aff16_wu_m128_seed4,16,y,63,36.038062442116335,True,22,8,16,0.982211069271536,True,0.5083389953352132,M2r,0.5212573320245454,k7r,False,False,8,"1,3,5,7,9,11,13,15",1.0
aff16_wu_m128_seed4,16,y,64,100.75691764288749,True,22,8,16,0.9972645564782237,True,0.5022397209736489,M2r,0.5298773838429032,k7r,False,False,8,"1,3,5,7,9,11,13,15",1.0
aff16_wu_m128_seed4,16,y,65,97.19055960883769,True,22,8,16,0.9986304146188865,True,0.5018069145940112,M2r,0.530862811091133,k7r,False,False,8,"1,3,5,7,9,11,13,15",1.0
aff16_wu_m128_seed4,16,y,66,264.9681185547097,True,21,4,0,0.9881571517116358,True,0.00022660513043954247,M3r,0.5478415054694736,k2l,False,False,0,,1.0
aff16_wu_m128_seed4,16,y,67,231.95175102789568,True,21,4,0,0.9894230636219478,True,1.681536545404425e-05,M3r,0.8453715621884064,k2l,False,False,0,,1.0
aff16_wu_m128_seed4,16,y,68,237.28319687934845,True,21,4,0,0.9893966615648813,True,2.1554883725292293e-05,M2r,0.8453498658595746,k2l,False,False,0,,1.0
aff16_wu_m128_seed4,16,y,69,552.0241546813257,True,1,1,0,0.9999890040860112,True,2.214843275147051e-06,M4l,2.2347250461983946e-06,k6r,False,False,0,,1.0
aff16_wu_m128_seed4,16,y,70,63.83810511504802,True,8,1,2,0.9999487469099356,True,0.9999591257858998,M2r,0.9999508182244347,k8l,True,True,0,,1.0
aff16_wu_m128_seed4,16,y,71,52.13147902829002,True,22,8,16,0.9802918927889953,True,0.5100620140968333,M2r,0.5204779126246681,k7r,False,False,8,"1,3,5,7,9,11,13,15",1.0
aff16_wu_m128_seed4,16,y,72,135.54059593508993,True,22,8,16,0.9791561668232164,True,0.5106434889667878,M2r,0.5198840267019011,k7r,False,False,8,"1,3,5,7,9,11,13,15",1.0
aff16_wu_m128_seed4,16,y,73,36.20678729998485,True,22,8,16,0.9854830363340659,True,0.5084293754028661,M2r,0.5255974534468848,k7r,False,False,8,"1,3,5,7,9,11,13,15",1.0
aff16_wu_m128_seed4,16,y,74,194.782218633697,True,22,8,16,0.9641381710930648,True,0.5180389852759704,M2r,0.5117276782538814,k7r,False,False,8,"1,3,5,7,9,11,13,15",1.0
aff16_wu_m128_seed4,16,y,75,651.9599650318142,True,19,2,0,0.9471162028675627,True,3.4929928138449984e-05,M5l,0.9471326858923199,k4l,False,True,0,,1.0
aff16_wu_m128_seed4,16,y,76,340.12299559871485,True,3,1,0,0.49999299362494803,False,2.894726899912718e-06,M2r,3.25433213065075e-06,k4l,False,False,0,,1.0
aff16_wu_m128_seed4,16,y,77,114.61990613778892,True,22,8,16,0.9994499962937465,True,0.5005490155082991,M2r,0.5306690598709676,k7r,False,False,8,"1,3,5,7,9,11,13,15",1.0
aff16_wu_m128_seed4,16,y,78,556.6018101932139,True,1,1,0,0.9999870842875008,True,3.225197448993479e-06,M3r,2.452010869330171e-06,k7r,False,False,0,,1.0
aff16_wu_m128_seed4,16,y,79,50.5059605444628,True,22,8,16,0.9991726615327101,True,0.5006800123773976,M2r,0.5305247541050819,k7r,False,False,8,"1,3,5,7,9,11,13,15",1.0
aff16_wu_m128_seed4,16,y,80,358.4468759071862,True,15,1,0,0.9999816371787946,True,4.33719516412745e-06,M2r,0.9999822799489337,k8l,False,True,0,,1.0
aff16_wu_m128_seed4,16,y,81,508.3592075627788,True,8,1,2,0.9999633822084798,True,0.9999683141599359,M1l,0.9999649111848223,k8l,True,True,0,,1.0
aff16_wu_m128_seed4,16,y,82,146.77594101725467,True,22,8,16,0.9476119964950199,True,0.5258159469064251,M2r,0.5028955870813352,k7r,False,False,8,"1,3,5,7,9,11,13,15",1.0
aff16_wu_m128_seed4,16,y,83,228.3642018139441,True,21,4,0,0.9889541350333888,True,0.00018092160176747348,M3r,0.8286219608020164,k2l,False,False,0,,1.0
aff16_wu_m128_seed4,16,y,84,202.88723617024473,True,16,2,4,0.9999440372267229,True,0.9923914012381545,M2r,0.9999463041421954,k4r,True,True,0,,1.0
aff16_wu_m128_seed4,16,y,85,55.44034375705759,True,22,8,16,0.953760985004294,True,0.5234149489369705,M2r,0.5060378656933288,k7r,False,False,8,"1,3,5,7,9,11,13,15",1.0
aff16_wu_m128_seed4,16,y,86,27.49990674834301,True,22,8,16,0.9915804246333431,True,0.5052864682692131,M2r,0.5288665712143045,k7r,False,False,8,"1,3,5,7,9,11,13,15",1.0
aff16_wu_m128_seed4,16,y,87,134.12008158233763,True,22,8,16,0.9578799563517423,True,0.5205625808842999,M2r,0.5072888927246965,k7r,False,False,8,"1,3,5,7,9,11,13,15",1.0
aff16_wu_m128_seed4,16,y,88,92.50114955898187,True,22,8,16,0.980985374384538,True,0.5097126647988016,M2r,0.5208761731573361,k7r,False,False,8,"1,3,5,7,9,11,13,15",1.0
aff16_wu_m128_seed4,16,y,89,175.31998227058685,True,22,8,16,0.9490232828612462,True,0.5250550779344991,M2r,0.5039723765352018,k7r,False,False,8,"1,3,5,7,9,11,13,15",1.0
aff16_wu_m128_seed4,16,y,90,147.68888407211716,True,22,8,16,0.9580849156321793,True,0.520492582982758,M2r,0.5086983747575736,k7r,False,False,8,"1,3,5,7,9,11,13,15",1.0
aff16_wu_m128_seed4,16,y,91,89.773137332464,True,22,8,16,0.997634876192548,True,0.5022808890022566,M2r,0.5302471442069501,k7r,False,False,8,"1,3,5,7,9,11,13,15",1.0
aff16_wu_m128_seed4,16,y,92,433.2046089562184,True,3,1,0,0.49999383643442763,False,2.2109419110340816e-06,M5l,2.5089289329920206e-06,k4r,False,False,0,,1.0
aff16_wu_m128_seed4,16,y,93,81.53297055557321,True,22,8,16,0.9983679753579916,True,0.5019771685248487,M2r,0.5307885068749373,k7r,False,False,8,"1,3,5,7,9,11,13,15",1.0
aff16_wu_m128_seed4,16,y,94,654.184638551239,True,19,2,0,0.9471464278331894,True,3.4514231648857765e-05,M5l,0.9471630084731314,k4l,False,True,0,,1.0
aff16_wu_m128_seed4,16,y,95,356.36569163496927,True,15,1,0,0.9999830000276616,True,4.025095395853165e-06,M2r,0.999983792953938,k8l,False,True,0,,1.0
aff16_wu_m128_seed4,16,y,96,67.98800543717293,True,22,8,16,0.9880134466754356,True,0.5072313761200902,M2r,0.5269455561280906,k7r,False,False,8,"1,3,5,7,9,11,13,15",1.0
aff16_wu_m128_seed4,16,y,97,74.93350918410553,True,22,8,16,0.9887045667215764,True,0.507067088263824,M2r,0.5256211226076577,k7r,False,False,8,"1,3,5,7,9,11,13,15",1.0
aff16_wu_m128_seed4,16,y,98,108.66396059143105,True,22,8,16,0.9989677209312229,True,0.5018996844985062,M2r,0.5310283617317583,k7r,False,False,8,"1,3,5,7,9,11,13,15",1.0
aff16_wu_m128_seed4,16,y,99,177.1580814094088,True,22,8,16,0.9695694836043911,True,0.5148267680395816,M2r,0.5145039555749992,k7r,False,False,8,"1,3,5,7,9,11,13,15",1.0
aff16_wu_m128_seed4,16,y,100,242.10157575040125,True,21,4,0,0.9892912451029253,True,2.176341159401707e-05,M7l,0.8454447002581392,k6l,False,False,0,,1.0
aff16_wu_m128_seed4,16,y,101,164.67169116844164,True,22,8,16,0.9698939515866033,True,0.5146385914578674,M2r,0.5146993400872464,k7r,False,False,8,"1,3,5,7,9,11,13,15",1.0
aff16_wu_m128_seed4,16,y,102,83.5072304644803,True,22,8,16,0.9893034069142306,True,0.5055978628163996,M2r,0.525269035943494,k7r,False,False,8,"1,3,5,7,9,11,13,15",1.0
aff16_wu_m128_seed4,16,y,103,75.5328854770386,True,22,8,16,0.9685383693470019,True,0.5152627864263143,M2r,0.5142493639415152,k7r,False,False,8,"1,3,5,7,9,11,13,15",1.0
aff16_wu_m128_seed4,16,y,104,130.720019464643,True,22,8,16,0.946318908258167,True,0.5264796990565969,M2r,0.502200838642278,k7r,False,False,8,"1,3,5,7,9,11,13,15",1.0
aff16_wu_m128_seed4,16,y,105,0.00035818020405169957,True,22,8,16,0.3209173359860951,False,0.2560099778433054,M2r,0.26083409786359796,k4r,False,False,0,,1.0
aff16_wu_m128_seed4,16,y,106,77.9618983913721,True,22,8,16,0.9762747229016107,True,0.512297318478536,M2r,0.518447999267359,k7r,False,False,8,"1,3,5,7,9,11,13,15",1.0
aff16_wu_m128_seed4,16,y,107,437.37988643640256,True,3,1,0,0.49999447688537296,False,1.1163104043025867e-06,M7r,2.5431786074485222e-06,k2l,False,False,0,,1.0
aff16_wu_m128_seed4,16,y,108,433.8759438161246,True,3,1,0,0.499993804810558,False,1.499195631604043e-06,M3r,2.7269290785647193e-06,k2l,False,False,0,,1.0
aff16_wu_m128_seed4,16,y,109,104.00150185259376,True,22,8,16,0.9830772751534522,True,0.5093812578120166,M2r,0.5223857322721356,k7r,False,False,8,"1,3,5,7,9,11,13,15",1.0
aff16_wu_m128_seed4,16,y,110,98.08127877130987,True,22,8,16,0.985444095285875,True,0.5082436373143557,M2r,0.5236363496178412,k7r,False,False,8,"1,3,5,7,9,11,13,15",1.0
aff16_wu_m128_seed4,16,y,111,133.3319157921741,True,22,8,16,0.9429683178066154,True,0.5280802650197696,M2r,0.4994139483307128,k7r,False,False,8,"1,3,5,7,9,11,13,15",1.0
aff16_wu_m128_seed4,16,y,112,63.983842267807375,True,22,8,16,0.9973236786758888,True,0.502212452782177,M2r,0.5299277510982771,k7r,False,False,8,"1,3,5,7,9,11,13,15",1.0
aff16_wu_m128_seed4,16,y,113,65.02519640766609,True,22,8,16,0.9841271011268378,True,0.5083167166441274,M2r,0.5226709093995889,k7r,False,False,8,"1,3,5,7,9,11,13,15",1.0
aff16_wu_m128_seed4,16,y,114,112.07198492108137,True,22,8,16,0.9884650245964975,True,0.5067059949993896,M2r,0.5252507007163058,k7r,False,False,8,"1,3,5,7,9,11,13,15",1.0
aff16_wu_m128_seed4,16,y,115,138.83841224614022,True,22,8,16,0.9336332817889639,True,0.5327512240330405,M2r,0.495787215301375,k7r,False,False,8,"1,3,5,7,9,11,13,15",1.0
aff16_wu_m128_seed4,16,y,116,97.96637138036455,True,22,8,16,0.984475474242157,True,0.5090347253811368,M2r,0.5233061459379116,k7r,False,False,8,"1,3,5,7,9,11,13,15",1.0
aff16_wu_m128_seed4,16,y,117,347.79513477206723,True,3,1,0,0.4999947637354941,False,1.7279521967274772e-06,M0l,2.0742524570331702e-06,k2r,False,False,0,,1.0
aff16_wu_m128_seed4,16,y,118,67.36052577521482,True,22,8,16,0.9977172171623333,True,0.5024580673108705,M2r,0.5303356897685139,k7r,False,False,8,"1,3,5,7,9,11,13,15",1.0
aff16_wu_m128_seed4,16,y,119,249.42908235322977,True,21,4,0,0.9891927920493212,True,1.6419725250085207e-05,M7l,0.8452370031474057,k6l,False,False,0,,1.0
aff16_wu_m128_seed4,16,y,120,193.21653382675666,True,21,4,0,0.9890623482918934,True,0.0002585822855053265,M0r,0.8345804365949456,k6l,False,False,0,,1.0
aff16_wu_m128_seed4,16,y,121,171.83031143783543,True,22,8,16,0.9710377696897734,True,0.514609867548193,M2r,0.515372896564014,k7r,False,False,8,"1,3,5,7,9,11,13,15",1.0
aff16_wu_m128_seed4,16,y,122,132.3334451576774,True,22,8,16,0.9525660413677661,True,0.523253972820075,M2r,0.5057722143229765,k7r,False,False,8,"1,3,5,7,9,11,13,15",1.0
aff16_wu_m128_seed4,16,y,123,72.96500685000233,True,22,8,16,0.9965638204476994,True,0.5028832522696772,M2r,0.5298257894633775,k7r,False,False,8,"1,3,5,7,9,11,13,15",1.0
aff16_wu_m128_seed4,16,y,124,198.9368191672769,True,21,4,0,0.9888878131466944,True,0.00026729909990236994,M0r,0.8334643674670863,k6l,False,False,0,,1.0
aff16_wu_m128_seed4,16,y,125,71.1989540757892,True,22,8,16,0.9841119491019215,True,0.5091969047673052,M2r,0.5231392625057028,k7r,False,False,8,"1,3,5,7,9,11,13,15",1.0
aff16_wu_m128_seed4,16,y,126,105.25309749769356,True,22,8,16,0.9565239109310941,True,0.5212857678251364,M2r,0.5079070574711845,k7r,False,False,8,"1,3,5,7,9,11,13,15",1.0
aff16_wu_m128_seed4,16,y,127,33.28799077317959,True,22,8,16,0.9601579282820623,True,0.519993632444823,M2r,0.509636875723507,k7r,False,False,8,"1,3,5,7,9,11,13,15",1.0
aff16_wu_m128_seed5,16,x,0,89.73386722074883,True,22,8,16,0.9999720892696448,True,0.990785181680741,M4l,0.5901785943710534,k5r,True,False,8,"1,3,5,7,9,11,13,15",0.9998982548713684
aff16_wu_m128_seed5,16,x,1,158.88125697066224,True,21,4,0,0.9999590950093012,True,8.340438997380495e-06,M4l,0.8544941576201096,k6r,False,False,0,,0.9998982548713684
aff16_wu_m128_seed5,16,x,2,116.49171703875909,True,22,8,16,0.9999710960483275,True,0.9908181978276857,M4l,0.8193583880073302,k7r,True,False,8,"1,3,5,7,9,11,13,15",0.9998982548713684
aff16_wu_m128_seed5,16,x,3,644.6805948360619,True,3,1,0,0.46518756307049,False,1.9290425647897167e-06,M5r,2.0592347910419487e-06,k6r,False,False,0,,0.9998982548713684
aff16_wu_m128_seed5,16,x,4,72.99121135754642,True,22,8,16,0.9999611062860799,True,0.9909033805255119,M4l,0.8230512776520027,k7r,True,False,8,"1,3,5,7,9,11,13,15",0.9998982548713684
aff16_wu_m128_seed5,16,x,5,181.12234749076308,True,21,4,0,0.9999234870348547,True,1.735022074494677e-05,M4l,0.8517538514410551,k2r,False,False,0,,0.9998982548713684
aff16_wu_m128_seed5,16,x,6,159.8078873634726,True,22,8,16,0.9999853948482961,True,0.9909151461651431,M4l,0.5906818811846994,k5r,True,False,8,"1,3,5,7,9,11,13,15",0.9998982548713684
aff16_wu_m128_seed5,16,x,7,289.9038477531996,True,19,2,0,0.9882106093733479,True,0.011697699984023258,M4l,0.988222114102425,k4l,False,True,0,,0.9998982548713684
aff16_wu_m128_seed5,16,x,8,76.52582130941134,True,22,8,16,0.99997528579272,True,0.9908175846709597,M4l,0.5897631776335464,k1r,True,False,8,"1,3,5,7,9,11,13,15",0.9998982548713684
aff16_wu_m128_seed5,16,x,9,114.3744439555525,True,22,8,16,0.9999696607859948,True,0.9909084342981113,M4l,0.821345879510985,k7r,True,False,8,"1,3,5,7,9,11,13,15",0.9998982548713684
aff16_wu_m128_seed5,16,x,10,39.34931011915787,True,22,8,16,0.9999653708654301,True,0.9908332834170313,M4l,0.8208641135039524,k1r,True,False,8,"1,3,5,7,9,11,13,15",0.9998982548713684
aff16_wu_m128_seed5,16,x,11,133.3834079316145,True,3,1,0,0.36770285379214185,False,3.1094296044906303e-06,M4l,6.686299434605057e-06,k6r,False,False,0,,0.9998982548713684
aff16_wu_m128_seed5,16,x,12,83.75333291132092,True,22,8,16,0.9999723089397653,True,0.9909054801570896,M4l,0.8195929199832753,k7r,True,False,8,"1,3,5,7,9,11,13,15",0.9998982548713684
aff16_wu_m128_seed5,16,x,13,170.8975203336165,True,21,4,0,0.9999280446262991,True,1.6417905293657203e-05,M4l,0.8547827445207251,k2r,False,False,0,,0.9998982548713684
aff16_wu_m128_seed5,16,x,14,700.3714645700123,True,7,1,0,0.999988719269984,True,1.8788471890104658e-06,M5r,1.998053324662394e-06,k6r,False,False,0,,0.9998982548713684
aff16_wu_m128_seed5,16,x,15,147.05923418075247,True,22,8,16,0.9997965181928137,True,0.9907411972122522,M4l,0.600515202716192,k5r,True,False,8,"1,3,5,7,9,11,13,15",0.9998982548713684
aff16_wu_m128_seed5,16,x,16,117.66914054704073,True,22,8,16,0.9999917124411745,True,0.9908360206421295,M4l,0.5867784771817475,k1r,True,False,8,"1,3,5,7,9,11,13,15",0.9998982548713684
aff16_wu_m128_seed5,16,x,17,448.9318134422217,True,6,1,0,0.9999809272657529,True,3.1189061650640473e-06,M4l,6.746218097939333e-06,k8l,False,False,0,,0.9998982548713684
aff16_wu_m128_seed5,16,x,18,397.8941707236537,True,3,1,0,0.4911390181856688,False,2.1150863186531907e-06,M1r,2.5105809390108824e-06,k4r,False,False,0,,0.9998982548713684
aff16_wu_m128_seed5,16,x,19,144.01607735495028,True,22,8,16,0.9999587831608873,True,0.9908960147439407,M4l,0.8164516254425335,k7r,True,False,8,"1,3,5,7,9,11,13,15",0.9998982548713684
aff16_wu_m128_seed5,16,x,20,128.73996722750204,True,22,8,16,0.9999806046097554,True,0.9907899178110322,M4l,0.5904563548136988,k5r,True,False,8,"1,3,5,7,9,11,13,15",0.9998982548713684
aff16_wu_m128_seed5,16,x,21,120.54295620931896,True,22,8,16,0.9999909238816941,True,0.990920137364575,M4l,0.5903825761716395,k5r,True,False,8,"1,3,5,7,9,11,13,15",0.9998982548713684
aff16_wu_m128_seed5,16,x,22,74.24453048453111,True,22,8,16,0.9999757564018471,True,0.9908456006813163,M4l,0.8198254940154263,k1r,True,False,8,"1,3,5,7,9,11,13,15",0.9998982548713684
aff16_wu_m128_seed5,16,x,23,78.14379515515876,True,22,8,16,0.999987242319112,True,0.9908795415368497,M4l,0.5914874627354021,k5r,True,False,8,"1,3,5,7,9,11,13,15",0.9998982548713684
aff16_wu_m128_seed5,16,x,24,50.315739133230096,True,22,8,16,0.9999681716745745,True,0.9907774753538353,M4l,0.5900300587067303,k5r,True,False,8,"1,3,5,7,9,11,13,15",0.9998982548713684
aff16_wu_m128_seed5,16,x,25,122.89898844180395,True,22,8,16,0.9999840554893313,True,0.9909213688047858,M4l,0.8199285373900456,k7r,True,False,8,"1,3,5,7,9,11,13,15",0.9998982548713684
aff16_wu_m128_seed5,16,x,26,107.29823367560398,True,22,8,16,0.9999764186131523,True,0.990912338852556,M4l,0.8194677287358176,k7r,True,False,8,"1,3,5,7,9,11,13,15",0.9998982548713684
aff16_wu_m128_seed5,16,x,27,147.68879911482549,True,22,8,16,0.999980460968489,True,0.9909166744072733,M4l,0.820406536660043,k7r,True,False,8,"1,3,5,7,9,11,13,15",0.9998982548713684
aff16_wu_m128_seed5,16,x,28,215.27466236212604,True,21,4,0,0.9999645996339032,True,7.5399791915043135e-06,M5r,0.8537275652882633,k6r,False,False,0,,0.9998982548713684
aff16_wu_m128_seed5,16,x,29,74.36671761289857,True,22,8,16,0.9999647290790834,True,0.9908561699688327,M4l,0.5899219389300229,k5r,True,False,8,"1,3,5,7,9,11,13,15",0.9998982548713684
aff16_wu_m128_seed5,16,x,30,68.4094455298656,True,22,8,16,0.999970430482701,True,0.9908188533166827,M4l,0.8179286362631509,k7r,True,False,8,"1,3,5,7,9,11,13,15",0.9998982548713684
aff16_wu_m128_seed5,16,x,31,124.9845584668651,True,22,8,16,0.9999866537326803,True,0.990796536207507,M4l,0.5893572040655098,k5r,True,False,8,"1,3,5,7,9,11,13,15",0.9998982548713684
aff16_wu_m128_seed5,16,x,32,109.95067266508302,True,22,8,16,0.9999629124345903,True,0.9908088028529211,M4l,0.817176975899058,k7r,True,False,8,"1,3,5,7,9,11,13,15",0.9998982548713684
aff16_wu_m128_seed5,16,x,33,108.83366076662557,True,22,8,16,0.9999761845250931,True,0.9909030092076434,M4l,0.5908133936269356,k5r,True,False,8,"1,3,5,7,9,11,13,15",0.9998982548713684
aff16_wu_m128_seed5,16,x,34,98.5379786156277,True,22,8,16,0.9999888203200243,True,0.9908588234816321,M4l,0.8213341998709273,k1r,True,False,8,"1,3,5,7,9,11,13,15",0.9998982548713684
aff16_wu_m128_seed5,16,x,35,68.72792511372822,True,22,8,16,0.99995283489841,True,0.9908202947025448,M4l,0.8179320410764928,k1r,True,False,8,"1,3,5,7,9,11,13,15",0.9998982548713684
aff16_wu_m128_seed5,16,x,36,127.46212111335826,True,22,8,16,0.9999809728968702,True,0.990791633611389,M4l,0.5910116168134059,k5r,True,False,8,"1,3,5,7,9,11,13,15",0.9998982548713684
aff16_wu_m128_seed5,16,x,37,96.27429255110161,True,22,8,16,0.9999878194723493,True,0.9907915384347474,M4l,0.5909152395384809,k5r,True,False,8,"1,3,5,7,9,11,13,15",0.9998982548713684
aff16_wu_m128_seed5,16,x,38,77.339591077706,True,22,8,16,0.999983996006335,True,0.9908277194653923,M4l,0.5876497969811793,k1r,True,False,8,"1,3,5,7,9,11,13,15",0.9998982548713684
aff16_wu_m128_seed5,16,x,39,334.44459456726554,True,19,2,0,0.9360190189310266,True,0.06397121277219682,M3l,0.9360210884393769,k4l,False,True,0,,0.9998982548713684
aff16_wu_m128_seed5,16,x,40,178.44276899805547,True,21,4,0,0.9999593774684996,True,1.584199818064518e-05,M4l,0.8524503571291189,k2r,False,False,0,,0.9998982548713684
aff16_wu_m128_seed5,16,x,41,52.628513566994116,True,22,8,16,0.9999870934408664,True,0.9907941890694522,M4l,0.5907648202102539,k5r,True,False,8,"1,3,5,7,9,11,13,15",0.9998982548713684
aff16_wu_m128_seed5,16,x,42,100.91760801731915,True,22,8,16,0.9999812075806787,True,0.9909105063831064,M4l,0.5894704061517011,k5r,True,False,8,"1,3,5,7,9,11,13,15",0.9998982548713684
aff16_wu_m128_seed5,16,x,43,146.02877770134916,True,22,8,16,0.9999745186410357,True,0.9908657831007783,M4l,0.5929641363379444,k5r,True,False,8,"1,3,5,7,9,11,13,15",0.9998982548713684
aff16_wu_m128_seed5,16,x,44,130.98054883224836,True,22,8,16,0.9999854523938239,True,0.9909208577703862,M4l,0.819340843148791,k7r,True,False,8,"1,3,5,7,9,11,13,15",0.9998982548713684
aff16_wu_m128_seed5,16,x,45,40.25181727725384,True,22,8,16,0.9999721209570671,True,0.9909043689649394,M4l,0.5917464179390134,k5r,True,False,8,"1,3,5,7,9,11,13,15",0.9998982548713684
aff16_wu_m128_seed5,16,x,46,704.0121331658414,True,7,1,0,0.9999888667837789,True,1.7859732537599878e-06,M4l,2.460645037138143e-06,k6l,False,False,0,,0.9998982548713684
aff16_wu_m128_seed5,16,x,47,75.75161930134402,True,22,8,16,0.9999754695102484,True,0.9907884071752621,M4l,0.5899276330000995,k5r,True,False,8,"1,3,5,7,9,11,13,15",0.9998982548713684
aff16_wu_m128_seed5,16,x,48,110.30981401698045,True,22,8,16,0.9999804632960554,True,0.9907884371939574,M4l,0.590956749001767,k5r,True,False,8,"1,3,5,7,9,11,13,15",0.9998982548713684
aff16_wu_m128_seed5,16,x,49,119.91947836722122,True,22,8,16,0.999975202312328,True,0.990821257824482,M4l,0.8212322537456931,k7r,True,False,8,"1,3,5,7,9,11,13,15",0.9998982548713684
aff16_wu_m128_seed5,16,x,50,104.15981176131571,True,22,8,16,0.999987744186414,True,0.9908299553376948,M4l,0.8211096459181952,k7r,True,False,8,"1,3,5,7,9,11,13,15",0.9998982548713684
aff16_wu_m128_seed5,16,x,51,107.94216608986122,True,22,8,16,0.9999704258074256,True,0.9908624861733673,M4l,0.5907453679900769,k5r,True,False,8,"1,3,5,7,9,11,13,15",0.9998982548713684
aff16_wu_m128_seed5,16,x,52,230.8816958291205,True,19,2,0,0.9360114872839155,True,0.06397751525415266,M4l,0.9360135397443629,k4r,False,True,0,,0.9998982548713684
aff16_wu_m128_seed5,16,x,53,142.31238179186965,True,22,8,16,0.999983467670335,True,0.9907929111738581,M4l,0.5900739794790179,k5r,True,False,8,"1,3,5,7,9,11,13,15",0.9998982548713684
aff16_wu_m128_seed5,16,x,54,97.70737411748286,True,22,8,16,0.9999833811894911,True,0.9907968295819741,M4l,0.5902999871818543,k5r,True,False,8,"1,3,5,7,9,11,13,15",0.9998982548713684
aff16_wu_m128_seed5,16,x,55,55.15395419465629,True,22,8,16,0.9999681646565465,True,0.9908091773744926,M4l,0.5873404812577128,k1r,True,False,8,"1,3,5,7,9,11,13,15",0.9998982548713684
aff16_wu_m128_seed5,16,x,56,76.17019458317161,True,22,8,16,0.9999783501963101,True,0.9908239306477382,M4l,0.5889917580877726,k1r,True,False,8,"1,3,5,7,9,11,13,15",0.9998982548713684
aff16_wu_m128_seed5,16,x,57,100.16382938903196,True,22,8,16,0.999981557960767,True,0.9908257999799432,M4l,0.5883568315976627,k1r,True,False,8,"1,3,5,7,9,11,13,15",0.9998982548713684
aff16_wu_m128_seed5,16,x,58,187.9526661837207,True,21,4,0,0.9999671978588148,True,7.33155704618513e-06,M4l,0.8518411737876046,k6r,False,False,0,,0.9998982548713684
aff16_wu_m128_seed5,16,x,59,58.07656400667704,True,22,8,16,0.9999633397024,True,0.9908113428107511,M4l,0.8200479907503283,k7r,True,False,8,"1,3,5,7,9,11,13,15",0.9998982548713684
aff16_wu_m128_seed5,16,x,60,34.192560390122054,True,6,1,0,0.9999510829238311,True,2.6469007269153585e-05,M4l,1.2462422965251321e-05,k5r,False,False,0,,0.9998982548713684
aff16_wu_m128_seed5,16,x,61,95.790520158266,True,22,8,16,0.9999799806992845,True,0.9908256223514034,M4l,0.8207110673240792,k7r,True,False,8,"1,3,5,7,9,11,13,15",0.9998982548713684
aff16_wu_m128_seed5,16,x,62,78.11725657250565,True,22,8,16,0.9999632310936014,True,0.9908948066963091,M4l,0.5905975869306719,k5r,True,False,8,"1,3,5,7,9,11,13,15",0.9998982548713684
aff16_wu_m128_seed5,16,x,63,89.01051012993801,True,22,8,16,0.9999611996819454,True,0.9908989609897507,M4l,0.8233938609336384,k7r,True,False,8,"1,3,5,7,9,11,13,15",0.9998982548713684
aff16_wu_m128_seed5,16,x,64,94.6383813701384,True,22,8,16,0.9999623213070595,True,0.9908061493814654,M4l,0.5885398647038791,k1r,True,False,8,"1,3,5,7,9,11,13,15",0.9998982548713684
aff16_wu_m128_seed5,16,x,65,312.4913661370858,True,21,4,0,0.9999686291821741,True,5.867005371658917e-06,M7l,0.8511689198409912,k6r,False,False,0,,0.9998982548713684
aff16_wu_m128_seed5,16,x,66,142.52558977107597,True,22,8,16,0.9999879751931605,True,0.9909234882446764,M4l,0.8211953559035372,k7r,True,False,8,"1,3,5,7,9,11,13,15",0.9998982548713684
aff16_wu_m128_seed5,16,x,67,162.1013515867918,True,22,8,16,0.9999816086101422,True,0.990909341779792,M4l,0.5913297416445054,k5r,True,False,8,"1,3,5,7,9,11,13,15",0.9998982548713684
aff16_wu_m128_seed5,16,x,68,121.67773932864276,True,22,8,16,0.9999835081075865,True,0.9908283822605505,M4l,0.5917709117979046,k1r,True,False,8,"1,3,5,7,9,11,13,15",0.9998982548713684
aff16_wu_m128_seed5,16,x,69,251.9895884557386,True,10,1,0,0.4988163735571818,False,3.64122905316718e-06,M7l,0.9976347729343569,k8l,False,True,0,,0.9998982548713684
aff16_wu_m128_seed5,16,x,70,88.89041953410806,True,22,8,16,0.9999855583993352,True,0.990856612198088,M4l,0.8208373291833293,k1r,True,False,8,"1,3,5,7,9,11,13,15",0.9998982548713684
aff16_wu_m128_seed5,16,x,71,236.35714040569934,True,19,2,0,0.9979612984899225,True,0.002025217320140004,M4l,0.9979636345207857,k4r,False,True,0,,0.9998982548713684
aff16_wu_m128_seed5,16,x,72,722.0664935945358,True,8,1,2,0.9999816607066134,True,0.9999838057060008,M4l,0.9999826609849861,k8l,True,True,0,,0.9998982548713684
aff16_wu_m128_seed5,16,x,73,145.87852937310834,True,22,8,16,0.99997776903257,True,0.9907903242127825,M4l,0.5921384210636611,k5r,True,False,8,"1,3,5,7,9,11,13,15",0.9998982548713684
aff16_wu_m128_seed5,16,x,74,81.84033155173042,True,22,8,16,0.9999640368205724,True,0.9906194070424238,M4l,0.8193564927730579,k7r,True,False,8,"1,3,5,7,9,11,13,15",0.9998982548713684
aff16_wu_m128_seed5,16,x,75,480.9427037459616,True,6,1,0,0.9999816906398876,True,2.099563671838992e-06,M4l,7.193224611468484e-06,k8l,False,False,0,,0.9998982548713684
aff16_wu_m128_seed5,16,x,76,119.71022562716757,True,22,8,16,0.9999700580335152,True,0.9909004551261547,M4l,0.5897565962856472,k5r,True,False,8,"1,3,5,7,9,11,13,15",0.9998982548713684
aff16_wu_m128_seed5,16,x,77,141.6512910993813,True,22,8,16,0.9999883029448406,True,0.9909170945287674,M4l,0.591147725647993,k5r,True,False,8,"1,3,5,7,9,11,13,15",0.9998982548713684
aff16_wu_m128_seed5,16,x,78,113.68880193426571,True,22,8,16,0.9999875369227893,True,0.9908003874852724,M4l,0.5908533471773839,k5r,True,False,8,"1,3,5,7,9,11,13,15",0.9998982548713684
aff16_wu_m128_seed5,16,x,79,31.108629209086526,True,22,8,16,0.9999434797316715,True,0.990759266063698,M4l,0.5902409316495532,k5r,True,False,8,"1,3,5,7,9,11,13,15",0.9998982548713684
aff16_wu_m128_seed5,16,x,80,202.43256925412123,True,21,4,0,0.9999756336219271,True,7.825263763170151e-06,M4l,0.8536755066852088,k6r,False,False,0,,0.9998982548713684
aff16_wu_m128_seed5,16,x,81,300.83368492132445,True,19,2,0,0.9917508668865713,True,0.008158479041159251,M4l,0.9917624032202149,k4l,False,True,0,,0.9998982548713684
aff16_wu_m128_seed5,16,x,82,53.7237889890511,True,22,8,16,0.9999808255248044,True,0.9908231050712706,M4l,0.5919931649195459,k1r,True,False,8,"1,3,5,7,9,11,13,15",0.9998982548713684
aff16_wu_m128_seed5,16,x,83,88.52276002161285,True,22,8,16,0.9999832402843035,True,0.9908255671407237,M4l,0.591257702434101,k1r,True,False,8,"1,3,5,7,9,11,13,15",0.9998982548713684
aff16_wu_m128_seed5,16,x,84,161.9871527945222,True,22,8,16,0.9999913405427208,True,0.990804061168228,M4l,0.591147348413701,k5r,True,False,8,"1,3,5,7,9,11,13,15",0.9998982548713684
aff16_wu_m128_seed5,16,x,85,105.02939938749263,True,22,8,16,0.9999697017842365,True,0.9908597567638985,M4l,0.5918639219122287,k5r,True,False,8,"1,3,5,7,9,11,13,15",0.9998982548713684
aff16_wu_m128_seed5,16,x,86,625.4487099724298,True,3,1,0,0.44907387385319664,False,1.693493528254167e-06,M1r,1.95954907402377e-06,k6r,False,False,0,,0.9998982548713684
aff16_wu_m128_seed5,16,x,87,185.31036446649924,True,21,4,0,0.9999651771887504,True,1.4905549545091235e-05,M4l,0.8533365245146799,k2r,False,False,0,,0.9998982548713684
aff16_wu_m128_seed5,16,x,88,264.8097360504994,True,21,4,0,0.9999408835476995,True,1.2230096249595455e-05,M4l,0.8542159876676867,k2r,False,False,0,,0.9998982548713684
aff16_wu_m128_seed5,16,x,89,76.94638573201817,True,22,8,16,0.9999662289366067,True,0.9908537928852466,M4l,0.5909367094063726,k5r,True,False,8,"1,3,5,7,9,11,13,15",0.9998982548713684
aff16_wu_m128_seed5,16,x,90,106.7438006655724,True,22,8,16,0.9999467075454214,True,0.9907588564769462,M4l,0.5918700910079455,k5r,True,False,8,"1,3,5,7,9,11,13,15",0.9998982548713684
aff16_wu_m128_seed5,16,x,91,112.63455543833679,True,22,8,16,0.9999917931334047,True,0.9908605389861667,M4l,0.8208161738943401,k1r,True,False,8,"1,3,5,7,9,11,13,15",0.9998982548713684
aff16_wu_m128_seed5,16,x,92,709.9384952388706,True,8,1,2,0.9999853884427221,True,0.9999877440914886,M4l,0.9999861612728992,k8l,True,True,0,,0.9998982548713684
aff16_wu_m128_seed5,16,x,93,157.40439668297412,True,22,8,16,0.999986634286897,True,0.990795655771472,M4l,0.5909558035342,k5r,True,False,8,"1,3,5,7,9,11,13,15",0.9998982548713684
aff16_wu_m128_seed5,16,x,94,571.161940487924,True,19,2,0,0.9353466265685006,True,0.06464237824668863,M3l,0.9353486844039905,k4r,False,True,0,,0.9998982548713684
aff16_wu_m128_seed5,16,x,95,476.29781626268465,True,6,1,0,0.9999831564432133,True,1.7688662580133146e-06,M3l,7.641402857779556e-06,k8l,False,False,0,,0.9998982548713684
aff16_wu_m128_seed5,16,x,96,92.52768292209639,True,22,8,16,0.9999773151330739,True,0.9908180311299696,M4l,0.5894815657395531,k1r,True,False,8,"1,3,5,7,9,11,13,15",0.9998982548713684
aff16_wu_m128_seed5,16,x,97,89.927063634243,True,22,8,16,0.9999762712323313,True,0.990867274493431,M4l,0.592144212764612,k5r,True,False,8,"1,3,5,7,9,11,13,15",0.9998982548713684
aff16_wu_m128_seed5,16,x,98,98.11270504913597,True,22,8,16,0.9999860933595711,True,0.990795872792734,M4l,0.5911336351700633,k5r,True,False,8,"1,3,5,7,9,11,13,15",0.9998982548713684
aff16_wu_m128_seed5,16,x,99,106.87372930185546,True,22,8,16,0.9999824019269735,True,0.9909182808973994,M4l,0.8211677851296679,k7r,True,False,8,"1,3,5,7,9,11,13,15",0.9998982548713684
aff16_wu_m128_seed5,16,x,100,62.43932424469467,True,22,8,16,0.9999569366641917,True,0.9907402019449209,M4l,0.8206376626265964,k7r,True,False,8,"1,3,5,7,9,11,13,15",0.9998982548713684
aff16_wu_m128_seed5,16,x,101,98.64620199374558,True,22,8,16,0.9999775335378581,True,0.9908244372434539,M4l,0.8200089185376075,k7r,True,False,8,"1,3,5,7,9,11,13,15",0.9998982548713684
aff16_wu_m128_seed5,16,x,102,481.59068227039427,True,6,1,0,0.9999819011365189,True,2.021563892530907e-06,M4l,7.004638046736025e-06,k8l,False,False,0,,0.9998982548713684
aff16_wu_m128_seed5,16,x,103,141.0334664816636,True,22,8,16,0.9999835418980197,True,0.9907900553142099,M4l,0.5904502285308431,k5r,True,False,8,"1,3,5,7,9,11,13,15",0.9998982548713684
aff16_wu_m128_seed5,16,x,104,152.98871258442006,True,22,8,16,0.9999844202419137,True,0.9909208582242842,M4l,0.8228466655140164,k7r,True,False,8,"1,3,5,7,9,11,13,15",0.9998982548713684
aff16_wu_m128_seed5,16,x,105,171.68863968672918,True,22,8,16,0.9999886467732914,True,0.9908011397966006,M4l,0.5909106337854845,k5r,True,False,8,"1,3,5,7,9,11,13,15",0.9998982548713684
aff16_wu_m128_seed5,16,x,106,97.47481480869844,True,21,4,0,0.9999644753806891,True,7.300168070152817e-06,M4l,0.8500571242610705,k6r,False,False,0,,0.9998982548713684
aff16_wu_m128_seed5,16,x,107,103.24535831591615,True,22,8,16,0.9999750567931858,True,0.9909061391221117,M4l,0.5899106758108661,k5r,True,False,8,"1,3,5,7,9,11,13,15",0.9998982548713684
aff16_wu_m128_seed5,16,x,108,259.3629865307307,True,10,1,0,0.4994267275540472,False,4.329387406457953e-06,M4l,0.9988553521282794,k8l,False,True,0,,0.9998982548713684
aff16_wu_m128_seed5,16,x,109,118.21145606271587,True,22,8,16,0.9999477522536969,True,0.99087829521856,M4l,0.5923800326768626,k5r,True,False,8,"1,3,5,7,9,11,13,15",0.9998982548713684
aff16_wu_m128_seed5,16,x,110,62.46440037965997,True,22,8,16,0.9999860757123008,True,0.99082840960489,M4l,0.5896067184128041,k1r,True,False,8,"1,3,5,7,9,11,13,15",0.9998982548713684
aff16_wu_m128_seed5,16,x,111,89.08265974798582,True,22,8,16,0.9999842966174636,True,0.9908765586351413,M4l,0.5919084081574792,k5r,True,False,8,"1,3,5,7,9,11,13,15",0.9998982548713684
aff16_wu_m128_seed5,16,x,112,103.07857623117282,True,22,8,16,0.9999909651171988,True,0.9909254498180124,M4l,0.8203443754078547,k7r,True,False,8,"1,3,5,7,9,11,13,15",0.9998982548713684
aff16_wu_m128_seed5,16,x,113,80.82810170574663,True,22,8,16,0.9999710944899065,True,0.990840781184297,M4l,0.8189759643388054,k1r,True,False,8,"1,3,5,7,9,11,13,15",0.9998982548713684
aff16_wu_m128_seed5,16,x,114,54.22079650097024,True,22,8,16,0.9999800626791058,True,0.9907868058614577,M4l,0.5913903271303516,k5r,True,False,8,"1,3,5,7,9,11,13,15",0.9998982548713684
aff16_wu_m128_seed5,16,x,115,87.26553273223617,True,22,8,16,0.99997551580193,True,0.990910304120941,M4l,0.8209485220162791,k7r,True,False,8,"1,3,5,7,9,11,13,15",0.9998982548713684
aff16_wu_m128_seed5,16,x,116,134.0318451911404,True,22,8,16,0.9999858041229114,True,0.9908288758227596,M4l,0.5900265627271851,k1r,True,False,8,"1,3,5,7,9,11,13,15",0.9998982548713684
aff16_wu_m128_seed5,16,x,117,136.05503369672886,True,22,8,16,0.9999751857979045,True,0.9909015012725674,M4l,0.590347306101594,k5r,True,False,8,"1,3,5,7,9,11,13,15",0.9998982548713684
aff16_wu_m128_seed5,16,x,118,150.4801020207811,True,21,4,0,0.9999702088909661,True,1.0481170121297448e-05,M4l,0.8536783823835994,k6r,False,False,0,,0.9998982548713684
aff16_wu_m128_seed5,16,x,119,406.47322364449303,True,3,1,0,0.49378687683398764,False,1.8891562335418726e-06,M1r,3.133010983243646e-06,k4r,False,False,0,,0.9998982548713684
aff16_wu_m128_seed5,16,x,120,260.01084786376833,True,21,4,0,0.9999610797668095,True,1.0486360879724898e-05,M4l,0.8506061489148953,k6r,False,False,0,,0.9998982548713684
aff16_wu_m128_seed5,16,x,121,112.3041918500491,True,22,8,16,0.9999695652369835,True,0.9907761762272219,M4l,0.5903866904965482,k5r,True,False,8,"1,3,5,7,9,11,13,15",0.9998982548713684
aff16_wu_m128_seed5,16,x,122,251.1755852356519,True,21,4,0,0.9999695196449382,True,9.353560944961564e-06,M4l,0.853026207134536,k6r,False,False,0,,0.9998982548713684
aff16_wu_m128_seed5,16,x,123,208.73236160539116,True,21,4,0,0.9999527720891926,True,1.168198094946569e-05,M4l,0.856083425192747,k2r,False,False,0,,0.9998982548713684
aff16_wu_m128_seed5,16,x,124,65.7978929680613,True,22,8,16,0.9999621594312409,True,0.9908387116573186,M4l,0.8200489686947416,k1r,True,False,8,"1,3,5,7,9,11,13,15",0.9998982548713684
aff16_wu_m128_seed5,16,x,125,236.45318875972163,True,19,2,0,0.9982848405419065,True,0.0017015355421354718,M4l,0.9982871903677435,k4r,False,True,0,,0.9998982548713684
aff16_wu_m128_seed5,16,x,126,89.80348756971105,True,22,8,16,0.9999855611244883,True,0.9907992120918188,M4l,0.5909316244060946,k5r,True,False,8,"1,3,5,7,9,11,13,15",0.9998982548713684
aff16_wu_m128_seed5,16,x,127,105.22450166145411,True,22,8,16,0.9999722894691374,True,0.9908394288985528,M4l,0.8219247912374582,k1r,True,False,8,"1,3,5,7,9,11,13,15",0.9998982548713684
aff16_wu_m128_seed5,16,y,0,88.85699886360996,True,22,8,16,0.9999814419243893,True,0.9908850619631513,M4r,0.8216688422511433,k1l,True,False,8,"1,3,5,7,9,11,13,15",0.9998982548713684
aff16_wu_m128_seed5,16,y,1,161.46228170867118,True,21,4,0,0.9994397073978216,True,9.536111868338129e-05,M4r,0.851987086957775,k6l,False,False,0,,0.9998982548713684
aff16_wu_m128_seed5,16,y,2,115.86009750515544,True,22,8,16,0.9999528092131555,True,0.9907779149364376,M4r,0.8218858497988317,k7l,True,False,8,"1,3,5,7,9,11,13,15",0.9998982548713684
aff16_wu_m128_seed5,16,y,3,646.6046961100843,True,3,1,0,0.4652989548240757,False,4.362611749920852e-06,M4r,3.886753033528816e-06,k1l,False,False,0,,0.9998982548713684
aff16_wu_m128_seed5,16,y,4,71.73964683496187,True,22,8,16,0.9999625842020781,True,0.9907250168183889,M4r,0.5906921836934843,k7l,True,False,8,"1,3,5,7,9,11,13,15",0.9998982548713684
aff16_wu_m128_seed5,16,y,5,182.5105481762085,True,21,4,0,0.9999683377995927,True,7.175644462260047e-06,M4r,0.8546728614225743,k6l,False,False,0,,0.9998982548713684
aff16_wu_m128_seed5,16,y,6,158.05375411835496,True,22,8,16,0.999985993129253,True,0.9909014818441002,M4r,0.41312021203679455,k1l,True,False,8,"1,3,5,7,9,11,13,15",0.9998982548713684
aff16_wu_m128_seed5,16,y,7,291.43682119387154,True,19,2,0,0.9885154038843958,True,0.01147268166096378,M4r,0.9885162570229491,k4l,False,True,0,,0.9998982548713684
aff16_wu_m128_seed5,16,y,8,76.37902582338123,True,22,8,16,0.9999722611663319,True,0.9907660678206134,M4r,0.8224916868876583,k1l,True,False,8,"1,3,5,7,9,11,13,15",0.9998982548713684
aff16_wu_m128_seed5,16,y,9,113.30313096917313,True,22,8,16,0.9999723473003673,True,0.9908251392414514,M4r,0.8229554497208136,k5l,True,False,8,"1,3,5,7,9,11,13,15",0.9998982548713684
aff16_wu_m128_seed5,16,y,10,39.132620904978936,True,22,8,16,0.9999570154280892,True,0.9908267643859278,M4r,0.8204952004078331,k1l,True,False,8,"1,3,5,7,9,11,13,15",0.9998982548713684
aff16_wu_m128_seed5,16,y,11,132.7066559223187,True,3,1,0,0.36656096245866693,False,6.262092313679244e-06,M4r,3.6261926874120302e-06,k5r,False,False,0,,0.9998982548713684
aff16_wu_m128_seed5,16,y,12,82.93902152153241,True,22,8,16,0.9999475430420427,True,0.9909342924562903,M4r,0.4135350914105431,k7l,True,False,8,"1,3,5,7,9,11,13,15",0.9998982548713684
aff16_wu_m128_seed5,16,y,13,173.79100732596004,True,21,4,0,0.9994594007079348,True,8.022754038865927e-05,M2r,0.8524353652672868,k6l,False,False,0,,0.9998982548713684
aff16_wu_m128_seed5,16,y,14,702.1764476139846,True,7,1,0,0.9999833714275879,True,2.2489569938218004e-06,M4r,2.1754655595929843e-06,k5r,False,False,0,,0.9998982548713684
aff16_wu_m128_seed5,16,y,15,142.64815018980192,True,22,8,16,0.9999184258292557,True,0.9908755200265197,M4r,0.39452658153218345,k7l,True,False,8,"1,3,5,7,9,11,13,15",0.9998982548713684
aff16_wu_m128_seed5,16,y,16,116.77107561087486,True,22,8,16,0.9999680405946916,True,0.9907555843039593,M4r,0.8200273557801995,k3l,True,False,8,"1,3,5,7,9,11,13,15",0.9998982548713684
aff16_wu_m128_seed5,16,y,17,447.73472067541155,True,6,1,0,0.9999793073615223,True,2.611702426268648e-06,M3r,8.20850933484449e-06,k8l,False,False,0,,0.9998982548713684
aff16_wu_m128_seed5,16,y,18,396.9791121018947,True,3,1,0,0.49144388216596363,False,4.295555350626635e-06,M4r,3.171048028423051e-06,k4l,False,False,0,,0.9998982548713684
aff16_wu_m128_seed5,16,y,19,142.35785365597187,True,22,8,16,0.9999554537571944,True,0.9908177780218896,M4r,0.8179834443967082,k3l,True,False,8,"1,3,5,7,9,11,13,15",0.9998982548713684
aff16_wu_m128_seed5,16,y,20,127.0146838104081,True,22,8,16,0.9999811797009474,True,0.9907745947216869,M4r,0.41175614061661264,k5l,True,False,8,"1,3,5,7,9,11,13,15",0.9998982548713684
aff16_wu_m128_seed5,16,y,21,119.2810444631638,True,22,8,16,0.9999820368526926,True,0.990717629472902,M4r,0.4130865397729942,k5l,True,False,8,"1,3,5,7,9,11,13,15",0.9998982548713684
aff16_wu_m128_seed5,16,y,22,73.22348170772975,True,22,8,16,0.9999605222941879,True,0.9906511972821677,M4r,0.4143828108321935,k3l,True,False,8,"1,3,5,7,9,11,13,15",0.9998982548713684
aff16_wu_m128_seed5,16,y,23,77.57633717854127,True,22,8,16,0.9999770145012553,True,0.9907571268749127,M4r,0.4129556845958706,k3l,True,False,8,"1,3,5,7,9,11,13,15",0.9998982548713684
aff16_wu_m128_seed5,16,y,24,49.93880241131565,True,22,8,16,0.9999834387509238,True,0.9907248709808448,M4r,0.413145629611753,k5l,True,False,8,"1,3,5,7,9,11,13,15",0.9998982548713684
aff16_wu_m128_seed5,16,y,25,122.19740217046606,True,22,8,16,0.9999852296343336,True,0.9908149216107488,M4r,0.4150850760238474,k1l,True,False,8,"1,3,5,7,9,11,13,15",0.9998982548713684
aff16_wu_m128_seed5,16,y,26,106.07603991207695,True,22,8,16,0.9999788120717348,True,0.9907735753082535,M4r,0.8223244577367286,k1l,True,False,8,"1,3,5,7,9,11,13,15",0.9998982548713684
aff16_wu_m128_seed5,16,y,27,146.2735618752351,True,22,8,16,0.999979332091388,True,0.9909538095113164,M4r,0.41310194205959394,k3l,True,False,8,"1,3,5,7,9,11,13,15",0.9998982548713684
aff16_wu_m128_seed5,16,y,28,218.2122210840379,True,21,4,0,0.999453081084398,True,0.00010222937941298596,M4r,0.853214362690696,k6l,False,False,0,,0.9998982548713684
aff16_wu_m128_seed5,16,y,29,73.81390983293974,True,22,8,16,0.9999221226940546,True,0.9908686193119689,M4r,0.8203480744456609,k5l,True,False,8,"1,3,5,7,9,11,13,15",0.9998982548713684
aff16_wu_m128_seed5,16,y,30,67.4968399998661,True,22,8,16,0.9999650596141222,True,0.9907537472154594,M4r,0.41292252065445706,k5l,True,False,8,"1,3,5,7,9,11,13,15",0.9998982548713684
aff16_wu_m128_seed5,16,y,31,123.0430759367066,True,22,8,16,0.9999626809391562,True,0.9908443061453363,M4r,0.5882662660732454,k5l,True,False,8,"1,3,5,7,9,11,13,15",0.9998982548713684
aff16_wu_m128_seed5,16,y,32,109.48954988403591,True,22,8,16,0.999970121606507,True,0.9908045289423011,M4r,0.41624968232643816,k3l,True,False,8,"1,3,5,7,9,11,13,15",0.9998982548713684
aff16_wu_m128_seed5,16,y,33,107.50795980860511,True,22,8,16,0.9999703801793068,True,0.990840152567317,M4r,0.5907197023232279,k3l,True,False,8,"1,3,5,7,9,11,13,15",0.9998982548713684
aff16_wu_m128_seed5,16,y,34,97.69000212783159,True,22,8,16,0.9999653177741122,True,0.9908460624829526,M4r,0.590275499465787,k5l,True,False,8,"1,3,5,7,9,11,13,15",0.9998982548713684
aff16_wu_m128_seed5,16,y,35,68.56171076630778,True,22,8,16,0.9999732368035605,True,0.9908762183519388,M4r,0.40982356271856485,k3l,True,False,8,"1,3,5,7,9,11,13,15",0.9998982548713684
aff16_wu_m128_seed5,16,y,36,126.55381520957859,True,22,8,16,0.9999793699795214,True,0.9909154150643288,M4r,0.4137757979881196,k3l,True,False,8,"1,3,5,7,9,11,13,15",0.9998982548713684
aff16_wu_m128_seed5,16,y,37,95.82023198915118,True,22,8,16,0.9999822456580096,True,0.9907529138723736,M4r,0.8200248288177048,k1l,True,False,8,"1,3,5,7,9,11,13,15",0.9998982548713684
aff16_wu_m128_seed5,16,y,38,76.80125099790123,True,22,8,16,0.9999677442865726,True,0.9908337797016942,M4r,0.41230892051018464,k7l,True,False,8,"1,3,5,7,9,11,13,15",0.9998982548713684
aff16_wu_m128_seed5,16,y,39,334.32797491787056,True,19,2,0,0.9375417411919452,True,0.062449186814931494,M4r,0.937542470138927,k4l,False,True,0,,0.9998982548713684
aff16_wu_m128_seed5,16,y,40,180.9570972663655,True,21,4,0,0.9999818488838333,True,5.792909748566065e-06,M2l,0.8527989039382037,k6l,False,False,0,,0.9998982548713684
aff16_wu_m128_seed5,16,y,41,52.04016003866802,True,22,8,16,0.9999703669135784,True,0.9909326108861942,M4r,0.592250065666644,k3l,True,False,8,"1,3,5,7,9,11,13,15",0.9998982548713684
aff16_wu_m128_seed5,16,y,42,99.6082290147672,True,22,8,16,0.9999754097377173,True,0.9908743586663519,M4r,0.8213000341317775,k1l,True,False,8,"1,3,5,7,9,11,13,15",0.9998982548713684
aff16_wu_m128_seed5,16,y,43,144.52969929713703,True,22,8,16,0.9999781974567885,True,0.990877663679438,M4r,0.5890414026089316,k1l,True,False,8,"1,3,5,7,9,11,13,15",0.9998982548713684
aff16_wu_m128_seed5,16,y,44,130.0054833135125,True,22,8,16,0.9999752654639509,True,0.9908965118013366,M4r,0.4152515307915902,k3l,True,False,8,"1,3,5,7,9,11,13,15",0.9998982548713684
aff16_wu_m128_seed5,16,y,45,39.68323462051228,True,22,8,16,0.9999562429486791,True,0.9908713403944798,M4r,0.41252704910179705,k3l,True,False,8,"1,3,5,7,9,11,13,15",0.9998982548713684
aff16_wu_m128_seed5,16,y,46,706.4371353293498,True,7,1,0,0.9999871557957776,True,2.2972789554966578e-06,M3l,2.365638983646171e-06,k5r,False,False,0,,0.9998982548713684
aff16_wu_m128_seed5,16,y,47,74.88404384627472,True,22,8,16,0.999981496660822,True,0.9908870315416779,M4r,0.8210022087222958,k1l,True,False,8,"1,3,5,7,9,11,13,15",0.9998982548713684
aff16_wu_m128_seed5,16,y,48,109.09742717510562,True,22,8,16,0.9999838813241887,True,0.9908873018689529,M4r,0.5899879167964007,k7l,True,False,8,"1,3,5,7,9,11,13,15",0.9998982548713684
aff16_wu_m128_seed5,16,y,49,119.82620581159875,True,22,8,16,0.9999610460803346,True,0.9908635318871519,M4r,0.821277171067325,k5l,True,False,8,"1,3,5,7,9,11,13,15",0.9998982548713684
aff16_wu_m128_seed5,16,y,50,103.09874526315112,True,22,8,16,0.9999792885494598,True,0.9907520409633548,M4r,0.8213324860691056,k1l,True,False,8,"1,3,5,7,9,11,13,15",0.9998982548713684
aff16_wu_m128_seed5,16,y,51,106.78180448745236,True,22,8,16,0.999968448312348,True,0.9907245845697887,M4r,0.410984857912905,k7l,True,False,8,"1,3,5,7,9,11,13,15",0.9998982548713684
aff16_wu_m128_seed5,16,y,52,231.29883182797815,True,19,2,0,0.9379662282936504,True,0.062023979569876604,M4r,0.9379669743598903,k4r,False,True,0,,0.9998982548713684
aff16_wu_m128_seed5,16,y,53,140.3329924350076,True,22,8,16,0.999973999739683,True,0.9907766824580906,M4r,0.41059426874548144,k5l,True,False,8,"1,3,5,7,9,11,13,15",0.9998982548713684
aff16_wu_m128_seed5,16,y,54,96.63990994569582,True,22,8,16,0.9999658967969123,True,0.9907924176163094,M4r,0.8205821992038598,k7l,True,False,8,"1,3,5,7,9,11,13,15",0.9998982548713684
aff16_wu_m128_seed5,16,y,55,54.94408471447312,True,22,8,16,0.9999654269880108,True,0.990773786720931,M4r,0.41676177163912753,k3l,True,False,8,"1,3,5,7,9,11,13,15",0.9998982548713684
aff16_wu_m128_seed5,16,y,56,75.38843447803109,True,22,8,16,0.9999661174250402,True,0.9909673167811706,M4r,0.5891956264592006,k5l,True,False,8,"1,3,5,7,9,11,13,15",0.9998982548713684
aff16_wu_m128_seed5,16,y,57,99.23989862673811,True,22,8,16,0.9999872205893353,True,0.9907494270804764,M4r,0.8209820063152135,k7l,True,False,8,"1,3,5,7,9,11,13,15",0.9998982548713684
aff16_wu_m128_seed5,16,y,58,192.08376741965256,True,21,4,0,0.9994567614112262,True,9.247365041905e-05,M2r,0.8511660206280336,k6l,False,False,0,,0.9998982548713684
aff16_wu_m128_seed5,16,y,59,57.7835883904154,True,22,8,16,0.9999539579383323,True,0.9908514791437917,M4r,0.4122197666392742,k3l,True,False,8,"1,3,5,7,9,11,13,15",0.9998982548713684
aff16_wu_m128_seed5,16,y,60,34.214278541833984,True,6,1,0,0.9999541666028088,True,1.0076515227629017e-05,M4r,1.1449357621932718e-05,k6l,False,False,0,,0.9998982548713684
aff16_wu_m128_seed5,16,y,61,94.9484849006978,True,22,8,16,0.9999717953700685,True,0.9908446143558463,M4r,0.8217807800217887,k1l,True,False,8,"1,3,5,7,9,11,13,15",0.9998982548713684
aff16_wu_m128_seed5,16,y,62,77.25132272116274,True,22,8,16,0.9999667408404354,True,0.9907750459911386,M4r,0.821132585763178,k3l,True,False,8,"1,3,5,7,9,11,13,15",0.9998982548713684
aff16_wu_m128_seed5,16,y,63,87.89894066435885,True,22,8,16,0.9999731352231805,True,0.9907443018818411,M4r,0.41418061236060294,k7l,True,False,8,"1,3,5,7,9,11,13,15",0.9998982548713684
aff16_wu_m128_seed5,16,y,64,93.88628090050598,True,22,8,16,0.9999745873052451,True,0.9908716272817036,M4r,0.4095455369238489,k7l,True,False,8,"1,3,5,7,9,11,13,15",0.9998982548713684
aff16_wu_m128_seed5,16,y,65,318.43716283432167,True,21,4,0,0.9999454047150962,True,1.2164719158364764e-05,M4r,0.8510837266575619,k6l,False,False,0,,0.9998982548713684
aff16_wu_m128_seed5,16,y,66,141.30493626527928,True,22,8,16,0.999982151578048,True,0.9908148193759819,M4r,0.8206654560694316,k7l,True,False,8,"1,3,5,7,9,11,13,15",0.9998982548713684
aff16_wu_m128_seed5,16,y,67,161.5891561370693,True,22,8,16,0.9999770400742645,True,0.9909824316585943,M4r,0.41433694571802643,k7l,True,False,8,"1,3,5,7,9,11,13,15",0.9998982548713684
aff16_wu_m128_seed5,16,y,68,121.03807756326647,True,22,8,16,0.999977558600157,True,0.9908553297193281,M4r,0.8213913497041382,k1l,True,False,8,"1,3,5,7,9,11,13,15",0.9998982548713684
aff16_wu_m128_seed5,16,y,69,252.0656235722652,True,10,1,0,0.49862129323625604,False,4.327524057063898e-06,M1l,0.997243909947742,k8l,False,True,0,,0.9998982548713684
aff16_wu_m128_seed5,16,y,70,87.93989643869791,True,22,8,16,0.9999795669987053,True,0.990780205444683,M4r,0.5914942218167523,k3l,True,False,8,"1,3,5,7,9,11,13,15",0.9998982548713684
aff16_wu_m128_seed5,16,y,71,234.33617127637322,True,19,2,0,0.9563618808673737,True,0.008292167234954325,M7l,0.9602167124439731,k4l,False,True,0,,0.9998982548713684
aff16_wu_m128_seed5,16,y,72,719.8851760683636,True,8,1,2,0.9999837284973649,True,0.9999860132491761,M0l,0.9999841455244879,k8l,True,True,0,,0.9998982548713684
aff16_wu_m128_seed5,16,y,73,143.56153366498273,True,22,8,16,0.9999724397626071,True,0.9909760874504447,M4r,0.41204702238754143,k7l,True,False,8,"1,3,5,7,9,11,13,15",0.9998982548713684
aff16_wu_m128_seed5,16,y,74,82.5140659097408,True,22,8,16,0.9999534590972436,True,0.9907045271598713,M4r,0.41000650401353766,k3l,True,False,8,"1,3,5,7,9,11,13,15",0.9998982548713684
aff16_wu_m128_seed5,16,y,75,479.2753834981655,True,6,1,0,0.9999787731096652,True,2.209241051574007e-06,M4r,6.9823634321703194e-06,k8l,False,False,0,,0.9998982548713684
aff16_wu_m128_seed5,16,y,76,119.00854419278825,True,22,8,16,0.999977323371941,True,0.9907843031876511,M4r,0.4118591230568844,k1l,True,False,8,"1,3,5,7,9,11,13,15",0.9998982548713684
aff16_wu_m128_seed5,16,y,77,140.21262606234805,True,22,8,16,0.9999854074045333,True,0.9909177507148734,M4r,0.41437342205756805,k3l,True,False,8,"1,3,5,7,9,11,13,15",0.9998982548713684
aff16_wu_m128_seed5,16,y,78,112.63920801574402,True,22,8,16,0.9999722096483544,True,0.9907142743387891,M4r,0.4145285198492557,k3l,True,False,8,"1,3,5,7,9,11,13,15",0.9998982548713684
aff16_wu_m128_seed5,16,y,79,30.80225214568844,True,22,8,16,0.9999695863873598,True,0.9908058748895804,M4r,0.5878365845553009,k1l,True,False,8,"1,3,5,7,9,11,13,15",0.9998982548713684
aff16_wu_m128_seed5,16,y,80,204.89703506862833,True,21,4,0,0.9999860447557529,True,2.170067331593922e-06,M3r,0.8536943007250235,k6l,False,False,0,,0.9998982548713684
aff16_wu_m128_seed5,16,y,81,303.2140217414657,True,19,2,0,0.9916369748313466,True,0.008348301700471851,M4r,0.9916378535285885,k4l,False,True,0,,0.9998982548713684
aff16_wu_m128_seed5,16,y,82,52.80221503431628,True,22,8,16,0.9999812594959854,True,0.990814562436551,M4r,0.819117791054622,k7l,True,False,8,"1,3,5,7,9,11,13,15",0.9998982548713684
aff16_wu_m128_seed5,16,y,83,87.6272358014275,True,22,8,16,0.9999903973795574,True,0.990803028839167,M4r,0.41331877892921415,k1l,True,False,8,"1,3,5,7,9,11,13,15",0.9998982548713684
aff16_wu_m128_seed5,16,y,84,159.9124034657312,True,22,8,16,0.9999833563399025,True,0.9909683302720158,M4r,0.8208934138785834,k5l,True,False,8,"1,3,5,7,9,11,13,15",0.9998982548713684
aff16_wu_m128_seed5,16,y,85,103.60517151319776,True,22,8,16,0.9999778832989513,True,0.9908214131944366,M4r,0.5869008246055466,k7l,True,False,8,"1,3,5,7,9,11,13,15",0.9998982548713684
aff16_wu_m128_seed5,16,y,86,624.8029019860649,True,3,1,0,0.4491898874455309,False,2.381872865123907e-06,M4r,3.0659434754640165e-06,k6r,False,False,0,,0.9998982548713684
aff16_wu_m128_seed5,16,y,87,187.87979498137253,True,21,4,0,0.999479661335096,True,7.75662982366416e-05,M4r,0.8512326700879672,k6l,False,False,0,,0.9998982548713684
aff16_wu_m128_seed5,16,y,88,268.208728957177,True,21,4,0,0.9999742328150076,True,9.161524242142102e-06,M4r,0.8555052956815073,k6l,False,False,0,,0.9998982548713684
aff16_wu_m128_seed5,16,y,89,76.55650022444802,True,22,8,16,0.9999766037206086,True,0.9908137733906237,M4r,0.4135868765371168,k5l,True,False,8,"1,3,5,7,9,11,13,15",0.9998982548713684
aff16_wu_m128_seed5,16,y,90,105.78654307342936,True,22,8,16,0.9999709713836546,True,0.9908777166021079,M4r,0.8207076364043787,k5l,True,False,8,"1,3,5,7,9,11,13,15",0.9998982548713684
aff16_wu_m128_seed5,16,y,91,112.65150643873837,True,22,8,16,0.9999730540579558,True,0.9909866885011611,M4r,0.41707177550230634,k1l,True,False,8,"1,3,5,7,9,11,13,15",0.9998982548713684
aff16_wu_m128_seed5,16,y,92,707.7241841513207,True,8,1,2,0.9999858825490351,True,0.9999880393845717,M6l,0.9999863001295458,k8l,True,True,0,,0.9998982548713684
aff16_wu_m128_seed5,16,y,93,155.9175636707403,True,22,8,16,0.9999784018447033,True,0.9907818156872497,M4r,0.5879303105201177,k3l,True,False,8,"1,3,5,7,9,11,13,15",0.9998982548713684
aff16_wu_m128_seed5,16,y,94,570.6065616008283,True,19,2,0,0.9366992702366389,True,0.06329223126612332,M7l,0.9366999858347337,k4r,False,True,0,,0.9998982548713684
aff16_wu_m128_seed5,16,y,95,474.85900057771727,True,6,1,0,0.9999769447824305,True,4.17267864586018e-06,M4r,6.861890891737764e-06,k8l,False,False,0,,0.9998982548713684
aff16_wu_m128_seed5,16,y,96,91.81275016103018,True,22,8,16,0.9999804165935176,True,0.9907672803783594,M4r,0.41370906823156234,k5l,True,False,8,"1,3,5,7,9,11,13,15",0.9998982548713684
aff16_wu_m128_seed5,16,y,97,89.15085631924602,True,22,8,16,0.9999859778700563,True,0.9907576795689692,M4r,0.8199946913380235,k1l,True,False,8,"1,3,5,7,9,11,13,15",0.9998982548713684
aff16_wu_m128_seed5,16,y,98,97.04506578548208,True,22,8,16,0.9999865334718295,True,0.9909057331842804,M4r,0.4132331846086955,k3l,True,False,8,"1,3,5,7,9,11,13,15",0.9998982548713684
aff16_wu_m128_seed5,16,y,99,105.77623581768599,True,22,8,16,0.9999678496643222,True,0.9908127472715211,M4r,0.41726143230340934,k7l,True,False,8,"1,3,5,7,9,11,13,15",0.9998982548713684
aff16_wu_m128_seed5,16,y,100,62.7342064330791,True,22,8,16,0.9998975387844246,True,0.9907480574185662,M4r,0.4170586952469788,k7l,True,False,8,"1,3,5,7,9,11,13,15",0.9998982548713684
aff16_wu_m128_seed5,16,y,101,98.20691385388382,True,22,8,16,0.9999829181403339,True,0.9907248342046866,M4r,0.413089918884283,k7l,True,False,8,"1,3,5,7,9,11,13,15",0.9998982548713684
aff16_wu_m128_seed5,16,y,102,480.30854721731134,True,6,1,0,0.9999764561874991,True,3.928747705455479e-06,M4r,7.334998272012118e-06,k8l,False,False,0,,0.9998982548713684
aff16_wu_m128_seed5,16,y,103,139.63285161773373,True,22,8,16,0.9999849511175013,True,0.990862372521674,M4r,0.4151082985090926,k3l,True,False,8,"1,3,5,7,9,11,13,15",0.9998982548713684
aff16_wu_m128_seed5,16,y,104,151.61527048207833,True,22,8,16,0.9999737417970482,True,0.990993671285246,M4r,0.4114806437812611,k1l,True,False,8,"1,3,5,7,9,11,13,15",0.9998982548713684
aff16_wu_m128_seed5,16,y,105,169.63115992481087,True,22,8,16,0.9999666718838838,True,0.9906937118281649,M4r,0.41310066651252536,k3l,True,False,8,"1,3,5,7,9,11,13,15",0.9998982548713684
aff16_wu_m128_seed5,16,y,106,99.05718764941908,True,21,4,0,0.9994693079200742,True,8.81700047953356e-05,M4r,0.8520862380753104,k6l,False,False,0,,0.9998982548713684
aff16_wu_m128_seed5,16,y,107,102.01043993838105,True,22,8,16,0.9999706962356119,True,0.990776157303936,M4r,0.5890220862939711,k1l,True,False,8,"1,3,5,7,9,11,13,15",0.9998982548713684
aff16_wu_m128_seed5,16,y,108,259.70148419430427,True,10,1,0,0.49947354272924893,False,5.829067085403922e-06,M4r,0.9989477756554024,k8l,False,True,0,,0.9998982548713684
aff16_wu_m128_seed5,16,y,109,116.51046782342407,True,22,8,16,0.9999451323873851,True,0.9907320818893548,M4r,0.8217193044711586,k5l,True,False,8,"1,3,5,7,9,11,13,15",0.9998982548713684
aff16_wu_m128_seed5,16,y,110,61.90444760792459,True,22,8,16,0.9999592385568351,True,0.9908564942126623,M4r,0.41467689611643843,k1l,True,False,8,"1,3,5,7,9,11,13,15",0.9998982548713684
aff16_wu_m128_seed5,16,y,111,88.29309923098258,True,22,8,16,0.9999679192152393,True,0.9908184972397609,M4r,0.4130031471840998,k7l,True,False,8,"1,3,5,7,9,11,13,15",0.9998982548713684
aff16_wu_m128_seed5,16,y,112,102.59602199330344,True,22,8,16,0.9999796742395909,True,0.9907791953530992,M4r,0.8198681027699435,k3l,True,False,8,"1,3,5,7,9,11,13,15",0.9998982548713684
aff16_wu_m128_seed5,16,y,113,80.50425865326186,True,22,8,16,0.9999800372856533,True,0.9907844279330352,M4r,0.8192484743145853,k3l,True,False,8,"1,3,5,7,9,11,13,15",0.9998982548713684
aff16_wu_m128_seed5,16,y,114,53.56656165636846,True,22,8,16,0.9999661367007989,True,0.9908028303257523,M4r,0.588905233945004,k1l,True,False,8,"1,3,5,7,9,11,13,15",0.9998982548713684
aff16_wu_m128_seed5,16,y,115,86.76017989031828,True,22,8,16,0.9999761331936063,True,0.9907498062444341,M4r,0.8214825198388928,k1l,True,False,8,"1,3,5,7,9,11,13,15",0.9998982548713684
aff16_wu_m128_seed5,16,y,116,133.10850890238638,True,22,8,16,0.9999774437577891,True,0.9909659342956824,M4r,0.4141290597754306,k5l,True,False,8,"1,3,5,7,9,11,13,15",0.9998982548713684
aff16_wu_m128_seed5,16,y,117,134.7208474080234,True,22,8,16,0.9999900304747235,True,0.9908449978016232,M4r,0.5883046207287367,k1l,True,False,8,"1,3,5,7,9,11,13,15",0.9998982548713684
aff16_wu_m128_seed5,16,y,118,152.27987612142007,True,21,4,0,0.9994480990710053,True,8.672437263614527e-05,M4r,0.8521075935197496,k6l,False,False,0,,0.9998982548713684
aff16_wu_m128_seed5,16,y,119,405.4002333771021,True,3,1,0,0.49397023351217273,False,5.7938428869787485e-06,M4r,3.746337803352955e-06,k3r,False,False,0,,0.9998982548713684
aff16_wu_m128_seed5,16,y,120,263.75552430860336,True,21,4,0,0.999980317198816,True,7.875853316448844e-06,M4r,0.854104882485455,k6l,False,False,0,,0.9998982548713684
aff16_wu_m128_seed5,16,y,121,111.37339539403452,True,22,8,16,0.9999733826797069,True,0.9907858283982441,M4r,0.8224815995498388,k5l,True,False,8,"1,3,5,7,9,11,13,15",0.9998982548713684
aff16_wu_m128_seed5,16,y,122,255.1601090607926,True,21,4,0,0.9999818376580928,True,4.635928052690322e-06,M4r,0.8530660892581889,k6l,False,False,0,,0.9998982548713684
aff16_wu_m128_seed5,16,y,123,209.26391945471045,True,21,4,0,0.9999782765807154,True,3.8089986368066418e-06,M2l,0.8577270038578687,k6l,False,False,0,,0.9998982548713684
aff16_wu_m128_seed5,16,y,124,65.26334661392342,True,22,8,16,0.9999667165203453,True,0.9907567247677819,M4r,0.8234920047528707,k1l,True,False,8,"1,3,5,7,9,11,13,15",0.9998982548713684
aff16_wu_m128_seed5,16,y,125,234.11410329291792,True,19,2,0,0.9565515602811178,True,0.007950237501728684,M5r,0.9604069177168706,k4l,False,True,0,,0.9998982548713684
aff16_wu_m128_seed5,16,y,126,88.45969065900908,True,22,8,16,0.999978537544206,True,0.99068179521897,M4r,0.8202477452680309,k7l,True,False,8,"1,3,5,7,9,11,13,15",0.9998982548713684
aff16_wu_m128_seed5,16,y,127,104.47826115350415,True,22,8,16,0.9999795906896073,True,0.9909013626908822,M4r,0.4134959487766884,k3l,True,False,8,"1,3,5,7,9,11,13,15",0.9998982548713684
aff15_chughtai_m128_seed1,15,x,0,646.197504839016,True,13,4,0,0.9999909427950033,True,2.5280883656520392e-06,M6l,0.5047763288815414,k3r,False,False,0,,1.0
aff15_chughtai_m128_seed1,15,x,1,491.52781068550615,True,13,4,0,0.9999928115298211,True,5.057137917862711e-07,M6r,0.9472962853053953,k6r,False,True,0,,1.0
aff15_chughtai_m128_seed1,15,x,2,714.2686189100016,True,13,4,0,0.9999948312469626,True,3.1868944050559993e-07,M13r,0.5020827953558902,k6r,False,False,0,,1.0
aff15_chughtai_m128_seed1,15,x,3,1823.2663017944474,True,1,1,0,0.999999997340691,True,6.23031325936661e-10,M8l,5.176162319139322e-10,k5r,False,False,0,,1.0
aff15_chughtai_m128_seed1,15,x,4,3962.088414658647,True,8,2,3,0.999985461108939,True,0.9999850058778383,M12r,0.9999867763004948,k5r,True,True,0,,1.0
aff15_chughtai_m128_seed1,15,x,5,873.0089486557047,True,13,4,0,0.9999870262511757,True,9.191728006633214e-07,M6l,0.9468336987753213,k3r,False,True,0,,1.0
aff15_chughtai_m128_seed1,15,x,6,904.4511140563575,True,13,4,0,0.999986966702592,True,1.5340713213739283e-06,M0r,0.9471842340764074,k6r,False,True,0,,1.0
aff15_chughtai_m128_seed1,15,x,7,3966.715140482902,True,8,2,3,0.9999830907213063,True,0.9999827275299166,M1r,0.9999847940466723,k5r,True,True,0,,1.0
aff15_chughtai_m128_seed1,15,x,8,808.944274579617,True,13,4,0,0.9999874743373411,True,4.909077741884086e-07,M11l,0.9477200511267421,k3r,False,True,0,,1.0
aff15_chughtai_m128_seed1,15,x,9,330.61520049918107,True,13,4,0,0.9999941520177438,True,1.7099888437621798e-07,M12r,0.9472195576691153,k6r,False,True,0,,1.0
aff15_chughtai_m128_seed1,15,x,10,727.0139749440604,True,13,4,0,0.9999824822802131,True,1.2131863797752995e-06,M11l,0.8682041940413825,k6r,False,False,0,,1.0
aff15_chughtai_m128_seed1,15,x,11,924.87923144512,True,13,4,0,0.9999760748792385,True,1.5428142862023916e-06,M13r,0.94734859309409,k3r,False,True,0,,1.0
aff15_chughtai_m128_seed1,15,x,12,471.02996616082385,True,13,4,0,0.9999915545526894,True,1.8650559373442664e-07,M0l,0.9472843096591624,k3r,False,True,0,,1.0
aff15_chughtai_m128_seed1,15,x,13,1535.3923494528026,True,8,2,3,0.9999999906598915,True,0.9999999912274417,M2r,0.9999999916128711,k5l,True,True,0,,1.0
aff15_chughtai_m128_seed1,15,x,14,658.0824210322862,True,13,4,0,0.9999974012453827,True,2.561235110928442e-07,M9l,0.5012072589342379,k6r,False,False,0,,1.0
aff15_chughtai_m128_seed1,15,x,15,556.9679612863849,True,13,4,0,0.9999913751348746,True,1.9351506259945547e-07,M5r,0.9469877871504896,k6r,False,True,0,,1.0
aff15_chughtai_m128_seed1,15,x,16,1534.1103989696705,True,8,2,3,0.9999999902121759,True,0.999999991327269,M2r,0.9999999912447723,k5l,True,True,0,,1.0
aff15_chughtai_m128_seed1,15,x,17,768.8362055940028,True,13,4,0,0.9999877109084888,True,4.711050257898356e-07,M11l,0.946943426088852,k6r,False,True,0,,1.0
aff15_chughtai_m128_seed1,15,x,18,664.9141578302476,True,13,4,0,0.999960903048427,True,2.6973878980411715e-06,M9r,0.9472599650271508,k6r,False,True,0,,1.0
aff15_chughtai_m128_seed1,15,x,19,627.9371848350743,True,13,4,0,0.9999931553908002,True,2.448047082827398e-07,M11l,0.947222191828815,k6r,False,True,0,,1.0
aff15_chughtai_m128_seed1,15,x,20,1079.003022819296,True,13,4,0,0.9998801523715195,True,1.913532318315949e-06,M3r,0.9463617601033723,k3r,False,True,0,,1.0
aff15_chughtai_m128_seed1,15,x,21,986.0768101966299,True,13,4,0,0.9999843836314511,True,2.643822399895391e-06,M6l,0.948182294722053,k6r,False,True,0,,1.0
aff15_chughtai_m128_seed1,15,x,22,1825.035037673372,True,1,1,0,0.9999999967487606,True,5.360130437901508e-10,M12l,6.717698155949767e-10,k3r,False,False,0,,1.0
aff15_chughtai_m128_seed1,15,x,23,1602.3579761769415,True,3,1,0,0.49999999716496685,False,7.995851061500899e-10,M0l,1.213284023278693e-09,k3r,False,False,0,,1.0
aff15_chughtai_m128_seed1,15,x,24,8626.03396619291,True,8,2,3,0.9999817680123486,True,0.9999812903198187,M1r,0.9999836361513429,k5l,True,True,0,,1.0
aff15_chughtai_m128_seed1,15,x,25,8585.474790399405,True,8,2,3,0.999984994371454,True,0.9999845880858397,M12r,0.9999863376666823,k5r,True,True,0,,1.0
aff15_chughtai_m128_seed1,15,x,26,732.762594650309,True,13,4,0,0.9999915148318618,True,2.1165167288552977e-07,M11r,0.9471379608869649,k3r,False,True,0,,1.0
aff15_chughtai_m128_seed1,15,x,27,1090.6797815322575,True,13,4,0,0.9999887520410992,True,1.884148043847113e-07,M11l,0.9474538728576289,k3r,False,True,0,,1.0
aff15_chughtai_m128_seed1,15,x,28,557.5554012679822,True,13,4,0,0.9999808393916042,True,1.7411898093177605e-06,M0r,0.9471713793207261,k3r,False,True,0,,1.0
aff15_chughtai_m128_seed1,15,x,29,330.62247170897945,True,13,4,0,0.999994128288971,True,1.7104055369655283e-07,M12r,0.9472229410342984,k6r,False,True,0,,1.0
aff15_chughtai_m128_seed1,15,x,30,1534.9997737628462,True,8,2,3,0.9999999910828191,True,0.9999999905995183,M2r,0.9999999920319254,k5l,True,True,0,,1.0
aff15_chughtai_m128_seed1,15,x,31,925.4718989353239,True,13,4,0,0.9998887013696457,True,3.9997377752066425e-06,M4r,0.5679591403064099,k3r,False,False,0,,1.0
aff15_chughtai_m128_seed1,15,x,32,1555.3059333461042,True,3,1,0,0.49999999837593806,False,8.528605352053603e-10,M5l,6.71526016282252e-10,k1r,False,False,0,,1.0
aff15_chughtai_m128_seed1,15,x,33,99.92317605624814,True,13,4,0,0.9999367605809574,True,2.797272402421443e-07,M11l,0.7245325782071438,k3r,False,False,0,,1.0
aff15_chughtai_m128_seed1,15,x,34,825.2465222548752,True,13,4,0,0.9999816713036622,True,8.075086701760798e-07,M6l,0.9472263248575239,k3r,False,True,0,,1.0
aff15_chughtai_m128_seed1,15,x,35,484.2426301894931,True,13,4,0,0.99999193127804,True,5.339175532088374e-07,M7r,0.9472275683401028,k6r,False,True,0,,1.0
aff15_chughtai_m128_seed1,15,x,36,728.6476935895889,True,13,4,0,0.9999752897811853,True,1.4733281669899628e-06,M12r,0.9469679448771523,k6r,False,True,0,,1.0
aff15_chughtai_m128_seed1,15,x,37,545.0031895112056,True,13,4,0,0.9999940957310287,True,2.322190163057276e-07,M11l,0.9468408370052128,k6r,False,True,0,,1.0
aff15_chughtai_m128_seed1,15,x,38,280.558910207344,True,13,4,0,0.9999900671205588,True,1.2611542861136427e-06,M6l,0.9470772123234205,k3r,False,True,0,,1.0
aff15_chughtai_m128_seed1,15,x,39,1076.9551622526571,True,13,4,0,0.9999497391370764,True,1.7585840076463686e-06,M6l,0.5197431348586029,k3r,False,False,0,,1.0
aff15_chughtai_m128_seed1,15,x,40,943.9459797506654,True,13,4,0,0.9999136893385193,True,2.0310599147447257e-06,M6l,0.8724649832364384,k3r,False,False,0,,1.0
aff15_chughtai_m128_seed1,15,x,41,793.0507101694321,True,13,4,0,0.9999822856981841,True,8.305573377666536e-07,M6l,0.5129474271788678,k3r,False,False,0,,1.0
aff15_chughtai_m128_seed1,15,x,42,571.2135882130292,True,3,1,0,0.49999999816171203,False,5.647549742362723e-10,M0l,9.571674968837213e-10,k6r,False,False,0,,1.0
aff15_chughtai_m128_seed1,15,x,43,953.509881959496,True,3,1,0,0.4999999984810149,False,6.63945708813439e-10,M9r,8.150962384877778e-10,k2l,False,False,0,,1.0
aff15_chughtai_m128_seed1,15,x,44,1489.503180945103,True,3,1,0,0.4999999985696023,False,6.307023898468419e-10,M5l,6.063903724917667e-10,k1r,False,False,0,,1.0
aff15_chughtai_m128_seed1,15,x,45,237.7867056548654,True,8,2,3,0.7275058619791103,False,0.7275058790654494,M2r,0.7275058748527223,k5l,False,False,0,,1.0
aff15_chughtai_m128_seed1,15,x,46,783.7051505597077,True,13,4,0,0.999990168910327,True,8.609535468420692e-07,M13r,0.5040429608608089,k6r,False,False,0,,1.0
aff15_chughtai_m128_seed1,15,x,47,948.3349551582514,True,13,4,0,0.9999713759627767,True,3.043676475814988e-07,M9l,0.8723354854904632,k3r,False,False,0,,1.0
aff15_chughtai_m128_seed1,15,x,48,574.855759300104,True,13,4,0,0.9999741840289502,True,3.097116628992587e-07,M6l,0.5103195007177225,k6r,False,False,0,,1.0
aff15_chughtai_m128_seed1,15,x,49,839.420917653232,True,13,4,0,0.9999893676990754,True,1.602619710036032e-06,M6l,0.947047740293809,k6r,False,True,0,,1.0
aff15_chughtai_m128_seed1,15,x,50,1480.7645299679625,True,3,1,0,0.49999999795658046,False,1.0634299253882884e-09,M3r,9.893324304630745e-10,k2l,False,False,0,,1.0
aff15_chughtai_m128_seed1,15,x,51,1540.8117884006142,True,8,2,3,0.9999999905660371,True,0.9999999900016939,M2r,0.9999999915787134,k5l,True,True,0,,1.0
aff15_chughtai_m128_seed1,15,x,52,834.337400099194,True,13,4,0,0.999973207544414,True,5.286822373543603e-07,M11l,0.9478763535130218,k3r,False,True,0,,1.0
aff15_chughtai_m128_seed1,15,x,53,244.16536128128683,True,8,2,3,0.7274530269019939,False,0.727453039817713,M2r,0.7274530380802374,k5r,False,False,0,,1.0
aff15_chughtai_m128_seed1,15,x,54,1585.7357660298908,True,3,1,0,0.49999999601111395,False,1.881750175827145e-09,M1r,1.7714089319781627e-09,k2r,False,False,0,,1.0
aff15_chughtai_m128_seed1,15,x,55,829.5748620303564,True,13,4,0,0.9999838515665551,True,7.639281183549987e-07,M11l,0.8638239044684005,k6r,False,False,0,,1.0
aff15_chughtai_m128_seed1,15,x,56,725.3398892156895,True,13,4,0,0.9999174543202755,True,2.3504936164377017e-07,M0r,0.5017666907421322,k3l,False,False,0,,1.0
aff15_chughtai_m128_seed1,15,x,57,343.6137122153074,True,13,4,0,0.999989057207206,True,8.24433000148625e-07,M6l,0.9473050380617573,k3r,False,True,0,,1.0
aff15_chughtai_m128_seed1,15,x,58,724.6874198978304,True,3,1,0,0.49999999808845613,False,7.756369016623286e-10,M2l,1.2141956685375775e-09,k6r,False,False,0,,1.0
aff15_chughtai_m128_seed1,15,x,59,683.0668624620388,True,13,4,0,0.9999909858967884,True,4.4281429146809175e-06,M6r,0.9774581849293589,k6r,False,True,0,,1.0
aff15_chughtai_m128_seed1,15,x,60,736.8856460742082,True,13,4,0,0.999956156077244,True,1.5610153532685747e-06,M6l,0.517529438478459,k3r,False,False,0,,1.0
aff15_chughtai_m128_seed1,15,x,61,168.88863703539448,True,8,2,3,0.7273496166803345,False,0.727349632899556,M2r,0.7273496285843785,k5l,False,False,0,,1.0
aff15_chughtai_m128_seed1,15,x,62,1059.3605734390128,True,13,4,0,0.9999626649518879,True,4.831303320237429e-06,M13r,0.9467133190901065,k6r,False,True,0,,1.0
aff15_chughtai_m128_seed1,15,x,63,813.9637527979783,True,3,1,0,0.49999999806417256,False,8.701489163221032e-10,M5l,8.403181740538971e-10,k7r,False,False,0,,1.0
aff15_chughtai_m128_seed1,15,x,64,951.5830810881049,True,3,1,0,0.49999999850879256,False,6.588373361949534e-10,M6l,7.891779685432273e-10,k2l,False,False,0,,1.0
aff15_chughtai_m128_seed1,15,x,65,570.5140423541743,True,3,1,0,0.499999997953682,False,6.0904335144885e-10,M0r,1.1757873254655322e-09,k6l,False,False,0,,1.0
aff15_chughtai_m128_seed1,15,x,66,288.0070894893548,True,13,4,0,0.9999288662763598,True,2.0211806568677276e-06,M6l,0.9720994291224181,k3r,False,True,0,,1.0
aff15_chughtai_m128_seed1,15,x,67,2600.7180874772553,True,8,2,3,0.9999999945034287,True,0.9999999952050327,M8r,0.9999999949671319,k5l,True,True,0,,1.0
aff15_chughtai_m128_seed1,15,x,68,97.66747900094727,True,13,4,0,0.5477895477219387,False,0.45217418752755667,M13r,0.5186657884161849,k3r,False,False,0,,1.0
aff15_chughtai_m128_seed1,15,x,69,1419.067586615132,True,3,1,0,0.4999999983848402,False,7.897580608778283e-10,M6l,9.894758210716625e-10,k2l,False,False,0,,1.0
aff15_chughtai_m128_seed1,15,x,70,598.436769027942,True,3,1,0,0.49999999731785383,False,6.814113023532255e-10,M3l,1.5175472905723229e-09,k6l,False,False,0,,1.0
aff15_chughtai_m128_seed1,15,x,71,410.662922649084,True,13,4,0,0.9999902541597203,True,3.406162319405801e-07,M6l,0.9472071486238057,k3r,False,True,0,,1.0
aff15_chughtai_m128_seed1,15,x,72,1018.7790397724609,True,13,4,0,0.9999738040348799,True,1.300706794185001e-06,M0r,0.5124924525647502,k3r,False,False,0,,1.0
aff15_chughtai_m128_seed1,15,x,73,1213.3279011766504,True,3,1,0,0.4999999979665011,False,7.700293019669584e-10,M11l,8.654852313980037e-10,k6l,False,False,0,,1.0
aff15_chughtai_m128_seed1,15,x,74,818.8322363947703,True,13,4,0,0.9999810478549076,True,3.3398701772838213e-07,M14l,0.9468639880958237,k6r,False,True,0,,1.0
aff15_chughtai_m128_seed1,15,x,75,1003.785693017106,True,13,4,0,0.9999938706806705,True,5.570981547346918e-07,M11l,0.9475107188133818,k3r,False,True,0,,1.0
aff15_chughtai_m128_seed1,15,x,76,865.5378631432891,True,13,4,0,0.9999720840728737,True,6.367353789392907e-07,M6l,0.9472627355253112,k3r,False,True,0,,1.0
aff15_chughtai_m128_seed1,15,x,77,723.6004658806947,True,3,1,0,0.49999999820922325,False,7.174549034683969e-10,M2l,1.1763756673958067e-09,k6r,False,False,0,,1.0
aff15_chughtai_m128_seed1,15,x,78,3967.5983230772226,True,8,2,3,0.9999830887303517,True,0.9999827192222897,M1r,0.9999847915908785,k5l,True,True,0,,1.0
aff15_chughtai_m128_seed1,15,x,79,1476.2969219773954,True,3,1,0,0.4999999981708382,False,7.163517778287026e-10,M2l,7.262604034568222e-10,k2l,False,False,0,,1.0
aff15_chughtai_m128_seed1,15,x,80,736.3849810579649,True,13,4,0,0.9999850828990673,True,7.792987458100168e-07,M11l,0.9469284580399484,k6r,False,True,0,,1.0
aff15_chughtai_m128_seed1,15,x,81,843.6469533328323,True,13,4,0,0.9999968790271709,True,9.97995329591392e-07,M6l,0.5006426130124787,k3r,False,False,0,,1.0
aff15_chughtai_m128_seed1,15,x,82,495.6224969929626,True,13,4,0,0.9999430237012987,True,1.0167910025156094e-06,M9r,0.9465603007322643,k6r,False,True,0,,1.0
aff15_chughtai_m128_seed1,15,x,83,625.8759301407736,True,13,4,0,0.9999867544049782,True,1.2791188939575519e-06,M3r,0.9472610063507665,k3r,False,True,0,,1.0
aff15_chughtai_m128_seed1,15,x,84,343.61257300169166,True,13,4,0,0.9999890820415159,True,8.237867914053175e-07,M6l,0.9473059097697358,k3r,False,True,0,,1.0
aff15_chughtai_m128_seed1,15,x,85,961.3441360943232,True,3,1,0,0.4999999977463686,False,9.128179982482588e-10,M9l,7.488544465400065e-10,k2r,False,False,0,,1.0
aff15_chughtai_m128_seed1,15,x,86,782.54240550622,True,13,4,0,0.9999910693370471,True,2.4201371417581636e-07,M1r,0.9472270274519808,k6r,False,True,0,,1.0
aff15_chughtai_m128_seed1,15,x,87,917.3645149360132,True,13,4,0,0.9999715393829871,True,2.9671910743663644e-06,M11l,0.513600023829813,k3r,False,False,0,,1.0
aff15_chughtai_m128_seed1,15,x,88,522.8913325370827,True,13,4,0,0.9999957565622164,True,2.2058826228638818e-07,M7r,0.9475381203992099,k3r,False,True,0,,1.0
aff15_chughtai_m128_seed1,15,x,89,737.2666825489839,True,13,4,0,0.9999914086936434,True,8.455564104857872e-07,M11l,0.9477416968608754,k6r,False,True,0,,1.0
aff15_chughtai_m128_seed1,15,x,90,526.8942188373323,True,13,4,0,0.9999880109206455,True,1.2520224809054374e-06,M11l,0.947411793963513,k6r,False,True,0,,1.0
aff15_chughtai_m128_seed1,15,x,91,697.9417818894001,True,13,4,0,0.9984788682004194,True,0.00048086832226833356,M10r,0.8596348306388428,k3r,False,False,0,,1.0
aff15_chughtai_m128_seed1,15,x,92,661.155323183352,True,13,4,0,0.9999886195723677,True,3.112356985648897e-07,M8l,0.9474344539842094,k6r,False,True,0,,1.0
aff15_chughtai_m128_seed1,15,x,93,1196.3615565213263,True,13,4,0,0.999979247227976,True,1.4117944975694304e-06,M8r,0.9478900805307876,k3r,False,True,0,,1.0
aff15_chughtai_m128_seed1,15,x,94,759.3810239896778,True,13,4,0,0.9999735817502259,True,4.2548503176746836e-06,M6l,0.5082255178661729,k6r,False,False,0,,1.0
aff15_chughtai_m128_seed1,15,x,95,813.7358623043242,True,3,1,0,0.4999999972586748,False,1.7080617707879433e-09,M5r,1.4729260324796365e-09,k5r,False,False,0,,1.0
aff15_chughtai_m128_seed1,15,x,96,566.1238364731036,True,13,4,0,0.9999900733075431,True,4.280989248949556e-07,M6l,0.5061308429464284,k3r,False,False,0,,1.0
aff15_chughtai_m128_seed1,15,x,97,786.5459304709597,True,13,4,0,0.999925680922243,True,8.637171284577074e-08,M12l,0.5023279714270035,k3l,False,False,0,,1.0
aff15_chughtai_m128_seed1,15,x,98,687.419982142611,True,13,4,0,0.9999743333009717,True,1.721831140466451e-06,M11l,0.8302984763891871,k6r,False,False,0,,1.0
aff15_chughtai_m128_seed1,15,x,99,747.1377415982054,True,13,4,0,0.9999805980389741,True,2.7696057599484695e-07,M3l,0.9477131679176318,k3r,False,True,0,,1.0
aff15_chughtai_m128_seed1,15,x,100,870.0332129498609,True,13,4,0,0.9999980571407672,True,3.271999182337663e-07,M6l,0.5006556801678476,k3r,False,False,0,,1.0
aff15_chughtai_m128_seed1,15,x,101,2593.5335715995375,True,8,2,3,0.9999999941810113,True,0.9999999949260052,M8r,0.9999999946948837,k5l,True,True,0,,1.0
aff15_chughtai_m128_seed1,15,x,102,723.7111094932436,True,3,1,0,0.49999999812229734,False,4.2936585901617966e-10,M2l,1.8125822716454692e-09,k6r,False,False,0,,1.0
aff15_chughtai_m128_seed1,15,x,103,669.2086456050948,True,13,4,0,0.9999946020424673,True,5.539720667717932e-07,M6l,0.5043188984929168,k6r,False,False,0,,1.0
aff15_chughtai_m128_seed1,15,x,104,808.3857420076032,True,13,4,0,0.9999897865001067,True,4.0582186332776766e-07,M11l,0.9471465298774503,k6r,False,True,0,,1.0
aff15_chughtai_m128_seed1,15,x,105,1530.008206318701,True,8,2,3,0.9999999906933795,True,0.9999999897041927,M2r,0.9999999917013245,k5r,True,True,0,,1.0
aff15_chughtai_m128_seed1,15,x,106,662.7659028864105,True,13,4,0,0.999958749080533,True,8.43501663016502e-07,M1r,0.5136303647015572,k3r,False,False,0,,1.0
aff15_chughtai_m128_seed1,15,x,107,929.3108718234887,True,13,4,0,0.9999952053622055,True,1.6291482359826192e-06,M6l,0.5020967329118066,k3r,False,False,0,,1.0
aff15_chughtai_m128_seed1,15,x,108,869.2185868059069,True,13,4,0,0.9999890931442926,True,4.422784337944294e-07,M9r,0.9473330786207405,k3r,False,True,0,,1.0
aff15_chughtai_m128_seed1,15,x,109,882.7144484074843,True,13,4,0,0.9999364471923291,True,4.276654584955273e-06,M6l,0.5162606280773966,k3r,False,False,0,,1.0
aff15_chughtai_m128_seed1,15,x,110,638.9237532756588,True,13,4,0,0.9999915257751282,True,2.640965967883156e-07,M11r,0.9472190277138693,k6r,False,True,0,,1.0
aff15_chughtai_m128_seed1,15,x,111,912.4906475650445,True,13,4,0,0.9999879265974368,True,1.9848686042205973e-07,M5l,0.9467674562251768,k6r,False,True,0,,1.0
aff15_chughtai_m128_seed1,15,x,112,565.8640226909869,True,13,4,0,0.9999225550265542,True,2.770210474899502e-07,M10r,0.5019582655360109,k3l,False,False,0,,1.0
aff15_chughtai_m128_seed1,15,x,113,1388.3878696343188,True,3,1,0,0.49999999781503085,False,8.633940941352267e-10,M6l,1.184289193123879e-09,k6r,False,False,0,,1.0
aff15_chughtai_m128_seed1,15,x,114,961.9777102085222,True,3,1,0,0.49999999678018137,False,2.5870571206796277e-09,M9l,2.652147161030354e-09,k5r,False,False,0,,1.0
aff15_chughtai_m128_seed1,15,x,115,64.31968733232677,True,13,4,0,0.9999742536153157,True,3.1569193110120954e-07,M6l,0.7248136391795227,k6r,False,False,0,,1.0
aff15_chughtai_m128_seed1,15,x,116,1811.594023882441,True,1,1,0,0.9999999968532485,True,4.784138663014328e-10,M8r,5.789727285715078e-10,k6l,False,False,0,,1.0
aff15_chughtai_m128_seed1,15,x,117,981.0069989033417,True,13,4,0,0.9999841139879332,True,6.757691470916119e-07,M6l,0.8702708411482861,k6r,False,False,0,,1.0
aff15_chughtai_m128_seed1,15,x,118,2600.6357883039627,True,8,2,3,0.9999999945754696,True,0.9999999952277503,M8r,0.9999999950646162,k5r,True,True,0,,1.0
aff15_chughtai_m128_seed1,15,x,119,997.9418347425243,True,13,4,0,0.9999693016253285,True,3.284258370988327e-06,M4r,0.946914820611339,k3r,False,True,0,,1.0
aff15_chughtai_m128_seed1,15,x,120,820.6098946520514,True,13,4,0,0.999989866186829,True,4.476154426958541e-07,M6l,0.9471910600395084,k6r,False,True,0,,1.0
aff15_chughtai_m128_seed1,15,x,121,829.3729702184143,True,13,4,0,0.999981063700978,True,9.462048399323673e-07,M13r,0.947490515388292,k6r,False,True,0,,1.0
aff15_chughtai_m128_seed1,15,x,122,610.2090490648969,True,13,4,0,0.9999577077025303,True,6.026640174505362e-07,M0r,0.9470832579858831,k3r,False,True,0,,1.0
aff15_chughtai_m128_seed1,15,x,123,33.25070691754105,True,13,4,0,0.614347879407063,False,6.091743494399888e-07,M0r,0.4462682824328229,k3r,False,False,0,,1.0
aff15_chughtai_m128_seed1,15,x,124,1850.7668463101013,True,1,1,0,0.999999997742227,True,3.792305138211658e-10,M11r,4.177591505728945e-10,k4r,False,False,0,,1.0
aff15_chughtai_m128_seed1,15,x,125,1512.7497249406774,True,3,1,0,0.49999999804346995,False,8.204309272288105e-10,M11l,7.478584077983239e-10,k6l,False,False,0,,1.0
aff15_chughtai_m128_seed1,15,x,126,720.4001097649233,True,13,4,0,0.9999911870307706,True,7.443069647511543e-07,M6l,0.9472316930618855,k6r,False,True,0,,1.0
aff15_chughtai_m128_seed1,15,x,127,3962.0221251063344,True,8,2,3,0.9999854355203297,True,0.9999849826506021,M12r,0.9999867485667137,k5l,True,True,0,,1.0
aff15_chughtai_m128_seed1,15,y,0,645.9348140286089,True,13,4,0,0.9999809948664019,True,1.3161326928670653e-06,M8l,0.9474362603027224,k6l,False,True,0,,1.0
aff15_chughtai_m128_seed1,15,y,1,491.50820780952336,True,13,4,0,0.99998984021471,True,2.026097464163697e-07,M2l,0.9471482331691443,k6l,False,True,0,,1.0
aff15_chughtai_m128_seed1,15,y,2,713.7896596019989,True,13,4,0,0.9999847715493185,True,2.633529457538944e-07,M14l,0.9468476433037767,k6l,False,True,0,,1.0
aff15_chughtai_m128_seed1,15,y,3,1823.2979944294818,True,1,1,0,0.9999999976925218,True,4.688605235055006e-10,M14l,4.3522266811910386e-10,k3r,False,False,0,,1.0
aff15_chughtai_m128_seed1,15,y,4,3976.6759037656393,True,8,2,3,0.9999999959565894,True,0.9999999968806496,M5l,0.999999996343806,k5l,True,True,0,,1.0
aff15_chughtai_m128_seed1,15,y,5,874.2779410783395,True,13,4,0,0.9999982082337601,True,8.251505950060287e-07,M5l,0.5004893927657862,k3r,False,False,0,,1.0
aff15_chughtai_m128_seed1,15,y,6,904.2646118990402,True,13,4,0,0.9999971921109764,True,4.367494023845886e-07,M5l,0.5028886306600697,k6l,False,False,0,,1.0
aff15_chughtai_m128_seed1,15,y,7,3982.66001730584,True,8,2,3,0.9999999965681996,True,0.9999999973046021,M11l,0.9999999967649595,k5l,True,True,0,,1.0
aff15_chughtai_m128_seed1,15,y,8,808.9508804317256,True,13,4,0,0.9999947209573979,True,5.832525304963975e-07,M2l,0.50114285085894,k6l,False,False,0,,1.0
aff15_chughtai_m128_seed1,15,y,9,330.67413111379295,True,13,4,0,0.9999947943331048,True,4.6722065865725076e-08,M3r,0.9471906245459867,k3l,False,True,0,,1.0
aff15_chughtai_m128_seed1,15,y,10,726.690885768831,True,13,4,0,0.9999881499071813,True,2.008406753646091e-07,M11r,0.8696969391205179,k3l,False,False,0,,1.0
aff15_chughtai_m128_seed1,15,y,11,923.4924543418648,True,13,4,0,0.9999981933195736,True,8.707120981149616e-07,M14l,0.5004393821418764,k3l,False,False,0,,1.0
aff15_chughtai_m128_seed1,15,y,12,471.2131460408456,True,13,4,0,0.9999896040101682,True,1.6758749725783768e-07,M6r,0.9471008031073352,k3l,False,True,0,,1.0
aff15_chughtai_m128_seed1,15,y,13,1535.176671131649,True,8,2,3,0.9999999967504367,True,0.9999999971096076,M11l,0.9999999969690899,k5l,True,True,0,,1.0
aff15_chughtai_m128_seed1,15,y,14,658.8748741525529,True,13,4,0,0.9999911428108964,True,7.797163167893204e-07,M2l,0.9476071224975842,k6l,False,True,0,,1.0
aff15_chughtai_m128_seed1,15,y,15,557.0681656635664,True,13,4,0,0.9999938817423784,True,2.2559558169373763e-07,M6r,0.9471662305989099,k6l,False,True,0,,1.0
aff15_chughtai_m128_seed1,15,y,16,1534.0855419906582,True,8,2,3,0.9999999966191593,True,0.999999996974386,M11l,0.9999999968269268,k5l,True,True,0,,1.0
aff15_chughtai_m128_seed1,15,y,17,768.6502193568477,True,13,4,0,0.9999874614198356,True,4.835049009196584e-07,M14l,0.9471967093020152,k3l,False,True,0,,1.0
aff15_chughtai_m128_seed1,15,y,18,664.8372860716164,True,13,4,0,0.9999608584890675,True,7.674904246921633e-07,M5l,0.9471600828293021,k3l,False,True,0,,1.0
aff15_chughtai_m128_seed1,15,y,19,627.9705367195919,True,13,4,0,0.9999915942930085,True,1.7710513709031588e-07,M11l,0.9471852745354324,k3l,False,True,0,,1.0
aff15_chughtai_m128_seed1,15,y,20,1077.699576639667,True,13,4,0,0.9999859778428899,True,3.4964230289866513e-06,M11l,0.5006461569811248,k3l,False,False,0,,1.0
aff15_chughtai_m128_seed1,15,y,21,983.2537921930747,True,13,4,0,0.9999748705810381,True,1.73177864954194e-06,M11l,0.5099728148037349,k3l,False,False,0,,1.0
aff15_chughtai_m128_seed1,15,y,22,1825.0293020069753,True,1,1,0,0.9999999985049502,True,2.2985100006748509e-10,M2l,2.3097668362698387e-10,k5l,False,False,0,,1.0
aff15_chughtai_m128_seed1,15,y,23,1602.3275098957142,True,3,1,0,0.49999999845372206,False,7.723642961704276e-10,M2l,8.967345161558795e-10,k6l,False,False,0,,1.0
aff15_chughtai_m128_seed1,15,y,24,8662.642833915741,True,8,2,3,0.9999999944933712,True,0.9999999957120999,M11l,0.9999999954417946,k5l,True,True,0,,1.0
aff15_chughtai_m128_seed1,15,y,25,8616.721278510468,True,8,2,3,0.999999993221777,True,0.999999994255872,M11l,0.9999999942365964,k5r,True,True,0,,1.0
aff15_chughtai_m128_seed1,15,y,26,731.9560273642331,True,13,4,0,0.9999915383315767,True,3.800057136326165e-07,M11l,0.9473912268838689,k3l,False,True,0,,1.0
aff15_chughtai_m128_seed1,15,y,27,1090.0052155814312,True,13,4,0,0.9999928645613445,True,2.723114899311737e-06,M2l,0.5019830496908168,k6l,False,False,0,,1.0
aff15_chughtai_m128_seed1,15,y,28,557.5756670764033,True,13,4,0,0.9999966493810454,True,9.950654546221523e-07,M14l,0.5018720233914974,k3l,False,False,0,,1.0
aff15_chughtai_m128_seed1,15,y,29,330.6747171180851,True,13,4,0,0.999994801810082,True,4.6293253382383866e-08,M3r,0.9471894195295186,k3l,False,True,0,,1.0
aff15_chughtai_m128_seed1,15,y,30,1535.3317809715224,True,8,2,3,0.9999999969104816,True,0.9999999972868416,M11l,0.9999999971188896,k5r,True,True,0,,1.0
aff15_chughtai_m128_seed1,15,y,31,906.4437481987483,True,13,4,0,0.9999556912688278,True,2.4812949343373728e-05,M8l,0.9420567288799657,k6l,False,True,0,,1.0
aff15_chughtai_m128_seed1,15,y,32,1554.972056454626,True,3,1,0,0.49999999817417407,False,6.7796802619025e-10,M11l,9.677659131832162e-10,k6r,False,False,0,,1.0
aff15_chughtai_m128_seed1,15,y,33,99.96947352935453,True,13,4,0,0.9999387540254807,True,1.1265444314148193e-07,M11l,0.7245422030471494,k3l,False,False,0,,1.0
aff15_chughtai_m128_seed1,15,y,34,825.4470652802244,True,13,4,0,0.9999804321606225,True,2.608739152891837e-07,M8l,0.9470401503580883,k6l,False,True,0,,1.0
aff15_chughtai_m128_seed1,15,y,35,484.281618536541,True,13,4,0,0.9999923689251617,True,1.7065318952584778e-07,M11r,0.9473117062153941,k3l,False,True,0,,1.0
aff15_chughtai_m128_seed1,15,y,36,728.333149079456,True,13,4,0,0.9999846011399103,True,1.8165968962996324e-07,M11l,0.9472161357196885,k6l,False,True,0,,1.0
aff15_chughtai_m128_seed1,15,y,37,544.8698748058312,True,13,4,0,0.99999008860536,True,3.756877157180014e-07,M5l,0.946919124476372,k6l,False,True,0,,1.0
aff15_chughtai_m128_seed1,15,y,38,280.4632705663492,True,13,4,0,0.999992315265494,True,1.320515813258126e-07,M11r,0.9472180979743288,k6l,False,True,0,,1.0
aff15_chughtai_m128_seed1,15,y,39,1076.6723333790385,True,13,4,0,0.9999895837583243,True,7.579047736569243e-07,M11l,0.9468330551622864,k3l,False,True,0,,1.0
aff15_chughtai_m128_seed1,15,y,40,930.3340985424385,True,13,4,0,0.9999660198408227,True,1.8593268091343721e-06,M14l,0.8778861566926265,k3l,False,False,0,,1.0
aff15_chughtai_m128_seed1,15,y,41,793.0881680435401,True,13,4,0,0.9999884743971545,True,1.3085996772123461e-06,M5l,0.9473611019293713,k6l,False,True,0,,1.0
aff15_chughtai_m128_seed1,15,y,42,571.1482562624594,True,3,1,0,0.49999999804882755,False,1.108509418436891e-09,M11l,1.012375213192276e-09,k5l,False,False,0,,1.0
aff15_chughtai_m128_seed1,15,y,43,953.4171128480168,True,3,1,0,0.49999999709484644,False,2.8255704307616644e-09,M11l,3.1222243746488607e-09,k5l,False,False,0,,1.0
aff15_chughtai_m128_seed1,15,y,44,1489.364742876277,True,3,1,0,0.4999999981010981,False,9.087062079135873e-10,M3r,1.2593265889977217e-09,k3l,False,False,0,,1.0
aff15_chughtai_m128_seed1,15,y,45,237.74139499379294,True,8,2,3,0.7274596837881171,False,0.7274596866206775,M11l,0.7274596864695363,k5r,False,False,0,,1.0
aff15_chughtai_m128_seed1,15,y,46,784.5062134398812,True,13,4,0,0.999980553057703,True,2.7390978014207866e-06,M11l,0.9478865818013277,k3l,False,True,0,,1.0
aff15_chughtai_m128_seed1,15,y,47,948.1046900090819,True,13,4,0,0.9999765304283921,True,7.129988093196642e-07,M11l,0.872199811209863,k6l,False,False,0,,1.0
aff15_chughtai_m128_seed1,15,y,48,574.0942944511937,True,13,4,0,0.9999694254864667,True,7.492814673482408e-07,M8l,0.9464993654677681,k6l,False,True,0,,1.0
aff15_chughtai_m128_seed1,15,y,49,839.9832415708341,True,13,4,0,0.9999827799084989,True,1.3238340872876785e-06,M11l,0.5071838453708969,k3l,False,False,0,,1.0
aff15_chughtai_m128_seed1,15,y,50,1480.7243930999707,True,3,1,0,0.49999999823138463,False,4.930230752286414e-10,M11l,1.1868266688238656e-09,k3r,False,False,0,,1.0
aff15_chughtai_m128_seed1,15,y,51,1540.4856398892612,True,8,2,3,0.9999999972909254,True,0.9999999976632022,M11l,0.9999999975044208,k5l,True,True,0,,1.0
aff15_chughtai_m128_seed1,15,y,52,832.8121405492182,True,13,4,0,0.9999913264797301,True,1.1083480695331052e-06,M14l,0.5078014689541404,k3l,False,False,0,,1.0
aff15_chughtai_m128_seed1,15,y,53,244.15824842869597,True,8,2,3,0.7274178433047415,False,0.7274178449997786,M5l,0.7274178448335621,k5l,False,False,0,,1.0
aff15_chughtai_m128_seed1,15,y,54,1585.4684547244235,True,3,1,0,0.4999999985969443,False,4.852047173718608e-10,M2l,9.432387758245295e-10,k6l,False,False,0,,1.0
aff15_chughtai_m128_seed1,15,y,55,831.2063376457917,True,13,4,0,0.9999768941722574,True,6.114505827785665e-07,M5l,0.8966812174284147,k3l,False,False,0,,1.0
aff15_chughtai_m128_seed1,15,y,56,725.1342740274267,True,13,4,0,0.9999147496239673,True,6.258934715994434e-08,M5l,0.5021773582557733,k3r,False,False,0,,1.0
aff15_chughtai_m128_seed1,15,y,57,343.81441218734165,True,13,4,0,0.9999963549292065,True,5.490471949836362e-07,M11r,0.5037636524561802,k6l,False,False,0,,1.0
aff15_chughtai_m128_seed1,15,y,58,724.6581283144185,True,3,1,0,0.49999999838767123,False,5.047724299013143e-10,M6l,5.747589154457627e-10,k3l,False,False,0,,1.0
aff15_chughtai_m128_seed1,15,y,59,681.9927779257739,True,13,4,0,0.9999876182668315,True,1.6460373404748385e-06,M14l,0.784061190832498,k6l,False,False,0,,1.0
aff15_chughtai_m128_seed1,15,y,60,736.5919756987543,True,13,4,0,0.9999544817536922,True,7.117676690441581e-07,M14l,0.946703205608664,k3l,False,True,0,,1.0
aff15_chughtai_m128_seed1,15,y,61,168.9010981202283,True,8,2,3,0.7273666147680686,False,0.7273666163814757,M11l,0.727366617741594,k5l,False,False,0,,1.0
aff15_chughtai_m128_seed1,15,y,62,1058.7596677278377,True,13,4,0,0.9999683194539024,True,2.302343464462863e-06,M14l,0.5180662509858085,k3l,False,False,0,,1.0
aff15_chughtai_m128_seed1,15,y,63,813.8851136329121,True,3,1,0,0.4999999978224635,False,1.8409648569811367e-09,M11l,2.049320869927394e-09,k5r,False,False,0,,1.0
aff15_chughtai_m128_seed1,15,y,64,951.4082579305094,True,3,1,0,0.49999999763119535,False,1.0671336535401268e-09,M5l,1.696137613958661e-09,k6r,False,False,0,,1.0
aff15_chughtai_m128_seed1,15,y,65,570.443743754768,True,3,1,0,0.49999999727056454,False,2.467499701431509e-09,M11l,2.3084007741695444e-09,k5l,False,False,0,,1.0
aff15_chughtai_m128_seed1,15,y,66,281.1435030524209,True,13,4,0,0.999973182759196,True,4.5964173857898075e-07,M6r,0.8058605721795755,k6l,False,False,0,,1.0
aff15_chughtai_m128_seed1,15,y,67,2600.528141107487,True,8,2,3,0.9999999967895696,True,0.9999999972649568,M8l,0.9999999969632222,k5r,True,True,0,,1.0
aff15_chughtai_m128_seed1,15,y,68,98.04661421176083,True,13,4,0,0.5464034822925842,False,0.4535940468283848,M11l,0.4535941558648542,k5r,False,False,0,,1.0
aff15_chughtai_m128_seed1,15,y,69,1418.8709850601713,True,3,1,0,0.4999999984729697,False,8.166566890378922e-10,M11l,7.955195604096054e-10,k5r,False,False,0,,1.0
aff15_chughtai_m128_seed1,15,y,70,598.3764407839967,True,3,1,0,0.4999999970480918,False,1.0596725794696594e-09,M11l,1.5442880349978227e-09,k5l,False,False,0,,1.0
aff15_chughtai_m128_seed1,15,y,71,410.49402524643557,True,13,4,0,0.9999984695081662,True,3.9863218517153577e-07,M11l,0.5007571542085735,k3l,False,False,0,,1.0
aff15_chughtai_m128_seed1,15,y,72,1019.8742390587299,True,13,4,0,0.9999782044350682,True,9.581643997472195e-06,M8l,0.9469626790389124,k6l,False,True,0,,1.0
aff15_chughtai_m128_seed1,15,y,73,1213.439309181873,True,3,1,0,0.4999999981827592,False,8.894209028520706e-10,M14l,8.092740178626089e-10,k6l,False,False,0,,1.0
aff15_chughtai_m128_seed1,15,y,74,818.868521896474,True,13,4,0,0.9999786674682971,True,2.5164278045699344e-06,M5l,0.9466914472509833,k6l,False,True,0,,1.0
aff15_chughtai_m128_seed1,15,y,75,1004.4543190707819,True,13,4,0,0.9999961829610554,True,4.698180023954379e-07,M2l,0.5076950374141409,k3l,False,False,0,,1.0
aff15_chughtai_m128_seed1,15,y,76,865.9025370591739,True,13,4,0,0.9999935415005387,True,2.0814104615987306e-06,M2l,0.5024024818950429,k3l,False,False,0,,1.0
aff15_chughtai_m128_seed1,15,y,77,723.536910553771,True,3,1,0,0.49999999785272325,False,5.097132577519042e-10,M8r,1.1837182927512314e-09,k3l,False,False,0,,1.0
aff15_chughtai_m128_seed1,15,y,78,3983.5092844289297,True,8,2,3,0.9999999965446087,True,0.9999999972649135,M11l,0.9999999967487075,k5l,True,True,0,,1.0
aff15_chughtai_m128_seed1,15,y,79,1476.188927921466,True,3,1,0,0.4999999980912564,False,9.206995040220211e-10,M2l,1.1875586775245244e-09,k5l,False,False,0,,1.0
aff15_chughtai_m128_seed1,15,y,80,736.1539916385065,True,13,4,0,0.999998034748642,True,1.663650008811386e-07,M14l,0.5006426025759055,k3r,False,False,0,,1.0
aff15_chughtai_m128_seed1,15,y,81,844.094979174619,True,13,4,0,0.9999941964229175,True,1.0022320919335815e-06,M6r,0.9476391338851626,k3l,False,True,0,,1.0
aff15_chughtai_m128_seed1,15,y,82,495.7726894244029,True,13,4,0,0.9999949006048815,True,3.662778433185267e-07,M3r,0.5044545551721776,k6l,False,False,0,,1.0
aff15_chughtai_m128_seed1,15,y,83,626.3469504691199,True,13,4,0,0.9999986702636456,True,1.8621295229415094e-07,M5l,0.5002141780039862,k3l,False,False,0,,1.0
aff15_chughtai_m128_seed1,15,y,84,343.8220882342637,True,13,4,0,0.9999963487345362,True,5.536371639659096e-07,M11r,0.503762657605701,k6l,False,False,0,,1.0
aff15_chughtai_m128_seed1,15,y,85,961.130447381707,True,3,1,0,0.4999999974727667,False,1.031978429933002e-09,M11l,1.0660954914767331e-09,k6r,False,False,0,,1.0
aff15_chughtai_m128_seed1,15,y,86,782.4501266661778,True,13,4,0,0.9999938763503079,True,4.435504951360107e-07,M11l,0.9470127847019603,k3l,False,True,0,,1.0
aff15_chughtai_m128_seed1,15,y,87,915.8634140572344,True,13,4,0,0.9999947680093622,True,3.592356267426955e-07,M5r,0.9472590233257717,k6l,False,True,0,,1.0
aff15_chughtai_m128_seed1,15,y,88,523.0928018391836,True,13,4,0,0.9999926135221773,True,5.280234332537058e-07,M2l,0.9470768518155138,k3l,False,True,0,,1.0
aff15_chughtai_m128_seed1,15,y,89,736.9000599478031,True,13,4,0,0.9999961378670917,True,4.6807875530525853e-07,M6r,0.502161835258033,k3l,False,False,0,,1.0
aff15_chughtai_m128_seed1,15,y,90,526.5102760867239,True,13,4,0,0.9999985486579142,True,2.3830987462003885e-07,M14l,0.5004417997673426,k6l,False,False,0,,1.0
aff15_chughtai_m128_seed1,15,y,91,700.0043979811803,True,13,4,0,0.9991781904591043,True,1.7055199136131116e-05,M5l,0.8605403817670432,k6l,False,False,0,,1.0
aff15_chughtai_m128_seed1,15,y,92,660.8900399842317,True,13,4,0,0.9999963537443266,True,5.481399821860624e-07,M14l,0.5006461666048784,k3r,False,False,0,,1.0
aff15_chughtai_m128_seed1,15,y,93,1195.8770508287096,True,13,4,0,0.9999847310478709,True,1.1423191414873435e-06,M2l,0.5056176485355695,k3l,False,False,0,,1.0
aff15_chughtai_m128_seed1,15,y,94,759.7529050470378,True,13,4,0,0.9999756217176501,True,3.836055665074279e-07,M11l,0.9475331148931196,k3l,False,True,0,,1.0
aff15_chughtai_m128_seed1,15,y,95,813.6215950395481,True,3,1,0,0.49999999778045356,False,1.3873490689438913e-09,M11l,1.5136581161610256e-09,k5l,False,False,0,,1.0
aff15_chughtai_m128_seed1,15,y,96,566.5650245210361,True,13,4,0,0.9999880064306382,True,1.560757207795444e-06,M14l,0.9469936543200753,k3l,False,True,0,,1.0
aff15_chughtai_m128_seed1,15,y,97,786.3204067804542,True,13,4,0,0.9999256054269823,True,9.804771151056225e-08,M0r,0.5022896392316336,k3r,False,False,0,,1.0
aff15_chughtai_m128_seed1,15,y,98,693.9838148024364,True,13,4,0,0.9999652309706438,True,1.8856383205002207e-06,M14l,0.8271157071501064,k6l,False,False,0,,1.0
aff15_chughtai_m128_seed1,15,y,99,746.421277337356,True,13,4,0,0.9999940181946134,True,1.9826290622854043e-07,M14r,0.5082734664239084,k6l,False,False,0,,1.0
aff15_chughtai_m128_seed1,15,y,100,869.9880752354641,True,13,4,0,0.9999951733874874,True,5.255051376060171e-07,M6r,0.9470485736692025,k6l,False,True,0,,1.0
aff15_chughtai_m128_seed1,15,y,101,2593.3805469628273,True,8,2,3,0.9999999967136037,True,0.9999999971710172,M11l,0.9999999968995272,k5r,True,True,0,,1.0
aff15_chughtai_m128_seed1,15,y,102,723.640705339996,True,3,1,0,0.49999999822525465,False,4.785397499803873e-10,M6l,7.332098318185747e-10,k3l,False,False,0,,1.0
aff15_chughtai_m128_seed1,15,y,103,669.5859813463344,True,13,4,0,0.9999864913489513,True,4.4366756093051254e-07,M2l,0.9469944727521323,k3l,False,True,0,,1.0
aff15_chughtai_m128_seed1,15,y,104,808.7498802958144,True,13,4,0,0.9999899442786198,True,5.328626622471894e-07,M8l,0.9471581506524436,k3l,False,True,0,,1.0
aff15_chughtai_m128_seed1,15,y,105,1529.8042338147038,True,8,2,3,0.9999999971864277,True,0.9999999975729988,M11l,0.9999999973958191,k5l,True,True,0,,1.0
aff15_chughtai_m128_seed1,15,y,106,662.5376928653185,True,13,4,0,0.9999776426924387,True,4.1181583217178973e-07,M2l,0.947521459913804,k6l,False,True,0,,1.0
aff15_chughtai_m128_seed1,15,y,107,929.2127357569436,True,13,4,0,0.9999839859012544,True,8.930212011743615e-06,M5l,0.9474206899803967,k6l,False,True,0,,1.0
aff15_chughtai_m128_seed1,15,y,108,869.5939338277258,True,13,4,0,0.9999869640187837,True,2.782417529426193e-07,M14l,0.9471100922067855,k3l,False,True,0,,1.0
aff15_chughtai_m128_seed1,15,y,109,883.0572247337927,True,13,4,0,0.999992256079697,True,1.1303175099209058e-06,M5l,0.5063067483577366,k3l,False,False,0,,1.0
aff15_chughtai_m128_seed1,15,y,110,638.7502221404767,True,13,4,0,0.9999943129227079,True,2.180470042418707e-07,M2l,0.9469237252358511,k6l,False,True,0,,1.0
aff15_chughtai_m128_seed1,15,y,111,912.9613563660656,True,13,4,0,0.9999878649688433,True,2.172417688197994e-07,M5r,0.9469720381903733,k6l,False,True,0,,1.0
aff15_chughtai_m128_seed1,15,y,112,565.9003526830942,True,13,4,0,0.9999254296056893,True,3.951175474652937e-08,M13r,0.5018610184960041,k3r,False,False,0,,1.0
aff15_chughtai_m128_seed1,15,y,113,1388.3271783459095,True,3,1,0,0.4999999981329184,False,1.1877885346118212e-09,M8l,7.755803390012473e-10,k5l,False,False,0,,1.0
aff15_chughtai_m128_seed1,15,y,114,961.8872099829644,True,3,1,0,0.4999999962957287,False,3.2713864725973488e-09,M11l,3.0255516270210048e-09,k5r,False,False,0,,1.0
aff15_chughtai_m128_seed1,15,y,115,64.3310693592849,True,13,4,0,0.999971636899341,True,2.4266150332114336e-07,M0r,0.7244450935996735,k6l,False,False,0,,1.0
aff15_chughtai_m128_seed1,15,y,116,1811.6333732498524,True,1,1,0,0.9999999972253337,True,4.0565246239037665e-10,M5l,4.39305586872853e-10,k4l,False,False,0,,1.0
aff15_chughtai_m128_seed1,15,y,117,980.4585266159224,True,13,4,0,0.9999876274421705,True,5.689380241911358e-07,M11l,0.8702175934526178,k3l,False,False,0,,1.0
aff15_chughtai_m128_seed1,15,y,118,2600.4335335215505,True,8,2,3,0.99999999691222,True,0.9999999973749266,M8l,0.9999999970891646,k5r,True,True,0,,1.0
aff15_chughtai_m128_seed1,15,y,119,997.4597701277985,True,13,4,0,0.9999779567291641,True,1.3932360349967224e-06,M14l,0.5108996011787895,k3l,False,False,0,,1.0
aff15_chughtai_m128_seed1,15,y,120,820.615511055224,True,13,4,0,0.9999990775295817,True,1.5275847260998825e-07,M2l,0.5018463435230167,k6l,False,False,0,,1.0
aff15_chughtai_m128_seed1,15,y,121,829.6928429991117,True,13,4,0,0.9999962228420552,True,8.530771520106709e-07,M14l,0.5021028624585618,k3l,False,False,0,,1.0
aff15_chughtai_m128_seed1,15,y,122,609.8887622907167,True,13,4,0,0.9999700734820007,True,7.890611523794355e-07,M11r,0.9470306952063614,k3l,False,True,0,,1.0
aff15_chughtai_m128_seed1,15,y,123,33.24135370762663,True,13,4,0,0.613913180204164,False,6.159073898492323e-07,M11r,0.4456616458713605,k3l,False,False,0,,1.0
aff15_chughtai_m128_seed1,15,y,124,1850.7872860445068,True,1,1,0,0.9999999980631723,True,4.2638450369643303e-10,M14l,4.5197356865418425e-10,k5r,False,False,0,,1.0
aff15_chughtai_m128_seed1,15,y,125,1512.5825720260916,True,3,1,0,0.4999999985641235,False,5.63648493163058e-10,M2l,8.097485256644408e-10,k5r,False,False,0,,1.0
aff15_chughtai_m128_seed1,15,y,126,720.6605001255588,True,13,4,0,0.9999962288366202,True,8.431423855374472e-07,M14l,0.50341686697935,k3l,False,False,0,,1.0
aff15_chughtai_m128_seed1,15,y,127,3976.515810256422,True,8,2,3,0.9999999960825833,True,0.999999997008982,M5l,0.9999999964636354,k5l,True,True,0,,1.0
aff15_wu_m512_seed1,15,x,0,236.71783224008897,True,12,4,5,0.9999963519444,True,0.9999965823229688,M0r,0.5873963179405762,k3l,True,False,4,"3,6,9,12",1.0
aff15_wu_m512_seed1,15,x,1,394.236554603631,True,8,2,3,0.9999961868166597,True,0.9999952816476617,M13r,0.9999964644510484,k5l,True,True,0,,1.0
aff15_wu_m512_seed1,15,x,2,45.1931715513833,True,8,2,3,0.9999895038663571,True,0.9999922351411391,M14r,0.9999897776584955,k5l,True,True,0,,1.0
aff15_wu_m512_seed1,15,x,3,0.001387769181598275,True,8,2,3,0.6418902495162507,False,0.8487056319845929,M0r,0.6418909221699478,k5l,False,False,0,,1.0
aff15_wu_m512_seed1,15,x,4,223.5009599696657,True,12,4,5,0.999996230611791,True,0.9999942416289589,M5r,0.5873880040852354,k3l,True,False,4,"3,6,9,12",1.0
aff15_wu_m512_seed1,15,x,5,0.0004820477822910278,True,12,4,5,0.8854666423198744,False,0.597561490059209,M10r,0.7044548196689926,k6r,False,False,0,,1.0
aff15_wu_m512_seed1,15,x,6,235.4812370815011,True,12,4,5,0.999995772591116,True,0.9999945396116173,M13r,0.5874149023152195,k3l,True,False,4,"3,6,9,12",1.0
aff15_wu_m512_seed1,15,x,7,1.4210723282474995e-05,True,12,4,5,0.5069952027377964,False,0.5771246617087814,M0r,0.37078703933933066,k5r,False,False,0,,1.0
aff15_wu_m512_seed1,15,x,8,0.00029427641019955336,True,12,4,5,0.8111277166272721,False,0.7614179745058611,M5r,0.7035517708879235,k6r,False,False,0,,1.0
aff15_wu_m512_seed1,15,x,9,1.6936625128224168e-05,True,12,4,5,0.5560097169814991,False,0.4864032352520249,M5r,0.3257490764181879,k3l,False,False,0,,1.0
aff15_wu_m512_seed1,15,x,10,0.00020316879601415242,True,8,2,3,0.4631946258421658,False,0.6783752277895659,M11r,0.4631953184583187,k5l,False,False,0,,1.0
aff15_wu_m512_seed1,15,x,11,0.0001983502308180062,True,8,2,3,0.5052956237419295,False,0.7194619224062616,M4r,0.5052971551395283,k5l,False,False,0,,1.0
aff15_wu_m512_seed1,15,x,12,225.2155458131737,True,12,4,5,0.9999967370544133,True,0.9999962726775031,M4r,0.5874950614805626,k3l,True,False,4,"3,6,9,12",1.0
aff15_wu_m512_seed1,15,x,13,9.117959744690792e-06,True,12,4,5,0.8653337383895262,False,0.48923133701261723,M1l,0.5831016238556941,k3r,False,False,0,,1.0
aff15_wu_m512_seed1,15,x,14,6.556230781997362e-05,True,12,4,5,0.5408616312645427,False,0.6559830446144668,M3r,0.490009309887411,k3r,False,False,0,,1.0
aff15_wu_m512_seed1,15,x,15,0.00013541385953730697,True,12,4,5,0.5697427452280697,False,0.6095667413086201,M6r,0.37374053332055096,k6r,False,False,0,,1.0
aff15_wu_m512_seed1,15,x,16,2.0606670236488216e-05,True,12,4,5,0.6831177834359704,False,0.5093037976210846,M3r,0.6160554432919249,k3r,False,False,0,,1.0
aff15_wu_m512_seed1,15,x,17,227.95993239899127,True,12,4,5,0.9999958981295946,True,0.9999948055144168,M13r,0.587416023336274,k3l,True,False,4,"3,6,9,12",1.0
aff15_wu_m512_seed1,15,x,18,2.027444904226031e-05,True,12,4,5,0.6045921780276048,False,0.7460282299672295,M3r,0.3987800355877989,k3r,False,False,0,,1.0
aff15_wu_m512_seed1,15,x,19,0.00010196997161274015,True,12,4,5,0.5264013810160618,False,0.5118057927520595,M14r,0.4414682917262646,k3r,False,False,0,,1.0
aff15_wu_m512_seed1,15,x,20,0.000423286888015781,True,12,4,5,0.7170608808153476,False,0.7010368594561182,M6r,0.4214520141567875,k3l,False,False,0,,1.0
aff15_wu_m512_seed1,15,x,21,0.0002936734221940086,True,12,4,5,0.5562153354281678,False,0.6360449649774822,M0r,0.47730845669045635,k6r,False,False,0,,1.0
aff15_wu_m512_seed1,15,x,22,0.0003163411439824811,True,12,4,5,0.8647696427557527,False,0.5404348395269545,M1l,0.860397682316095,k6r,False,False,0,,1.0
aff15_wu_m512_seed1,15,x,23,0.0004548009225589993,True,12,4,5,0.7167263463902164,False,0.8630681136016265,M11r,0.4664894237833242,k6r,False,False,0,,1.0
aff15_wu_m512_seed1,15,x,24,8.452336832430545e-05,True,8,2,3,0.46739184318911653,False,0.6061622042799308,M1r,0.4673950147455669,k5r,False,False,0,,1.0
aff15_wu_m512_seed1,15,x,25,3.789624144457365e-05,True,12,4,5,0.583559393059059,False,0.4966395641427821,M1l,0.5344138297071409,k6r,False,False,0,,1.0
aff15_wu_m512_seed1,15,x,26,0.00011119318649262891,True,8,2,3,0.48630450110921175,False,0.7238740278803681,M14r,0.48630534436203426,k5l,False,False,0,,1.0
aff15_wu_m512_seed1,15,x,27,9.542440186572921e-05,True,12,4,5,0.786755444008475,False,0.6424503499492558,M14r,0.6915560875729391,k6r,False,False,0,,1.0
aff15_wu_m512_seed1,15,x,28,0.00026724875737573,True,8,2,3,0.5839970974255775,False,0.6083592733664819,M9r,0.5839976439626523,k5l,False,False,0,,1.0
aff15_wu_m512_seed1,15,x,29,6.570696626873705e-05,True,12,4,5,0.6298339321734279,False,0.49565849102930587,M5r,0.4809507556768559,k3r,False,False,0,,1.0
aff15_wu_m512_seed1,15,x,30,0.00017829194863290386,True,8,2,3,0.42540706128865696,False,0.6768690903448099,M2r,0.42540794421269007,k5l,False,False,0,,1.0
aff15_wu_m512_seed1,15,x,31,0.00010258158100572122,True,12,4,5,0.3611448007403756,False,0.28345050347119893,M1l,0.3515982154420165,k6r,False,False,0,,1.0
aff15_wu_m512_seed1,15,x,32,0.0015356843934066758,True,12,4,5,0.9725534422534143,True,0.5593968623275968,M12r,0.9333063801430758,k6r,False,True,2,"6,9",1.0
aff15_wu_m512_seed1,15,x,33,0.0007382839073852083,True,8,2,3,0.5327153769038633,False,0.7264648889434335,M6r,0.5327167784254182,k5l,False,False,0,,1.0
aff15_wu_m512_seed1,15,x,34,0.0002811965321655518,True,12,4,5,0.8960125310096417,False,0.8598021592659016,M0r,0.64891671943768,k3r,False,False,0,,1.0
aff15_wu_m512_seed1,15,x,35,0.0006425286083716353,True,12,4,5,0.674541341276863,False,0.6775625083702206,M13r,0.39598322274677616,k3l,False,False,0,,1.0
aff15_wu_m512_seed1,15,x,36,0.00010507666546587507,True,12,4,5,0.5175374208799212,False,0.4660643771279326,M1l,0.49875124389901926,k3r,False,False,0,,1.0
aff15_wu_m512_seed1,15,x,37,0.00020783861165952388,True,12,4,5,0.43202497562516484,False,0.4103316068201747,M6r,0.3797385231268024,k3r,False,False,0,,1.0
aff15_wu_m512_seed1,15,x,38,0.0001612102375130717,True,8,2,3,0.42131513975801493,False,0.5130643181764322,M8r,0.4213177872395746,k5r,False,False,0,,1.0
aff15_wu_m512_seed1,15,x,39,0.00018249575770482363,True,8,2,3,0.7043814672848435,False,0.8602248405211903,M11r,0.7043824026041883,k5r,False,False,0,,1.0
aff15_wu_m512_seed1,15,x,40,229.1218289508266,True,12,4,5,0.9999951946251154,True,0.999991429742905,M2r,0.587375142030165,k3l,True,False,4,"3,6,9,12",1.0
aff15_wu_m512_seed1,15,x,41,0.0020410335327267735,True,12,4,5,0.9456339602518666,True,0.8863008975691283,M6r,0.676123183576101,k6r,False,False,4,"3,6,9,12",1.0
aff15_wu_m512_seed1,15,x,42,0.00019878388398277986,True,8,2,3,0.6232116928149735,False,0.7156260209759888,M12r,0.6232126797783971,k5r,False,False,0,,1.0
aff15_wu_m512_seed1,15,x,43,229.76334474010437,True,12,4,5,0.999996242037767,True,0.9999955368825776,M6r,0.5876226235754479,k3l,True,False,4,"3,6,9,12",1.0
aff15_wu_m512_seed1,15,x,44,5.333567335215291e-05,True,12,4,5,0.33655186041923846,False,0.43807618354020494,M0r,0.31326202543938947,k5r,False,False,0,,1.0
aff15_wu_m512_seed1,15,x,45,7.96986178575889e-05,True,12,4,5,0.6195471399455056,False,0.5502203468627556,M1r,0.3635011569014927,k3l,False,False,0,,1.0
aff15_wu_m512_seed1,15,x,46,0.000130888834442308,True,8,2,3,0.7549187757277197,False,0.7251687363948893,M5r,0.7549197980278514,k5l,False,False,0,,1.0
aff15_wu_m512_seed1,15,x,47,0.00022234822623652176,True,12,4,5,0.5754103701814914,False,0.6285830751542709,M2r,0.5677681117935375,k6r,False,False,0,,1.0
aff15_wu_m512_seed1,15,x,48,5.746653992876535e-05,True,12,4,5,0.5403815910949956,False,0.6929637162987391,M3r,0.45144443600885953,k6r,False,False,0,,1.0
aff15_wu_m512_seed1,15,x,49,0.0005920642378640599,True,8,2,3,0.4213718800702682,False,0.6713193376623274,M1r,0.4213731535927094,k5l,False,False,0,,1.0
aff15_wu_m512_seed1,15,x,50,0.00021979096132859627,True,12,4,5,0.5837775249750092,False,0.5890101069544835,M9r,0.5812387482964116,k6r,False,False,0,,1.0
aff15_wu_m512_seed1,15,x,51,0.0006431458704263198,True,12,4,5,0.9400702606114992,True,0.5599094159774844,M1l,0.9094309611655138,k6r,False,True,2,"6,9",1.0
aff15_wu_m512_seed1,15,x,52,3.285053502686401e-05,True,12,4,5,0.6436589203978674,False,0.5389737364543287,M12r,0.6368915555782756,k6r,False,False,0,,1.0
aff15_wu_m512_seed1,15,x,53,4.691763789870484e-06,True,12,4,5,0.642018634111198,False,0.8072082309283403,M1r,0.38415247773836925,k6r,False,False,0,,1.0
aff15_wu_m512_seed1,15,x,54,0.00040091935218668917,True,12,4,5,0.757073486217482,False,0.5380925917466981,M11r,0.7555146923120765,k3r,False,False,0,,1.0
aff15_wu_m512_seed1,15,x,55,9.835527683828536e-05,True,3,1,0,0.2979636102505203,False,0.32940838571835446,M3r,0.22226240729569186,k5r,False,False,0,,1.0
aff15_wu_m512_seed1,15,x,56,0.00011215858471216171,True,12,4,5,0.9676559583383212,True,0.5445206190439462,M1l,0.8321538798941873,k3r,False,False,4,"3,6,9,12",1.0
aff15_wu_m512_seed1,15,x,57,0.00016425059756401605,True,12,4,5,0.5026905807477882,False,0.5553125763636785,M2r,0.48645235218365945,k6r,False,False,0,,1.0
aff15_wu_m512_seed1,15,x,58,0.0002672606295642589,True,12,4,5,0.5791300107341403,False,0.4730167896105567,M8r,0.37274937703416344,k6r,False,False,0,,1.0
aff15_wu_m512_seed1,15,x,59,0.000736974248584771,True,12,4,5,0.9456303127814373,True,0.546415409635567,M1l,0.916606870321648,k6r,False,True,2,"6,9",1.0
aff15_wu_m512_seed1,15,x,60,0.0018499375053093099,True,12,4,5,0.8901661875904595,False,0.5065779427971403,M11l,0.5856152165442906,k6r,False,False,0,,1.0
aff15_wu_m512_seed1,15,x,61,239.24203733024865,True,12,4,5,0.9999950044926599,True,0.9999943871563869,M12r,0.5873729885367206,k3l,True,False,4,"3,6,9,12",1.0
aff15_wu_m512_seed1,15,x,62,0.00023664613941816305,True,12,4,5,0.7711518629032659,False,0.6931023235925924,M0r,0.45307715996023995,k3l,False,False,0,,1.0
aff15_wu_m512_seed1,15,x,63,0.0005841542618651762,True,12,4,5,0.8914745854103384,False,0.7540370618174255,M2r,0.6828833676919996,k3r,False,False,0,,1.0
aff15_wu_m512_seed1,15,x,64,0.0001379706959040432,True,8,2,3,0.7418446621474735,False,0.7563432259612446,M10r,0.74184612737214,k5l,False,False,0,,1.0
aff15_wu_m512_seed1,15,x,65,0.0003653814392996408,True,12,4,5,0.682677030865536,False,0.8432787061072998,M5r,0.40081076075444116,k3l,False,False,0,,1.0
aff15_wu_m512_seed1,15,x,66,8.959949188281029e-05,True,8,2,3,0.9245134015073072,True,0.8155934446848497,M0r,0.9245151562854421,k5r,False,True,0,,1.0
aff15_wu_m512_seed1,15,x,67,223.39968193121524,True,12,4,5,0.9999960221593643,True,0.999992257103325,M2r,0.5873738362299992,k3l,True,False,4,"3,6,9,12",1.0
aff15_wu_m512_seed1,15,x,68,0.0003995074763454844,True,12,4,5,0.727096707951304,False,0.5741408062172031,M1l,0.6864972949190017,k6r,False,False,0,,1.0
aff15_wu_m512_seed1,15,x,69,0.00020142423554475407,True,12,4,5,0.5578341276947241,False,0.40850449932125826,M2r,0.5251377058898264,k6r,False,False,0,,1.0
aff15_wu_m512_seed1,15,x,70,0.000606810309815201,True,12,4,5,0.9286525251431481,True,0.9130333618616174,M8r,0.5913404101774355,k3r,True,False,4,"3,6,9,12",1.0
aff15_wu_m512_seed1,15,x,71,0.0015730337824356217,True,12,4,5,0.704872897310149,False,0.5231140398228424,M1l,0.5854587038585346,k6r,False,False,0,,1.0
aff15_wu_m512_seed1,15,x,72,0.0003418786136795617,True,12,4,5,0.7135797063056893,False,0.7991013330640576,M8r,0.6054962957337656,k3r,False,False,0,,1.0
aff15_wu_m512_seed1,15,x,73,0.00010227577604638487,True,12,4,5,0.8720138285303886,False,0.6029911161412633,M7r,0.5844713761200688,k3r,False,False,0,,1.0
aff15_wu_m512_seed1,15,x,74,0.00019010092223593694,True,12,4,5,0.5820024734599608,False,0.7250033699531979,M8r,0.3931376437983925,k6r,False,False,0,,1.0
aff15_wu_m512_seed1,15,x,75,1.8586029447763328e-05,True,12,4,5,0.8767947873446735,False,0.5525128556658178,M10r,0.58050107393011,k3r,False,False,0,,1.0
aff15_wu_m512_seed1,15,x,76,0.0005664441484362404,True,12,4,5,0.6275232065154481,False,0.8676930117610245,M11r,0.5118992973580895,k3r,False,False,0,,1.0
aff15_wu_m512_seed1,15,x,77,0.000333334770674193,True,8,2,3,0.48272841488132967,False,0.6574651493150547,M10r,0.48273018287467767,k5l,False,False,0,,1.0
aff15_wu_m512_seed1,15,x,78,4.1353545283583215e-05,True,12,4,5,0.5348591122312301,False,0.6545657181332296,M13r,0.3139715359272221,k3l,False,False,0,,1.0
aff15_wu_m512_seed1,15,x,79,221.43713349553764,True,12,4,5,0.9999943002425684,True,0.9999946878899273,M6r,0.5876230396706773,k3l,True,False,4,"3,6,9,12",1.0
aff15_wu_m512_seed1,15,x,80,0.00017384361353555236,True,8,2,3,0.4768500318112466,False,0.6970250649879842,M8r,0.4768511931633445,k5r,False,False,0,,1.0
aff15_wu_m512_seed1,15,x,81,0.0004718238740683714,True,12,4,5,0.8013156289870319,False,0.5969465273561546,M3r,0.7057265902990969,k3r,False,False,0,,1.0
aff15_wu_m512_seed1,15,x,82,0.0003915519005681753,True,12,4,5,0.7484487281473932,False,0.7782721298898222,M11r,0.5766524601223677,k3r,False,False,0,,1.0
aff15_wu_m512_seed1,15,x,83,234.97308309587194,True,12,4,5,0.9999956689214178,True,0.999994984577792,M3r,0.5874089071396333,k3l,True,False,4,"3,6,9,12",1.0
aff15_wu_m512_seed1,15,x,84,9.011339845289677e-05,True,12,4,5,0.8369185469212358,False,0.5772735930406656,M14r,0.7469769356303357,k6r,False,False,0,,1.0
aff15_wu_m512_seed1,15,x,85,9.7903029153576e-05,True,8,2,3,0.7764345191287617,False,0.8167774865006513,M6r,0.7764354570403579,k5l,False,False,0,,1.0
aff15_wu_m512_seed1,15,x,86,3.2417692996000934e-05,True,12,4,5,0.7049941962515935,False,0.47121377370083783,M10r,0.4636505009459375,k3r,False,False,0,,1.0
aff15_wu_m512_seed1,15,x,87,0.002529278319297122,True,12,4,5,0.8674063177185788,False,0.6102447562269394,M10r,0.6466843334066308,k3r,False,False,0,,1.0
aff15_wu_m512_seed1,15,x,88,1.651912034114784e-05,True,12,4,5,0.33817286207397246,False,0.6171099290901181,M5r,0.3092545611448266,k5l,False,False,0,,1.0
aff15_wu_m512_seed1,15,x,89,0.00024542604621387423,True,8,2,3,0.7671078307047604,False,0.7243997134687489,M11r,0.7671085625221956,k5r,False,False,0,,1.0
aff15_wu_m512_seed1,15,x,90,0.0016772366584534102,True,12,4,5,0.89387590943512,False,0.6827058606144658,M5r,0.7651377302500494,k3r,False,False,0,,1.0
aff15_wu_m512_seed1,15,x,91,400.07200406543006,True,8,2,3,0.9999963360486024,True,0.9999956973922616,M1r,0.9999966132514547,k5l,True,True,0,,1.0
aff15_wu_m512_seed1,15,x,92,0.00026553515115359253,True,12,4,5,0.8593288543949942,False,0.8482787565195413,M10r,0.7200267891543298,k3r,False,False,0,,1.0
aff15_wu_m512_seed1,15,x,93,0.0004935904206651886,True,12,4,5,0.6662280833974756,False,0.6162812548678867,M1l,0.6530029816346797,k6r,False,False,0,,1.0
aff15_wu_m512_seed1,15,x,94,0.0010158535482597006,True,12,4,5,0.927791735978196,True,0.8550259825493968,M8r,0.5928818339290327,k3r,False,False,4,"3,6,9,12",1.0
aff15_wu_m512_seed1,15,x,95,7.733940284218314e-05,True,12,4,5,0.8124987039838143,False,0.46830523747474256,M1l,0.6234872746658062,k6r,False,False,0,,1.0
aff15_wu_m512_seed1,15,x,96,0.00020496108641636067,True,12,4,5,0.41755927754582045,False,0.5935606865322793,M13r,0.349997155009529,k5r,False,False,0,,1.0
aff15_wu_m512_seed1,15,x,97,5.466920703931536e-05,True,12,4,5,0.469171691148134,False,0.7769622613078452,M14r,0.4023069532140779,k5l,False,False,0,,1.0
aff15_wu_m512_seed1,15,x,98,0.0005627042647949745,True,12,4,5,0.8164026576065493,False,0.4905470079027556,M11l,0.5802037197816571,k6r,False,False,0,,1.0
aff15_wu_m512_seed1,15,x,99,0.001237812601603806,True,8,2,3,0.8073536218602526,False,0.7546318536911338,M11r,0.8073540554425499,k5r,False,False,0,,1.0
aff15_wu_m512_seed1,15,x,100,6.994674448248805e-05,True,12,4,5,0.7226356861288301,False,0.5150621109716175,M1l,0.494179572902096,k3r,False,False,0,,1.0
aff15_wu_m512_seed1,15,x,101,0.00010510745100734594,True,12,4,5,0.4719262772468078,False,0.6295285767917842,M3r,0.37090256298451874,k3r,False,False,0,,1.0
aff15_wu_m512_seed1,15,x,102,240.40076228294032,True,12,4,5,0.9999919381695246,True,0.999995493632571,M6r,0.5876273321585603,k3l,True,False,4,"3,6,9,12",1.0
aff15_wu_m512_seed1,15,x,103,0.0006434951006232954,True,12,4,5,0.7634975120925261,False,0.5899373135298794,M1l,0.6308413226625502,k3r,False,False,0,,1.0
aff15_wu_m512_seed1,15,x,104,1.9760845465699137e-05,True,8,2,3,0.7525911156384525,False,0.9313027440549363,M0r,0.7525984189681807,k5l,True,False,0,,1.0
aff15_wu_m512_seed1,15,x,105,7.183853034179918e-05,True,12,4,5,0.8262498481756143,False,0.9053933110551644,M13r,0.5932848447383199,k3r,True,False,0,,1.0
aff15_wu_m512_seed1,15,x,106,0.0008301546125658039,True,12,4,5,0.9754517301777507,True,0.714310736757918,M13r,0.5729124178367674,k3l,False,False,4,"3,6,9,12",1.0
aff15_wu_m512_seed1,15,x,107,3.6255950409577e-05,True,8,2,3,0.6057301067306795,False,0.7511703893252115,M9r,0.6057404369246508,k5l,False,False,0,,1.0
aff15_wu_m512_seed1,15,x,108,0.0004737187605263921,True,12,4,5,0.8757810575684126,False,0.5513167237122623,M1l,0.8443666648515894,k3r,False,False,0,,1.0
aff15_wu_m512_seed1,15,x,109,2.559246373608994e-05,True,12,4,5,0.8563736635713157,False,0.8307895096776379,M3r,0.5031116091342116,k3l,False,False,0,,1.0
aff15_wu_m512_seed1,15,x,110,0.00032033562822082377,True,12,4,5,0.8318121217715487,False,0.8167137250387846,M12r,0.6012068627560851,k3r,False,False,0,,1.0
aff15_wu_m512_seed1,15,x,111,225.6572590316294,True,12,4,5,0.9999942732586475,True,0.9999945553566766,M5r,0.5873895515877433,k3l,True,False,4,"3,6,9,12",1.0
aff15_wu_m512_seed1,15,x,112,0.000435549957045063,True,12,4,5,0.755222401365534,False,0.4622697752871329,M14r,0.7108758998361274,k3r,False,False,0,,1.0
aff15_wu_m512_seed1,15,x,113,0.00020798139346541112,True,12,4,5,0.7247475706372026,False,0.6504466365274572,M12r,0.5800995767528636,k6r,False,False,0,,1.0
aff15_wu_m512_seed1,15,x,114,2.5358511365410438e-05,True,12,4,5,0.4578266848821864,False,0.4002695391470118,M11l,0.3550914419970719,k3r,False,False,0,,1.0
aff15_wu_m512_seed1,15,x,115,0.00012688215024332183,True,12,4,5,0.5904029086808537,False,0.6195703348544576,M10r,0.3495268105814897,k6r,False,False,0,,1.0
aff15_wu_m512_seed1,15,x,116,7.82881542645652e-05,True,12,4,5,0.6296281705742424,False,0.7027978119196974,M2r,0.36959739384639306,k3l,False,False,0,,1.0
aff15_wu_m512_seed1,15,x,117,279.1358692945937,True,3,1,0,0.44702808861653265,False,2.2316849467687175e-06,M11l,2.344445668435874e-06,k6r,False,False,0,,1.0
aff15_wu_m512_seed1,15,x,118,129.7165169983282,True,3,1,0,0.4482821493099151,False,8.901858737349586e-06,M4r,9.339462811206934e-06,k5r,False,False,0,,1.0
aff15_wu_m512_seed1,15,x,119,226.05426626944916,True,12,4,5,0.9999939617318391,True,0.9999927101493664,M9r,0.5875025372250343,k3l,True,False,4,"3,6,9,12",1.0
aff15_wu_m512_seed1,15,x,120,0.01065293672159413,True,12,4,5,0.98533327998537,True,0.6528181809190765,M13r,0.9424903362689763,k3r,False,True,2,"3,12",1.0
aff15_wu_m512_seed1,15,x,121,0.00011209459506019239,True,12,4,5,0.8248131306587888,False,0.4789825601831631,M11l,0.6050344022378478,k3r,False,False,0,,1.0
aff15_wu_m512_seed1,15,x,122,8.278977252344339e-05,True,12,4,5,0.6145433130549485,False,0.39014031535552435,M12r,0.47334919374914336,k6r,False,False,0,,1.0
aff15_wu_m512_seed1,15,x,123,0.0017759216844747713,True,8,2,3,0.7848562396925177,False,0.8719845410101017,M11r,0.7848565546321961,k5l,False,False,0,,1.0
aff15_wu_m512_seed1,15,x,124,410.05295939709265,True,8,2,3,0.9999964820841492,True,0.9999969664109601,M0r,0.9999966347269359,k5r,True,True,0,,1.0
aff15_wu_m512_seed1,15,x,125,0.002182565755398514,True,12,4,5,0.9212906644371287,True,0.7107756126568139,M4r,0.6324173244277294,k6r,False,False,4,"3,6,9,12",1.0
aff15_wu_m512_seed1,15,x,126,0.0011996330442106318,True,12,4,5,0.6981627695301206,False,0.7373929977996098,M8r,0.4927841738012738,k3r,False,False,0,,1.0
aff15_wu_m512_seed1,15,x,127,8.314742453852583e-05,True,12,4,5,0.7703787866466046,False,0.7090861596187976,M2r,0.6900629621043121,k3r,False,False,0,,1.0
aff15_wu_m512_seed1,15,x,128,0.000347748283433582,True,12,4,5,0.777238888812849,False,0.822633442688243,M5r,0.5296013891700385,k6r,False,False,0,,1.0
aff15_wu_m512_seed1,15,x,129,0.0002260829229335543,True,12,4,5,0.8727359405738839,False,0.7171737380486946,M5r,0.8225997664169877,k3r,False,False,0,,1.0
aff15_wu_m512_seed1,15,x,130,5.970460082984553e-06,True,12,4,5,0.634084668948007,False,0.44695239997975106,M3r,0.5838866065326863,k6r,False,False,0,,1.0
aff15_wu_m512_seed1,15,x,131,235.94260723208322,True,12,4,5,0.9999862331819218,True,0.9999905889326542,M6r,0.5876184007421915,k3l,True,False,4,"3,6,9,12",1.0
aff15_wu_m512_seed1,15,x,132,0.000265073511292395,True,12,4,5,0.8620073658341778,False,0.6218147346040369,M0r,0.6338713360229193,k6r,False,False,0,,1.0
aff15_wu_m512_seed1,15,x,133,151.5761251586195,True,8,2,3,0.999993752684707,True,0.9999945636461829,M5r,0.9999940367271143,k5l,True,True,0,,1.0
aff15_wu_m512_seed1,15,x,134,0.0008041069245601044,True,8,2,3,0.7353257247558455,False,0.8266684076405002,M8r,0.7353260324443567,k5r,False,False,0,,1.0
aff15_wu_m512_seed1,15,x,135,0.00036365355431249605,True,12,4,5,0.6974662425126609,False,0.7283263362208812,M9r,0.5835542895793338,k3r,False,False,0,,1.0
aff15_wu_m512_seed1,15,x,136,0.00025287696599003245,True,12,4,5,0.5551936488905734,False,0.605515024447619,M10r,0.4860722857568443,k6r,False,False,0,,1.0
aff15_wu_m512_seed1,15,x,137,262.4281676526817,True,8,2,3,0.9999958327096654,True,0.9999953676037894,M11r,0.9999961044704181,k5l,True,True,0,,1.0
aff15_wu_m512_seed1,15,x,138,3.704912855751108e-05,True,12,4,5,0.7890482175093996,False,0.8685649484489291,M12r,0.4635887334811135,k3l,False,False,0,,1.0
aff15_wu_m512_seed1,15,x,139,275.8353230939553,True,3,1,0,0.4474000407616534,False,4.379682851468167e-06,M9r,3.6804895755726876e-06,k5r,False,False,0,,1.0
aff15_wu_m512_seed1,15,x,140,0.0004214267829043241,True,12,4,5,0.8746984362609989,False,0.5173444235363437,M1l,0.8366547153837097,k3r,False,False,0,,1.0
aff15_wu_m512_seed1,15,x,141,0.00010697107761213837,True,12,4,5,0.7272846048334937,False,0.5469839713148132,M10r,0.6696886055001353,k6r,False,False,0,,1.0
aff15_wu_m512_seed1,15,x,142,0.0006646690780043254,True,12,4,5,0.9499593220407258,True,0.8268175864056978,M3r,0.7806932286795831,k3r,False,False,4,"3,6,9,12",1.0
aff15_wu_m512_seed1,15,x,143,0.0003084691667147702,True,8,2,3,0.636962850501761,False,0.7061394757115805,M4r,0.6369633570492684,k5l,False,False,0,,1.0
aff15_wu_m512_seed1,15,x,144,6.72049351152676e-05,True,8,2,3,0.5667990002386819,False,0.5172477644359764,M2r,0.5668025814808343,k5r,False,False,0,,1.0
aff15_wu_m512_seed1,15,x,145,250.3418410129599,True,3,1,0,0.4467568698705689,False,3.2527474911625962e-06,M4r,2.5158716806900533e-06,k3l,False,False,0,,1.0
aff15_wu_m512_seed1,15,x,146,0.00043749358308017513,True,12,4,5,0.932343755664055,True,0.692532935783428,M8r,0.8641917165138203,k6r,False,False,4,"3,6,9,12",1.0
aff15_wu_m512_seed1,15,x,147,1.2438334440606448e-05,True,12,4,5,0.6362789606298744,False,0.8053530662296771,M5r,0.37516423939777416,k3l,False,False,0,,1.0
aff15_wu_m512_seed1,15,x,148,0.00018912163625205294,True,12,4,5,0.49273827218236965,False,0.7145660098112326,M9r,0.35010279887826545,k5l,False,False,0,,1.0
aff15_wu_m512_seed1,15,x,149,3.6793589875489164e-05,True,12,4,5,0.9095281947020435,True,0.5266925719830003,M11l,0.9023106337240507,k6r,False,True,2,"6,9",1.0
aff15_wu_m512_seed1,15,x,150,0.00011993049827410288,True,12,4,5,0.662866212190562,False,0.8063542463711186,M7r,0.3894554717566907,k3l,False,False,0,,1.0
aff15_wu_m512_seed1,15,x,151,3.0376059970902537e-05,True,8,2,3,0.803568413533329,False,0.7851662515140476,M10r,0.8035722348860754,k5r,False,False,0,,1.0
aff15_wu_m512_seed1,15,x,152,0.002591000299362796,True,12,4,5,0.9789784018780046,True,0.5800325140071809,M2r,0.9001290826804877,k6r,False,True,2,"6,9",1.0
aff15_wu_m512_seed1,15,x,153,0.0001739034828905558,True,12,4,5,0.9169056462793508,True,0.5221037971415353,M1l,0.7270528595105448,k6r,False,False,4,"3,6,9,12",1.0
aff15_wu_m512_seed1,15,x,154,6.949726104627692e-05,True,12,4,5,0.636212700202423,False,0.6239537015372384,M4r,0.5998406213465174,k6r,False,False,0,,1.0
aff15_wu_m512_seed1,15,x,155,7.39364827787767e-05,True,8,2,3,0.6637248876838963,False,0.9016248818065392,M5r,0.6637264793441437,k5r,True,False,0,,1.0
aff15_wu_m512_seed1,15,x,156,4.560295433838959e-05,True,12,4,5,0.8781853779006323,False,0.5830778649805523,M3r,0.7562476349647972,k3r,False,False,0,,1.0
aff15_wu_m512_seed1,15,x,157,0.00011664613318145783,True,8,2,3,0.7669981040521919,False,0.8296892918011506,M6r,0.7669988316219188,k5l,False,False,0,,1.0
aff15_wu_m512_seed1,15,x,158,1.4916363723877786e-05,True,12,4,5,0.5149729829160886,False,0.4877611279647881,M10r,0.3030563823750274,k3l,False,False,0,,1.0
aff15_wu_m512_seed1,15,x,159,0.00021843883237288272,True,12,4,5,0.6552307809349243,False,0.46677738163072474,M9r,0.5361782898412997,k3r,False,False,0,,1.0
aff15_wu_m512_seed1,15,x,160,2.1586616461346566e-05,True,12,4,5,0.8912744922551212,False,0.5231917666271075,M14l,0.8824979420086899,k3r,False,False,0,,1.0
aff15_wu_m512_seed1,15,x,161,0.00015108927355499425,True,12,4,5,0.9451688283018926,True,0.5592193679995224,M1l,0.5736395470765548,k6r,False,False,4,"3,6,9,12",1.0
aff15_wu_m512_seed1,15,x,162,0.0006039827923930499,True,8,2,3,0.4499234264946263,False,0.7179809693158574,M2r,0.449923829504025,k5r,False,False,0,,1.0
aff15_wu_m512_seed1,15,x,163,0.0007023886523877824,True,12,4,5,0.8455735608917397,False,0.7776443328723969,M6r,0.4968152024989693,k3l,False,False,0,,1.0
aff15_wu_m512_seed1,15,x,164,8.748704565172917e-05,True,12,4,5,0.6073531898273855,False,0.7668723440094647,M14r,0.3604886383403037,k3r,False,False,0,,1.0
aff15_wu_m512_seed1,15,x,165,0.0006529053935989099,True,12,4,5,0.7142909667099431,False,0.5847080277910022,M11l,0.5372618253303517,k3r,False,False,0,,1.0
aff15_wu_m512_seed1,15,x,166,15.68902782299862,True,3,1,0,0.44610392213249034,False,1.2772740667303765e-05,M9l,1.9657148759296637e-05,k3r,False,False,0,,1.0
aff15_wu_m512_seed1,15,x,167,9.14325978008763e-05,True,12,4,5,0.7811851101633951,False,0.5069552003985827,M11l,0.5944532225446842,k3r,False,False,0,,1.0
aff15_wu_m512_seed1,15,x,168,6.142108133505609e-05,True,8,2,3,0.5769642950182132,False,0.8220061028999952,M11r,0.5769675360052703,k5l,False,False,0,,1.0
aff15_wu_m512_seed1,15,x,169,0.0019101043273585868,True,12,4,5,0.855149491241745,False,0.7468150649771205,M8r,0.7702259180307176,k3r,False,False,0,,1.0
aff15_wu_m512_seed1,15,x,170,226.1249186712569,True,12,4,5,0.9999967908237036,True,0.9999929744385923,M7r,0.5873751008351714,k3l,True,False,4,"3,6,9,12",1.0
aff15_wu_m512_seed1,15,x,171,38.17030698085537,True,3,1,0,0.4472335632186086,False,2.079869726042844e-05,M12r,1.8079844138523327e-05,k5l,False,False,0,,1.0
aff15_wu_m512_seed1,15,x,172,416.36541658264855,True,8,2,3,0.9999933623896656,True,0.999994185469209,M11r,0.9999936343448208,k5l,True,True,0,,1.0
aff15_wu_m512_seed1,15,x,173,238.31524179785654,True,12,4,5,0.9999952456864543,True,0.9999963049097522,M10r,0.5873945378530894,k3l,True,False,4,"3,6,9,12",1.0
aff15_wu_m512_seed1,15,x,174,0.0006749344666910336,True,8,2,3,0.49746510042956193,False,0.731014931230114,M11r,0.4974661103716967,k5l,False,False,0,,1.0
aff15_wu_m512_seed1,15,x,175,0.0003794541819528472,True,12,4,5,0.7238427277467732,False,0.6835970556013826,M8r,0.5091630619138335,k3r,False,False,0,,1.0
aff15_wu_m512_seed1,15,x,176,236.88287629581066,True,12,4,5,0.99999666455641,True,0.9999945580673909,M12r,0.5873807746006979,k3l,True,False,4,"3,6,9,12",1.0
aff15_wu_m512_seed1,15,x,177,283.4408437518952,True,3,1,0,0.4482455871716583,False,2.7616839211600424e-06,M9l,3.364915987926814e-06,k6r,False,False,0,,1.0
aff15_wu_m512_seed1,15,x,178,0.0001628750018687403,True,12,4,5,0.33226791503181324,False,0.5934843647460679,M7r,0.3269620817984549,k5l,False,False,0,,1.0
aff15_wu_m512_seed1,15,x,179,8.361659898793521e-05,True,12,4,5,0.3784793994521728,False,0.2892441057674278,M1l,0.2672133407945751,k3r,False,False,0,,1.0
aff15_wu_m512_seed1,15,x,180,0.001392764410135144,True,8,2,3,0.4255643631273561,False,0.5510539639180699,M1l,0.42556463170511005,k5r,False,False,0,,1.0
aff15_wu_m512_seed1,15,x,181,128.22864158447257,True,8,2,3,0.999991506216934,True,0.9999879980650555,M5r,0.9999917784475755,k5r,True,True,0,,1.0
aff15_wu_m512_seed1,15,x,182,0.00011845936957810534,True,12,4,5,0.854387591611996,False,0.5465439716589958,M5r,0.5732298054192789,k6r,False,False,0,,1.0
aff15_wu_m512_seed1,15,x,183,0.00048360538321459554,True,12,4,5,0.8495793476104617,False,0.5473144655388306,M6r,0.5890072045466029,k6r,False,False,0,,1.0
aff15_wu_m512_seed1,15,x,184,6.814586958886959e-05,True,12,4,5,0.8361902477537685,False,0.7169167243916473,M13r,0.5598345336453714,k3r,False,False,0,,1.0
aff15_wu_m512_seed1,15,x,185,222.1537792766194,True,12,4,5,0.9999949764147097,True,0.9999948012704525,M9r,0.5874982334985583,k3l,True,False,4,"3,6,9,12",1.0
aff15_wu_m512_seed1,15,x,186,4.124832521448098e-05,True,12,4,5,0.5463070203262583,False,0.43592185480111645,M4r,0.32333815169898533,k6r,False,False,0,,1.0
aff15_wu_m512_seed1,15,x,187,6.013862317840048e-05,True,12,4,5,0.6207935858060812,False,0.5807300164517486,M7r,0.36531556150249905,k3l,False,False,0,,1.0
aff15_wu_m512_seed1,15,x,188,0.0006156388602612978,True,12,4,5,0.8642814675176236,False,0.8691864496001457,M3r,0.6121543457387214,k3r,False,False,0,,1.0
aff15_wu_m512_seed1,15,x,189,225.63485723950538,True,12,4,5,0.9999946350430325,True,0.9999958485170921,M13r,0.587407369022095,k3l,True,False,4,"3,6,9,12",1.0
aff15_wu_m512_seed1,15,x,190,0.0004140712611571369,True,12,4,5,0.5816164986399991,False,0.8274114597182527,M4r,0.37464730112944694,k5l,False,False,0,,1.0
aff15_wu_m512_seed1,15,x,191,238.87315087385394,True,12,4,5,0.9999948942719348,True,0.999994098527099,M6r,0.5876253364583682,k3l,True,False,4,"3,6,9,12",1.0
aff15_wu_m512_seed1,15,x,192,0.00047420817846826295,True,8,2,3,0.44214040756089806,False,0.6591540834288034,M9r,0.4421412547393354,k5l,False,False,0,,1.0
aff15_wu_m512_seed1,15,x,193,1.7087641412067242e-05,True,12,4,5,0.5445190940176475,False,0.6736101491422523,M3r,0.3204609569102087,k3l,False,False,0,,1.0
aff15_wu_m512_seed1,15,x,194,0.00021404780032714286,True,12,4,5,0.9315554184317667,True,0.7430387819154556,M4r,0.758110397541004,k3r,False,False,4,"3,6,9,12",1.0
aff15_wu_m512_seed1,15,x,195,0.0003403065826663666,True,12,4,5,0.7499084251033032,False,0.7509469345029094,M10r,0.4823794864576921,k6r,False,False,0,,1.0
aff15_wu_m512_seed1,15,x,196,3.7578761598382645e-05,True,12,4,5,0.7145304756116513,False,0.4633694086666139,M11l,0.6963696557979829,k3r,False,False,0,,1.0
aff15_wu_m512_seed1,15,x,197,0.0001416653695475098,True,12,4,5,0.5671557695055304,False,0.7605812147365817,M2r,0.5207603009257499,k3r,False,False,0,,1.0
aff15_wu_m512_seed1,15,x,198,0.000223144287076414,True,12,4,5,0.8987069424891154,False,0.5758045094991211,M8r,0.5278377835481409,k3l,False,False,0,,1.0
aff15_wu_m512_seed1,15,x,199,0.00017436929593967287,True,12,4,5,0.5718230948813776,False,0.7642379281617916,M8r,0.5447426880498993,k3r,False,False,0,,1.0
aff15_wu_m512_seed1,15,x,200,0.00019763516310306324,True,12,4,5,0.7547679209181172,False,0.522404898828804,M11l,0.5731244097963485,k6r,False,False,0,,1.0
aff15_wu_m512_seed1,15,x,201,1.81440875182542e-05,True,7,1,0,0.24393536593537574,False,0.24666386609756003,M7r,0.2382926924173911,k5l,False,False,0,,1.0
aff15_wu_m512_seed1,15,x,202,0.0005207985665480749,True,12,4,5,0.8483940751482973,False,0.7824990707470801,M5r,0.5355376387286038,k6r,False,False,0,,1.0
aff15_wu_m512_seed1,15,x,203,0.0004711301286254491,True,8,2,3,0.7691721231715037,False,0.6534607880455244,M1l,0.7691732809229771,k5r,False,False,0,,1.0
aff15_wu_m512_seed1,15,x,204,0.00034950211337552643,True,12,4,5,0.8084577327017577,False,0.8751113123759857,M11r,0.5301180113547281,k3r,False,False,0,,1.0
aff15_wu_m512_seed1,15,x,205,8.463116292273254e-05,True,12,4,5,0.6068151426867912,False,0.7921950847408314,M6r,0.5300072937572375,k6r,False,False,0,,1.0
aff15_wu_m512_seed1,15,x,206,0.0001280167111270542,True,12,4,5,0.6739142563412074,False,0.6096497555454189,M2r,0.39573971125819374,k3l,False,False,0,,1.0
aff15_wu_m512_seed1,15,x,207,0.00011079073509858693,True,12,4,5,0.8674927413737312,False,0.5958455007031606,M2r,0.6423402464197592,k3r,False,False,0,,1.0
aff15_wu_m512_seed1,15,x,208,6.388192022230716e-05,True,8,2,3,0.6757525622686587,False,0.9293132946489411,M8r,0.6757585449601634,k5l,True,False,0,,1.0
aff15_wu_m512_seed1,15,x,209,1.5690224267337032e-05,True,12,4,5,0.36379139095014956,False,0.5278199378208394,M6r,0.28878015243121075,k6r,False,False,0,,1.0
aff15_wu_m512_seed1,15,x,210,0.00011893756721192316,True,12,4,5,0.9305228397622094,True,0.6114200857622007,M13r,0.5470138718936813,k3l,False,False,4,"3,6,9,12",1.0
aff15_wu_m512_seed1,15,x,211,4.361283977669624e-05,True,12,4,5,0.40629529030491235,False,0.5092372271005297,M11l,0.37377800338989126,k5r,False,False,0,,1.0
aff15_wu_m512_seed1,15,x,212,0.00035550067915298105,True,12,4,5,0.6378508792493556,False,0.4713592610594833,M1l,0.6362667761022268,k3r,False,False,0,,1.0
aff15_wu_m512_seed1,15,x,213,1.9781554662709912e-05,True,12,4,5,0.7713889215643893,False,0.6841748207500253,M6r,0.5523294755839163,k3r,False,False,0,,1.0
aff15_wu_m512_seed1,15,x,214,6.279945574967853e-06,True,12,4,5,0.640215743145657,False,0.40806498914474865,M14r,0.6173057713167402,k6r,False,False,0,,1.0
aff15_wu_m512_seed1,15,x,215,0.0001318503485507616,True,12,4,5,0.5004243130744812,False,0.49634318471050337,M1l,0.4859619084129908,k3r,False,False,0,,1.0
aff15_wu_m512_seed1,15,x,216,0.000368938444079055,True,12,4,5,0.7256742843183193,False,0.6053196705132557,M11r,0.7006712817289033,k6r,False,False,0,,1.0
aff15_wu_m512_seed1,15,x,217,8.013432843536399e-05,True,8,2,3,0.44040199492010823,False,0.6154836605677758,M11r,0.44040575548793287,k5l,False,False,0,,1.0
aff15_wu_m512_seed1,15,x,218,0.00011997394624116811,True,8,2,3,0.5043310778681829,False,0.7863940213487289,M7r,0.5043331449431575,k5l,False,False,0,,1.0
aff15_wu_m512_seed1,15,x,219,1.937773731369536e-05,True,12,4,5,0.7289890709774346,False,0.5445770238808554,M2r,0.6862887691569072,k3r,False,False,0,,1.0
aff15_wu_m512_seed1,15,x,220,0.0003255114323099235,True,12,4,5,0.8740933191757903,False,0.8000393838385985,M3r,0.684581568712836,k6r,False,False,0,,1.0
aff15_wu_m512_seed1,15,x,221,5.035061401922178e-05,True,12,4,5,0.6589531951414604,False,0.4208944260889615,M11l,0.38748885474270117,k3l,False,False,0,,1.0
aff15_wu_m512_seed1,15,x,222,3.2101997558059225e-05,True,12,4,5,0.4372256224217443,False,0.6185266034842919,M6r,0.42194301307752224,k3r,False,False,0,,1.0
aff15_wu_m512_seed1,15,x,223,0.00022479653629722544,True,12,4,5,0.9089531731087094,True,0.5672893634714238,M1l,0.6448859110123945,k6r,False,False,4,"3,6,9,12",1.0
aff15_wu_m512_seed1,15,x,224,0.0005677299352164791,True,8,2,3,0.6176991029156099,False,0.7183609661623903,M7r,0.6177005277805364,k5l,False,False,0,,1.0
aff15_wu_m512_seed1,15,x,225,283.33667135963475,True,3,1,0,0.4483385450229994,False,6.410041714796866e-06,M9r,7.24094992524776e-06,k5l,False,False,0,,1.0
aff15_wu_m512_seed1,15,x,226,0.0006121086851533804,True,12,4,5,0.7350248494467672,False,0.6663487675696247,M2r,0.4318636779115355,k3l,False,False,0,,1.0
aff15_wu_m512_seed1,15,x,227,5.932384223046911e-05,True,12,4,5,0.8293919007413287,False,0.6241241488361675,M7r,0.7147522224204487,k6r,False,False,0,,1.0
aff15_wu_m512_seed1,15,x,228,1.4958729535513403e-05,True,12,4,5,0.3806120672335745,False,0.4982652319841498,M8r,0.36015089072705975,k6r,False,False,0,,1.0
aff15_wu_m512_seed1,15,x,229,1.9716755078091495e-05,True,12,4,5,0.741292915069156,False,0.7945542472384445,M5r,0.49149693708585435,k6r,False,False,0,,1.0
aff15_wu_m512_seed1,15,x,230,199.71308448744372,True,12,4,5,0.9999955379177122,True,0.9999938811133786,M8r,0.5874239880651203,k3l,True,False,4,"3,6,9,12",1.0
aff15_wu_m512_seed1,15,x,231,238.89389428326336,True,12,4,5,0.9999961161491973,True,0.9999946959792791,M6r,0.587622108444624,k3l,True,False,4,"3,6,9,12",1.0
aff15_wu_m512_seed1,15,x,232,0.0007701061953587037,True,12,4,5,0.49623934579850804,False,0.6831197216607228,M4r,0.3185890520404687,k6r,False,False,0,,1.0
aff15_wu_m512_seed1,15,x,233,0.0006711294353486636,True,12,4,5,0.6488069333309846,False,0.6121990585234146,M10r,0.6018327007818074,k6r,False,False,0,,1.0
aff15_wu_m512_seed1,15,x,234,6.0232116678579764e-05,True,8,2,3,0.4238971303059105,False,0.5735799814893023,M1r,0.42389883836661624,k5r,False,False,0,,1.0
aff15_wu_m512_seed1,15,x,235,33.16890083213368,True,12,4,5,0.9999908288550277,True,0.9999918221515619,M3r,0.5874116446582432,k3l,True,False,4,"3,6,9,12",1.0
aff15_wu_m512_seed1,15,x,236,0.0002159804675368831,True,12,4,5,0.8431624482823399,False,0.5048233082237678,M1l,0.6269318292130602,k3r,False,False,0,,1.0
aff15_wu_m512_seed1,15,x,237,0.0001681493878829623,True,12,4,5,0.7610591761156134,False,0.5673887974428409,M2r,0.4941791612096686,k6r,False,False,0,,1.0
aff15_wu_m512_seed1,15,x,238,2.9219670184243685e-05,True,12,4,5,0.37322411266255867,False,0.29172475618804883,M14l,0.26294916730500567,k3r,False,False,0,,1.0
aff15_wu_m512_seed1,15,x,239,0.00028071294497253367,True,12,4,5,0.814112525377718,False,0.620802784037756,M5r,0.6455184408911543,k6r,False,False,0,,1.0
aff15_wu_m512_seed1,15,x,240,0.0003866396656729383,True,12,4,5,0.5658005861397709,False,0.8207647552640205,M8r,0.373523589457579,k6r,False,False,0,,1.0
aff15_wu_m512_seed1,15,x,241,0.0030896474689741196,True,8,2,3,0.9199572669150368,True,0.9383498890997792,M0r,0.9199578248819947,k5l,True,True,0,,1.0
aff15_wu_m512_seed1,15,x,242,0.0004648900562967532,True,8,2,3,0.5861254287346491,False,0.781934940702874,M5r,0.5861264097341662,k5l,False,False,0,,1.0
aff15_wu_m512_seed1,15,x,243,3.412854110637791e-05,True,8,2,3,0.7572846383306633,False,0.7007151163475358,M1r,0.7572944319896195,k5l,False,False,0,,1.0
aff15_wu_m512_seed1,15,x,244,0.00010534401478421916,True,8,2,3,0.5007510184267829,False,0.7710348303419116,M6r,0.5007525598622569,k5l,False,False,0,,1.0
aff15_wu_m512_seed1,15,x,245,0.00045582398702294683,True,12,4,5,0.5550904472976594,False,0.613049454705972,M13r,0.37721517060612386,k5r,False,False,0,,1.0
aff15_wu_m512_seed1,15,x,246,0.00015751507504520562,True,12,4,5,0.8479873662136633,False,0.5916711227582441,M10r,0.820437327173839,k3r,False,False,0,,1.0
aff15_wu_m512_seed1,15,x,247,240.12163998242735,True,12,4,5,0.9999967638295465,True,0.9999966110643237,M3r,0.5874147589777223,k3l,True,False,4,"3,6,9,12",1.0
aff15_wu_m512_seed1,15,x,248,7.606863286572938e-05,True,8,2,3,0.6988408461366209,False,0.828585742721445,M4r,0.6988426959375739,k5l,False,False,0,,1.0
aff15_wu_m512_seed1,15,x,249,0.0004022017639120443,True,12,4,5,0.5867415804180979,False,0.8090091486753523,M3r,0.42903686331455565,k3r,False,False,0,,1.0
aff15_wu_m512_seed1,15,x,250,1.8107317456825782e-05,True,12,4,5,0.5364200657397719,False,0.5698683509212846,M0r,0.32367329511595083,k3r,False,False,0,,1.0
aff15_wu_m512_seed1,15,x,251,9.097276110064918e-05,True,8,2,3,0.6361698835120612,False,0.6832979941674485,M10r,0.6361716194555587,k5l,False,False,0,,1.0
aff15_wu_m512_seed1,15,x,252,0.0002157693622972436,True,8,2,3,0.6643069901496658,False,0.8177962642914107,M0r,0.6643076791294287,k5l,False,False,0,,1.0
aff15_wu_m512_seed1,15,x,253,0.00017324889886028187,True,8,2,3,0.3958082141990889,False,0.4388024303405915,M12r,0.39580916206430483,k5l,False,False,0,,1.0
aff15_wu_m512_seed1,15,x,254,0.00017736330910762937,True,12,4,5,0.6885317400709308,False,0.7668208176104554,M3r,0.4787451056765589,k3r,False,False,0,,1.0
aff15_wu_m512_seed1,15,x,255,0.0004795735128256605,True,12,4,5,0.850390115995269,False,0.699430548173361,M2r,0.6078156196495688,k6r,False,False,0,,1.0
aff15_wu_m512_seed1,15,x,256,3.897401311771335e-05,True,8,2,3,0.27985862879262013,False,0.31464915911251734,M4r,0.2798693193569659,k5r,False,False,0,,1.0
aff15_wu_m512_seed1,15,x,257,0.0003006713000259442,True,8,2,3,0.8339404192662945,False,0.7672127401491692,M1r,0.8339413898231015,k5l,False,False,0,,1.0
aff15_wu_m512_seed1,15,x,258,0.00020629626415819214,True,12,4,5,0.625860548235255,False,0.6181807706573325,M11l,0.5064164728196457,k3r,False,False,0,,1.0
aff15_wu_m512_seed1,15,x,259,145.1777692832302,True,3,1,0,0.4481113087507898,False,8.3472010643701e-06,M3r,7.756764934443852e-06,k3l,False,False,0,,1.0
aff15_wu_m512_seed1,15,x,260,0.0009961642790523519,True,8,2,3,0.598504876974648,False,0.728826805769194,M3r,0.5985053757295875,k5l,False,False,0,,1.0
aff15_wu_m512_seed1,15,x,261,0.0024026279508757116,True,12,4,5,0.9665622774554403,True,0.6127185612826809,M6r,0.8391213790953185,k6r,False,False,4,"3,6,9,12",1.0
aff15_wu_m512_seed1,15,x,262,0.0001822201946524846,True,8,2,3,0.6428230278558826,False,0.9428258562522885,M3r,0.6428249822305744,k5r,True,False,0,,1.0
aff15_wu_m512_seed1,15,x,263,0.00018959782106568865,True,12,4,5,0.7487322280664679,False,0.568288010522281,M1r,0.4984444053838494,k3r,False,False,0,,1.0
aff15_wu_m512_seed1,15,x,264,0.00028345773328691213,True,8,2,3,0.6661360508188274,False,0.739975792548714,M9r,0.6661388029484138,k5l,False,False,0,,1.0
aff15_wu_m512_seed1,15,x,265,4.402033789741261e-05,True,12,4,5,0.6659258942089689,False,0.5857676988983862,M4l,0.5310486503744483,k6r,False,False,0,,1.0
aff15_wu_m512_seed1,15,x,266,0.0006795592180769477,True,12,4,5,0.9786565936985039,True,0.6174864543117307,M7r,0.8825848271346218,k3r,False,False,4,"3,6,9,12",1.0
aff15_wu_m512_seed1,15,x,267,0.00011088850316639113,True,8,2,3,0.6953368574441222,False,0.7754486284733028,M5r,0.695338706771728,k5r,False,False,0,,1.0
aff15_wu_m512_seed1,15,x,268,0.00015213609556927895,True,12,4,5,0.5244229036845156,False,0.6530087795825046,M6r,0.33608225818868503,k3r,False,False,0,,1.0
aff15_wu_m512_seed1,15,x,269,0.0001207182338412835,True,12,4,5,0.9459192071399288,True,0.9496573264248597,M14r,0.6254911590319033,k3r,True,False,4,"3,6,9,12",1.0
aff15_wu_m512_seed1,15,x,270,0.0003076800961622335,True,12,4,5,0.76016868872866,False,0.6051614856499494,M0r,0.44709424462465736,k3r,False,False,0,,1.0
aff15_wu_m512_seed1,15,x,271,0.00040346005166569263,True,12,4,5,0.9511662479640755,True,0.5549058232764276,M11l,0.882826434931319,k6r,False,False,4,"3,6,9,12",1.0
aff15_wu_m512_seed1,15,x,272,0.00042187279828561003,True,8,2,3,0.4576001424579564,False,0.602060288591401,M10r,0.45760059905967126,k5l,False,False,0,,1.0
aff15_wu_m512_seed1,15,x,273,9.077725851689886e-05,True,8,2,3,0.22018236127786617,False,0.30716159922880276,M10r,0.22018447922569653,k5l,False,False,0,,1.0
aff15_wu_m512_seed1,15,x,274,5.971474529738151e-06,True,12,4,5,0.7619407401139595,False,0.5812676219092641,M8r,0.5145845479529767,k6r,False,False,0,,1.0
aff15_wu_m512_seed1,15,x,275,2.1461256320556326e-05,True,12,4,5,0.7201410442289048,False,0.6599942559383853,M11r,0.5898646818863875,k6r,False,False,0,,1.0
aff15_wu_m512_seed1,15,x,276,4.056937045773976e-05,True,12,4,5,0.43442604450131556,False,0.5172052016050387,M10r,0.2993503815614091,k5l,False,False,0,,1.0
aff15_wu_m512_seed1,15,x,277,6.473256237676927e-05,True,12,4,5,0.6443107168719072,False,0.4189544832019309,M1l,0.5320426584634388,k6r,False,False,0,,1.0
aff15_wu_m512_seed1,15,x,278,237.66308997687065,True,12,4,5,0.9999965781997331,True,0.9999945982952522,M0r,0.5873962624568053,k3l,True,False,4,"3,6,9,12",1.0
aff15_wu_m512_seed1,15,x,279,223.50031010122663,True,12,4,5,0.9999936151857697,True,0.9999967124297511,M6r,0.5876265256810868,k3l,True,False,4,"3,6,9,12",1.0
aff15_wu_m512_seed1,15,x,280,237.07098712468806,True,12,4,5,0.9999963478249734,True,0.9999947137383659,M7r,0.5873786698890128,k3l,True,False,4,"3,6,9,12",1.0
aff15_wu_m512_seed1,15,x,281,0.0007884839502832663,True,12,4,5,0.7116774828894609,False,0.5028288493379387,M1l,0.4503094793546098,k6r,False,False,0,,1.0
aff15_wu_m512_seed1,15,x,282,148.3807411193554,True,12,4,5,0.9999965287942977,True,0.9999951204108075,M9r,0.5874966343232906,k3l,True,False,4,"3,6,9,12",1.0
aff15_wu_m512_seed1,15,x,283,1.2265387666195523e-05,True,8,2,3,0.46480107264790477,False,0.8037529767250725,M14r,0.4648155856350766,k5l,False,False,0,,1.0
aff15_wu_m512_seed1,15,x,284,9.353590225776457e-05,True,12,4,5,0.7925693860286813,False,0.5728353721449838,M13r,0.7102426511065995,k6r,False,False,0,,1.0
aff15_wu_m512_seed1,15,x,285,354.12674166994947,True,8,2,3,0.9999926369587366,True,0.9999931754078498,M5r,0.999992912432579,k5l,True,True,0,,1.0
aff15_wu_m512_seed1,15,x,286,0.0002448979801041678,True,12,4,5,0.668798484799431,False,0.8368053306008146,M1r,0.452989238933468,k6r,False,False,0,,1.0
aff15_wu_m512_seed1,15,x,287,0.00029986300636289566,True,12,4,5,0.5007251760669791,False,0.6116851487921949,M11r,0.41140919536448,k6r,False,False,0,,1.0
aff15_wu_m512_seed1,15,x,288,0.0003069514489538944,True,12,4,5,0.8478672941130114,False,0.7877905366111565,M7r,0.6134150948295979,k3r,False,False,0,,1.0
aff15_wu_m512_seed1,15,x,289,5.714373051112204e-05,True,12,4,5,0.6976570835450026,False,0.6762981101079004,M7r,0.4565344871524013,k6r,False,False,0,,1.0
aff15_wu_m512_seed1,15,x,290,0.00010252397484641783,True,12,4,5,0.5031432978611434,False,0.48054024130029804,M11l,0.3572381846080272,k6r,False,False,0,,1.0
aff15_wu_m512_seed1,15,x,291,7.146161003155878e-05,True,12,4,5,0.5111427345464961,False,0.6819638495263486,M9r,0.369303891259985,k3r,False,False,0,,1.0
aff15_wu_m512_seed1,15,x,292,0.00011404429249924651,True,12,4,5,0.948946016601556,True,0.5663751777877584,M1l,0.8965954459574456,k6r,False,False,4,"3,6,9,12",1.0
aff15_wu_m512_seed1,15,x,293,0.0002826645765849464,True,12,4,5,0.45754061635461396,False,0.46381128886203843,M5r,0.39899759971346604,k6r,False,False,0,,1.0
aff15_wu_m512_seed1,15,x,294,0.00015792395956363986,True,12,4,5,0.7697299814170138,False,0.808694513302433,M13r,0.4523861100030022,k3l,False,False,0,,1.0
aff15_wu_m512_seed1,15,x,295,1.2007732617382899e-05,True,12,4,5,0.28332470589311487,False,0.30072225228127897,M0r,0.16589833381587832,k3l,False,False,0,,1.0
aff15_wu_m512_seed1,15,x,296,88.23925798392665,True,12,4,5,0.9999920308638335,True,0.9999949087729958,M4r,0.587502020419723,k3l,True,False,4,"3,6,9,12",1.0
aff15_wu_m512_seed1,15,x,297,5.4542249098268475e-05,True,12,4,5,0.8261461584626425,False,0.7448587450716405,M12r,0.5065516901833553,k6r,False,False,0,,1.0
aff15_wu_m512_seed1,15,x,298,221.10625812492398,True,12,4,5,0.9999951607480011,True,0.999993853244939,M14r,0.5875000069148515,k3l,True,False,4,"3,6,9,12",1.0
aff15_wu_m512_seed1,15,x,299,0.010265916553528598,True,12,4,5,0.950878151717692,True,0.5425210194346646,M11l,0.6302021309173773,k3r,False,False,4,"3,6,9,12",1.0
aff15_wu_m512_seed1,15,x,300,0.00022087198714002367,True,8,2,3,0.7071282377096101,False,0.7993444726868838,M14r,0.7071291295821698,k5r,False,False,0,,1.0
aff15_wu_m512_seed1,15,x,301,0.00023953995734855897,True,12,4,5,0.7102181972372026,False,0.7224229155985165,M12r,0.5105041779920597,k6r,False,False,0,,1.0
aff15_wu_m512_seed1,15,x,302,7.510746411896518e-05,True,12,4,5,0.6366813122244127,False,0.6150759108280145,M10r,0.5916970038531049,k6r,False,False,0,,1.0
aff15_wu_m512_seed1,15,x,303,221.69399617953113,True,12,4,5,0.9999912429289036,True,0.9999937565886533,M6r,0.587622169436548,k3l,True,False,4,"3,6,9,12",1.0
aff15_wu_m512_seed1,15,x,304,0.0005666306055204769,True,12,4,5,0.763505436461926,False,0.5838475633873409,M1l,0.7423189972959544,k3r,False,False,0,,1.0
aff15_wu_m512_seed1,15,x,305,0.00015195138799139964,True,12,4,5,0.4260201950937887,False,0.460738377232513,M1r,0.3153556380884285,k6r,False,False,0,,1.0
aff15_wu_m512_seed1,15,x,306,0.0001406269468822385,True,12,4,5,0.5317556530731776,False,0.8126567597873041,M9r,0.465048780934383,k5r,False,False,0,,1.0
aff15_wu_m512_seed1,15,x,307,0.00014376256339789702,True,12,4,5,0.4649442206277757,False,0.5355854147040147,M2r,0.31252911180803417,k3r,False,False,0,,1.0
aff15_wu_m512_seed1,15,x,308,0.0006790263363944285,True,12,4,5,0.7493090188588205,False,0.567195099793636,M11l,0.7150069917112131,k3r,False,False,0,,1.0
aff15_wu_m512_seed1,15,x,309,0.00041063812305357325,True,12,4,5,0.6856752396031267,False,0.5818223060999484,M11r,0.6273008230014345,k3r,False,False,0,,1.0
aff15_wu_m512_seed1,15,x,310,0.00037035303779546177,True,12,4,5,0.622143852166358,False,0.5839095702811268,M7r,0.3650747873847885,k3l,False,False,0,,1.0
aff15_wu_m512_seed1,15,x,311,222.944719128977,True,12,4,5,0.9999953966003731,True,0.9999940009076828,M4r,0.5874947643357374,k3l,True,False,4,"3,6,9,12",1.0
aff15_wu_m512_seed1,15,x,312,400.54021155900006,True,8,2,3,0.9999953042204112,True,0.9999938527218964,M4r,0.9999955826835909,k5l,True,True,0,,1.0
aff15_wu_m512_seed1,15,x,313,0.00011416199794389344,True,12,4,5,0.9495612405513154,True,0.5534935244388125,M1l,0.9156649673270472,k3r,False,True,2,"3,12",1.0
aff15_wu_m512_seed1,15,x,314,0.0003251065201088688,True,12,4,5,0.6403091960060162,False,0.704812035693896,M12r,0.3787618805931947,k3r,False,False,0,,1.0
aff15_wu_m512_seed1,15,x,315,0.00048813676787322536,True,12,4,5,0.7523045700176112,False,0.5443041001315754,M1l,0.6637696124749048,k6r,False,False,0,,1.0
aff15_wu_m512_seed1,15,x,316,2.303292307306039e-05,True,12,4,5,0.4041500027180845,False,0.4948979498498186,M8r,0.26360162649394425,k6r,False,False,0,,1.0
aff15_wu_m512_seed1,15,x,317,0.00011185564598266687,True,8,2,3,0.7879453090990018,False,0.7315387231831715,M5r,0.7879470692832032,k5r,False,False,0,,1.0
aff15_wu_m512_seed1,15,x,318,3.0679907268033056e-05,True,8,2,3,0.46911452169066187,False,0.7478073596861256,M11r,0.4691232370946451,k5r,False,False,0,,1.0
aff15_wu_m512_seed1,15,x,319,0.000781266285975381,True,12,4,5,0.7424075910602118,False,0.7791737684889506,M9r,0.4605859171784838,k6r,False,False,0,,1.0
aff15_wu_m512_seed1,15,x,320,0.00010147854281646992,True,12,4,5,0.7929035741608914,False,0.7192764732098672,M0r,0.46502769702492763,k3l,False,False,0,,1.0
aff15_wu_m512_seed1,15,x,321,3.8781931313654654e-05,True,12,4,5,0.5979834133982878,False,0.7599219376021311,M10r,0.4981210949732041,k3r,False,False,0,,1.0
aff15_wu_m512_seed1,15,x,322,0.0003927319731733764,True,12,4,5,0.43503944338331135,False,0.744495228534608,M0r,0.3975578525127377,k5l,False,False,0,,1.0
aff15_wu_m512_seed1,15,x,323,0.0002535078091052008,True,12,4,5,0.751884909956345,False,0.5201475046898291,M1l,0.7465767292158604,k6r,False,False,0,,1.0
aff15_wu_m512_seed1,15,x,324,6.037741365524692e-05,True,12,4,5,0.6894659667669618,False,0.5481083795803454,M1l,0.41896100829009886,k6r,False,False,0,,1.0
aff15_wu_m512_seed1,15,x,325,5.6141627026086e-05,True,12,4,5,0.9092016885857794,True,0.6213895776461803,M1r,0.8358165562910143,k6r,False,False,4,"3,6,9,12",1.0
aff15_wu_m512_seed1,15,x,326,2.9077504935218335e-05,True,12,4,5,0.5596579350738521,False,0.3946978053807319,M7r,0.48635650281705123,k3r,False,False,0,,1.0
aff15_wu_m512_seed1,15,x,327,0.0007962839562589472,True,12,4,5,0.6525883704481862,False,0.7106067952917668,M6r,0.46198133976580424,k6r,False,False,0,,1.0
aff15_wu_m512_seed1,15,x,328,0.00012636132481688557,True,12,4,5,0.749490014992394,False,0.5169108197927678,M3r,0.6622022291328857,k3r,False,False,0,,1.0
aff15_wu_m512_seed1,15,x,329,187.21722767487992,True,7,1,0,0.9999738268908829,True,1.646864872885863e-05,M9r,1.450712363157273e-05,k5r,False,False,0,,1.0
aff15_wu_m512_seed1,15,x,330,234.41884115767334,True,12,4,5,0.9999959416225926,True,0.9999959372149373,M5r,0.5873925131530043,k3l,True,False,4,"3,6,9,12",1.0
aff15_wu_m512_seed1,15,x,331,0.0005253509262541816,True,8,2,3,0.8205671158514397,False,0.8673425090984875,M11r,0.8205677008560163,k5r,False,False,0,,1.0
aff15_wu_m512_seed1,15,x,332,0.00025068506440793293,True,12,4,5,0.4758396158730403,False,0.7353730772707829,M8r,0.4172494318932678,k5r,False,False,0,,1.0
aff15_wu_m512_seed1,15,x,333,1.8294470623146653e-05,True,12,4,5,0.6525214683832975,False,0.6933849452324935,M13r,0.404565813476805,k6r,False,False,0,,1.0
aff15_wu_m512_seed1,15,x,334,0.00048674268479670564,True,12,4,5,0.9291440659025301,True,0.7254826301525656,M13r,0.545400985201622,k3l,False,False,4,"3,6,9,12",1.0
aff15_wu_m512_seed1,15,x,335,3.695292395911452e-05,True,8,2,3,0.7570947000726476,False,0.7957702608847821,M10r,0.7570965949141515,k5l,False,False,0,,1.0
aff15_wu_m512_seed1,15,x,336,247.07103277693344,True,7,1,0,0.9999810781218904,True,7.680208130331306e-06,M3r,8.488298356137445e-06,k6r,False,False,0,,1.0
aff15_wu_m512_seed1,15,x,337,7.950177522819045e-05,True,8,2,3,0.5063733407569112,False,0.8224082035099627,M14r,0.5063763173679451,k5l,False,False,0,,1.0
aff15_wu_m512_seed1,15,x,338,4.371612105715269e-05,True,12,4,5,0.7692900857606007,False,0.5061957005740713,M11l,0.7663240761034251,k3r,False,False,0,,1.0
aff15_wu_m512_seed1,15,x,339,0.00040903410528850883,True,12,4,5,0.9571533067191842,True,0.5534410844568145,M1l,0.6826512060712044,k6r,False,False,4,"3,6,9,12",1.0
aff15_wu_m512_seed1,15,x,340,1.613812701728458e-05,True,12,4,5,0.6286987782818392,False,0.7176792118919573,M10r,0.3705616914944765,k3l,False,False,0,,1.0
aff15_wu_m512_seed1,15,x,341,5.128733720126582e-05,True,12,4,5,0.9358667938381768,True,0.746940098959311,M8r,0.5501497611202989,k3l,False,False,4,"3,6,9,12",1.0
aff15_wu_m512_seed1,15,x,342,0.0006485942420381282,True,8,2,3,0.8883305466710977,False,0.9178176059693129,M0r,0.8883308369990073,k5l,True,False,0,,1.0
aff15_wu_m512_seed1,15,x,343,0.001700322060520446,True,12,4,5,0.8051034691843845,False,0.49664231954893695,M1l,0.6345133823295874,k6r,False,False,0,,1.0
aff15_wu_m512_seed1,15,x,344,0.0004154621094189479,True,12,4,5,0.7678052026397791,False,0.5816587695221158,M9r,0.7376804176055148,k3r,False,False,0,,1.0
aff15_wu_m512_seed1,15,x,345,236.44930597401722,True,12,4,5,0.9999969815170977,True,0.999995925370548,M12r,0.5873759680369612,k3l,True,False,4,"3,6,9,12",1.0
aff15_wu_m512_seed1,15,x,346,2.3426907789803342e-05,True,12,4,5,0.7120710046830165,False,0.6189489421885305,M12r,0.417613546144054,k3l,False,False,0,,1.0
aff15_wu_m512_seed1,15,x,347,0.0026367635361406435,True,8,2,3,0.8607905625859037,False,0.8958666144744789,M2r,0.8607908739830148,k5l,False,False,0,,1.0
aff15_wu_m512_seed1,15,x,348,0.0008913799747195617,True,12,4,5,0.4909071514719627,False,0.79925029996013,M5r,0.46294837406478123,k5l,False,False,0,,1.0
aff15_wu_m512_seed1,15,x,349,6.289004574765117e-05,True,12,4,5,0.8643428919776875,False,0.6068561614495979,M14r,0.6196933833583698,k3r,False,False,0,,1.0
aff15_wu_m512_seed1,15,x,350,1.561399714615152e-05,True,12,4,5,0.6176470473727446,False,0.7271565672500298,M1r,0.36272466087663735,k3l,False,False,0,,1.0
aff15_wu_m512_seed1,15,x,351,0.00015835269276755386,True,12,4,5,0.6963526195443479,False,0.5222796169207986,M4r,0.5572254944858388,k6r,False,False,0,,1.0
aff15_wu_m512_seed1,15,x,352,2.3594376435415677e-05,True,12,4,5,0.4830457582496067,False,0.4481667895009568,M7r,0.4559058221985623,k3r,False,False,0,,1.0
aff15_wu_m512_seed1,15,x,353,0.00010103383118194501,True,12,4,5,0.7902811999186817,False,0.7506038662251405,M2r,0.6057827667713027,k6r,False,False,0,,1.0
aff15_wu_m512_seed1,15,x,354,0.00018405975007801026,True,12,4,5,0.8956041094224679,False,0.8973591395160234,M3r,0.5259151850599543,k3l,False,False,0,,1.0
aff15_wu_m512_seed1,15,x,355,0.00013494994461582432,True,12,4,5,0.7029363722495725,False,0.7062913198676953,M5r,0.5873105186928587,k3r,False,False,0,,1.0
aff15_wu_m512_seed1,15,x,356,0.000978749917509262,True,8,2,3,0.9049815938219452,True,0.9348310872044651,M2r,0.904981807214835,k5r,True,True,0,,1.0
aff15_wu_m512_seed1,15,x,357,0.00018427832034140278,True,12,4,5,0.9665769016258373,True,0.5510569288677584,M11l,0.9377440590071876,k3r,False,True,2,"3,12",1.0
aff15_wu_m512_seed1,15,x,358,1.7786238228870837e-05,True,12,4,5,0.4589370406663777,False,0.8430482232031615,M11r,0.4542813307152389,k5l,False,False,0,,1.0
aff15_wu_m512_seed1,15,x,359,0.0002983746376080901,True,12,4,5,0.7669080762159042,False,0.5827536499359551,M2r,0.7062391205352433,k6r,False,False,0,,1.0
aff15_wu_m512_seed1,15,x,360,0.0005354809950797229,True,12,4,5,0.9262473214190294,True,0.6045425121698017,M5r,0.9098062144174208,k3r,False,True,2,"3,12",1.0
aff15_wu_m512_seed1,15,x,361,0.0002642126541382623,True,12,4,5,0.6678676018390352,False,0.6310502110749215,M9r,0.5633226986389795,k6r,False,False,0,,1.0
aff15_wu_m512_seed1,15,x,362,6.0558903173523477e-05,True,12,4,5,0.43250441394067934,False,0.5580838088392044,M10r,0.259271493088484,k6r,False,False,0,,1.0
aff15_wu_m512_seed1,15,x,363,0.00013827913163880323,True,12,4,5,0.5882455827039982,False,0.5079912362824783,M11l,0.5703248749774962,k3r,False,False,0,,1.0
aff15_wu_m512_seed1,15,x,364,0.00011729158039928657,True,12,4,5,0.6966576575352104,False,0.7596507602413874,M1r,0.4857679863373756,k6r,False,False,0,,1.0
aff15_wu_m512_seed1,15,x,365,404.86050066080816,True,8,2,3,0.9999965144788202,True,0.999996897122046,M3r,0.9999966668835433,k5l,True,True,0,,1.0
aff15_wu_m512_seed1,15,x,366,0.00025770213746047487,True,8,2,3,0.49804388653913945,False,0.825243760401036,M5r,0.4980445353842776,k5r,False,False,0,,1.0
aff15_wu_m512_seed1,15,x,367,5.9680014377905135e-05,True,12,4,5,0.5602276962818129,False,0.8491419008647665,M10r,0.33006238563072743,k5r,False,False,0,,1.0
aff15_wu_m512_seed1,15,x,368,0.0002496156112107299,True,8,2,3,0.5206097162523409,False,0.7405925833906233,M4r,0.5206117468338847,k5l,False,False,0,,1.0
aff15_wu_m512_seed1,15,x,369,237.32151596882892,True,12,4,5,0.9999950849053952,True,0.999992321700967,M9r,0.5875014261310655,k3l,True,False,4,"3,6,9,12",1.0
aff15_wu_m512_seed1,15,x,370,0.00047043394716970186,True,12,4,5,0.7290252214212618,False,0.5556867193977145,M3r,0.573078567286787,k6r,False,False,0,,1.0
aff15_wu_m512_seed1,15,x,371,2.9709128726305002e-05,True,12,4,5,0.51393640620048,False,0.4075658726461532,M9r,0.34581084346755037,k3r,False,False,0,,1.0
aff15_wu_m512_seed1,15,x,372,405.0509569552414,True,8,2,3,0.9999963960079444,True,0.9999969671316739,M0r,0.9999965509199582,k5l,True,True,0,,1.0
aff15_wu_m512_seed1,15,x,373,9.122847552991842e-05,True,12,4,5,0.9227518067545363,True,0.5720160572823051,M1l,0.8856892973069763,k3r,False,False,4,"3,6,9,12",1.0
aff15_wu_m512_seed1,15,x,374,9.289465028683826e-05,True,12,4,5,0.6388962381598973,False,0.5869692546779248,M1r,0.39172263398528634,k3r,False,False,0,,1.0
aff15_wu_m512_seed1,15,x,375,0.0002314600391509162,True,12,4,5,0.7193179989998757,False,0.612059523105841,M7r,0.6812485413480734,k6r,False,False,0,,1.0
aff15_wu_m512_seed1,15,x,376,0.00016055653765571114,True,12,4,5,0.8309951574902851,False,0.6560611181530777,M8r,0.6216720404773083,k3r,False,False,0,,1.0
aff15_wu_m512_seed1,15,x,377,0.00012674788141066223,True,8,2,3,0.8636128948444821,False,0.8924115577689118,M8r,0.8636153502206015,k5l,False,False,0,,1.0
aff15_wu_m512_seed1,15,x,378,4.275146274578226e-05,True,12,4,5,0.7350803994971521,False,0.4913269785553266,M9r,0.46713409616817053,k3r,False,False,0,,1.0
aff15_wu_m512_seed1,15,x,379,0.0007022401310865992,True,12,4,5,0.914780479132237,True,0.6486374523535847,M3r,0.8486606661716876,k3r,False,False,4,"3,6,9,12",1.0
aff15_wu_m512_seed1,15,x,380,238.80627500733883,True,12,4,5,0.9999965477448541,True,0.9999963686853764,M0r,0.5874008504359657,k3l,True,False,4,"3,6,9,12",1.0
aff15_wu_m512_seed1,15,x,381,0.001258822150627309,True,12,4,5,0.8456670825901089,False,0.5920558521174655,M11r,0.6526029240420052,k3r,False,False,0,,1.0
aff15_wu_m512_seed1,15,x,382,240.2488484063316,True,12,4,5,0.9999955583989506,True,0.9999946943308635,M14r,0.5875015499616179,k3l,True,False,4,"3,6,9,12",1.0
aff15_wu_m512_seed1,15,x,383,0.0001129276277849803,True,12,4,5,0.47437480904148505,False,0.7263605860355916,M6r,0.4246605366564277,k5l,False,False,0,,1.0
aff15_wu_m512_seed1,15,x,384,0.0004460898667652835,True,12,4,5,0.6767949321633504,False,0.6379293865778807,M3r,0.6220663432349762,k6r,False,False,0,,1.0
aff15_wu_m512_seed1,15,x,385,4.18974514746975e-05,True,12,4,5,0.7177412892800273,False,0.4999064849957505,M1l,0.5752651820965952,k3r,False,False,0,,1.0
aff15_wu_m512_seed1,15,x,386,405.6995784395051,True,8,2,3,0.9999930445860339,True,0.9999934806143563,M5r,0.9999933172819014,k5l,True,True,0,,1.0
aff15_wu_m512_seed1,15,x,387,3.099847850028725e-05,True,12,4,5,0.43154603531931346,False,0.4087925567145565,M1l,0.3734591356997368,k3r,False,False,0,,1.0
aff15_wu_m512_seed1,15,x,388,6.374051916056464e-06,True,12,4,5,0.7128342617070899,False,0.683615615955581,M5r,0.5983039617126289,k3r,False,False,0,,1.0
aff15_wu_m512_seed1,15,x,389,0.0003256655537601978,True,12,4,5,0.921666767311471,True,0.6858072658986233,M5r,0.8075894975744372,k3r,False,False,4,"3,6,9,12",1.0
aff15_wu_m512_seed1,15,x,390,7.959214452632871e-05,True,12,4,5,0.6851344304921293,False,0.6691032513420032,M11r,0.5392015194933054,k3r,False,False,0,,1.0
aff15_wu_m512_seed1,15,x,391,0.00045251374112947,True,12,4,5,0.8804133197532596,False,0.5861904880047226,M1r,0.7720481443260977,k6r,False,False,0,,1.0
aff15_wu_m512_seed1,15,x,392,191.80956136012887,True,7,1,0,0.9999720276214489,True,1.241355071904903e-05,M14l,1.547266139268956e-05,k6r,False,False,0,,1.0
aff15_wu_m512_seed1,15,x,393,0.0005090292351927522,True,12,4,5,0.9302307515431412,True,0.5481920642999479,M8r,0.5479102085468602,k6r,False,False,4,"3,6,9,12",1.0
aff15_wu_m512_seed1,15,x,394,3.220308227413862e-05,True,8,2,3,0.6468166769282757,False,0.6347577398631186,M3r,0.6468264973793034,k5l,False,False,0,,1.0
aff15_wu_m512_seed1,15,x,395,0.00039404977653255624,True,12,4,5,0.835674768983591,False,0.8490067947390882,M1r,0.5948426564748501,k3r,False,False,0,,1.0
aff15_wu_m512_seed1,15,x,396,403.4857288248181,True,8,2,3,0.9999958606052068,True,0.9999946424720013,M1r,0.9999961383344917,k5r,True,True,0,,1.0
aff15_wu_m512_seed1,15,x,397,397.948729625733,True,8,2,3,0.9999966794598628,True,0.9999970562306879,M0r,0.9999968337099562,k5l,True,True,0,,1.0
aff15_wu_m512_seed1,15,x,398,392.82840743302825,True,8,2,3,0.9999962396842359,True,0.9999937264445049,M1r,0.9999965140671668,k5l,True,True,0,,1.0
aff15_wu_m512_seed1,15,x,399,7.599954908646114e-05,True,12,4,5,0.7624433984393095,False,0.6108902130056567,M7r,0.44763409031140167,k3l,False,False,0,,1.0
aff15_wu_m512_seed1,15,x,400,5.1003649546979964e-05,True,12,4,5,0.4757738239616149,False,0.7885216260138949,M6r,0.4601902979125723,k5l,False,False,0,,1.0
aff15_wu_m512_seed1,15,x,401,6.8026771624877e-05,True,12,4,5,0.48760149832795086,False,0.5697007789992474,M11l,0.47085650575073396,k6r,False,False,0,,1.0
aff15_wu_m512_seed1,15,x,402,0.0018241044386014362,True,12,4,5,0.914076007866004,True,0.7821519037772964,M9r,0.6320653635896575,k3r,False,False,4,"3,6,9,12",1.0
aff15_wu_m512_seed1,15,x,403,7.190541510951921e-05,True,12,4,5,0.5577736789416592,False,0.5975657638467616,M12r,0.5348087266035398,k6r,False,False,0,,1.0
aff15_wu_m512_seed1,15,x,404,245.3134977656641,True,7,1,0,0.9999778276958267,True,1.47391210296295e-05,M9r,1.4726811148968651e-05,k5l,False,False,0,,1.0
aff15_wu_m512_seed1,15,x,405,0.00025553423602894614,True,12,4,5,0.6072352904250164,False,0.8330095114837177,M8r,0.3783513181871867,k6r,False,False,0,,1.0
aff15_wu_m512_seed1,15,x,406,0.00011169488883227882,True,12,4,5,0.6146197317991782,False,0.6933680732770993,M3r,0.5571012017454647,k3r,False,False,0,,1.0
aff15_wu_m512_seed1,15,x,407,0.0005474353240617988,True,12,4,5,0.5633535588537834,False,0.7785225737711257,M0r,0.41673921955162224,k5l,False,False,0,,1.0
aff15_wu_m512_seed1,15,x,408,1.929271147510645e-05,True,12,4,5,0.6892726251269554,False,0.44068625510462095,M11l,0.6866915197904477,k3r,False,False,0,,1.0
aff15_wu_m512_seed1,15,x,409,226.92155591340045,True,12,4,5,0.9999966545519011,True,0.9999951426700604,M0r,0.5874000183020923,k3l,True,False,4,"3,6,9,12",1.0
aff15_wu_m512_seed1,15,x,410,227.68939457190334,True,12,4,5,0.9999937491520736,True,0.9999953572267956,M6r,0.5876238343986298,k3l,True,False,4,"3,6,9,12",1.0
aff15_wu_m512_seed1,15,x,411,8.298649540795174e-05,True,12,4,5,0.6924960087878452,False,0.4490939463519235,M10r,0.6469660328539149,k3r,False,False,0,,1.0
aff15_wu_m512_seed1,15,x,412,0.00024570399845445,True,12,4,5,0.9384043779779478,True,0.6068437441675725,M13r,0.5510588620455406,k3l,False,False,4,"3,6,9,12",1.0
aff15_wu_m512_seed1,15,x,413,0.0001256711938186852,True,12,4,5,0.8223031121511633,False,0.6477180422748646,M14r,0.7362424975386382,k6r,False,False,0,,1.0
aff15_wu_m512_seed1,15,x,414,0.0001668062742662032,True,12,4,5,0.4568656613080711,False,0.6548833606088562,M4r,0.38544608220465754,k3r,False,False,0,,1.0
aff15_wu_m512_seed1,15,x,415,2.0148462638468026e-05,True,12,4,5,0.8543249285601139,False,0.8148523582344884,M0r,0.5029472995208737,k3l,False,False,0,,1.0
aff15_wu_m512_seed1,15,x,416,0.00016593901739792884,True,8,2,3,0.6795466275697795,False,0.5743826641258561,M11r,0.6795478865736696,k5r,False,False,0,,1.0
aff15_wu_m512_seed1,15,x,417,3.383095256313279e-05,True,8,2,3,0.7581519735673578,False,0.7681224346839185,M8r,0.7581664294204301,k5r,False,False,0,,1.0
aff15_wu_m512_seed1,15,x,418,0.0005036694216315566,True,8,2,3,0.5401870609753802,False,0.7085441548485812,M6r,0.540187315673358,k5l,False,False,0,,1.0
aff15_wu_m512_seed1,15,x,419,9.098537344941553e-05,True,12,4,5,0.8969504458946261,False,0.6903564094996345,M9r,0.5269301465577763,k3l,False,False,0,,1.0
aff15_wu_m512_seed1,15,x,420,286.7599111306233,True,3,1,0,0.44824897726738117,False,1.4460635968433624e-06,M11l,1.2827881584686234e-06,k5l,False,False,0,,1.0
aff15_wu_m512_seed1,15,x,421,1.4688097569342018e-05,True,7,1,0,0.37109345854929593,False,0.27229279014720736,M4r,0.22003687262431873,k6r,False,False,0,,1.0
aff15_wu_m512_seed1,15,x,422,235.19361764808343,True,12,4,5,0.9999961303659994,True,0.999996258326898,M3r,0.587411866827501,k3l,True,False,4,"3,6,9,12",1.0
aff15_wu_m512_seed1,15,x,423,0.0001303923655383991,True,12,4,5,0.6818545754965448,False,0.6956136804109085,M12r,0.5032802117948247,k3r,False,False,0,,1.0
aff15_wu_m512_seed1,15,x,424,5.509721581189532e-05,True,12,4,5,0.6063202061982678,False,0.4002938626071659,M5r,0.4636986297253209,k3r,False,False,0,,1.0
aff15_wu_m512_seed1,15,x,425,0.00015223248552521089,True,12,4,5,0.6770545985263899,False,0.5638873046745555,M11l,0.5618183534303989,k3r,False,False,0,,1.0
aff15_wu_m512_seed1,15,x,426,0.0003075539510210962,True,8,2,3,0.5778202977125982,False,0.6808677215094541,M10r,0.5778213766345319,k5l,False,False,0,,1.0
aff15_wu_m512_seed1,15,x,427,0.00012933191107121768,True,12,4,5,0.490364450022781,False,0.5396765021967007,M4r,0.30759539816229936,k6r,False,False,0,,1.0
aff15_wu_m512_seed1,15,x,428,0.00011034415255227681,True,12,4,5,0.5990614317885941,False,0.5485496396400681,M12r,0.45305612760242314,k3r,False,False,0,,1.0
aff15_wu_m512_seed1,15,x,429,222.8618748889648,True,12,4,5,0.9999944395173058,True,0.9999957958230391,M8r,0.5874134944574451,k3l,True,False,4,"3,6,9,12",1.0
aff15_wu_m512_seed1,15,x,430,6.282076957861545e-05,True,12,4,5,0.9245959678623564,True,0.7343599889174162,M7r,0.5654991984158371,k6r,False,False,4,"3,6,9,12",1.0
aff15_wu_m512_seed1,15,x,431,0.005390532162311424,True,12,4,5,0.8430484297957301,False,0.6680976005192103,M11r,0.8043344236239925,k6r,False,False,0,,1.0
aff15_wu_m512_seed1,15,x,432,0.00043672493232529573,True,12,4,5,0.8813393387523581,False,0.6000189590865291,M8r,0.608052622706095,k3r,False,False,0,,1.0
aff15_wu_m512_seed1,15,x,433,0.00022889850445441956,True,12,4,5,0.8064092531179853,False,0.5486398655161138,M9r,0.6021998993950872,k6r,False,False,0,,1.0
aff15_wu_m512_seed1,15,x,434,223.77195119733815,True,12,4,5,0.9999962078447815,True,0.9999942472520034,M2r,0.5873772374295371,k3l,True,False,4,"3,6,9,12",1.0
aff15_wu_m512_seed1,15,x,435,0.0018899900533681862,True,12,4,5,0.912294849830573,True,0.7064472748082463,M13r,0.7911291267184938,k6r,False,False,4,"3,6,9,12",1.0
aff15_wu_m512_seed1,15,x,436,6.725363006536429e-05,True,12,4,5,0.585120513118073,False,0.6464482914672744,M3r,0.4788035547735752,k6r,False,False,0,,1.0
aff15_wu_m512_seed1,15,x,437,225.9284054169951,True,12,4,5,0.9999966835827203,True,0.999996669159415,M3r,0.587416543449428,k3l,True,False,4,"3,6,9,12",1.0
aff15_wu_m512_seed1,15,x,438,226.36328931125044,True,12,4,5,0.9999886692056161,True,0.9999924232888382,M6r,0.5876256599064302,k3l,True,False,4,"3,6,9,12",1.0
aff15_wu_m512_seed1,15,x,439,9.732310487590429e-06,True,12,4,5,0.3043009886581484,False,0.27421673358664955,M0r,0.17986705016762497,k3l,False,False,0,,1.0
aff15_wu_m512_seed1,15,x,440,1.4693096852736497e-05,True,12,4,5,0.7340608261986684,False,0.5327201048325858,M11l,0.7132839611218929,k3r,False,False,0,,1.0
aff15_wu_m512_seed1,15,x,441,0.0005790276184021189,True,12,4,5,0.790641652964389,False,0.7931012922521039,M9r,0.4684475794877004,k6r,False,False,0,,1.0
aff15_wu_m512_seed1,15,x,442,6.834818682943799e-06,True,12,4,5,0.6109548291185367,False,0.3741331625177992,M12r,0.6038026835249664,k6r,False,False,0,,1.0
aff15_wu_m512_seed1,15,x,443,1.5160979146855074e-06,False,12,4,5,0.7990109607050883,False,0.4959919340253893,M1l,0.6401256062698847,k3r,False,False,0,,1.0
aff15_wu_m512_seed1,15,x,444,0.00013796477252052587,True,12,4,5,0.5682996864724321,False,0.5766790099440696,M2r,0.4156559325512076,k3r,False,False,0,,1.0
aff15_wu_m512_seed1,15,x,445,0.0030706246254036114,True,12,4,5,0.9388638017514277,True,0.6634526394380528,M2r,0.8150641558272607,k3r,False,False,4,"3,6,9,12",1.0
aff15_wu_m512_seed1,15,x,446,390.64448899213,True,8,2,3,0.9999957372547917,True,0.9999940686511904,M4r,0.9999960144478738,k5r,True,True,0,,1.0
aff15_wu_m512_seed1,15,x,447,0.002676124454050755,True,12,4,5,0.9310407069452852,True,0.567671680537786,M1l,0.6285459726759751,k6r,False,False,4,"3,6,9,12",1.0
aff15_wu_m512_seed1,15,x,448,0.00019882304901646246,True,12,4,5,0.4416501941077265,False,0.5735799421511599,M13r,0.31517740920383214,k6r,False,False,0,,1.0
aff15_wu_m512_seed1,15,x,449,0.0002876651383691053,True,12,4,5,0.6618020024315892,False,0.528166929808559,M4r,0.5928349660717128,k6r,False,False,0,,1.0
aff15_wu_m512_seed1,15,x,450,0.00023876010587976174,True,12,4,5,0.7642520156508508,False,0.5714976794822808,M1l,0.5964117549250979,k6r,False,False,0,,1.0
aff15_wu_m512_seed1,15,x,451,415.63009276255224,True,8,2,3,0.9999934380989092,True,0.9999938850855036,M5r,0.9999937137523182,k5l,True,True,0,,1.0
aff15_wu_m512_seed1,15,x,452,0.00011881660005977967,True,8,2,3,0.6487710335619612,False,0.8186541078779503,M14r,0.6487722570145591,k5l,False,False,0,,1.0
aff15_wu_m512_seed1,15,x,453,8.522039130899088e-05,True,12,4,5,0.758849393762557,False,0.8461984611939163,M11r,0.44590365696078194,k3l,False,False,0,,1.0
aff15_wu_m512_seed1,15,x,454,6.805075282041399e-05,True,12,4,5,0.9309720955793068,True,0.6743210629870744,M5r,0.54724858435158,k3l,False,False,4,"3,6,9,12",1.0
aff15_wu_m512_seed1,15,x,455,270.6568703907507,True,3,1,0,0.44719645386801093,False,6.802059745557202e-06,M11l,7.749769766389212e-06,k5r,False,False,0,,1.0
aff15_wu_m512_seed1,15,x,456,0.00014011980021530783,True,8,2,3,0.43437933637959364,False,0.6409771365727527,M10r,0.4343807242272828,k5r,False,False,0,,1.0
aff15_wu_m512_seed1,15,x,457,0.0006962123439747144,True,12,4,5,0.6587226813422187,False,0.43460476847926066,M1l,0.3934569037463663,k3r,False,False,0,,1.0
aff15_wu_m512_seed1,15,x,458,0.0004954766783056314,True,12,4,5,0.7835893748113728,False,0.5854301919959455,M10r,0.6567804843154658,k6r,False,False,0,,1.0
aff15_wu_m512_seed1,15,x,459,0.00014997324841656084,True,12,4,5,0.663350820007816,False,0.7022053396640081,M7r,0.5949389825385895,k6r,False,False,0,,1.0
aff15_wu_m512_seed1,15,x,460,0.00010244068783675058,True,12,4,5,0.43927719714262997,False,0.6876342084309786,M8r,0.41904547297914146,k5r,False,False,0,,1.0
aff15_wu_m512_seed1,15,x,461,5.284052113827182e-05,True,12,4,5,0.6743172560437394,False,0.6033804670752067,M9r,0.6411968642743539,k6r,False,False,0,,1.0
aff15_wu_m512_seed1,15,x,462,5.504637026947905e-05,True,12,4,5,0.4404148261073166,False,0.5868828243769577,M8r,0.39862376935078,k6r,False,False,0,,1.0
aff15_wu_m512_seed1,15,x,463,226.70943931159536,True,12,4,5,0.999994992965359,True,0.9999955519355369,M8r,0.5874172342082855,k3l,True,False,4,"3,6,9,12",1.0
aff15_wu_m512_seed1,15,x,464,0.00010983534326497627,True,12,4,5,0.4837947417661482,False,0.7809405721702408,M10r,0.35403091528752206,k5l,False,False,0,,1.0
aff15_wu_m512_seed1,15,x,465,8.577635565273598e-05,True,12,4,5,0.9238759008737306,True,0.6495785195308834,M12r,0.5903294185067353,k6r,False,False,4,"3,6,9,12",1.0
aff15_wu_m512_seed1,15,x,466,0.00031761234610202973,True,12,4,5,0.6165387438660155,False,0.6358184883416209,M8r,0.46475629961152715,k6r,False,False,0,,1.0
aff15_wu_m512_seed1,15,x,467,0.000941156152559645,True,8,2,3,0.568964593357255,False,0.7496669319030237,M0r,0.5689650909617048,k5l,False,False,0,,1.0
aff15_wu_m512_seed1,15,x,468,5.835579515975894e-05,True,12,4,5,0.42056871965554465,False,0.42966828408959495,M14r,0.40481229932676804,k3r,False,False,0,,1.0
aff15_wu_m512_seed1,15,x,469,3.613005907369811e-05,True,12,4,5,0.28714384945574495,False,0.3221451729297696,M5r,0.187865095496976,k5l,False,False,0,,1.0
aff15_wu_m512_seed1,15,x,470,393.7928413503875,True,8,2,3,0.9999950240985138,True,0.9999968355856159,M0r,0.9999951778473268,k5l,True,True,0,,1.0
aff15_wu_m512_seed1,15,x,471,103.55048858190722,True,12,4,5,0.999990479354396,True,0.9999856745580777,M12r,0.5873669038188118,k3l,True,False,4,"3,6,9,12",1.0
aff15_wu_m512_seed1,15,x,472,0.000390585421243834,True,12,4,5,0.8219511204706728,False,0.46501155232071867,M11l,0.714746085302933,k6r,False,False,0,,1.0
aff15_wu_m512_seed1,15,x,473,0.0001016011472168691,True,12,4,5,0.7369383088591233,False,0.5872656999335123,M12r,0.5348279791190623,k3r,False,False,0,,1.0
aff15_wu_m512_seed1,15,x,474,8.301210109365023e-05,True,8,2,3,0.6983776740073466,False,0.683674879296618,M13r,0.6983791122571374,k5l,False,False,0,,1.0
aff15_wu_m512_seed1,15,x,475,0.001443107302379941,True,12,4,5,0.519822671832698,False,0.6782130058905195,M7r,0.44601791882638353,k5l,False,False,0,,1.0
aff15_wu_m512_seed1,15,x,476,131.51327730484365,True,12,4,5,0.9999956309920168,True,0.9999925904648325,M7r,0.5873755117113332,k3l,True,False,4,"3,6,9,12",1.0
aff15_wu_m512_seed1,15,x,477,0.0001241954637062175,True,12,4,5,0.7295985072279518,False,0.7832224626353204,M12r,0.5910169524131637,k6r,False,False,0,,1.0
aff15_wu_m512_seed1,15,x,478,399.7382991548757,True,8,2,3,0.9999941460312354,True,0.9999964680047497,M0r,0.9999943025189202,k5l,True,True,0,,1.0
aff15_wu_m512_seed1,15,x,479,0.0010333272249330003,True,12,4,5,0.9340703633542917,True,0.7235703885093271,M12r,0.6859873383361852,k3r,False,False,4,"3,6,9,12",1.0
aff15_wu_m512_seed1,15,x,480,0.00010810810513699498,True,12,4,5,0.6079333375435994,False,0.6594734772189556,M1r,0.5144849674041216,k6r,False,False,0,,1.0
aff15_wu_m512_seed1,15,x,481,0.0011420081951656546,True,12,4,5,0.67440773578083,False,0.5290481390515388,M10r,0.48914970978817857,k6r,False,False,0,,1.0
aff15_wu_m512_seed1,15,x,482,0.00030166628899404806,True,12,4,5,0.9174400072643072,True,0.5858111557155382,M1r,0.709211808762141,k3r,False,False,4,"3,6,9,12",1.0
aff15_wu_m512_seed1,15,x,483,240.55979332716916,True,12,4,5,0.9999949186443439,True,0.9999928741164795,M14r,0.5875064551113652,k3l,True,False,4,"3,6,9,12",1.0
aff15_wu_m512_seed1,15,x,484,0.00015845673010442957,True,8,2,3,0.5060759948567812,False,0.6891369393421072,M8r,0.5060772135373097,k5r,False,False,0,,1.0
aff15_wu_m512_seed1,15,x,485,6.576391044827688e-05,True,12,4,5,0.6680709945439461,False,0.5666443089992144,M11l,0.5958456883395528,k6r,False,False,0,,1.0
aff15_wu_m512_seed1,15,x,486,218.5754381311419,True,12,4,5,0.9999961706990345,True,0.9999944008521209,M5r,0.5873957852953628,k3l,True,False,4,"3,6,9,12",1.0
aff15_wu_m512_seed1,15,x,487,0.0002668896474335864,True,12,4,5,0.8101928505084327,False,0.5617958804007572,M1l,0.750979277234844,k3r,False,False,0,,1.0
aff15_wu_m512_seed1,15,x,488,7.668564329524817e-05,True,8,2,3,0.42813059360565825,False,0.49877022070826516,M11r,0.4281339355777299,k5r,False,False,0,,1.0
aff15_wu_m512_seed1,15,x,489,0.0008002429239217228,True,12,4,5,0.9568856347930407,True,0.8648756667888736,M11r,0.5621747073308113,k3l,False,False,4,"3,6,9,12",1.0
aff15_wu_m512_seed1,15,x,490,0.0008704736650517733,True,12,4,5,0.6229167431700048,False,0.7715579021024807,M4r,0.3657923251695162,k3l,False,False,0,,1.0
aff15_wu_m512_seed1,15,x,491,3.333195600525377e-05,True,12,4,5,0.7739783549729227,False,0.6033247935978134,M9r,0.7342176381509495,k3r,False,False,0,,1.0
aff15_wu_m512_seed1,15,x,492,223.8774239569795,True,12,4,5,0.9999958729164763,True,0.999987519866369,M7r,0.5873799658931536,k3l,True,False,4,"3,6,9,12",1.0
aff15_wu_m512_seed1,15,x,493,0.0001579901804650297,True,12,4,5,0.6497929308125201,False,0.5614163272630464,M7r,0.5244952291938851,k3r,False,False,0,,1.0
aff15_wu_m512_seed1,15,x,494,235.9791632514423,True,12,4,5,0.9999931915829586,True,0.9999950961046795,M14r,0.5874994293097502,k3l,True,False,4,"3,6,9,12",1.0
aff15_wu_m512_seed1,15,x,495,0.00019254421056568482,True,8,2,3,0.5576689865764122,False,0.8056759108903174,M1r,0.5576705326671783,k5l,False,False,0,,1.0
aff15_wu_m512_seed1,15,x,496,5.700885581437024e-05,True,12,4,5,0.8413966042355097,False,0.5415679003196822,M1l,0.8082656324293214,k3r,False,False,0,,1.0
aff15_wu_m512_seed1,15,x,497,0.0001456647092169903,True,8,2,3,0.5337161167004144,False,0.8356203178317226,M13r,0.5337170127313648,k5l,False,False,0,,1.0
aff15_wu_m512_seed1,15,x,498,0.00045494218417634384,True,12,4,5,0.7626372597722635,False,0.5162813054454688,M1l,0.4930122783996304,k6r,False,False,0,,1.0
aff15_wu_m512_seed1,15,x,499,0.00045838106468178917,True,8,2,3,0.43654014811865677,False,0.6462738202913968,M3r,0.43654068177160155,k5l,False,False,0,,1.0
aff15_wu_m512_seed1,15,x,500,1.1140678016255892e-05,True,12,4,5,0.5361831407639774,False,0.40600850554962853,M8r,0.5085434919056461,k6r,False,False,0,,1.0
aff15_wu_m512_seed1,15,x,501,4.913504315404531e-05,True,12,4,5,0.5817899158379102,False,0.4021055068943263,M11l,0.4514573316995873,k6r,False,False,0,,1.0
aff15_wu_m512_seed1,15,x,502,0.00026287037253928654,True,12,4,5,0.4329295234977618,False,0.5734062828920564,M11r,0.3724937629760387,k5l,False,False,0,,1.0
aff15_wu_m512_seed1,15,x,503,256.27873539527656,True,8,2,3,0.9999936065326348,True,0.9999959639643483,M5r,0.999993880823145,k5r,True,True,0,,1.0
aff15_wu_m512_seed1,15,x,504,228.1462050436077,True,12,4,5,0.9999959010069585,True,0.9999919618662789,M0r,0.5873930518702597,k3l,True,False,4,"3,6,9,12",1.0
aff15_wu_m512_seed1,15,x,505,0.00046154178922502056,True,8,2,3,0.6497655955343343,False,0.7277845638837729,M3r,0.6497660960013509,k5l,False,False,0,,1.0
aff15_wu_m512_seed1,15,x,506,7.41576684243837e-05,True,12,4,5,0.6301108897928668,False,0.476876838040901,M10r,0.4721600088233908,k6r,False,False,0,,1.0
aff15_wu_m512_seed1,15,x,507,7.905163569850616e-05,True,12,4,5,0.7916555684866526,False,0.7186669070091241,M12r,0.5121862705480756,k6r,False,False,0,,1.0
aff15_wu_m512_seed1,15,x,508,0.00015613740781884416,True,12,4,5,0.7782973441620711,False,0.5596129286974094,M5r,0.5165352239942125,k6r,False,False,0,,1.0
aff15_wu_m512_seed1,15,x,509,0.00022089342638274164,True,12,4,5,0.739427291324426,False,0.43143002560338134,M1l,0.6671593823839552,k6r,False,False,0,,1.0
aff15_wu_m512_seed1,15,x,510,3.691849577643449e-05,True,8,2,3,0.5416988928034329,False,0.730108811440867,M8r,0.541704194071425,k5l,False,False,0,,1.0
aff15_wu_m512_seed1,15,x,511,0.0019498242765503414,True,8,2,3,0.529009250696216,False,0.7590484827109713,M4r,0.5290093952852936,k5r,False,False,0,,1.0
aff15_wu_m512_seed1,15,y,0,238.52633712456293,True,12,4,5,0.9999978285182898,True,0.9999958912704611,M6l,0.5874262778751997,k3r,True,False,4,"3,6,9,12",1.0
aff15_wu_m512_seed1,15,y,1,397.4696473105391,True,8,2,3,0.9999946829036074,True,0.9999952777896343,M7l,0.999995120134453,k5l,True,True,0,,1.0
aff15_wu_m512_seed1,15,y,2,45.40439152536553,True,8,2,3,0.999987140961065,True,0.9999887633912975,M9l,0.9999875772596182,k5l,True,True,0,,1.0
aff15_wu_m512_seed1,15,y,3,0.002511085805805543,True,8,2,3,0.9628648695866664,True,0.9410477113796202,M6l,0.9628652663433788,k5r,True,True,0,,1.0
aff15_wu_m512_seed1,15,y,4,225.0320841481123,True,12,4,5,0.9999951269818748,True,0.9999950004814612,M9l,0.5875122256202204,k3r,True,False,4,"3,6,9,12",1.0
aff15_wu_m512_seed1,15,y,5,0.00026655414452559273,True,12,4,5,0.848758774485439,False,0.5906072824355483,M4l,0.5584453513470129,k6l,False,False,0,,1.0
aff15_wu_m512_seed1,15,y,6,237.62561976528326,True,12,4,5,0.9999971178808232,True,0.9999965251586513,M7l,0.5875618145981765,k3r,True,False,4,"3,6,9,12",1.0
aff15_wu_m512_seed1,15,y,7,2.7028680417783653e-05,True,12,4,5,0.44969436262299367,False,0.613323933789914,M2l,0.3182281314145997,k3l,False,False,0,,1.0
aff15_wu_m512_seed1,15,y,8,0.0009176120534620216,True,12,4,5,0.8752227825958839,False,0.7828714662318665,M13l,0.5141896307461897,k3r,False,False,0,,1.0
aff15_wu_m512_seed1,15,y,9,1.1081470083483274e-05,True,8,2,3,0.6916458058191337,False,0.8029449691873308,M14l,0.6916570673396015,k5l,False,False,0,,1.0
aff15_wu_m512_seed1,15,y,10,0.0004550801963510147,True,12,4,5,0.6857312766614844,False,0.5770102842073269,M1l,0.48340652278326374,k6l,False,False,0,,1.0
aff15_wu_m512_seed1,15,y,11,0.0007119945884101123,True,12,4,5,0.8842057274927256,False,0.7004699093164435,M5l,0.5189217671950638,k3r,False,False,0,,1.0
aff15_wu_m512_seed1,15,y,12,226.84095893735392,True,12,4,5,0.9999944417879175,True,0.9999950216672164,M14l,0.5875092284952687,k3r,True,False,4,"3,6,9,12",1.0
aff15_wu_m512_seed1,15,y,13,3.8460285955264467e-05,True,12,4,5,0.6724779946907394,False,0.5722339152167248,M4l,0.5251396381160515,k6l,False,False,0,,1.0
aff15_wu_m512_seed1,15,y,14,2.70297742248195e-05,True,12,4,5,0.7458945300459191,False,0.7121787078416992,M9l,0.4377692057738282,k3r,False,False,0,,1.0
aff15_wu_m512_seed1,15,y,15,0.00018976020689194856,True,12,4,5,0.7424713767247325,False,0.5972326828729989,M11r,0.5164606877873947,k3l,False,False,0,,1.0
aff15_wu_m512_seed1,15,y,16,5.8406975668297106e-05,True,8,2,3,0.5960915540824091,False,0.695477728150244,M0l,0.5960944478487029,k5l,False,False,0,,1.0
aff15_wu_m512_seed1,15,y,17,229.77735739417244,True,12,4,5,0.999996448854679,True,0.9999964517193262,M10l,0.5872972033748023,k3r,True,False,4,"3,6,9,12",1.0
aff15_wu_m512_seed1,15,y,18,4.550867962912454e-05,True,12,4,5,0.5163843622174635,False,0.8069914668426523,M7l,0.445999156406766,k5l,False,False,0,,1.0
aff15_wu_m512_seed1,15,y,19,0.00022374236253435185,True,12,4,5,0.7557361310383548,False,0.5746354283551034,M5l,0.47726490045339626,k6l,False,False,0,,1.0
aff15_wu_m512_seed1,15,y,20,0.004764656957995393,True,12,4,5,0.8606963158759304,False,0.6928594194624913,M6l,0.5919402565999909,k6l,False,False,0,,1.0
aff15_wu_m512_seed1,15,y,21,0.0008406193385624944,True,12,4,5,0.89071900126431,False,0.5809895037294088,M11r,0.8424597785766297,k6l,False,False,0,,1.0
aff15_wu_m512_seed1,15,y,22,7.688584170037397e-05,True,12,4,5,0.8312165173186907,False,0.5812535113668866,M11l,0.5445411799172628,k3l,False,False,0,,1.0
aff15_wu_m512_seed1,15,y,23,0.00027033680803596126,True,8,2,3,0.6069372308448284,False,0.6629265147875082,M9l,0.6069378445037115,k5r,False,False,0,,1.0
aff15_wu_m512_seed1,15,y,24,0.0002640868653190573,True,12,4,5,0.9215361628933733,True,0.5727721649941228,M3l,0.7951720872205477,k3l,False,False,4,"3,6,9,12",1.0
aff15_wu_m512_seed1,15,y,25,0.00014087453164830994,True,12,4,5,0.7093918734535007,False,0.6593052347351164,M1l,0.4173674611665537,k3r,False,False,0,,1.0
aff15_wu_m512_seed1,15,y,26,3.680224358930968e-05,True,8,2,3,0.7528372508777412,False,0.7592468192437033,M0l,0.7528427181767944,k5l,False,False,0,,1.0
aff15_wu_m512_seed1,15,y,27,0.00011154869088111754,True,12,4,5,0.48003923412197114,False,0.50755643743837,M11r,0.47047135017147373,k3l,False,False,0,,1.0
aff15_wu_m512_seed1,15,y,28,0.00019348717227601873,True,12,4,5,0.7315021695348,False,0.5136474604572342,M9l,0.5079572022573119,k6l,False,False,0,,1.0
aff15_wu_m512_seed1,15,y,29,0.0001628242752294417,True,12,4,5,0.4011315103328479,False,0.5650526460550727,M5l,0.24845725026787852,k5l,False,False,0,,1.0
aff15_wu_m512_seed1,15,y,30,0.00019793530570184846,True,8,2,3,0.6144586448510894,False,0.8348377706104859,M14l,0.6144599584598176,k5l,False,False,0,,1.0
aff15_wu_m512_seed1,15,y,31,0.000289638288151147,True,12,4,5,0.7846663799787972,False,0.622523367053469,M1l,0.7442435840396844,k3l,False,False,0,,1.0
aff15_wu_m512_seed1,15,y,32,0.0002662079813915132,True,12,4,5,0.83649363969784,False,0.5583825286370203,M11r,0.4913310640995791,k3r,False,False,0,,1.0
aff15_wu_m512_seed1,15,y,33,0.0017555848353097078,True,12,4,5,0.8783217642711988,False,0.534874209883498,M11r,0.8715781058635577,k6l,False,False,0,,1.0
aff15_wu_m512_seed1,15,y,34,0.000183146765125727,True,12,4,5,0.6507631118943948,False,0.41337458394775867,M1r,0.5645951949246326,k6l,False,False,0,,1.0
aff15_wu_m512_seed1,15,y,35,0.0002988810838212608,True,12,4,5,0.8189057902414731,False,0.5846224248130907,M1r,0.7892601378790423,k6l,False,False,0,,1.0
aff15_wu_m512_seed1,15,y,36,0.00017196888997565742,True,12,4,5,0.6451123354422754,False,0.652666405449758,M13l,0.4403731964049564,k3l,False,False,0,,1.0
aff15_wu_m512_seed1,15,y,37,0.000990231771497845,True,12,4,5,0.6563476372109338,False,0.5582077306575401,M13l,0.38572930970385083,k3r,False,False,0,,1.0
aff15_wu_m512_seed1,15,y,38,8.616209428342675e-05,True,8,2,3,0.5244177887134064,False,0.6848608511194659,M13l,0.5244203713565013,k5l,False,False,0,,1.0
aff15_wu_m512_seed1,15,y,39,0.00020494805486757258,True,12,4,5,0.859157969672471,False,0.6324173303638808,M14l,0.8176521696797385,k3l,False,False,0,,1.0
aff15_wu_m512_seed1,15,y,40,230.66370847738153,True,12,4,5,0.9999949674246537,True,0.9999936293220525,M8l,0.5872331060195108,k3r,True,False,4,"3,6,9,12",1.0
aff15_wu_m512_seed1,15,y,41,0.0014174426493959158,True,12,4,5,0.5464029613284481,False,0.4785847848447426,M12l,0.45842751956946404,k3l,False,False,0,,1.0
aff15_wu_m512_seed1,15,y,42,7.957693862549578e-05,True,8,2,3,0.6377377056819131,False,0.893685947428348,M6l,0.6377387167781351,k5l,False,False,0,,1.0
aff15_wu_m512_seed1,15,y,43,231.59417417625994,True,12,4,5,0.999996126180825,True,0.9999958064669937,M9l,0.5875153630981349,k3r,True,False,4,"3,6,9,12",1.0
aff15_wu_m512_seed1,15,y,44,7.060141178666153e-05,True,12,4,5,0.8509914713287225,False,0.6546764652235364,M9l,0.6289484378613603,k3l,False,False,0,,1.0
aff15_wu_m512_seed1,15,y,45,8.133670581019705e-05,True,12,4,5,0.5683015065217577,False,0.36871698512561246,M11l,0.4152774066228905,k3l,False,False,0,,1.0
aff15_wu_m512_seed1,15,y,46,0.0001910762070711276,True,12,4,5,0.8430491448978097,False,0.7928277916359603,M13l,0.5524892195147547,k3l,False,False,0,,1.0
aff15_wu_m512_seed1,15,y,47,0.000431964071314694,True,12,4,5,0.7632961613594361,False,0.5643994792254734,M1r,0.5615790069782933,k3l,False,False,0,,1.0
aff15_wu_m512_seed1,15,y,48,0.00010120445293084523,True,8,2,3,0.7399188952389922,False,0.724499870515334,M0l,0.7399201659124818,k5l,False,False,0,,1.0
aff15_wu_m512_seed1,15,y,49,8.970569085783086e-05,True,12,4,5,0.8488767968189531,False,0.6614634527972871,M10l,0.8149979710624217,k6l,False,False,0,,1.0
aff15_wu_m512_seed1,15,y,50,0.0002496704770638676,True,12,4,5,0.867130065142738,False,0.5731061430210089,M14r,0.7492383074201692,k6l,False,False,0,,1.0
aff15_wu_m512_seed1,15,y,51,0.00011311399685614201,True,12,4,5,0.9581832655045935,True,0.8722187175397276,M11l,0.5623730328147551,k3r,False,False,4,"3,6,9,12",1.0
aff15_wu_m512_seed1,15,y,52,9.262377645293394e-05,True,8,2,3,0.5361953504585527,False,0.8208267757491943,M3l,0.5361968268974071,k5r,False,False,0,,1.0
aff15_wu_m512_seed1,15,y,53,9.206369022474953e-06,True,12,4,5,0.5658257240460748,False,0.4194508153140392,M11l,0.5455984439032975,k6l,False,False,0,,1.0
aff15_wu_m512_seed1,15,y,54,0.00013550803696057024,True,12,4,5,0.6905887312714348,False,0.602768218292271,M1l,0.5629797595221112,k6l,False,False,0,,1.0
aff15_wu_m512_seed1,15,y,55,7.339063862824416e-05,True,12,4,5,0.6328764072508736,False,0.7189123705378008,M11l,0.40228539866429075,k6l,False,False,0,,1.0
aff15_wu_m512_seed1,15,y,56,0.00024462978171657407,True,12,4,5,0.45069453432560513,False,0.7132382905209653,M10l,0.4208404747681982,k5l,False,False,0,,1.0
aff15_wu_m512_seed1,15,y,57,0.000496049791007168,True,12,4,5,0.705581057369864,False,0.6046868243923128,M11r,0.6745901374219969,k6l,False,False,0,,1.0
aff15_wu_m512_seed1,15,y,58,0.00044617914480378767,True,12,4,5,0.6041350653037828,False,0.761104320825101,M11l,0.3548207264442008,k3r,False,False,0,,1.0
aff15_wu_m512_seed1,15,y,59,0.00022352684169937119,True,12,4,5,0.8702519211685774,False,0.5415536329580156,M3l,0.5112086476773522,k3r,False,False,0,,1.0
aff15_wu_m512_seed1,15,y,60,0.000760381175867814,True,12,4,5,0.9514239849844714,True,0.538785236629677,M11r,0.9429138524264902,k3l,False,True,4,"3,6,9,12",1.0
aff15_wu_m512_seed1,15,y,61,240.84577740309868,True,12,4,5,0.9999956541551877,True,0.9999939939925067,M4l,0.587515944660891,k3r,True,False,4,"3,6,9,12",1.0
aff15_wu_m512_seed1,15,y,62,0.00014900067446521734,True,12,4,5,0.5285957111803068,False,0.6670855342459722,M7l,0.4214864039989535,k3l,False,False,0,,1.0
aff15_wu_m512_seed1,15,y,63,0.00035320822168818575,True,12,4,5,0.8768800105946291,False,0.6018275375056227,M2l,0.7683757693284092,k6l,False,False,0,,1.0
aff15_wu_m512_seed1,15,y,64,0.00012099262354410278,True,8,2,3,0.7230645379341625,False,0.7868548256147919,M12l,0.7230658508681225,k5r,False,False,0,,1.0
aff15_wu_m512_seed1,15,y,65,0.00020376765986539956,True,8,2,3,0.4960692238960643,False,0.6553760995238793,M8l,0.4960712033500112,k5r,False,False,0,,1.0
aff15_wu_m512_seed1,15,y,66,2.5280198160515542e-05,True,8,2,3,0.7599588511101926,False,0.7891688632022303,M6l,0.7599612838106964,k5r,False,False,0,,1.0
aff15_wu_m512_seed1,15,y,67,224.7794716560801,True,12,4,5,0.9999967160541748,True,0.9999956165372859,M7l,0.5875524872964959,k3r,True,False,4,"3,6,9,12",1.0
aff15_wu_m512_seed1,15,y,68,0.0005658856839305006,True,12,4,5,0.9137142036186516,True,0.5562440211651685,M11r,0.6443715029057113,k6l,False,False,4,"3,6,9,12",1.0
aff15_wu_m512_seed1,15,y,69,0.0002403710377368092,True,12,4,5,0.5233492032229236,False,0.5271294518608051,M3l,0.438512023109051,k3l,False,False,0,,1.0
aff15_wu_m512_seed1,15,y,70,9.503945712320868e-05,True,3,1,0,0.3656173529019482,False,0.16678608997355943,M0l,0.20405139459299498,k6l,False,False,0,,1.0
aff15_wu_m512_seed1,15,y,71,0.0003799394215005343,True,12,4,5,0.8392246790347657,False,0.47816162927318784,M11r,0.814256996276659,k3l,False,False,0,,1.0
aff15_wu_m512_seed1,15,y,72,0.00039727713005712563,True,12,4,5,0.815420284509502,False,0.5085280898290454,M1r,0.8149254306490608,k3l,False,False,0,,1.0
aff15_wu_m512_seed1,15,y,73,0.0003658003995301519,True,8,2,3,0.5750763525177279,False,0.7731316265984757,M7l,0.575076547234313,k5r,False,False,0,,1.0
aff15_wu_m512_seed1,15,y,74,0.00034499615813024905,True,8,2,3,0.6290392557418363,False,0.8870637044062277,M11l,0.6290397996527942,k5l,False,False,0,,1.0
aff15_wu_m512_seed1,15,y,75,2.112774502146863e-05,True,8,2,3,0.3784948641978984,False,0.48504165075314,M11l,0.378499152476135,k5l,False,False,0,,1.0
aff15_wu_m512_seed1,15,y,76,0.00012665776481679967,True,12,4,5,0.44975377209147466,False,0.3498897393515083,M11r,0.3583306719083961,k6l,False,False,0,,1.0
aff15_wu_m512_seed1,15,y,77,0.001255308829522913,True,8,2,3,0.7010879833583156,False,0.8293280809578057,M10l,0.7010883306753072,k5l,False,False,0,,1.0
aff15_wu_m512_seed1,15,y,78,1.3505528786278386e-05,True,12,4,5,0.48251991839557656,False,0.48455867910948447,M11r,0.43698355955905743,k3l,False,False,0,,1.0
aff15_wu_m512_seed1,15,y,79,223.35612707363757,True,12,4,5,0.9999956256587487,True,0.9999951006802065,M4l,0.5875044171116842,k3r,True,False,4,"3,6,9,12",1.0
aff15_wu_m512_seed1,15,y,80,0.0004942413075295437,True,12,4,5,0.8632149503903719,False,0.7181845215423798,M14l,0.801930639383291,k3l,False,False,0,,1.0
aff15_wu_m512_seed1,15,y,81,0.00044445839655331596,True,12,4,5,0.7489093580484626,False,0.5174238080439016,M7l,0.7106653269094877,k6l,False,False,0,,1.0
aff15_wu_m512_seed1,15,y,82,0.0008399143884446811,True,8,2,3,0.7184973819636101,False,0.8723080103401571,M14l,0.7184981065090612,k5l,False,False,0,,1.0
aff15_wu_m512_seed1,15,y,83,237.49950100305747,True,12,4,5,0.9999963195882947,True,0.9999967730560992,M6l,0.5874223810197094,k3r,True,False,4,"3,6,9,12",1.0
aff15_wu_m512_seed1,15,y,84,5.3753439902388135e-05,True,12,4,5,0.5341502566472281,False,0.6711056996003664,M7l,0.457478470491037,k6l,False,False,0,,1.0
aff15_wu_m512_seed1,15,y,85,8.765832480921668e-05,True,12,4,5,0.8829202532555165,False,0.8548059741309524,M13l,0.6478244129341076,k6l,False,False,0,,1.0
aff15_wu_m512_seed1,15,y,86,0.00020548838088899914,True,12,4,5,0.8771088110233412,False,0.5815425668113151,M13l,0.5247892131389017,k3l,False,False,0,,1.0
aff15_wu_m512_seed1,15,y,87,0.000718030721111024,True,12,4,5,0.5076971544192125,False,0.8500422610913897,M7l,0.4290583114438251,k5r,False,False,0,,1.0
aff15_wu_m512_seed1,15,y,88,3.322123541953357e-05,True,8,2,3,0.5206709584285156,False,0.7557874327829355,M1l,0.5206857363259236,k5l,False,False,0,,1.0
aff15_wu_m512_seed1,15,y,89,0.00010468270179504372,True,12,4,5,0.3212375402129291,False,0.3370202576628152,M4l,0.30802018674659476,k6l,False,False,0,,1.0
aff15_wu_m512_seed1,15,y,90,0.0022652848851091377,True,12,4,5,0.9126433230359435,True,0.5895101082529057,M14l,0.7510611806944013,k6l,False,False,4,"3,6,9,12",1.0
aff15_wu_m512_seed1,15,y,91,403.34728132677134,True,8,2,3,0.9999954924192809,True,0.9999958534710716,M7l,0.9999959316580871,k5r,True,True,0,,1.0
aff15_wu_m512_seed1,15,y,92,0.0005724888356242486,True,12,4,5,0.7742254621806143,False,0.5281845006746235,M1r,0.5756927981234887,k6l,False,False,0,,1.0
aff15_wu_m512_seed1,15,y,93,0.0001194894271883542,True,12,4,5,0.6249293841969685,False,0.5451677946166681,M12l,0.6118503425270924,k6l,False,False,0,,1.0
aff15_wu_m512_seed1,15,y,94,0.00093135874146726,True,12,4,5,0.8811958819084268,False,0.6783247260011915,M14l,0.7294473641677498,k3l,False,False,0,,1.0
aff15_wu_m512_seed1,15,y,95,4.9721947608308384e-05,True,12,4,5,0.5787765185701079,False,0.5217149489002639,M3l,0.43715301261400724,k6l,False,False,0,,1.0
aff15_wu_m512_seed1,15,y,96,0.0005696236638747864,True,12,4,5,0.6040873317331192,False,0.7029936560675524,M0l,0.5723783644278975,k6l,False,False,0,,1.0
aff15_wu_m512_seed1,15,y,97,0.00011763956716146233,True,12,4,5,0.5218764636199487,False,0.6883845359873061,M13l,0.503173960561635,k3l,False,False,0,,1.0
aff15_wu_m512_seed1,15,y,98,0.003918552607425004,True,12,4,5,0.9640973961136059,True,0.740354074466465,M2l,0.5664835489460436,k3r,False,False,4,"3,6,9,12",1.0
aff15_wu_m512_seed1,15,y,99,0.0008418607484431946,True,8,2,3,0.5701408126246706,False,0.6952790961007633,M14l,0.5701413340613647,k5l,False,False,0,,1.0
aff15_wu_m512_seed1,15,y,100,0.00014016712458687702,True,12,4,5,0.9402058584784966,True,0.5436301287954705,M1r,0.6114528955435304,k6l,False,False,4,"3,6,9,12",1.0
aff15_wu_m512_seed1,15,y,101,0.00022849963209551662,True,12,4,5,0.7671017590014056,False,0.5966803619280152,M3l,0.5458471172071527,k3l,False,False,0,,1.0
aff15_wu_m512_seed1,15,y,102,242.03631758479756,True,12,4,5,0.9999958905984967,True,0.9999949827400806,M6l,0.5874310551837381,k3r,True,False,4,"3,6,9,12",1.0
aff15_wu_m512_seed1,15,y,103,4.1190145168592835e-05,True,3,1,0,0.3663918839531804,False,0.13826046987037827,M5l,0.1399639553109273,k3l,False,False,0,,1.0
aff15_wu_m512_seed1,15,y,104,3.114394829382817e-05,True,12,4,5,0.9669387597468093,True,0.5552806863567561,M11r,0.9370431296417171,k6l,False,True,4,"3,6,9,12",1.0
aff15_wu_m512_seed1,15,y,105,9.548517372315813e-05,True,12,4,5,0.7849212534784678,False,0.6420264809410684,M8l,0.4626464045024493,k6l,False,False,0,,1.0
aff15_wu_m512_seed1,15,y,106,0.00015158484622642015,True,12,4,5,0.5241402471023193,False,0.747635213773779,M3l,0.44305331863403463,k3l,False,False,0,,1.0
aff15_wu_m512_seed1,15,y,107,0.00014069659207393184,True,12,4,5,0.6010832101540847,False,0.8972963229257644,M4l,0.36368229515071027,k6l,False,False,0,,1.0
aff15_wu_m512_seed1,15,y,108,0.00018193595452758679,True,12,4,5,0.8848171723211785,False,0.7327989966310755,M5l,0.5587244968781672,k6l,False,False,0,,1.0
aff15_wu_m512_seed1,15,y,109,4.9614134970038235e-05,True,8,2,3,0.8063138444589841,False,0.8667425735821634,M11l,0.8063196290403397,k5l,False,False,0,,1.0
aff15_wu_m512_seed1,15,y,110,0.00038840838989743815,True,12,4,5,0.9247387159375471,True,0.7410804073920091,M0l,0.8115452081228611,k3l,False,False,4,"3,6,9,12",1.0
aff15_wu_m512_seed1,15,y,111,226.95152020894088,True,12,4,5,0.9999940712703338,True,0.9999901638108868,M7l,0.5875495198633824,k3r,True,False,4,"3,6,9,12",1.0
aff15_wu_m512_seed1,15,y,112,0.0002549764217384829,True,12,4,5,0.7776475656353249,False,0.4526881227299187,M11r,0.6977966013952585,k6l,False,False,0,,1.0
aff15_wu_m512_seed1,15,y,113,0.0004646857032319581,True,12,4,5,0.6247318771342456,False,0.6218060823090339,M9l,0.3671985447595489,k3r,False,False,0,,1.0
aff15_wu_m512_seed1,15,y,114,0.00010921889775914403,True,12,4,5,0.8039933387910401,False,0.7104934498444595,M13l,0.472364991520913,k3r,False,False,0,,1.0
aff15_wu_m512_seed1,15,y,115,0.00020071647364362522,True,12,4,5,0.43447000031884464,False,0.5595611303229621,M14l,0.3834783156392064,k3l,False,False,0,,1.0
aff15_wu_m512_seed1,15,y,116,0.00020625243474795132,True,12,4,5,0.8720909515920292,False,0.5499462841485969,M8l,0.6057021234183795,k6l,False,False,0,,1.0
aff15_wu_m512_seed1,15,y,117,282.00881601797005,True,3,1,0,0.4470526643335125,False,3.27716106645342e-06,M1r,2.9139322536701125e-06,k3l,False,False,0,,1.0
aff15_wu_m512_seed1,15,y,118,131.4342587113392,True,3,1,0,0.44803353352344044,False,6.082173122041027e-06,M5l,5.852885362012209e-06,k5r,False,False,0,,1.0
aff15_wu_m512_seed1,15,y,119,227.70982524265858,True,12,4,5,0.9999975975506832,True,0.9999959430177585,M11l,0.5874267583981014,k3r,True,False,4,"3,6,9,12",1.0
aff15_wu_m512_seed1,15,y,120,0.0003845846541738465,True,12,4,5,0.9367280284481957,True,0.6102731285201441,M8l,0.5501641576088776,k3r,False,False,4,"3,6,9,12",1.0
aff15_wu_m512_seed1,15,y,121,0.00032323934382661574,True,12,4,5,0.9472444707245186,True,0.8098317090200217,M12l,0.802303380585727,k3l,False,False,4,"3,6,9,12",1.0
aff15_wu_m512_seed1,15,y,122,9.359853986039003e-05,True,12,4,5,0.63147419729417,False,0.46621120163909757,M1r,0.5361668110765374,k3l,False,False,0,,1.0
aff15_wu_m512_seed1,15,y,123,0.0011429349022058324,True,8,2,3,0.7894382697002876,False,0.8763457726533769,M11l,0.7894384421072692,k5l,False,False,0,,1.0
aff15_wu_m512_seed1,15,y,124,413.15272365506866,True,8,2,3,0.9999951538589252,True,0.999996038056207,M7l,0.9999955910180734,k5l,True,True,0,,1.0
aff15_wu_m512_seed1,15,y,125,0.0015424243916482908,True,12,4,5,0.9579079214615582,True,0.538329460626449,M1r,0.8542685220587641,k6l,False,False,4,"3,6,9,12",1.0
aff15_wu_m512_seed1,15,y,126,0.0017445151556553574,True,12,4,5,0.7836137261187945,False,0.8999577551698519,M3l,0.46035876011814403,k3r,False,False,0,,1.0
aff15_wu_m512_seed1,15,y,127,0.0004215014086669062,True,8,2,3,0.9755402754373571,True,0.8649876568721836,M7l,0.9755417181830975,k5r,False,True,0,,1.0
aff15_wu_m512_seed1,15,y,128,0.00023395576448424353,True,8,2,3,0.7747652794626666,False,0.832548083104651,M6l,0.7747666026307188,k5l,False,False,0,,1.0
aff15_wu_m512_seed1,15,y,129,6.691555431253463e-05,True,12,4,5,0.374537445211136,False,0.35965948250585233,M10l,0.31390637078473266,k6l,False,False,0,,1.0
aff15_wu_m512_seed1,15,y,130,5.1168402323266494e-05,True,12,4,5,0.8891600050327435,False,0.7817937624571335,M13l,0.5223674928737343,k3r,False,False,0,,1.0
aff15_wu_m512_seed1,15,y,131,237.0134202145309,True,12,4,5,0.9999935726592337,True,0.9999951877174101,M7l,0.5875566123279471,k3r,True,False,4,"3,6,9,12",1.0
aff15_wu_m512_seed1,15,y,132,7.612902709345271e-05,True,8,2,3,0.6343514422368112,False,0.6802240782482777,M11r,0.6343541202721633,k5l,False,False,0,,1.0
aff15_wu_m512_seed1,15,y,133,153.3569624549596,True,8,2,3,0.9999907165690363,True,0.9999927892390004,M2l,0.999990878914734,k5l,True,True,0,,1.0
aff15_wu_m512_seed1,15,y,134,0.00022882702734573998,True,12,4,5,0.8043628177051548,False,0.6374099989233941,M10l,0.7710474485989476,k6l,False,False,0,,1.0
aff15_wu_m512_seed1,15,y,135,0.00042231514303300936,True,8,2,3,0.5648255621514686,False,0.7581787126170226,M8l,0.5648267052626814,k5r,False,False,0,,1.0
aff15_wu_m512_seed1,15,y,136,0.0006973778516686865,True,12,4,5,0.9094770088893703,True,0.6233285356459275,M6l,0.8464866462973247,k6l,False,False,4,"3,6,9,12",1.0
aff15_wu_m512_seed1,15,y,137,264.57557971756245,True,8,2,3,0.9999923668574141,True,0.99999200173246,M2l,0.9999925385638373,k5l,True,True,0,,1.0
aff15_wu_m512_seed1,15,y,138,4.032861233316806e-05,True,12,4,5,0.8539708504934985,False,0.575134709090462,M11r,0.8536635659749671,k3l,False,False,0,,1.0
aff15_wu_m512_seed1,15,y,139,277.55149692112076,True,3,1,0,0.44709624672841913,False,2.8653104795886014e-06,M2l,2.7884012681148215e-06,k5r,False,False,0,,1.0
aff15_wu_m512_seed1,15,y,140,0.0009027672196280749,True,12,4,5,0.9512111845183379,True,0.7761634242516167,M9l,0.7736071367915331,k3l,False,False,4,"3,6,9,12",1.0
aff15_wu_m512_seed1,15,y,141,0.0003541175187090391,True,8,2,3,0.6237119807992743,False,0.6748859998737394,M2l,0.6237124343341586,k5l,False,False,0,,1.0
aff15_wu_m512_seed1,15,y,142,0.0005455543837011518,True,12,4,5,0.7976612859727474,False,0.80074086320325,M8l,0.4849457183201608,k3l,False,False,0,,1.0
aff15_wu_m512_seed1,15,y,143,0.00022942148107113684,True,12,4,5,0.9204446288238715,True,0.6524172467704377,M8l,0.5803187446742654,k3l,False,False,4,"3,6,9,12",1.0
aff15_wu_m512_seed1,15,y,144,0.0001012124154915303,True,12,4,5,0.689499467110529,False,0.8158608825178784,M5l,0.4213218472505183,k6l,False,False,0,,1.0
aff15_wu_m512_seed1,15,y,145,252.71861931722452,True,3,1,0,0.44686833976623286,False,2.90702157317994e-06,M12l,2.1176242766899725e-06,k5r,False,False,0,,1.0
aff15_wu_m512_seed1,15,y,146,0.0003255760678900278,True,12,4,5,0.8859956089950993,False,0.6166766581673081,M8l,0.5201121039845753,k3r,False,False,0,,1.0
aff15_wu_m512_seed1,15,y,147,1.0408281042506522e-05,True,8,2,3,0.726767960565058,False,0.7362110275108543,M10l,0.726829865082544,k5l,False,False,0,,1.0
aff15_wu_m512_seed1,15,y,148,0.0023311775901433303,True,12,4,5,0.9300794801820604,True,0.7061036200478785,M11l,0.7621488959961443,k6l,False,False,4,"3,6,9,12",1.0
aff15_wu_m512_seed1,15,y,149,3.991164110219624e-05,True,12,4,5,0.9074217255212581,True,0.5119545429694545,M11r,0.7656524233757618,k6l,False,False,4,"3,6,9,12",1.0
aff15_wu_m512_seed1,15,y,150,8.657653207457314e-05,True,12,4,5,0.7784333507386385,False,0.793920449499575,M2l,0.6715906951652364,k3l,False,False,0,,1.0
aff15_wu_m512_seed1,15,y,151,7.221214319779401e-05,True,8,2,3,0.7372329315209751,False,0.8197459807572464,M3l,0.7372369310092098,k5l,False,False,0,,1.0
aff15_wu_m512_seed1,15,y,152,0.0007069347422276782,True,12,4,5,0.7180862212023114,False,0.6949738186899471,M2l,0.4219274718982628,k3r,False,False,0,,1.0
aff15_wu_m512_seed1,15,y,153,9.7242009676378e-05,True,12,4,5,0.534730669633891,False,0.9097603469838621,M1l,0.4164589658494715,k5r,True,False,0,,1.0
aff15_wu_m512_seed1,15,y,154,1.5263198900836905e-05,True,12,4,5,0.5736878912382795,False,0.5569189871231879,M12l,0.3365398517734387,k3r,False,False,0,,1.0
aff15_wu_m512_seed1,15,y,155,0.00012942840185768196,True,12,4,5,0.7295745528127882,False,0.4532247653742227,M1l,0.4289010923104255,k3r,False,False,0,,1.0
aff15_wu_m512_seed1,15,y,156,5.279814697777507e-05,True,12,4,5,0.8200127473521265,False,0.583179465183713,M13l,0.8001155404533632,k3l,False,False,0,,1.0
aff15_wu_m512_seed1,15,y,157,4.435904185566555e-05,True,12,4,5,0.916606778689705,True,0.5749279664661008,M5l,0.8569599830629809,k3l,False,False,4,"3,6,9,12",1.0
aff15_wu_m512_seed1,15,y,158,5.850080936064608e-05,True,8,2,3,0.5799550230464117,False,0.8681221091609415,M8l,0.5799597415291614,k5l,False,False,0,,1.0
aff15_wu_m512_seed1,15,y,159,0.0039188245309452795,True,12,4,5,0.9734541356693593,True,0.5465001059795211,M1r,0.6364530523444777,k6l,False,False,4,"3,6,9,12",1.0
aff15_wu_m512_seed1,15,y,160,3.928663061422645e-05,True,12,4,5,0.5739772603824845,False,0.6446703745359138,M1l,0.33699379644047767,k3r,False,False,0,,1.0
aff15_wu_m512_seed1,15,y,161,0.001485962229847691,True,12,4,5,0.98116959713646,True,0.5660556320625084,M2l,0.8617528057435933,k6l,False,False,4,"3,6,9,12",1.0
aff15_wu_m512_seed1,15,y,162,0.0002763364970569948,True,12,4,5,0.4756411260876575,False,0.5443164443527306,M3l,0.34344777868188414,k6l,False,False,0,,1.0
aff15_wu_m512_seed1,15,y,163,0.001034256726950099,True,12,4,5,0.9585704776949259,True,0.5592944979654316,M11r,0.9022751583720506,k3l,False,True,4,"3,6,9,12",1.0
aff15_wu_m512_seed1,15,y,164,0.0001397393964555503,True,12,4,5,0.6210885938307409,False,0.6653611473948584,M13l,0.4531858676926057,k6l,False,False,0,,1.0
aff15_wu_m512_seed1,15,y,165,0.00035743587548431766,True,12,4,5,0.7897243838721694,False,0.5679882414480408,M11r,0.6343865853015491,k6l,False,False,0,,1.0
aff15_wu_m512_seed1,15,y,166,15.88951760755492,True,3,1,0,0.44663724174362934,False,3.906441759807644e-05,M11l,3.382717932462966e-05,k5l,False,False,0,,1.0
aff15_wu_m512_seed1,15,y,167,0.0005322912837167641,True,12,4,5,0.9851014813384946,True,0.6632286093857124,M0l,0.6672511323866601,k3l,False,False,4,"3,6,9,12",1.0
aff15_wu_m512_seed1,15,y,168,4.014468959547364e-05,True,12,4,5,0.4763008502320144,False,0.6852967102776147,M2l,0.4094141206626603,k5r,False,False,0,,1.0
aff15_wu_m512_seed1,15,y,169,0.0057472252109986004,True,12,4,5,0.974756365025415,True,0.7738674798857128,M8l,0.7803526790427359,k3l,False,False,4,"3,6,9,12",1.0
aff15_wu_m512_seed1,15,y,170,227.61430444900068,True,12,4,5,0.9999959247295618,True,0.9999948233820325,M4l,0.5875132464034492,k3r,True,False,4,"3,6,9,12",1.0
aff15_wu_m512_seed1,15,y,171,38.57395903302181,True,3,1,0,0.4466986876863979,False,2.0399348054829887e-05,M14l,1.6898467566954416e-05,k5l,False,False,0,,1.0
aff15_wu_m512_seed1,15,y,172,417.649828605892,True,8,2,3,0.9999945056663797,True,0.9999949798883516,M7l,0.9999949412620148,k5l,True,True,0,,1.0
aff15_wu_m512_seed1,15,y,173,239.87580788007338,True,12,4,5,0.999996566327,True,0.9999929897503944,M7l,0.5875627068751164,k3r,True,False,4,"3,6,9,12",1.0
aff15_wu_m512_seed1,15,y,174,6.334442756141064e-05,True,3,1,0,0.3070404378639106,False,0.10100291576387267,M6l,0.14548313645902014,k3l,False,False,0,,1.0
aff15_wu_m512_seed1,15,y,175,0.0003688897098005917,True,8,2,3,0.7964489403650987,False,0.8054048312836937,M5l,0.7964495885396868,k5r,False,False,0,,1.0
aff15_wu_m512_seed1,15,y,176,238.25462863776755,True,12,4,5,0.9999948294509435,True,0.9999932762992628,M3l,0.5872377890883456,k3r,True,False,4,"3,6,9,12",1.0
aff15_wu_m512_seed1,15,y,177,285.25725075859697,True,3,1,0,0.4485404785235483,False,9.500863017150471e-07,M12l,7.03093089515405e-07,k3r,False,False,0,,1.0
aff15_wu_m512_seed1,15,y,178,0.00033333334059386475,True,12,4,5,0.6500269102943254,False,0.5735010640011771,M9l,0.5036524337203051,k6l,False,False,0,,1.0
aff15_wu_m512_seed1,15,y,179,0.00032252691784253343,True,12,4,5,0.9785386296102937,True,0.5622791065768254,M8l,0.8108969855919641,k6l,False,False,4,"3,6,9,12",1.0
aff15_wu_m512_seed1,15,y,180,0.0013538293062838758,True,8,2,3,0.6022775152268146,False,0.7725039587900081,M10l,0.6022780871442418,k5l,False,False,0,,1.0
aff15_wu_m512_seed1,15,y,181,129.03640160764638,True,8,2,3,0.9999943964654376,True,0.9999951278166933,M11l,0.9999945628398056,k5l,True,True,0,,1.0
aff15_wu_m512_seed1,15,y,182,0.00017742278376019517,True,12,4,5,0.4929743568270378,False,0.7581973937683556,M8l,0.43947469269981326,k5l,False,False,0,,1.0
aff15_wu_m512_seed1,15,y,183,0.0002976103471305751,True,12,4,5,0.6009140024967871,False,0.6154684425263149,M2l,0.5226003235113976,k6l,False,False,0,,1.0
aff15_wu_m512_seed1,15,y,184,6.200586849538279e-05,True,12,4,5,0.8431085511931917,False,0.7220454681625272,M9l,0.712108797098878,k3l,False,False,0,,1.0
aff15_wu_m512_seed1,15,y,185,223.97350488491546,True,12,4,5,0.9999960157338766,True,0.999995020980571,M3l,0.5872415623490075,k3r,True,False,4,"3,6,9,12",1.0
aff15_wu_m512_seed1,15,y,186,2.6590773572503168e-05,True,12,4,5,0.6980449710766803,False,0.599148349048891,M1l,0.5040952398642463,k6l,False,False,0,,1.0
aff15_wu_m512_seed1,15,y,187,4.4255460658332323e-05,True,7,1,0,0.5046454338177844,False,0.32154293661737005,M11l,0.2975591603545843,k6l,False,False,0,,1.0
aff15_wu_m512_seed1,15,y,188,0.0010923828258392863,True,12,4,5,0.930793535157381,True,0.6946848806131238,M6l,0.8681726151786411,k3l,False,False,4,"3,6,9,12",1.0
aff15_wu_m512_seed1,15,y,189,226.8126869544147,True,12,4,5,0.9999966602433573,True,0.999996218309449,M4l,0.5875077425347522,k3r,True,False,4,"3,6,9,12",1.0
aff15_wu_m512_seed1,15,y,190,0.0005699651912757391,True,12,4,5,0.8654690212092884,False,0.7467597869454914,M1l,0.6637434586047593,k3l,False,False,0,,1.0
aff15_wu_m512_seed1,15,y,191,240.42779867545806,True,12,4,5,0.999997006236281,True,0.9999968060314393,M5l,0.5873035362536113,k3r,True,False,4,"3,6,9,12",1.0
aff15_wu_m512_seed1,15,y,192,0.00019032758055056602,True,8,2,3,0.5947783463479551,False,0.7016356600755375,M1l,0.5947799025857424,k5r,False,False,0,,1.0
aff15_wu_m512_seed1,15,y,193,7.313162994729994e-06,True,12,4,5,0.6741040685316605,False,0.5010768311005874,M14l,0.5759646079163154,k3l,False,False,0,,1.0
aff15_wu_m512_seed1,15,y,194,0.00038056254673245497,True,12,4,5,0.732676447867229,False,0.7047365126605099,M5l,0.6672042368757612,k6l,False,False,0,,1.0
aff15_wu_m512_seed1,15,y,195,0.0007164105761610916,True,12,4,5,0.7130536979809097,False,0.8556487073507548,M3l,0.41869820648143186,k3r,False,False,0,,1.0
aff15_wu_m512_seed1,15,y,196,9.399131759610422e-06,True,8,2,3,0.5149976359676004,False,0.7426509012690751,M5l,0.5150603261671783,k5l,False,False,0,,1.0
aff15_wu_m512_seed1,15,y,197,9.788455833935996e-05,True,12,4,5,0.6762972330389979,False,0.8149290444971031,M12l,0.4407496642309732,k6l,False,False,0,,1.0
aff15_wu_m512_seed1,15,y,198,9.333097771955215e-05,True,12,4,5,0.5920822334205934,False,0.34066253246094363,M11r,0.5022410241561411,k3l,False,False,0,,1.0
aff15_wu_m512_seed1,15,y,199,7.52412601134053e-05,True,12,4,5,0.8713851765873613,False,0.665691452037651,M9l,0.5570002456506457,k6l,False,False,0,,1.0
aff15_wu_m512_seed1,15,y,200,0.00021513504376379145,True,12,4,5,0.7325646190680337,False,0.714785772960997,M11l,0.5815071532259345,k3l,False,False,0,,1.0
aff15_wu_m512_seed1,15,y,201,7.935544939207756e-05,True,12,4,5,0.7006359166496706,False,0.5571194622346254,M8l,0.6397896902574163,k6l,False,False,0,,1.0
aff15_wu_m512_seed1,15,y,202,0.00045125579261077705,True,12,4,5,0.8384948859534528,False,0.6184355349852417,M5l,0.7614462338619528,k3l,False,False,0,,1.0
aff15_wu_m512_seed1,15,y,203,0.0005081892504192976,True,8,2,3,0.9382722627159069,True,0.8678984000960602,M4l,0.9382727458416051,k5l,False,True,0,,1.0
aff15_wu_m512_seed1,15,y,204,0.0002564917590940829,True,12,4,5,0.8332708485745025,False,0.7164826651635078,M2l,0.48968664925972166,k3r,False,False,0,,1.0
aff15_wu_m512_seed1,15,y,205,0.00013609479511594286,True,3,1,0,0.28548740136435063,False,0.2622277897256902,M1l,0.15452215579796083,k5r,False,False,0,,1.0
aff15_wu_m512_seed1,15,y,206,6.08333485389711e-05,True,8,2,3,0.4764910027486762,False,0.802789483031926,M9l,0.4764943972672613,k5r,False,False,0,,1.0
aff15_wu_m512_seed1,15,y,207,0.00047378745989346287,True,12,4,5,0.9178020551741616,True,0.5513580716555823,M11r,0.8567157968295873,k6l,False,False,4,"3,6,9,12",1.0
aff15_wu_m512_seed1,15,y,208,0.00010992616871684573,True,8,2,3,0.9375228281759408,True,0.9556289428260122,M1l,0.937525296974053,k5r,True,True,0,,1.0
aff15_wu_m512_seed1,15,y,209,2.196059550382172e-05,True,12,4,5,0.8432347838815454,False,0.4898222979440022,M4r,0.6478219826288003,k3l,False,False,0,,1.0
aff15_wu_m512_seed1,15,y,210,7.016028309131298e-05,True,12,4,5,0.3567838381908081,False,0.4641153463755084,M1r,0.35133757258623766,k5l,False,False,0,,1.0
aff15_wu_m512_seed1,15,y,211,5.35214534290766e-05,True,3,1,0,0.29492173115319836,False,0.23712593528238296,M7l,0.14976654344309204,k6l,False,False,0,,1.0
aff15_wu_m512_seed1,15,y,212,0.0002628478205325221,True,8,2,3,0.5786075369604172,False,0.6731444323941196,M7l,0.5786085559923712,k5l,False,False,0,,1.0
aff15_wu_m512_seed1,15,y,213,2.684617171080107e-06,False,12,4,5,0.8962921118579619,False,0.741720785087778,M3l,0.7335837257846749,k6l,False,False,0,,1.0
aff15_wu_m512_seed1,15,y,214,1.7326835623714226e-05,True,12,4,5,0.8440450831210251,False,0.773920544259036,M8l,0.7739622500285873,k3l,False,False,0,,1.0
aff15_wu_m512_seed1,15,y,215,0.00039809623073281715,True,12,4,5,0.7257116990234298,False,0.6131915580488329,M10l,0.6082763331337931,k3l,False,False,0,,1.0
aff15_wu_m512_seed1,15,y,216,0.0001881899091768619,True,12,4,5,0.5423852892167501,False,0.6300444433030095,M4l,0.5180087426373186,k3l,False,False,0,,1.0
aff15_wu_m512_seed1,15,y,217,0.0001633883780413732,True,12,4,5,0.8966724638060183,False,0.7947667225553755,M4l,0.698378823836418,k6l,False,False,0,,1.0
aff15_wu_m512_seed1,15,y,218,9.184598378336253e-05,True,8,2,3,0.5925374569462847,False,0.8204826065711921,M10l,0.5925387663309489,k5r,False,False,0,,1.0
aff15_wu_m512_seed1,15,y,219,1.6322344834469373e-05,True,12,4,5,0.3394511412983617,False,0.30866545021976227,M1r,0.28599217863255166,k6l,False,False,0,,1.0
aff15_wu_m512_seed1,15,y,220,0.0003643516220130312,True,8,2,3,0.8786613881316827,False,0.82419847996925,M10l,0.878662921260117,k5l,False,False,0,,1.0
aff15_wu_m512_seed1,15,y,221,3.723122543687124e-05,True,12,4,5,0.5718159242870282,False,0.46120793401170185,M11r,0.3814507963378449,k3l,False,False,0,,1.0
aff15_wu_m512_seed1,15,y,222,7.698683467729387e-05,True,8,2,3,0.7902140335069814,False,0.7841563670764392,M2l,0.7902168390342394,k5l,False,False,0,,1.0
aff15_wu_m512_seed1,15,y,223,6.657333392659399e-05,True,12,4,5,0.4998199708815108,False,0.6637924192869034,M8l,0.3602569267741822,k6l,False,False,0,,1.0
aff15_wu_m512_seed1,15,y,224,0.003540512492448618,True,8,2,3,0.5813735913131641,False,0.7888286058666063,M6l,0.581373938818886,k5l,False,False,0,,1.0
aff15_wu_m512_seed1,15,y,225,285.41309237172453,True,3,1,0,0.4486624006941829,False,1.5062528540458734e-06,M1r,1.2434608967685819e-06,k6l,False,False,0,,1.0
aff15_wu_m512_seed1,15,y,226,0.00010729631488348137,True,12,4,5,0.5691048105901937,False,0.6735767888732375,M3l,0.552005648631036,k6l,False,False,0,,1.0
aff15_wu_m512_seed1,15,y,227,8.525703583057908e-05,True,12,4,5,0.7570580086945203,False,0.9331746416368842,M9l,0.540386901581311,k6l,True,False,0,,1.0
aff15_wu_m512_seed1,15,y,228,8.124198866636307e-06,True,8,2,3,0.6471368509103451,False,0.6638911513832589,M1l,0.6471659765905848,k5l,False,False,0,,1.0
aff15_wu_m512_seed1,15,y,229,6.845886881312207e-06,True,12,4,5,0.33662124768395263,False,0.3097405381704878,M4l,0.25057294227347865,k6l,False,False,0,,1.0
aff15_wu_m512_seed1,15,y,230,201.56645705037332,True,12,4,5,0.9999956284281623,True,0.9999948886662614,M9l,0.5875087258481635,k3r,True,False,4,"3,6,9,12",1.0
aff15_wu_m512_seed1,15,y,231,240.77601076956822,True,12,4,5,0.9999952717467749,True,0.9999952099312708,M13l,0.5872331265090345,k3r,True,False,4,"3,6,9,12",1.0
aff15_wu_m512_seed1,15,y,232,0.0009886624299465386,True,12,4,5,0.9432532003469203,True,0.535812928980156,M11r,0.8718638450995507,k6l,False,False,4,"3,6,9,12",1.0
aff15_wu_m512_seed1,15,y,233,0.0008445560922800998,True,8,2,3,0.7120057675893959,False,0.8107558096150183,M14l,0.7120064196741382,k5r,False,False,0,,1.0
aff15_wu_m512_seed1,15,y,234,4.758801986762172e-05,True,12,4,5,0.5648218443624943,False,0.7666902971483374,M6l,0.44344962024226936,k3l,False,False,0,,1.0
aff15_wu_m512_seed1,15,y,235,33.64416041200342,True,12,4,5,0.9999921171143709,True,0.9999918782672784,M14l,0.587509144727992,k3r,True,False,4,"3,6,9,12",1.0
aff15_wu_m512_seed1,15,y,236,0.00032292854985324816,True,12,4,5,0.6676816016424842,False,0.6570257680140408,M9l,0.6665179704068968,k3l,False,False,0,,1.0
aff15_wu_m512_seed1,15,y,237,0.0005061365058242183,True,12,4,5,0.4858525040399922,False,0.8177194436162103,M13l,0.47007149289779426,k5l,False,False,0,,1.0
aff15_wu_m512_seed1,15,y,238,2.96787307031565e-05,True,12,4,5,0.8963857939295827,False,0.6953785260742001,M6l,0.6368189114560335,k6l,False,False,0,,1.0
aff15_wu_m512_seed1,15,y,239,0.0006487290225593147,True,12,4,5,0.8947531683376881,False,0.576898050853192,M11r,0.701969785435426,k3l,False,False,0,,1.0
aff15_wu_m512_seed1,15,y,240,0.0002770849069361461,True,8,2,3,0.7220465627816703,False,0.7011087466309147,M2l,0.722047235450666,k5l,False,False,0,,1.0
aff15_wu_m512_seed1,15,y,241,0.0008712175577109103,True,12,4,5,0.7687813595863559,False,0.6306151075948325,M11l,0.46842551355732587,k3l,False,False,0,,1.0
aff15_wu_m512_seed1,15,y,242,0.0002234700903017669,True,12,4,5,0.7996435033567494,False,0.6969249689043052,M12l,0.6266575493198216,k6l,False,False,0,,1.0
aff15_wu_m512_seed1,15,y,243,6.753055858161254e-05,True,8,2,3,0.768111884839517,False,0.743459459886369,M11l,0.7681135088653214,k5l,False,False,0,,1.0
aff15_wu_m512_seed1,15,y,244,0.00040929480029262626,True,12,4,5,0.663586909373526,False,0.5550429493082977,M11r,0.6151394530429908,k6l,False,False,0,,1.0
aff15_wu_m512_seed1,15,y,245,0.0006051991094081274,True,12,4,5,0.9168886114915976,True,0.7617878979806073,M1l,0.5397547777489032,k6l,False,False,4,"3,6,9,12",1.0
aff15_wu_m512_seed1,15,y,246,5.657829415618207e-05,True,12,4,5,0.5744106759824343,False,0.34639267491508474,M14r,0.453792006501899,k3l,False,False,0,,1.0
aff15_wu_m512_seed1,15,y,247,242.43531676898357,True,12,4,5,0.9999966474493596,True,0.9999962342422877,M10l,0.5872962451798382,k3r,True,False,4,"3,6,9,12",1.0
aff15_wu_m512_seed1,15,y,248,7.419640432319306e-05,True,12,4,5,0.4598813198484303,False,0.6441686506815871,M9l,0.43963895686540444,k3l,False,False,0,,1.0
aff15_wu_m512_seed1,15,y,249,0.0007027596445488328,True,12,4,5,0.8880351210726836,False,0.6367436535947918,M12l,0.715686590632607,k6l,False,False,0,,1.0
aff15_wu_m512_seed1,15,y,250,3.714411625120959e-05,True,12,4,5,0.7132249379854855,False,0.6703175721310054,M8l,0.631809267797826,k3l,False,False,0,,1.0
aff15_wu_m512_seed1,15,y,251,0.00029232535265280276,True,12,4,5,0.8682634551597754,False,0.5399745560311823,M7l,0.8146493622888635,k3l,False,False,0,,1.0
aff15_wu_m512_seed1,15,y,252,0.00011334023452981448,True,12,4,5,0.3992952663389865,False,0.5723029207104114,M9l,0.30557547982378463,k5l,False,False,0,,1.0
aff15_wu_m512_seed1,15,y,253,0.00017954537440430612,True,12,4,5,0.6060590604987263,False,0.42692067595164035,M1r,0.6055092741161328,k3l,False,False,0,,1.0
aff15_wu_m512_seed1,15,y,254,0.0006789152614216377,True,8,2,3,0.5551084226220732,False,0.8200969022064398,M14l,0.5551088334222276,k5r,False,False,0,,1.0
aff15_wu_m512_seed1,15,y,255,0.00016519555400149058,True,12,4,5,0.6453541492939336,False,0.6368000380759339,M1l,0.47240948408628425,k3l,False,False,0,,1.0
aff15_wu_m512_seed1,15,y,256,0.000978914185881861,True,12,4,5,0.9173490039296208,True,0.5576484656551434,M11r,0.8929551345440998,k3l,False,False,4,"3,6,9,12",1.0
aff15_wu_m512_seed1,15,y,257,0.00010519732131506614,True,12,4,5,0.7026631204860768,False,0.4945876008396419,M13l,0.41264999725326584,k3r,False,False,0,,1.0
aff15_wu_m512_seed1,15,y,258,2.8323248566856195e-05,True,12,4,5,0.8635142607107278,False,0.6737682405441698,M13l,0.5342460983399914,k6l,False,False,0,,1.0
aff15_wu_m512_seed1,15,y,259,147.02619060772537,True,3,1,0,0.4482841237837064,False,9.632487289189416e-06,M1r,7.119088604847611e-06,k5l,False,False,0,,1.0
aff15_wu_m512_seed1,15,y,260,0.00037836337857324697,True,12,4,5,0.6948230537455621,False,0.6096081562276501,M11r,0.4081762263013862,k3r,False,False,0,,1.0
aff15_wu_m512_seed1,15,y,261,0.00042100442904772676,True,12,4,5,0.8499041516885841,False,0.693548340328519,M6l,0.6505117901842611,k6l,False,False,0,,1.0
aff15_wu_m512_seed1,15,y,262,0.00029700136516248285,True,12,4,5,0.6938986496163021,False,0.8730861429358254,M13l,0.4331734197004071,k6l,False,False,0,,1.0
aff15_wu_m512_seed1,15,y,263,0.0001282268199860292,True,12,4,5,0.5416254399053536,False,0.7378247962665727,M12l,0.3949752148562761,k6l,False,False,0,,1.0
aff15_wu_m512_seed1,15,y,264,0.0004509999874065667,True,8,2,3,0.700636072287248,False,0.7601783566796991,M12l,0.7006374036474889,k5l,False,False,0,,1.0
aff15_wu_m512_seed1,15,y,265,8.478408832023798e-05,True,12,4,5,0.5005109042061133,False,0.295507757551524,M11r,0.4256018690111904,k3l,False,False,0,,1.0
aff15_wu_m512_seed1,15,y,266,0.00038740808773813365,True,12,4,5,0.8741472693915269,False,0.5109802014658872,M1r,0.6035712569340628,k3l,False,False,0,,1.0
aff15_wu_m512_seed1,15,y,267,2.9230614401367896e-05,True,12,4,5,0.49293989008817657,False,0.3299837203790612,M11r,0.4752979029354779,k6l,False,False,0,,1.0
aff15_wu_m512_seed1,15,y,268,9.662466210811942e-05,True,12,4,5,0.742873254278892,False,0.5355758141251401,M7l,0.556563569922844,k6l,False,False,0,,1.0
aff15_wu_m512_seed1,15,y,269,3.9943072215078136e-05,True,12,4,5,0.5328474712867343,False,0.6003764452839077,M1r,0.4704499016114741,k3l,False,False,0,,1.0
aff15_wu_m512_seed1,15,y,270,0.0001615822124995318,True,8,2,3,0.5322013295145794,False,0.682172935045305,M4l,0.532202906638038,k5l,False,False,0,,1.0
aff15_wu_m512_seed1,15,y,271,8.316596389620047e-05,True,12,4,5,0.8290433745525131,False,0.56480646267426,M11r,0.6961495470858003,k6l,False,False,0,,1.0
aff15_wu_m512_seed1,15,y,272,0.0008427385401185324,True,8,2,3,0.6989793916442363,False,0.6978320417047396,M3l,0.6989801312214402,k5l,False,False,0,,1.0
aff15_wu_m512_seed1,15,y,273,2.1065655425376765e-05,True,12,4,5,0.8396018319443934,False,0.5462066624099436,M4r,0.7545150722245832,k6l,False,False,0,,1.0
aff15_wu_m512_seed1,15,y,274,3.941548217582719e-06,False,8,2,3,0.6757604202566411,False,0.7564994488525326,M8l,0.6758103312038851,k5l,False,False,0,,1.0
aff15_wu_m512_seed1,15,y,275,0.00011412012196280915,True,12,4,5,0.8860551437546494,False,0.5174491357220169,M11r,0.6563274796442129,k6l,False,False,0,,1.0
aff15_wu_m512_seed1,15,y,276,2.5804374590335342e-05,True,12,4,5,0.6807745839359755,False,0.5487617777538548,M2l,0.4306419891910842,k6l,False,False,0,,1.0
aff15_wu_m512_seed1,15,y,277,7.329866220926361e-05,True,12,4,5,0.8657312850090527,False,0.7151911076125694,M3l,0.8109270009894609,k6l,False,False,0,,1.0
aff15_wu_m512_seed1,15,y,278,239.2146732208944,True,12,4,5,0.999996719309201,True,0.9999960546625765,M5l,0.5873011237166746,k3r,True,False,4,"3,6,9,12",1.0
aff15_wu_m512_seed1,15,y,279,224.75848493421128,True,12,4,5,0.9999959672374399,True,0.9999956834141677,M5l,0.5872984074841145,k3r,True,False,4,"3,6,9,12",1.0
aff15_wu_m512_seed1,15,y,280,238.60923214053514,True,12,4,5,0.9999960736872099,True,0.9999957552658603,M7l,0.5875525858834875,k3r,True,False,4,"3,6,9,12",1.0
aff15_wu_m512_seed1,15,y,281,0.0012845504454297315,True,12,4,5,0.8501833446760435,False,0.7087697441442026,M9l,0.6662087900852075,k6l,False,False,0,,1.0
aff15_wu_m512_seed1,15,y,282,149.75624055046958,True,12,4,5,0.9999967736032551,True,0.9999964165528359,M5l,0.5873016730342759,k3r,True,False,4,"3,6,9,12",1.0
aff15_wu_m512_seed1,15,y,283,6.114435120977017e-06,True,12,4,5,0.8546360517231366,False,0.780445017921284,M11l,0.5020806544872427,k3r,False,False,0,,1.0
aff15_wu_m512_seed1,15,y,284,5.901200793116807e-05,True,12,4,5,0.7706333963119057,False,0.5388435917691425,M14l,0.7109544680779427,k6l,False,False,0,,1.0
aff15_wu_m512_seed1,15,y,285,356.62444193496077,True,8,2,3,0.9999956461994403,True,0.9999963248273723,M12l,0.99999608665348,k5r,True,True,0,,1.0
aff15_wu_m512_seed1,15,y,286,0.00017921439597545178,True,12,4,5,0.7880304620533732,False,0.5331873281569053,M1r,0.7728534386875071,k6l,False,False,0,,1.0
aff15_wu_m512_seed1,15,y,287,0.00023162904071378015,True,12,4,5,0.6778622151361886,False,0.5213851022451589,M1l,0.39849226434943147,k3r,False,False,0,,1.0
aff15_wu_m512_seed1,15,y,288,0.0011592190826341749,True,12,4,5,0.9416214660773976,True,0.5422066275177696,M11r,0.7818775320689871,k6l,False,False,4,"3,6,9,12",1.0
aff15_wu_m512_seed1,15,y,289,0.00020476272171689687,True,12,4,5,0.815921109313451,False,0.5114988986979428,M1r,0.6779932818458839,k3l,False,False,0,,1.0
aff15_wu_m512_seed1,15,y,290,0.00019443971437997862,True,8,2,3,0.7302303206609889,False,0.8730911425142043,M14l,0.7302311891541363,k5l,False,False,0,,1.0
aff15_wu_m512_seed1,15,y,291,6.807165402098867e-05,True,12,4,5,0.5641958657298535,False,0.7895691219622526,M2l,0.428655867011657,k5r,False,False,0,,1.0
aff15_wu_m512_seed1,15,y,292,0.0002881867573299602,True,8,2,3,0.7324925822004208,False,0.7146879484492258,M13l,0.7324934246238316,k5l,False,False,0,,1.0
aff15_wu_m512_seed1,15,y,293,0.0003678139815634624,True,12,4,5,0.963384412551323,True,0.6009087762748736,M7l,0.5704041019438945,k6l,False,False,4,"3,6,9,12",1.0
aff15_wu_m512_seed1,15,y,294,3.8545897666700844e-05,True,8,2,3,0.43378204199917997,False,0.589216327966843,M2l,0.4337897412403642,k5r,False,False,0,,1.0
aff15_wu_m512_seed1,15,y,295,3.284451356454647e-05,True,12,4,5,0.9588662487740399,True,0.7040637713587368,M5l,0.5632161491078869,k3r,False,False,4,"3,6,9,12",1.0
aff15_wu_m512_seed1,15,y,296,89.6105150917758,True,12,4,5,0.999994093405933,True,0.9999933300085441,M0l,0.5872899996299688,k3r,True,False,4,"3,6,9,12",1.0
aff15_wu_m512_seed1,15,y,297,6.565570603121753e-05,True,12,4,5,0.5199173492656632,False,0.589399264101151,M0l,0.3307996636294252,k5l,False,False,0,,1.0
aff15_wu_m512_seed1,15,y,298,222.13269122571472,True,12,4,5,0.9999959883346986,True,0.9999946958278341,M7l,0.5875559690513228,k3r,True,False,4,"3,6,9,12",1.0
aff15_wu_m512_seed1,15,y,299,0.006637103251157015,True,12,4,5,0.9857194845864964,True,0.7032147767382616,M3l,0.9165286032473586,k6l,False,True,4,"3,6,9,12",1.0
aff15_wu_m512_seed1,15,y,300,0.00018037644618829413,True,12,4,5,0.5907358916009147,False,0.5059088283435262,M12l,0.4554967356062019,k3l,False,False,0,,1.0
aff15_wu_m512_seed1,15,y,301,0.0004244648008496318,True,12,4,5,0.7033549718345644,False,0.7603018940361549,M8l,0.4242695735007179,k6l,False,False,0,,1.0
aff15_wu_m512_seed1,15,y,302,2.2722595777973217e-05,True,12,4,5,0.7474142836524608,False,0.9894024230440731,M0l,0.43883601331052446,k3r,True,False,0,,1.0
aff15_wu_m512_seed1,15,y,303,222.93126997308903,True,12,4,5,0.9999958289398082,True,0.9999952096992839,M7l,0.5875549781896711,k3r,True,False,4,"3,6,9,12",1.0
aff15_wu_m512_seed1,15,y,304,0.0008775519084632944,True,12,4,5,0.9842776458179421,True,0.6596002262875142,M13l,0.7697223371334424,k6l,False,False,4,"3,6,9,12",1.0
aff15_wu_m512_seed1,15,y,305,0.0006059446893509847,True,12,4,5,0.3232783819319083,False,0.23649945005665565,M7l,0.30080737452099393,k6l,False,False,0,,1.0
aff15_wu_m512_seed1,15,y,306,0.00015140465522347197,True,12,4,5,0.6831604357664565,False,0.470521968593219,M2l,0.6756033129255006,k3l,False,False,0,,1.0
aff15_wu_m512_seed1,15,y,307,0.000198459400312969,True,8,2,3,0.9077955919358,True,0.7916772377816579,M8l,0.9077974223353719,k5r,False,True,0,,1.0
aff15_wu_m512_seed1,15,y,308,0.0007678761654587998,True,12,4,5,0.886154416032403,False,0.6241186473642227,M1l,0.5403811250834769,k3l,False,False,0,,1.0
aff15_wu_m512_seed1,15,y,309,0.00021629155797040777,True,12,4,5,0.6158135786989856,False,0.6876182420121808,M10l,0.49235943748164646,k6l,False,False,0,,1.0
aff15_wu_m512_seed1,15,y,310,0.0004375304836263902,True,12,4,5,0.7309110509614969,False,0.6371102304024739,M3l,0.4290905865270833,k3r,False,False,0,,1.0
aff15_wu_m512_seed1,15,y,311,224.64830070707276,True,12,4,5,0.9999955154156048,True,0.9999934078488222,M5l,0.5872977403255678,k3r,True,False,4,"3,6,9,12",1.0
aff15_wu_m512_seed1,15,y,312,403.1922098970339,True,8,2,3,0.9999953212304447,True,0.9999955307819094,M3l,0.9999957699493703,k5l,True,True,0,,1.0
aff15_wu_m512_seed1,15,y,313,0.000260573044398099,True,12,4,5,0.8649590345075667,False,0.5419992001652867,M10l,0.5683265790034213,k6l,False,False,0,,1.0
aff15_wu_m512_seed1,15,y,314,0.002141774026202321,True,12,4,5,0.9707490235619883,True,0.6327344847502405,M5l,0.6287390825506142,k6l,False,False,4,"3,6,9,12",1.0
aff15_wu_m512_seed1,15,y,315,0.0014765122581966038,True,12,4,5,0.9579317406885226,True,0.8036006489975771,M1l,0.7972587185208362,k6l,False,False,4,"3,6,9,12",1.0
aff15_wu_m512_seed1,15,y,316,5.016171681963972e-06,True,12,4,5,0.7665899539014897,False,0.49993099904639243,M1r,0.6822441551053062,k3l,False,False,0,,1.0
aff15_wu_m512_seed1,15,y,317,4.480541802906258e-05,True,12,4,5,0.44698996507826916,False,0.512338050439556,M7l,0.40662058090391523,k3l,False,False,0,,1.0
aff15_wu_m512_seed1,15,y,318,0.00019733720010973652,True,12,4,5,0.9221751666561538,True,0.6314747936782333,M12l,0.8383655623464394,k3l,False,False,4,"3,6,9,12",1.0
aff15_wu_m512_seed1,15,y,319,0.0008399637543397804,True,12,4,5,0.4867362575964912,False,0.7824745084817001,M12l,0.3946126084125559,k5r,False,False,0,,1.0
aff15_wu_m512_seed1,15,y,320,0.00011008582659040874,True,12,4,5,0.777535700878802,False,0.5550754291052059,M4l,0.5254299049073263,k6l,False,False,0,,1.0
aff15_wu_m512_seed1,15,y,321,3.930896622780601e-05,True,12,4,5,0.5322726520305968,False,0.5509621133549025,M11r,0.3347560465866604,k5l,False,False,0,,1.0
aff15_wu_m512_seed1,15,y,322,0.00035659625263794234,True,12,4,5,0.4320296276185195,False,0.3098414441903339,M13l,0.3629106800371514,k6l,False,False,0,,1.0
aff15_wu_m512_seed1,15,y,323,0.0004950128430871825,True,12,4,5,0.8401869712874699,False,0.9113219300043686,M1l,0.5005117436683946,k6l,True,False,0,,1.0
aff15_wu_m512_seed1,15,y,324,0.00010601647061575592,True,12,4,5,0.9433829856065447,True,0.6752673500373162,M7l,0.7290417036268978,k6l,False,False,4,"3,6,9,12",1.0
aff15_wu_m512_seed1,15,y,325,8.59687675839435e-05,True,8,2,3,0.5709657577116243,False,0.6862482445736663,M11l,0.5709675071955819,k5l,False,False,0,,1.0
aff15_wu_m512_seed1,15,y,326,3.876904150631698e-05,True,12,4,5,0.3932385744623069,False,0.3991611720067182,M2l,0.2541600274871629,k3l,False,False,0,,1.0
aff15_wu_m512_seed1,15,y,327,0.0013696879583306673,True,12,4,5,0.6009001681355953,False,0.6584001908199436,M7l,0.47177316636524164,k6l,False,False,0,,1.0
aff15_wu_m512_seed1,15,y,328,0.00017263416772183099,True,12,4,5,0.6982476416934643,False,0.7918500080525631,M3l,0.4980156587993459,k6l,False,False,0,,1.0
aff15_wu_m512_seed1,15,y,329,188.31200162366983,True,7,1,0,0.9999911298227026,True,4.348400965590523e-06,M6l,2.592035110868155e-06,k3l,False,False,0,,1.0
aff15_wu_m512_seed1,15,y,330,236.31732587032627,True,12,4,5,0.9999945932142853,True,0.9999949733753822,M4l,0.5875061655267428,k3r,True,False,4,"3,6,9,12",1.0
aff15_wu_m512_seed1,15,y,331,0.00045063013166612477,True,12,4,5,0.5572271941524206,False,0.7219065095636522,M3l,0.46949430517556157,k6l,False,False,0,,1.0
aff15_wu_m512_seed1,15,y,332,0.00021902475583117275,True,12,4,5,0.8836668016227993,False,0.7340159521029607,M10l,0.5371970748141769,k3l,False,False,0,,1.0
aff15_wu_m512_seed1,15,y,333,2.691219918257807e-05,True,12,4,5,0.7034781573150978,False,0.7219914932065125,M0l,0.41348299323626264,k3r,False,False,0,,1.0
aff15_wu_m512_seed1,15,y,334,0.0003207727651306521,True,12,4,5,0.7723862668700908,False,0.8124988885984127,M2l,0.6267404371816527,k6l,False,False,0,,1.0
aff15_wu_m512_seed1,15,y,335,3.039020306981733e-05,True,12,4,5,0.295824842001287,False,0.23970399723836405,M1l,0.25864836573751865,k6l,False,False,0,,1.0
aff15_wu_m512_seed1,15,y,336,248.77617420245167,True,7,1,0,0.9999897041635677,True,5.207946663786398e-06,M11l,3.7430067354657385e-06,k3r,False,False,0,,1.0
aff15_wu_m512_seed1,15,y,337,4.9730066302174024e-05,True,12,4,5,0.9316952143181824,True,0.6628328325222195,M6l,0.6269280039481457,k3l,False,False,4,"3,6,9,12",1.0
aff15_wu_m512_seed1,15,y,338,2.2147826452533216e-05,True,12,4,5,0.5346963852238835,False,0.6540873684412186,M11l,0.48356182183244845,k3l,False,False,0,,1.0
aff15_wu_m512_seed1,15,y,339,0.0004695564397351241,True,12,4,5,0.875379782757298,False,0.6142133266285669,M12l,0.8185548086518878,k6l,False,False,0,,1.0
aff15_wu_m512_seed1,15,y,340,1.2872617208091468e-05,True,3,1,0,0.2745797067635122,False,0.21502164417716046,M11l,0.14945998471353078,k6l,False,False,0,,1.0
aff15_wu_m512_seed1,15,y,341,1.0281821305048282e-05,True,8,2,3,0.4098240217090427,False,0.5323401572698796,M1l,0.40986438817641785,k5l,False,False,0,,1.0
aff15_wu_m512_seed1,15,y,342,0.0003612195001848783,True,8,2,3,0.6017462633669021,False,0.7351535192307928,M7l,0.6017465641709986,k5r,False,False,0,,1.0
aff15_wu_m512_seed1,15,y,343,0.0022629377658813133,True,12,4,5,0.9631527142823094,True,0.5756805658016856,M11l,0.5661593266264718,k3r,False,False,4,"3,6,9,12",1.0
aff15_wu_m512_seed1,15,y,344,0.0011659695976327866,True,8,2,3,0.8813911348084906,False,0.8365880095778068,M2l,0.8813914602184315,k5l,False,False,0,,1.0
aff15_wu_m512_seed1,15,y,345,238.38866677257423,True,12,4,5,0.9999954389403102,True,0.9999961452240855,M10l,0.5873002336355725,k3r,True,False,4,"3,6,9,12",1.0
aff15_wu_m512_seed1,15,y,346,3.8656030862454936e-05,True,8,2,3,0.4377677109354622,False,0.5953036972155887,M4l,0.43777093067702183,k5l,False,False,0,,1.0
aff15_wu_m512_seed1,15,y,347,0.0010177079404432496,True,8,2,3,0.5538397097246981,False,0.6888802221830508,M14l,0.553839831749174,k5l,False,False,0,,1.0
aff15_wu_m512_seed1,15,y,348,0.0005520289664618958,True,12,4,5,0.5366328334863011,False,0.5763528355619137,M1l,0.4556422697658922,k3l,False,False,0,,1.0
aff15_wu_m512_seed1,15,y,349,2.0611306284398437e-05,True,8,2,3,0.8013726425101264,False,0.7546566300235972,M12l,0.8013900643588083,k5r,False,False,0,,1.0
aff15_wu_m512_seed1,15,y,350,9.861073379123276e-06,True,12,4,5,0.41355344247422937,False,0.45147603740133246,M14l,0.39891991611590955,k6l,False,False,0,,1.0
aff15_wu_m512_seed1,15,y,351,0.00019112918765067544,True,12,4,5,0.7792718394326368,False,0.8625256501505842,M0l,0.4578568179224909,k3r,False,False,0,,1.0
aff15_wu_m512_seed1,15,y,352,6.559203858695591e-05,True,8,2,3,0.495532387594207,False,0.6034050436460217,M1l,0.4955335862778706,k5l,False,False,0,,1.0
aff15_wu_m512_seed1,15,y,353,0.00011719878316340201,True,8,2,3,0.47621306659256707,False,0.73784930102489,M12l,0.4762142712001667,k5l,False,False,0,,1.0
aff15_wu_m512_seed1,15,y,354,0.00021175386358506806,True,12,4,5,0.8613456829976057,False,0.4918982263902161,M1r,0.8109525497676565,k3l,False,False,0,,1.0
aff15_wu_m512_seed1,15,y,355,0.00022365247398778204,True,8,2,3,0.9103671919272842,True,0.794260407916332,M4l,0.9103679766270959,k5l,False,True,0,,1.0
aff15_wu_m512_seed1,15,y,356,0.0007070836669033695,True,8,2,3,0.8117952585704958,False,0.8185774775998104,M8l,0.8117955418848714,k5l,False,False,0,,1.0
aff15_wu_m512_seed1,15,y,357,3.757202152468498e-05,True,3,1,0,0.32078899201924477,False,0.14813764902644053,M11r,0.16295217584680163,k3l,False,False,0,,1.0
aff15_wu_m512_seed1,15,y,358,1.5693774625569344e-05,True,8,2,3,0.6979896396740548,False,0.7993256765207916,M1l,0.697996482212304,k5r,False,False,0,,1.0
aff15_wu_m512_seed1,15,y,359,0.0001965655361081023,True,12,4,5,0.3644185180303319,False,0.46674750730917597,M4l,0.2742435163508276,k5l,False,False,0,,1.0
aff15_wu_m512_seed1,15,y,360,0.00019172502649897924,True,12,4,5,0.7356625997505145,False,0.7886499975137484,M1l,0.43264059406133387,k3r,False,False,0,,1.0
aff15_wu_m512_seed1,15,y,361,0.0006607791727361027,True,12,4,5,0.7813700721415517,False,0.6976839958411596,M12l,0.4589200062547778,k3r,False,False,0,,1.0
aff15_wu_m512_seed1,15,y,362,5.685234306084856e-05,True,12,4,5,0.5831672754230552,False,0.5295177463954776,M11r,0.3745826398740159,k6l,False,False,0,,1.0
aff15_wu_m512_seed1,15,y,363,0.00014830745132363472,True,12,4,5,0.5500102145319515,False,0.4607050670557017,M11r,0.513309959027814,k3l,False,False,0,,1.0
aff15_wu_m512_seed1,15,y,364,6.380230268994827e-05,True,12,4,5,0.9441133567868235,True,0.5910423752568393,M13l,0.6476008500206294,k6l,False,False,4,"3,6,9,12",1.0
aff15_wu_m512_seed1,15,y,365,407.78640137308,True,8,2,3,0.9999951453217979,True,0.9999962705932463,M7l,0.9999955799973291,k5r,True,True,0,,1.0
aff15_wu_m512_seed1,15,y,366,0.00014865336359743645,True,12,4,5,0.4029572465561893,False,0.3468750221817468,M4l,0.37102458117435455,k6l,False,False,0,,1.0
aff15_wu_m512_seed1,15,y,367,4.434808626240672e-05,True,12,4,5,0.9508729409128278,True,0.5391917864866554,M11r,0.8408965480662295,k3l,False,False,4,"3,6,9,12",1.0
aff15_wu_m512_seed1,15,y,368,5.4148861007773193e-05,True,7,1,0,0.2982207384267407,False,0.26946299178695327,M8l,0.2810395945452758,k6l,False,False,0,,1.0
aff15_wu_m512_seed1,15,y,369,238.98586871216784,True,12,4,5,0.9999955174564301,True,0.9999949057897947,M8l,0.587238380986688,k3r,True,False,4,"3,6,9,12",1.0
aff15_wu_m512_seed1,15,y,370,0.0012135535939590027,True,12,4,5,0.8790713797265941,False,0.5757755764408706,M11r,0.5165788324441374,k3r,False,False,0,,1.0
aff15_wu_m512_seed1,15,y,371,2.3560873765675846e-05,True,12,4,5,0.7313469734628986,False,0.7864639246375934,M8l,0.42911683837703674,k3r,False,False,0,,1.0
aff15_wu_m512_seed1,15,y,372,408.91545937255813,True,8,2,3,0.9999941449853826,True,0.9999964223727943,M2l,0.9999943107733797,k5r,True,True,0,,1.0
aff15_wu_m512_seed1,15,y,373,0.00010661607132660772,True,12,4,5,0.8552687846612383,False,0.6013700800789866,M13l,0.8025019566868183,k6l,False,False,0,,1.0
aff15_wu_m512_seed1,15,y,374,0.00032930913423998405,True,12,4,5,0.6644749387494433,False,0.698242126323264,M10l,0.39102741397798485,k6l,False,False,0,,1.0
aff15_wu_m512_seed1,15,y,375,0.00018288827316523352,True,8,2,3,0.47807336020360014,False,0.4975746850468926,M1l,0.47807485263133315,k5r,False,False,0,,1.0
aff15_wu_m512_seed1,15,y,376,6.55089958465665e-05,True,12,4,5,0.8763359292244866,False,0.564044574636476,M11r,0.6899636505601202,k6l,False,False,0,,1.0
aff15_wu_m512_seed1,15,y,377,0.0001473726386435471,True,12,4,5,0.5602347327460258,False,0.7209718469279658,M0l,0.42767574167117106,k5l,False,False,0,,1.0
aff15_wu_m512_seed1,15,y,378,0.0002572968551247996,True,12,4,5,0.7779542958949729,False,0.8068324469549567,M1l,0.5674212871115422,k6l,False,False,0,,1.0
aff15_wu_m512_seed1,15,y,379,0.000189116365191181,True,12,4,5,0.9752228255556453,True,0.561147456326095,M5l,0.955273209365396,k3l,False,True,4,"3,6,9,12",1.0
aff15_wu_m512_seed1,15,y,380,240.90423241813477,True,12,4,5,0.9999961210957813,True,0.9999936259416972,M3l,0.587237966721164,k3r,True,False,4,"3,6,9,12",1.0
aff15_wu_m512_seed1,15,y,381,0.00037914290084993795,True,12,4,5,0.47394038773179265,False,0.7310682244420315,M2l,0.43336607662312965,k5l,False,False,0,,1.0
aff15_wu_m512_seed1,15,y,382,242.16332852580004,True,12,4,5,0.9999960069862408,True,0.9999955423673964,M14l,0.5875163766631364,k3r,True,False,4,"3,6,9,12",1.0
aff15_wu_m512_seed1,15,y,383,8.857517806863655e-05,True,12,4,5,0.27674089883261244,False,0.2254930577321456,M13l,0.16230820281860517,k3r,False,False,0,,1.0
aff15_wu_m512_seed1,15,y,384,0.00015874057306208944,True,12,4,5,0.46953953590304626,False,0.6268441821387281,M3l,0.405778629690208,k5l,False,False,0,,1.0
aff15_wu_m512_seed1,15,y,385,7.12944367577393e-05,True,12,4,5,0.6801791912686371,False,0.539619599046678,M4l,0.5510964657432378,k3l,False,False,0,,1.0
aff15_wu_m512_seed1,15,y,386,407.11945685520044,True,8,2,3,0.9999937953017219,True,0.9999948902765958,M7l,0.9999942295618639,k5l,True,True,0,,1.0
aff15_wu_m512_seed1,15,y,387,1.9295749163940957e-05,True,12,4,5,0.640057371268147,False,0.4185752303723339,M8l,0.5087364002629899,k6l,False,False,0,,1.0
aff15_wu_m512_seed1,15,y,388,7.866637259696413e-06,True,12,4,5,0.8452050933898829,False,0.923524870334894,M1l,0.6060442081382093,k3l,True,False,0,,1.0
aff15_wu_m512_seed1,15,y,389,0.00016993885123619501,True,12,4,5,0.9095941022445504,True,0.8452487303875252,M12l,0.5393679826544654,k3l,False,False,4,"3,6,9,12",1.0
aff15_wu_m512_seed1,15,y,390,5.832190481175628e-05,True,12,4,5,0.6289584572676062,False,0.5888884636778736,M2l,0.47594461845025854,k6l,False,False,0,,1.0
aff15_wu_m512_seed1,15,y,391,0.0011551280379684704,True,12,4,5,0.7891221126279971,False,0.5990460155966388,M1r,0.5903846508452947,k6l,False,False,0,,1.0
aff15_wu_m512_seed1,15,y,392,193.070890206238,True,7,1,0,0.9999934859642876,True,2.3882930106603e-06,M11l,1.947151028267917e-06,k3r,False,False,0,,1.0
aff15_wu_m512_seed1,15,y,393,0.0005164748632735435,True,12,4,5,0.960134978236334,True,0.876902998519212,M6l,0.5980230846585799,k6l,False,False,4,"3,6,9,12",1.0
aff15_wu_m512_seed1,15,y,394,7.761062564258675e-05,True,12,4,5,0.5336616799731706,False,0.4429512820872963,M7l,0.416256247848211,k6l,False,False,0,,1.0
aff15_wu_m512_seed1,15,y,395,0.00044086760073024154,True,12,4,5,0.7447472331974889,False,0.5487131150402682,M4l,0.43742112618818135,k3r,False,False,0,,1.0
aff15_wu_m512_seed1,15,y,396,406.86486826596195,True,8,2,3,0.9999963574150058,True,0.9999973063808043,M2l,0.9999965274106658,k5r,True,True,0,,1.0
aff15_wu_m512_seed1,15,y,397,401.94949825818605,True,8,2,3,0.9999933606900283,True,0.9999961641948976,M2l,0.9999935275755611,k5l,True,True,0,,1.0
aff15_wu_m512_seed1,15,y,398,396.2341304250568,True,8,2,3,0.9999955248283803,True,0.999997228800285,M2l,0.9999956932884098,k5r,True,True,0,,1.0
aff15_wu_m512_seed1,15,y,399,0.00024132485495834404,True,12,4,5,0.5011838434065843,False,0.6818503158261048,M14l,0.46088014928655807,k5r,False,False,0,,1.0
aff15_wu_m512_seed1,15,y,400,2.099857194123496e-05,True,12,4,5,0.49861047042315454,False,0.4760453579857707,M1l,0.3718587460266885,k3l,False,False,0,,1.0
aff15_wu_m512_seed1,15,y,401,0.00015435632922687896,True,12,4,5,0.9632442830143991,True,0.6445446896200151,M10l,0.5655153444756534,k3r,False,False,4,"3,6,9,12",1.0
aff15_wu_m512_seed1,15,y,402,0.004887789488742346,True,12,4,5,0.8457459115238948,False,0.6992187794694075,M3l,0.6468076798079119,k6l,False,False,0,,1.0
aff15_wu_m512_seed1,15,y,403,2.5928465286787933e-05,True,12,4,5,0.8760114486767353,False,0.9503478037162565,M10l,0.5243575828173315,k3l,True,False,0,,1.0
aff15_wu_m512_seed1,15,y,404,246.21559396125457,True,7,1,0,0.9999944593136464,True,1.419270603848289e-06,M11l,1.43116813697699e-06,k3l,False,False,0,,1.0
aff15_wu_m512_seed1,15,y,405,0.0003086539908317638,True,8,2,3,0.7628812044646959,False,0.8937843384705894,M7l,0.762882104464171,k5l,False,False,0,,1.0
aff15_wu_m512_seed1,15,y,406,0.00029764176281139024,True,12,4,5,0.859300982227541,False,0.6917399147769737,M4l,0.7166159405698369,k6l,False,False,0,,1.0
aff15_wu_m512_seed1,15,y,407,0.0005200521488374919,True,12,4,5,0.6869094051159014,False,0.6372782164185186,M5l,0.4579354150286106,k3l,False,False,0,,1.0
aff15_wu_m512_seed1,15,y,408,1.4463529968781606e-05,True,12,4,5,0.34989214523598655,False,0.39097024916177947,M1r,0.25924723461262783,k5l,False,False,0,,1.0
aff15_wu_m512_seed1,15,y,409,228.07386495588898,True,12,4,5,0.9999962067274225,True,0.9999964890113379,M6l,0.5874207611241498,k3r,True,False,4,"3,6,9,12",1.0
aff15_wu_m512_seed1,15,y,410,229.02953447260802,True,12,4,5,0.999993130680434,True,0.9999944933175187,M8l,0.5872408858922608,k3r,True,False,4,"3,6,9,12",1.0
aff15_wu_m512_seed1,15,y,411,0.0005672691821950008,True,12,4,5,0.8625563222730133,False,0.8371076934447905,M5l,0.6229056580555528,k3l,False,False,0,,1.0
aff15_wu_m512_seed1,15,y,412,0.0003479727930997812,True,12,4,5,0.8499781796588984,False,0.7746064719907171,M5l,0.7854430201507792,k6l,False,False,0,,1.0
aff15_wu_m512_seed1,15,y,413,0.00010563540949360664,True,12,4,5,0.7760834204404685,False,0.5498563933743972,M4l,0.5565587786441524,k6l,False,False,0,,1.0
aff15_wu_m512_seed1,15,y,414,7.800714617951534e-05,True,12,4,5,0.49856458595702696,False,0.47844392051380025,M9l,0.4563726603020596,k3l,False,False,0,,1.0
aff15_wu_m512_seed1,15,y,415,7.233475373027965e-06,True,12,4,5,0.48456068386532847,False,0.3185062053873855,M4l,0.47912122945684477,k6l,False,False,0,,1.0
aff15_wu_m512_seed1,15,y,416,0.000968413581768947,True,12,4,5,0.9509136397244833,True,0.5635886400456814,M11r,0.8459103588641971,k6l,False,False,4,"3,6,9,12",1.0
aff15_wu_m512_seed1,15,y,417,7.886707727367405e-05,True,12,4,5,0.7922039529995915,False,0.6386627613858693,M0l,0.5585018173761518,k3l,False,False,0,,1.0
aff15_wu_m512_seed1,15,y,418,0.0005258564160734451,True,8,2,3,0.5379912997100178,False,0.7441997179959713,M8l,0.5379921192532029,k5l,False,False,0,,1.0
aff15_wu_m512_seed1,15,y,419,4.0050035729810255e-05,True,12,4,5,0.5447847845404317,False,0.6281238022266274,M4l,0.46385426172307737,k3l,False,False,0,,1.0
aff15_wu_m512_seed1,15,y,420,288.04034304600845,True,3,1,0,0.4484304678550896,False,2.535387858967239e-06,M1r,1.450738343345127e-06,k3r,False,False,0,,1.0
aff15_wu_m512_seed1,15,y,421,4.849361871050399e-05,True,12,4,5,0.6723716318596804,False,0.5338674554621414,M11l,0.3954300168884603,k3r,False,False,0,,1.0
aff15_wu_m512_seed1,15,y,422,237.21182872882858,True,12,4,5,0.9999960481659773,True,0.9999941812479959,M3l,0.5872340184907267,k3r,True,False,4,"3,6,9,12",1.0
aff15_wu_m512_seed1,15,y,423,0.0003478920220624009,True,8,2,3,0.9434199398880395,True,0.9527120808113974,M13l,0.9434207982148649,k5l,True,True,0,,1.0
aff15_wu_m512_seed1,15,y,424,0.00018569865265604852,True,12,4,5,0.6393754364838258,False,0.6787681184868168,M9l,0.39295582716193556,k3l,False,False,0,,1.0
aff15_wu_m512_seed1,15,y,425,8.531548743006515e-05,True,12,4,5,0.7029325481604747,False,0.6501832304050716,M6l,0.4453407329127269,k6l,False,False,0,,1.0
aff15_wu_m512_seed1,15,y,426,0.00036501353690931185,True,12,4,5,0.8339885988399574,False,0.6640164837808418,M2l,0.6227913048299079,k3l,False,False,0,,1.0
aff15_wu_m512_seed1,15,y,427,3.7159852946135014e-05,True,12,4,5,0.6606330052806701,False,0.7068448516662122,M0l,0.5639601384802999,k6l,False,False,0,,1.0
aff15_wu_m512_seed1,15,y,428,0.00019678056941834675,True,12,4,5,0.607190793560583,False,0.6737776080332619,M12l,0.46893458573009505,k3l,False,False,0,,1.0
aff15_wu_m512_seed1,15,y,429,224.97346073967094,True,12,4,5,0.9999940481716207,True,0.9999937028247563,M8l,0.5872406775232561,k3r,True,False,4,"3,6,9,12",1.0
aff15_wu_m512_seed1,15,y,430,0.00013578119327516366,True,12,4,5,0.6146748519744543,False,0.4420383632289102,M13l,0.51496994980815,k6l,False,False,0,,1.0
aff15_wu_m512_seed1,15,y,431,0.0006577579268181618,True,12,4,5,0.718277525906922,False,0.742583695748739,M10l,0.4429309264252562,k3l,False,False,0,,1.0
aff15_wu_m512_seed1,15,y,432,0.00034847590186579656,True,12,4,5,0.8859988858388792,False,0.7730328603575816,M0l,0.7396232617597848,k6l,False,False,0,,1.0
aff15_wu_m512_seed1,15,y,433,0.00017129865163583192,True,12,4,5,0.7208832637322992,False,0.6243027737740517,M5l,0.5344095997917774,k6l,False,False,0,,1.0
aff15_wu_m512_seed1,15,y,434,225.32909292053134,True,12,4,5,0.9999963605528606,True,0.9999953533976964,M5l,0.5872967543154821,k3r,True,False,4,"3,6,9,12",1.0
aff15_wu_m512_seed1,15,y,435,0.0011356387004329911,True,12,4,5,0.784749348568771,False,0.49753297959146736,M11r,0.7527355294384843,k6l,False,False,0,,1.0
aff15_wu_m512_seed1,15,y,436,5.640978355716301e-05,True,12,4,5,0.8862651650377262,False,0.5272658757289287,M1r,0.632843791839919,k6l,False,False,0,,1.0
aff15_wu_m512_seed1,15,y,437,227.70578082618218,True,12,4,5,0.9999963672585684,True,0.9999954736193766,M1l,0.5874281444428734,k3r,True,False,4,"3,6,9,12",1.0
aff15_wu_m512_seed1,15,y,438,227.7310817601773,True,12,4,5,0.9999978440781695,True,0.9999929958724499,M11l,0.5874306224491493,k3r,True,False,4,"3,6,9,12",1.0
aff15_wu_m512_seed1,15,y,439,5.992622676100282e-05,True,8,2,3,0.7614250491599384,False,0.8455429029351829,M5l,0.7614265369862752,k5r,False,False,0,,1.0
aff15_wu_m512_seed1,15,y,440,3.0691056617693364e-05,True,12,4,5,0.7749160875153667,False,0.7150448166512459,M9l,0.6390595717009606,k6l,False,False,0,,1.0
aff15_wu_m512_seed1,15,y,441,0.00024399831338852625,True,12,4,5,0.8523479831455114,False,0.6590885053881347,M0l,0.7527981307265293,k6l,False,False,0,,1.0
aff15_wu_m512_seed1,15,y,442,2.7238681229296368e-05,True,12,4,5,0.7621044754404657,False,0.45334206620524997,M11r,0.4749751299395423,k3l,False,False,0,,1.0
aff15_wu_m512_seed1,15,y,443,5.545237485224026e-06,True,12,4,5,0.6337746066490886,False,0.7727696744269851,M10l,0.49324103264923774,k6l,False,False,0,,1.0
aff15_wu_m512_seed1,15,y,444,0.00024231600465525544,True,12,4,5,0.7373802420055563,False,0.5985201888777228,M5l,0.4325447460237205,k3r,False,False,0,,1.0
aff15_wu_m512_seed1,15,y,445,0.000602802372935444,True,12,4,5,0.5288667690740788,False,0.7031877158401437,M2l,0.5167819425115496,k3l,False,False,0,,1.0
aff15_wu_m512_seed1,15,y,446,393.0035143966759,True,8,2,3,0.9999957622170834,True,0.9999954301716172,M12l,0.9999962137158085,k5r,True,True,0,,1.0
aff15_wu_m512_seed1,15,y,447,0.00019284499442134912,True,8,2,3,0.5873181949328083,False,0.7083807801267017,M11l,0.5873204585704077,k5l,False,False,0,,1.0
aff15_wu_m512_seed1,15,y,448,0.0003142283915651594,True,12,4,5,0.8573519228735602,False,0.5486802419367516,M1r,0.542121492457156,k6l,False,False,0,,1.0
aff15_wu_m512_seed1,15,y,449,0.0013160527905777795,True,12,4,5,0.9081682468948777,True,0.5701554914951333,M10l,0.5439736609826482,k3l,False,False,4,"3,6,9,12",1.0
aff15_wu_m512_seed1,15,y,450,0.00011343533923781212,True,12,4,5,0.9003010493769542,True,0.7674702889796006,M10l,0.6820871112759745,k3l,False,False,4,"3,6,9,12",1.0
aff15_wu_m512_seed1,15,y,451,418.2430390930347,True,8,2,3,0.9999956282334914,True,0.9999963072617435,M12l,0.9999960746093011,k5l,True,True,0,,1.0
aff15_wu_m512_seed1,15,y,452,0.001203303676091092,True,8,2,3,0.7930046027437464,False,0.8540160746276222,M14l,0.7930051003167814,k5l,False,False,0,,1.0
aff15_wu_m512_seed1,15,y,453,6.769890195002496e-05,True,12,4,5,0.8189654695949123,False,0.7888678852892138,M6l,0.5099425732706618,k3l,False,False,0,,1.0
aff15_wu_m512_seed1,15,y,454,4.0497277932130126e-05,True,12,4,5,0.8266306877705019,False,0.6455984797262773,M4l,0.7932527676297653,k3l,False,False,0,,1.0
aff15_wu_m512_seed1,15,y,455,273.49209412961955,True,3,1,0,0.44704999054233224,False,2.3171426436085788e-06,M1r,2.157110527101736e-06,k6l,False,False,0,,1.0
aff15_wu_m512_seed1,15,y,456,0.00013762985054710823,True,12,4,5,0.7380984007264911,False,0.46051937538189763,M1r,0.4821673158765014,k6l,False,False,0,,1.0
aff15_wu_m512_seed1,15,y,457,0.0005488803438921449,True,12,4,5,0.6110752171118495,False,0.9139917403043466,M1l,0.3588381020445957,k3r,True,False,0,,1.0
aff15_wu_m512_seed1,15,y,458,0.0027478168127770767,True,12,4,5,0.8453034142644403,False,0.6106006433965254,M10l,0.4963163864687796,k3r,False,False,0,,1.0
aff15_wu_m512_seed1,15,y,459,0.00011154973399492418,True,12,4,5,0.9207085349861225,True,0.8544455583764612,M9l,0.7036128937528145,k3l,False,False,4,"3,6,9,12",1.0
aff15_wu_m512_seed1,15,y,460,5.8674529384662945e-05,True,12,4,5,0.8489394444389455,False,0.6462175069054785,M2l,0.6577754267571871,k6l,False,False,0,,1.0
aff15_wu_m512_seed1,15,y,461,4.3463530192878384e-05,True,8,2,3,0.5847010323832925,False,0.6520649680628419,M8l,0.5847051926898925,k5l,False,False,0,,1.0
aff15_wu_m512_seed1,15,y,462,4.551996041485513e-05,True,12,4,5,0.5710994591987253,False,0.8281996194647808,M11l,0.4852748422771778,k3l,False,False,0,,1.0
aff15_wu_m512_seed1,15,y,463,228.98575203089453,True,12,4,5,0.999995053171484,True,0.999992912474573,M7l,0.5875595978518409,k3r,True,False,4,"3,6,9,12",1.0
aff15_wu_m512_seed1,15,y,464,6.415134936065342e-05,True,12,4,5,0.7676104137526205,False,0.5989602773628047,M11r,0.6672090451586412,k6l,False,False,0,,1.0
aff15_wu_m512_seed1,15,y,465,0.00015709454919511943,True,12,4,5,0.781452615672649,False,0.6622012137535783,M14l,0.49481261285143324,k3l,False,False,0,,1.0
aff15_wu_m512_seed1,15,y,466,0.00010147368211445556,True,12,4,5,0.4184330324800814,False,0.49630187980915974,M2l,0.26175315503506885,k6l,False,False,0,,1.0
aff15_wu_m512_seed1,15,y,467,0.0005394924455987166,True,8,2,3,0.7663600235823785,False,0.7804149142373907,M12l,0.7663606859046922,k5l,False,False,0,,1.0
aff15_wu_m512_seed1,15,y,468,0.0001420619712032367,True,12,4,5,0.7102025074059993,False,0.5729556484153674,M4l,0.6310194394941382,k6l,False,False,0,,1.0
aff15_wu_m512_seed1,15,y,469,4.5437980210995175e-05,True,12,4,5,0.5352075071883845,False,0.8350426170748708,M12l,0.41010967623273265,k5l,False,False,0,,1.0
aff15_wu_m512_seed1,15,y,470,397.2378197093926,True,8,2,3,0.9999938920631887,True,0.9999958439568357,M12l,0.9999943407185399,k5r,True,True,0,,1.0
aff15_wu_m512_seed1,15,y,471,104.52024930504358,True,12,4,5,0.9999960735802232,True,0.9999952893349576,M1l,0.587407235387012,k3r,True,False,4,"3,6,9,12",1.0
aff15_wu_m512_seed1,15,y,472,0.0007701974824223944,True,12,4,5,0.9628578001250632,True,0.5593348052952404,M11r,0.9382245524883501,k3l,False,True,4,"3,6,9,12",1.0
aff15_wu_m512_seed1,15,y,473,4.753245444536423e-05,True,12,4,5,0.938766470310839,True,0.6207530903125109,M11l,0.7528604863317344,k6l,False,False,4,"3,6,9,12",1.0
aff15_wu_m512_seed1,15,y,474,0.0001848685643668949,True,12,4,5,0.9432202281251264,True,0.5614420017413033,M11r,0.5618181312630949,k3l,False,False,4,"3,6,9,12",1.0
aff15_wu_m512_seed1,15,y,475,0.00039951922665028213,True,8,2,3,0.43498080239887466,False,0.6924770970575866,M0l,0.4349817061823521,k5l,False,False,0,,1.0
aff15_wu_m512_seed1,15,y,476,132.46623953389383,True,12,4,5,0.9999919921818491,True,0.9999902358409292,M11l,0.5874250293331339,k3r,True,False,4,"3,6,9,12",1.0
aff15_wu_m512_seed1,15,y,477,1.398968208434563e-05,True,12,4,5,0.831585412066696,False,0.612187425941293,M10l,0.7943207645866418,k3l,False,False,0,,1.0
aff15_wu_m512_seed1,15,y,478,403.9812580987361,True,8,2,3,0.9999943202234268,True,0.9999959449239324,M12l,0.9999947673157562,k5l,True,True,0,,1.0
aff15_wu_m512_seed1,15,y,479,0.0004038660449041938,True,12,4,5,0.9254330977856928,True,0.5687517598688939,M11r,0.7477325822477877,k6l,False,False,4,"3,6,9,12",1.0
aff15_wu_m512_seed1,15,y,480,2.60189142692431e-05,True,12,4,5,0.48939153741077934,False,0.8412965293145908,M7l,0.3854156164858907,k5l,False,False,0,,1.0
aff15_wu_m512_seed1,15,y,481,0.0010183077353972422,True,12,4,5,0.6976646840610078,False,0.6635108676965924,M5l,0.49740810015377296,k3l,False,False,0,,1.0
aff15_wu_m512_seed1,15,y,482,0.00030220935924850736,True,12,4,5,0.6983367841365484,False,0.4405269061019033,M11r,0.45190733068936767,k3l,False,False,0,,1.0
aff15_wu_m512_seed1,15,y,483,242.41268428899997,True,12,4,5,0.9999975357828842,True,0.9999960211690159,M6l,0.5874236338149743,k3r,True,False,4,"3,6,9,12",1.0
aff15_wu_m512_seed1,15,y,484,8.831615246166455e-05,True,12,4,5,0.789084070527435,False,0.6108785083222121,M7l,0.6784917104674093,k3l,False,False,0,,1.0
aff15_wu_m512_seed1,15,y,485,0.00011642966562992151,True,12,4,5,0.6111385375725239,False,0.5057097780652533,M11r,0.4066526293777036,k6l,False,False,0,,1.0
aff15_wu_m512_seed1,15,y,486,220.46489106815682,True,12,4,5,0.9999957306226357,True,0.9999960166580877,M5l,0.5872938978341933,k3r,True,False,4,"3,6,9,12",1.0
aff15_wu_m512_seed1,15,y,487,0.00022252303836442164,True,12,4,5,0.5052682759890066,False,0.6365546224556434,M3l,0.4616188661232084,k3l,False,False,0,,1.0
aff15_wu_m512_seed1,15,y,488,0.000492891136387348,True,8,2,3,0.9288217627381683,True,0.9195357709928806,M9l,0.9288221451703892,k5l,True,True,0,,1.0
aff15_wu_m512_seed1,15,y,489,0.000675360924962891,True,12,4,5,0.9146668517899645,True,0.7356280974500937,M11l,0.5370824969767916,k3r,False,False,4,"3,6,9,12",1.0
aff15_wu_m512_seed1,15,y,490,0.0005563841149185024,True,12,4,5,0.5856853151744698,False,0.5234677683036534,M2l,0.390823558706375,k6l,False,False,0,,1.0
aff15_wu_m512_seed1,15,y,491,1.1948516142241304e-05,True,8,2,3,0.5449572103135457,False,0.7852979512759622,M9l,0.5449826783225745,k5l,False,False,0,,1.0
aff15_wu_m512_seed1,15,y,492,225.37201595431688,True,12,4,5,0.9999976271988875,True,0.9999948748676886,M11l,0.5874270950698016,k3r,True,False,4,"3,6,9,12",1.0
aff15_wu_m512_seed1,15,y,493,0.0006092336640373308,True,12,4,5,0.9377890013129275,True,0.561453859721634,M11r,0.8963684630360242,k6l,False,False,4,"3,6,9,12",1.0
aff15_wu_m512_seed1,15,y,494,237.66186039783494,True,12,4,5,0.9999961631410276,True,0.9999966152017985,M7l,0.5875554729307508,k3r,True,False,4,"3,6,9,12",1.0
aff15_wu_m512_seed1,15,y,495,0.0002227832290594715,True,12,4,5,0.8379936794151692,False,0.7212210206118483,M11l,0.5324180036708628,k3l,False,False,0,,1.0
aff15_wu_m512_seed1,15,y,496,6.376283339706916e-05,True,12,4,5,0.8169012638826678,False,0.5876306992692272,M1r,0.47995440457728744,k3r,False,False,0,,1.0
aff15_wu_m512_seed1,15,y,497,0.00015426082810391438,True,12,4,5,0.8502440734523384,False,0.6873224072826981,M8l,0.4989837249731073,k3r,False,False,0,,1.0
aff15_wu_m512_seed1,15,y,498,0.0003254679007870842,True,12,4,5,0.9832385319609134,True,0.5536464546781872,M1r,0.8913495537112199,k3l,False,False,4,"3,6,9,12",1.0
aff15_wu_m512_seed1,15,y,499,0.0002040481016572963,True,12,4,5,0.5576766142797146,False,0.7126438512720342,M10l,0.398096152216242,k6l,False,False,0,,1.0
aff15_wu_m512_seed1,15,y,500,2.2854738010177318e-05,True,12,4,5,0.7724119881074899,False,0.8068205093381767,M4l,0.4544382075448707,k3r,False,False,0,,1.0
aff15_wu_m512_seed1,15,y,501,9.826156143703396e-05,True,12,4,5,0.7305865892451668,False,0.4996000827042733,M3l,0.6427870270677574,k3l,False,False,0,,1.0
aff15_wu_m512_seed1,15,y,502,0.0009894250527121928,True,12,4,5,0.9452317972849843,True,0.5696805935655218,M11r,0.8061725336195943,k3l,False,False,4,"3,6,9,12",1.0
aff15_wu_m512_seed1,15,y,503,258.1663053119406,True,8,2,3,0.9999928818864336,True,0.9999932908182517,M2l,0.9999930533022944,k5l,True,True,0,,1.0
aff15_wu_m512_seed1,15,y,504,230.11257916893493,True,12,4,5,0.9999962541878864,True,0.9999945834538357,M3l,0.5872339401547865,k3r,True,False,4,"3,6,9,12",1.0
aff15_wu_m512_seed1,15,y,505,0.004466408300366471,True,12,4,5,0.933109509459324,True,0.8787809715338464,M0l,0.6080243100917873,k3l,False,False,4,"3,6,9,12",1.0
aff15_wu_m512_seed1,15,y,506,3.3926434817758676e-05,True,12,4,5,0.9375438202751939,True,0.5577839146975082,M11r,0.5508884691082312,k3r,False,False,4,"3,6,9,12",1.0
aff15_wu_m512_seed1,15,y,507,0.00018492872699462344,True,12,4,5,0.8473547822279676,False,0.555738045012105,M11r,0.7229047217007392,k6l,False,False,0,,1.0
aff15_wu_m512_seed1,15,y,508,0.0001515974103407344,True,12,4,5,0.5656452836913645,False,0.747397107755921,M1l,0.4812890254251136,k3l,False,False,0,,1.0
aff15_wu_m512_seed1,15,y,509,0.00028746623248304584,True,12,4,5,0.781894440257488,False,0.5672409095985276,M1r,0.7146365920864854,k3l,False,False,0,,1.0
aff15_wu_m512_seed1,15,y,510,2.585073042260743e-05,True,12,4,5,0.7585142893702584,False,0.5821932285338361,M10l,0.49352590907443034,k6l,False,False,0,,1.0
aff15_wu_m512_seed1,15,y,511,0.0012379395784911501,True,12,4,5,0.8248994687301733,False,0.476780333162691,M11r,0.5431002107667416,k3l,False,False,0,,1.0
aff11_wu100k_m128_seed1,11,x,0,192.7026043917186,True,10,10,11,0.9999992547864853,True,0.9999950064535987,M9r,0.29914354625569844,k2l,True,False,10,"1,2,3,4,5,6,7,8,9,10",1.0
aff11_wu100k_m128_seed1,11,x,1,159.42319373252232,True,10,10,11,0.9999995938356846,True,0.9999960571201635,M10r,0.29925624962298547,k2l,True,False,10,"1,2,3,4,5,6,7,8,9,10",1.0
aff11_wu100k_m128_seed1,11,x,2,127.0342882174043,True,10,10,11,0.9999994888882459,True,0.9999930187985752,M7r,0.2990278928554157,k2l,True,False,10,"1,2,3,4,5,6,7,8,9,10",1.0
aff11_wu100k_m128_seed1,11,x,3,190.24370184423697,True,10,10,11,0.9999995197782521,True,0.9999964155585399,M8r,0.2992027141303852,k2l,True,False,10,"1,2,3,4,5,6,7,8,9,10",1.0
aff11_wu100k_m128_seed1,11,x,4,280.6870037941601,True,5,1,0,0.49687009164819756,False,0.00019183728034011805,M7l,0.0002592491790705493,k5r,False,False,0,,1.0
aff11_wu100k_m128_seed1,11,x,5,157.89570729634852,True,10,10,11,0.9999993352774471,True,0.999996185796531,M4r,0.29922311961891457,k2l,True,False,10,"1,2,3,4,5,6,7,8,9,10",1.0
aff11_wu100k_m128_seed1,11,x,6,21.221968658050987,True,10,10,11,0.9999972406939677,True,0.999957134329086,M1r,0.29926200868311664,k2l,True,False,10,"1,2,3,4,5,6,7,8,9,10",1.0
aff11_wu100k_m128_seed1,11,x,7,148.12680498164127,True,10,10,11,0.9999992886770189,True,0.9999945755224084,M2r,0.29923054110455605,k2l,True,False,10,"1,2,3,4,5,6,7,8,9,10",1.0
aff11_wu100k_m128_seed1,11,x,8,236.57601856172093,True,10,10,11,0.9999996767922866,True,0.9999974635381088,M7r,0.2990327907787126,k2l,True,False,10,"1,2,3,4,5,6,7,8,9,10",1.0
aff11_wu100k_m128_seed1,11,x,9,226.82141133533543,True,10,10,11,0.9999989379526419,True,0.9999925525608173,M5r,0.29914572024994784,k2l,True,False,10,"1,2,3,4,5,6,7,8,9,10",1.0
aff11_wu100k_m128_seed1,11,x,10,187.65476796589104,True,10,10,11,0.9999994205592223,True,0.999995935238932,M0r,0.299274768420016,k2l,True,False,10,"1,2,3,4,5,6,7,8,9,10",1.0
aff11_wu100k_m128_seed1,11,x,11,167.91736166915322,True,10,10,11,0.9999997171800811,True,0.999996017647811,M8r,0.2992091587353784,k2l,True,False,10,"1,2,3,4,5,6,7,8,9,10",1.0
aff11_wu100k_m128_seed1,11,x,12,203.6268493026861,True,10,10,11,0.9999994513759398,True,0.999996473675342,M7r,0.299012111927764,k2l,True,False,10,"1,2,3,4,5,6,7,8,9,10",1.0
aff11_wu100k_m128_seed1,11,x,13,201.54770759101282,True,10,10,11,0.9999997024750005,True,0.9999965451976537,M7r,0.2990221562905023,k2l,True,False,10,"1,2,3,4,5,6,7,8,9,10",1.0
aff11_wu100k_m128_seed1,11,x,14,188.2661823578629,True,10,10,11,0.9999994013347611,True,0.9999959561084812,M8r,0.29923699075280635,k2l,True,False,10,"1,2,3,4,5,6,7,8,9,10",1.0
aff11_wu100k_m128_seed1,11,x,15,186.25135896453847,True,10,10,11,0.9999995952560006,True,0.9999964882442819,M7r,0.2990365091033457,k2l,True,False,10,"1,2,3,4,5,6,7,8,9,10",1.0
aff11_wu100k_m128_seed1,11,x,16,158.12810331209923,True,10,10,11,0.9999994497244692,True,0.999996969569194,M6r,0.2992098673354416,k2l,True,False,10,"1,2,3,4,5,6,7,8,9,10",1.0
aff11_wu100k_m128_seed1,11,x,17,192.58981695538722,True,10,10,11,0.9999991732626973,True,0.9999956631680617,M10r,0.29925280802172743,k2l,True,False,10,"1,2,3,4,5,6,7,8,9,10",1.0
aff11_wu100k_m128_seed1,11,x,18,157.59276640364988,True,10,10,11,0.9999983379513459,True,0.9999942043815769,M6r,0.29921421386847374,k2l,True,False,10,"1,2,3,4,5,6,7,8,9,10",1.0
aff11_wu100k_m128_seed1,11,x,19,137.7304269921394,True,10,10,11,0.9999994828183455,True,0.999993635689592,M5r,0.2991609260950811,k2l,True,False,10,"1,2,3,4,5,6,7,8,9,10",1.0
aff11_wu100k_m128_seed1,11,x,20,248.43783296165833,True,10,10,11,0.9999994385878708,True,0.999995914331806,M9r,0.2991560411090438,k2l,True,False,10,"1,2,3,4,5,6,7,8,9,10",1.0
aff11_wu100k_m128_seed1,11,x,21,186.09652294209124,True,10,10,11,0.9999998257390659,True,0.999996462148118,M9r,0.2991252597755867,k2l,True,False,10,"1,2,3,4,5,6,7,8,9,10",1.0
aff11_wu100k_m128_seed1,11,x,22,178.30205009809092,True,10,10,11,0.9999995765056687,True,0.9999950488367838,M6r,0.299207128731865,k2l,True,False,10,"1,2,3,4,5,6,7,8,9,10",1.0
aff11_wu100k_m128_seed1,11,x,23,201.11806451736084,True,10,10,11,0.9999996876571265,True,0.9999966400273742,M4r,0.2992359508111689,k2l,True,False,10,"1,2,3,4,5,6,7,8,9,10",1.0
aff11_wu100k_m128_seed1,11,x,24,114.44497161682604,True,10,10,11,0.9999992446459861,True,0.9999890499230913,M3r,0.2992328069668155,k2l,True,False,10,"1,2,3,4,5,6,7,8,9,10",1.0
aff11_wu100k_m128_seed1,11,x,25,146.57593525355588,True,10,10,11,0.9999990292574755,True,0.9999925605208281,M4r,0.2992280922340879,k2l,True,False,10,"1,2,3,4,5,6,7,8,9,10",1.0
aff11_wu100k_m128_seed1,11,x,26,208.98544332168197,True,10,10,11,0.9999995222242372,True,0.9999941634525955,M9r,0.29915740084693415,k2l,True,False,10,"1,2,3,4,5,6,7,8,9,10",1.0
aff11_wu100k_m128_seed1,11,x,27,191.67502594215506,True,10,10,11,0.9999988969812732,True,0.9999941431892881,M10r,0.29922579786409637,k2l,True,False,10,"1,2,3,4,5,6,7,8,9,10",1.0
aff11_wu100k_m128_seed1,11,x,28,228.43994407168432,True,10,10,11,0.9999986514117233,True,0.9999961125589962,M2r,0.29925308255777205,k2l,True,False,10,"1,2,3,4,5,6,7,8,9,10",1.0
aff11_wu100k_m128_seed1,11,x,29,180.84139845967033,True,10,10,11,0.9999990343106122,True,0.9999959856367974,M0r,0.29927843134639126,k2l,True,False,10,"1,2,3,4,5,6,7,8,9,10",1.0
aff11_wu100k_m128_seed1,11,x,30,164.0534886671672,True,10,10,11,0.9999996029658766,True,0.9999906765163952,M8r,0.2992332204654249,k2l,True,False,10,"1,2,3,4,5,6,7,8,9,10",1.0
aff11_wu100k_m128_seed1,11,x,31,120.19695641295827,True,10,10,11,0.9999992031683475,True,0.9999925246591875,M5r,0.2991440926664366,k2l,True,False,10,"1,2,3,4,5,6,7,8,9,10",1.0
aff11_wu100k_m128_seed1,11,x,32,113.47232614762389,True,10,10,11,0.9999991341584206,True,0.9999920780516441,M3r,0.2992048512263384,k2l,True,False,10,"1,2,3,4,5,6,7,8,9,10",1.0
aff11_wu100k_m128_seed1,11,x,33,237.99737338151746,True,10,10,11,0.9999995009999498,True,0.9999952469766699,M5r,0.29915830921422987,k2l,True,False,10,"1,2,3,4,5,6,7,8,9,10",1.0
aff11_wu100k_m128_seed1,11,x,34,229.86762866828647,True,10,10,11,0.9999996771582745,True,0.9999949218925225,M4r,0.2992505298248539,k2l,True,False,10,"1,2,3,4,5,6,7,8,9,10",1.0
aff11_wu100k_m128_seed1,11,x,35,209.36022369729776,True,10,10,11,0.9999995195075374,True,0.9999955219988107,M7r,0.2990359343521827,k2l,True,False,10,"1,2,3,4,5,6,7,8,9,10",1.0
aff11_wu100k_m128_seed1,11,x,36,190.69395597475173,True,10,10,11,0.9999997009926361,True,0.9999941630640078,M6r,0.299197485954307,k2l,True,False,10,"1,2,3,4,5,6,7,8,9,10",1.0
aff11_wu100k_m128_seed1,11,x,37,124.68387987585804,True,10,10,11,0.9999988688299052,True,0.999993591195225,M3r,0.29921937645939917,k2l,True,False,10,"1,2,3,4,5,6,7,8,9,10",1.0
aff11_wu100k_m128_seed1,11,x,38,224.67104902398393,True,10,10,11,0.9999998425299265,True,0.9999963093299429,M9r,0.29914379601450675,k2l,True,False,10,"1,2,3,4,5,6,7,8,9,10",1.0
aff11_wu100k_m128_seed1,11,x,39,158.41798125092538,True,10,10,11,0.9999996458039476,True,0.9999951489547981,M8r,0.2991991250408725,k2l,True,False,10,"1,2,3,4,5,6,7,8,9,10",1.0
aff11_wu100k_m128_seed1,11,x,40,240.25840862669978,True,10,10,11,0.9999992241624183,True,0.9999958564441305,M8r,0.2991927386775819,k2l,True,False,10,"1,2,3,4,5,6,7,8,9,10",1.0
aff11_wu100k_m128_seed1,11,x,41,169.3461602864277,True,10,10,11,0.9999997262068284,True,0.9999965779453084,M2r,0.29922345772604453,k2l,True,False,10,"1,2,3,4,5,6,7,8,9,10",1.0
aff11_wu100k_m128_seed1,11,x,42,170.97722419973013,True,10,10,11,0.9999994013991271,True,0.9999945367444932,M4r,0.29922447307637867,k2l,True,False,10,"1,2,3,4,5,6,7,8,9,10",1.0
aff11_wu100k_m128_seed1,11,x,43,242.7713331016941,True,10,10,11,0.9999996749761709,True,0.9999971635143469,M8r,0.2992155885964347,k2l,True,False,10,"1,2,3,4,5,6,7,8,9,10",1.0
aff11_wu100k_m128_seed1,11,x,44,196.84277212678035,True,10,10,11,0.9999985546190016,True,0.9999959959987866,M0r,0.2992951462898514,k2l,True,False,10,"1,2,3,4,5,6,7,8,9,10",1.0
aff11_wu100k_m128_seed1,11,x,45,451.43949694957536,True,9,1,0,0.9999966616454112,True,5.002468900847447e-07,M10r,7.695367722311798e-07,k2l,False,False,0,,1.0
aff11_wu100k_m128_seed1,11,x,46,191.39798794975707,True,10,10,11,0.9999998164941059,True,0.999995313312299,M8r,0.2992151235821384,k2l,True,False,10,"1,2,3,4,5,6,7,8,9,10",1.0
aff11_wu100k_m128_seed1,11,x,47,290.36715834465514,True,5,1,0,0.4942564169165492,False,0.00019715453019180924,M7l,0.0002991885009231451,k3r,False,False,0,,1.0
aff11_wu100k_m128_seed1,11,x,48,145.50725144510648,True,10,10,11,0.9999989929334991,True,0.9999960857866517,M6r,0.2991943033797086,k2l,True,False,10,"1,2,3,4,5,6,7,8,9,10",1.0
aff11_wu100k_m128_seed1,11,x,49,142.19981286343452,True,10,10,11,0.9999997538568968,True,0.9999920808800314,M9r,0.2991764965923121,k2l,True,False,10,"1,2,3,4,5,6,7,8,9,10",1.0
aff11_wu100k_m128_seed1,11,x,50,173.21772915854382,True,10,10,11,0.9999996124248484,True,0.9999961462183525,M2r,0.29924720179303604,k2l,True,False,10,"1,2,3,4,5,6,7,8,9,10",1.0
aff11_wu100k_m128_seed1,11,x,51,212.7687742807613,True,10,10,11,0.999999325538731,True,0.9999945683514907,M5r,0.29916083120857345,k2l,True,False,10,"1,2,3,4,5,6,7,8,9,10",1.0
aff11_wu100k_m128_seed1,11,x,52,199.5650255578559,True,10,10,11,0.9999988764175402,True,0.999996351597087,M4r,0.29922334283376384,k2l,True,False,10,"1,2,3,4,5,6,7,8,9,10",1.0
aff11_wu100k_m128_seed1,11,x,53,224.54034277512932,True,10,10,11,0.9999996276160027,True,0.9999963851197675,M0r,0.2992732055249963,k2l,True,False,10,"1,2,3,4,5,6,7,8,9,10",1.0
aff11_wu100k_m128_seed1,11,x,54,451.51918785307345,True,9,1,0,0.9999963004302596,True,6.533118541318255e-07,M5r,1.0521958403458563e-06,k3r,False,False,0,,1.0
aff11_wu100k_m128_seed1,11,x,55,162.22219000570618,True,10,10,11,0.9999990448018757,True,0.9999945786577185,M4r,0.29922572041688544,k2l,True,False,10,"1,2,3,4,5,6,7,8,9,10",1.0
aff11_wu100k_m128_seed1,11,x,56,246.57812402734413,True,10,10,11,0.9999997266042869,True,0.9999941396573689,M5r,0.29915566994924614,k2l,True,False,10,"1,2,3,4,5,6,7,8,9,10",1.0
aff11_wu100k_m128_seed1,11,x,57,148.73462740573802,True,10,10,11,0.999998935038045,True,0.9999954670737338,M0r,0.29928674196664773,k2l,True,False,10,"1,2,3,4,5,6,7,8,9,10",1.0
aff11_wu100k_m128_seed1,11,x,58,220.90535447148548,True,10,10,11,0.9999991175161833,True,0.9999945909918831,M5r,0.29912263921583626,k2l,True,False,10,"1,2,3,4,5,6,7,8,9,10",1.0
aff11_wu100k_m128_seed1,11,x,59,197.5840791346727,True,10,10,11,0.9999981402004283,True,0.999994113257574,M6r,0.29919503426766675,k2l,True,False,10,"1,2,3,4,5,6,7,8,9,10",1.0
aff11_wu100k_m128_seed1,11,x,60,187.4862962150008,True,10,10,11,0.9999993492140308,True,0.9999965063013335,M2r,0.29924212021419505,k2l,True,False,10,"1,2,3,4,5,6,7,8,9,10",1.0
aff11_wu100k_m128_seed1,11,x,61,183.41505101849717,True,10,10,11,0.9999988552382749,True,0.9999950901851421,M10r,0.299251595650004,k2l,True,False,10,"1,2,3,4,5,6,7,8,9,10",1.0
aff11_wu100k_m128_seed1,11,x,62,179.55179782213176,True,10,10,11,0.9999993081287338,True,0.999996089569888,M2r,0.2992266564160064,k2l,True,False,10,"1,2,3,4,5,6,7,8,9,10",1.0
aff11_wu100k_m128_seed1,11,x,63,403.70800869906856,True,5,1,0,0.4958893963122178,False,0.00020278894674293825,M3l,0.0002744438849896321,k5r,False,False,0,,1.0
aff11_wu100k_m128_seed1,11,x,64,187.04855569567573,True,10,10,11,0.99999937521033,True,0.9999951494876008,M4r,0.2992201612480416,k2l,True,False,10,"1,2,3,4,5,6,7,8,9,10",1.0
aff11_wu100k_m128_seed1,11,x,65,172.54226033836815,True,10,10,11,0.9999997723726896,True,0.9999948790513151,M10r,0.2992655083332477,k2l,True,False,10,"1,2,3,4,5,6,7,8,9,10",1.0
aff11_wu100k_m128_seed1,11,x,66,226.34579319967602,True,10,10,11,0.9999982078938242,True,0.9999934302006104,M5r,0.29916365838024744,k2l,True,False,10,"1,2,3,4,5,6,7,8,9,10",1.0
aff11_wu100k_m128_seed1,11,x,67,210.2499811197678,True,10,10,11,0.9999998554162103,True,0.9999963241198812,M8r,0.29918395346108295,k2l,True,False,10,"1,2,3,4,5,6,7,8,9,10",1.0
aff11_wu100k_m128_seed1,11,x,68,236.24177969441203,True,10,10,11,0.9999997251181876,True,0.9999935540369244,M5r,0.2991488904737057,k2l,True,False,10,"1,2,3,4,5,6,7,8,9,10",1.0
aff11_wu100k_m128_seed1,11,x,69,141.2550817093938,True,10,10,11,0.999998920076999,True,0.9999937407158307,M2r,0.29924730193151305,k2l,True,False,10,"1,2,3,4,5,6,7,8,9,10",1.0
aff11_wu100k_m128_seed1,11,x,70,162.3951264029299,True,10,10,11,0.9999988592454894,True,0.9999953149387926,M2r,0.2992407105649493,k2l,True,False,10,"1,2,3,4,5,6,7,8,9,10",1.0
aff11_wu100k_m128_seed1,11,x,71,224.52042911642826,True,10,10,11,0.9999996468129183,True,0.9999965731945877,M0r,0.2992619184924042,k2l,True,False,10,"1,2,3,4,5,6,7,8,9,10",1.0
aff11_wu100k_m128_seed1,11,x,72,116.92968803926382,True,10,10,11,0.9999986488172008,True,0.9999906390332302,M3r,0.29921682958201856,k2l,True,False,10,"1,2,3,4,5,6,7,8,9,10",1.0
aff11_wu100k_m128_seed1,11,x,73,178.96313392206238,True,10,10,11,0.9999992857907062,True,0.9999945244819869,M6r,0.29920175361536555,k2l,True,False,10,"1,2,3,4,5,6,7,8,9,10",1.0
aff11_wu100k_m128_seed1,11,x,74,231.62632904745877,True,10,10,11,0.9999996873291097,True,0.9999963477791805,M8r,0.2991968502449986,k2l,True,False,10,"1,2,3,4,5,6,7,8,9,10",1.0
aff11_wu100k_m128_seed1,11,x,75,431.9474736336433,True,5,1,0,0.49302359040569826,False,0.00020323940518579542,M0r,0.00029143289347675504,k3r,False,False,0,,1.0
aff11_wu100k_m128_seed1,11,x,76,175.97258355255752,True,10,10,11,0.9999993232059378,True,0.9999958487987266,M4r,0.299236350644804,k2l,True,False,10,"1,2,3,4,5,6,7,8,9,10",1.0
aff11_wu100k_m128_seed1,11,x,77,232.05312832870416,True,10,10,11,0.9999994824542623,True,0.9999958462519138,M7r,0.29901619893980186,k2l,True,False,10,"1,2,3,4,5,6,7,8,9,10",1.0
aff11_wu100k_m128_seed1,11,x,78,215.24494841648655,True,10,10,11,0.9999990917378185,True,0.9999927399266363,M9r,0.29914905679552695,k2l,True,False,10,"1,2,3,4,5,6,7,8,9,10",1.0
aff11_wu100k_m128_seed1,11,x,79,253.81788034180323,True,10,10,11,0.9999998129925547,True,0.9999962403429984,M9r,0.299138691671199,k2l,True,False,10,"1,2,3,4,5,6,7,8,9,10",1.0
aff11_wu100k_m128_seed1,11,x,80,215.39417989599727,True,10,10,11,0.9999993795138666,True,0.9999942144605535,M2r,0.2992286895414168,k2l,True,False,10,"1,2,3,4,5,6,7,8,9,10",1.0
aff11_wu100k_m128_seed1,11,x,81,227.40087601306405,True,10,10,11,0.999999590022306,True,0.9999966254901578,M7r,0.29902741113493075,k2l,True,False,10,"1,2,3,4,5,6,7,8,9,10",1.0
aff11_wu100k_m128_seed1,11,x,82,190.24866289545955,True,10,10,11,0.9999996412585294,True,0.9999957653482455,M9r,0.29917491976223537,k2l,True,False,10,"1,2,3,4,5,6,7,8,9,10",1.0
aff11_wu100k_m128_seed1,11,x,83,45.005440820710014,True,10,10,11,0.9878407424935839,True,0.9275563483925282,M7r,0.31018406729819864,k5r,True,False,10,"1,2,3,4,5,6,7,8,9,10",1.0
aff11_wu100k_m128_seed1,11,x,84,187.81042993383517,True,10,10,11,0.9999996879806562,True,0.9999967986741851,M4r,0.2992457556618234,k2l,True,False,10,"1,2,3,4,5,6,7,8,9,10",1.0
aff11_wu100k_m128_seed1,11,x,85,130.75656775205476,True,10,10,11,0.9999995492973687,True,0.9999858790401873,M3r,0.2992241272948253,k2l,True,False,10,"1,2,3,4,5,6,7,8,9,10",1.0
aff11_wu100k_m128_seed1,11,x,86,156.44587936576892,True,10,10,11,0.9999993045251808,True,0.9999953276672787,M2r,0.29926810101772955,k2l,True,False,10,"1,2,3,4,5,6,7,8,9,10",1.0
aff11_wu100k_m128_seed1,11,x,87,234.21445662100572,True,10,10,11,0.9999991704827302,True,0.9999932132847166,M0r,0.2993102444415525,k2l,True,False,10,"1,2,3,4,5,6,7,8,9,10",1.0
aff11_wu100k_m128_seed1,11,x,88,189.2352963487852,True,10,10,11,0.9999992704442167,True,0.9999954850521933,M10r,0.2992576793058683,k2l,True,False,10,"1,2,3,4,5,6,7,8,9,10",1.0
aff11_wu100k_m128_seed1,11,x,89,208.20315807950402,True,10,10,11,0.9999997600677487,True,0.9999972873176094,M0r,0.29929544247360257,k2l,True,False,10,"1,2,3,4,5,6,7,8,9,10",1.0
aff11_wu100k_m128_seed1,11,x,90,227.1562507121802,True,10,10,11,0.9999996528505598,True,0.9999955952562218,M0r,0.29928328587829495,k2l,True,False,10,"1,2,3,4,5,6,7,8,9,10",1.0
aff11_wu100k_m128_seed1,11,x,91,177.31078708303437,True,10,10,11,0.9999996971838143,True,0.9999970123496167,M0r,0.2992925050285395,k2l,True,False,10,"1,2,3,4,5,6,7,8,9,10",1.0
aff11_wu100k_m128_seed1,11,x,92,247.9308427721258,True,10,10,11,0.999999516330891,True,0.9999949885908708,M10r,0.29925913635565243,k2l,True,False,10,"1,2,3,4,5,6,7,8,9,10",1.0
aff11_wu100k_m128_seed1,11,x,93,232.0118158388878,True,10,10,11,0.9999995768498051,True,0.9999961948149076,M10r,0.2992520958630641,k2l,True,False,10,"1,2,3,4,5,6,7,8,9,10",1.0
aff11_wu100k_m128_seed1,11,x,94,141.7944057028484,True,10,10,11,0.9999994850209614,True,0.9999927022725121,M2r,0.29924953791307435,k2l,True,False,10,"1,2,3,4,5,6,7,8,9,10",1.0
aff11_wu100k_m128_seed1,11,x,95,113.17004291713965,True,10,10,11,0.9999994235566523,True,0.9999943615403065,M8r,0.29916882326018945,k2l,True,False,10,"1,2,3,4,5,6,7,8,9,10",1.0
aff11_wu100k_m128_seed1,11,x,96,211.12389241042044,True,10,10,11,0.9999997503522932,True,0.9999980173621549,M6r,0.2992026455725619,k2l,True,False,10,"1,2,3,4,5,6,7,8,9,10",1.0
aff11_wu100k_m128_seed1,11,x,97,174.87022286630696,True,10,10,11,0.999999166313473,True,0.9999934429556204,M10r,0.29925453449099026,k2l,True,False,10,"1,2,3,4,5,6,7,8,9,10",1.0
aff11_wu100k_m128_seed1,11,x,98,123.53913970664716,True,10,10,11,0.9999985380149415,True,0.9999912617303075,M3r,0.2992310266146551,k2l,True,False,10,"1,2,3,4,5,6,7,8,9,10",1.0
aff11_wu100k_m128_seed1,11,x,99,216.21984576894684,True,10,10,11,0.9999986452722284,True,0.9999965894285545,M6r,0.2992121999447156,k2l,True,False,10,"1,2,3,4,5,6,7,8,9,10",1.0
aff11_wu100k_m128_seed1,11,x,100,192.9660306787666,True,10,10,11,0.9999996056661963,True,0.9999967639983615,M10r,0.2992654479074521,k2l,True,False,10,"1,2,3,4,5,6,7,8,9,10",1.0
aff11_wu100k_m128_seed1,11,x,101,167.11279009059444,True,10,10,11,0.9999995350319544,True,0.999991171888558,M9r,0.29915550543109776,k2l,True,False,10,"1,2,3,4,5,6,7,8,9,10",1.0
aff11_wu100k_m128_seed1,11,x,102,181.43549831288956,True,10,10,11,0.9999993044335516,True,0.9999956344346117,M9r,0.29912848909043716,k2l,True,False,10,"1,2,3,4,5,6,7,8,9,10",1.0
aff11_wu100k_m128_seed1,11,x,103,209.83749367659883,True,10,10,11,0.9999985063580243,True,0.9999958304399759,M6r,0.29920725557820427,k2l,True,False,10,"1,2,3,4,5,6,7,8,9,10",1.0
aff11_wu100k_m128_seed1,11,x,104,187.9459891982614,True,10,10,11,0.9999993513995398,True,0.9999956990920078,M10r,0.2992590469565598,k2l,True,False,10,"1,2,3,4,5,6,7,8,9,10",1.0
aff11_wu100k_m128_seed1,11,x,105,410.97961139201084,True,5,1,0,0.49412391462531025,False,0.00016155007504473193,M3r,0.0002338329188090811,k3r,False,False,0,,1.0
aff11_wu100k_m128_seed1,11,x,106,157.03931071381282,True,10,10,11,0.9999994710003497,True,0.9999963414435648,M8r,0.29922231713179614,k2l,True,False,10,"1,2,3,4,5,6,7,8,9,10",1.0
aff11_wu100k_m128_seed1,11,x,107,196.5860205209318,True,10,10,11,0.9999996885374701,True,0.9999962274311456,M10r,0.2992617396385365,k2l,True,False,10,"1,2,3,4,5,6,7,8,9,10",1.0
aff11_wu100k_m128_seed1,11,x,108,155.06965496694883,True,10,10,11,0.9999965964739358,True,0.9999926961637202,M4r,0.2992357113893713,k2l,True,False,10,"1,2,3,4,5,6,7,8,9,10",1.0
aff11_wu100k_m128_seed1,11,x,109,130.7620960890573,True,10,10,11,0.9999997687380451,True,0.9999950986905604,M9r,0.2991738466246303,k2l,True,False,10,"1,2,3,4,5,6,7,8,9,10",1.0
aff11_wu100k_m128_seed1,11,x,110,228.03064066351655,True,10,10,11,0.9999991526412603,True,0.9999940423300984,M7r,0.2990348195800641,k2l,True,False,10,"1,2,3,4,5,6,7,8,9,10",1.0
aff11_wu100k_m128_seed1,11,x,111,403.8626053127629,True,5,1,0,0.4962827932230315,False,0.00013761626834204487,M10r,0.00017532678732952293,k4r,False,False,0,,1.0
aff11_wu100k_m128_seed1,11,x,112,228.6306725872714,True,10,10,11,0.9999989845143398,True,0.9999958957229392,M4r,0.2992338783419515,k2l,True,False,10,"1,2,3,4,5,6,7,8,9,10",1.0
aff11_wu100k_m128_seed1,11,x,113,233.60663189324055,True,10,10,11,0.9999995481060481,True,0.9999956637109941,M8r,0.29922230806139694,k2l,True,False,10,"1,2,3,4,5,6,7,8,9,10",1.0
aff11_wu100k_m128_seed1,11,x,114,238.7496657348972,True,10,10,11,0.9999998416243882,True,0.999997586156512,M4r,0.2992413725619946,k2l,True,False,10,"1,2,3,4,5,6,7,8,9,10",1.0
aff11_wu100k_m128_seed1,11,x,115,186.75086906309002,True,10,10,11,0.9999995150499834,True,0.999992252088302,M5r,0.2991444402656513,k2l,True,False,10,"1,2,3,4,5,6,7,8,9,10",1.0
aff11_wu100k_m128_seed1,11,x,116,240.41170065089455,True,10,10,11,0.9999992219153782,True,0.9999945701215202,M7r,0.29902799457156315,k2l,True,False,10,"1,2,3,4,5,6,7,8,9,10",1.0
aff11_wu100k_m128_seed1,11,x,117,215.2688651393231,True,10,10,11,0.9999994550152935,True,0.9999961294430442,M6r,0.2992011830010585,k2l,True,False,10,"1,2,3,4,5,6,7,8,9,10",1.0
aff11_wu100k_m128_seed1,11,x,118,200.4673147782725,True,10,10,11,0.9999988251025518,True,0.9999939259594769,M8r,0.29915943045066185,k2l,True,False,10,"1,2,3,4,5,6,7,8,9,10",1.0
aff11_wu100k_m128_seed1,11,x,119,177.7739589277585,True,10,10,11,0.9999997554777843,True,0.9999968964114208,M2r,0.29922341354589466,k2l,True,False,10,"1,2,3,4,5,6,7,8,9,10",1.0
aff11_wu100k_m128_seed1,11,x,120,169.30284936576578,True,10,10,11,0.9999992318775276,True,0.9999956115117383,M10r,0.29927642575837765,k2l,True,False,10,"1,2,3,4,5,6,7,8,9,10",1.0
aff11_wu100k_m128_seed1,11,x,121,120.04363742932158,True,10,10,11,0.9999993076643405,True,0.9999932497890903,M3r,0.299212474536811,k2l,True,False,10,"1,2,3,4,5,6,7,8,9,10",1.0
aff11_wu100k_m128_seed1,11,x,122,211.80511910821272,True,10,10,11,0.9999995341480085,True,0.9999969014529653,M2r,0.29924677635915525,k2l,True,False,10,"1,2,3,4,5,6,7,8,9,10",1.0
aff11_wu100k_m128_seed1,11,x,123,171.65751729387924,True,10,10,11,0.9999995889842406,True,0.9999954384724274,M9r,0.2991061884398098,k2l,True,False,10,"1,2,3,4,5,6,7,8,9,10",1.0
aff11_wu100k_m128_seed1,11,x,124,226.1571279777654,True,10,10,11,0.9999995429732622,True,0.9999935654925217,M5r,0.29915181018682213,k2l,True,False,10,"1,2,3,4,5,6,7,8,9,10",1.0
aff11_wu100k_m128_seed1,11,x,125,151.30963230855517,True,10,10,11,0.9999995624110517,True,0.99999627493989,M0r,0.29928371422184635,k2l,True,False,10,"1,2,3,4,5,6,7,8,9,10",1.0
aff11_wu100k_m128_seed1,11,x,126,168.0472705425301,True,10,10,11,0.9999995903617829,True,0.9999968545826787,M6r,0.29918812754716306,k2l,True,False,10,"1,2,3,4,5,6,7,8,9,10",1.0
aff11_wu100k_m128_seed1,11,x,127,235.63932748169137,True,10,10,11,0.9999996833131213,True,0.9999967183635136,M6r,0.2992127514057725,k2l,True,False,10,"1,2,3,4,5,6,7,8,9,10",1.0
aff11_wu100k_m128_seed1,11,y,0,193.0395844063118,True,10,10,11,0.9999988318741043,True,0.99999524439285,M3l,0.29928848017889287,k2r,True,False,10,"1,2,3,4,5,6,7,8,9,10",1.0
aff11_wu100k_m128_seed1,11,y,1,159.05297831220196,True,10,10,11,0.9999994127397532,True,0.9999964304835585,M1l,0.29934660953665476,k2r,True,False,10,"1,2,3,4,5,6,7,8,9,10",1.0
aff11_wu100k_m128_seed1,11,y,2,127.71184593337408,True,10,10,11,0.9999991316514908,True,0.9999920936630868,M2l,0.29919413231597597,k2r,True,False,10,"1,2,3,4,5,6,7,8,9,10",1.0
aff11_wu100k_m128_seed1,11,y,3,190.53812394149202,True,10,10,11,0.9999998383974321,True,0.9999943943556288,M0l,0.29900681029529425,k2r,True,False,10,"1,2,3,4,5,6,7,8,9,10",1.0
aff11_wu100k_m128_seed1,11,y,4,286.14520704350275,True,5,1,0,0.49388730567595207,False,0.0002732907472538568,M4l,0.00044626380041598574,k3l,False,False,0,,1.0
aff11_wu100k_m128_seed1,11,y,5,158.7901496081169,True,10,10,11,0.9999997275481639,True,0.9999970676060552,M4l,0.29912876322856713,k2r,True,False,10,"1,2,3,4,5,6,7,8,9,10",1.0
aff11_wu100k_m128_seed1,11,y,6,21.47111842964699,True,10,10,11,0.9999950728117366,True,0.9999777968827908,M6l,0.29925641800305425,k2r,True,False,10,"1,2,3,4,5,6,7,8,9,10",1.0
aff11_wu100k_m128_seed1,11,y,7,148.0347653190211,True,10,10,11,0.9999996002849159,True,0.9999951303813426,M4l,0.29913430890626175,k2r,True,False,10,"1,2,3,4,5,6,7,8,9,10",1.0
aff11_wu100k_m128_seed1,11,y,8,237.19192974204907,True,10,10,11,0.999998670142477,True,0.9999940589509755,M4l,0.2991306819418666,k2r,True,False,10,"1,2,3,4,5,6,7,8,9,10",1.0
aff11_wu100k_m128_seed1,11,y,9,226.92846510131957,True,10,10,11,0.9999975728364485,True,0.9999952374932679,M5l,0.2991125930304561,k2r,True,False,10,"1,2,3,4,5,6,7,8,9,10",1.0
aff11_wu100k_m128_seed1,11,y,10,187.58427912639357,True,10,10,11,0.9999979887002597,True,0.9999941816393964,M3l,0.29930221669862533,k2r,True,False,10,"1,2,3,4,5,6,7,8,9,10",1.0
aff11_wu100k_m128_seed1,11,y,11,167.91283398460678,True,10,10,11,0.9999997152210037,True,0.9999980367314013,M2l,0.29917985938556785,k2r,True,False,10,"1,2,3,4,5,6,7,8,9,10",1.0
aff11_wu100k_m128_seed1,11,y,12,203.7995580980367,True,10,10,11,0.9999993782832779,True,0.9999964559884794,M0l,0.29904195949253837,k2r,True,False,10,"1,2,3,4,5,6,7,8,9,10",1.0
aff11_wu100k_m128_seed1,11,y,13,202.18807621871252,True,10,10,11,0.999998992032432,True,0.9999959310064066,M2l,0.2991919040727285,k2r,True,False,10,"1,2,3,4,5,6,7,8,9,10",1.0
aff11_wu100k_m128_seed1,11,y,14,188.40952608952682,True,10,10,11,0.9999993713807688,True,0.9999950324190254,M2l,0.2991883721258545,k2r,True,False,10,"1,2,3,4,5,6,7,8,9,10",1.0
aff11_wu100k_m128_seed1,11,y,15,186.0398545096357,True,10,10,11,0.9999994078012053,True,0.9999954130962904,M3l,0.29930238420022864,k2r,True,False,10,"1,2,3,4,5,6,7,8,9,10",1.0
aff11_wu100k_m128_seed1,11,y,16,158.72044778463015,True,10,10,11,0.9999987282371227,True,0.9999943132417323,M2l,0.2991853251204497,k2r,True,False,10,"1,2,3,4,5,6,7,8,9,10",1.0
aff11_wu100k_m128_seed1,11,y,17,193.48837275774792,True,10,10,11,0.9999995122867953,True,0.9999928717400108,M0l,0.2990051927633733,k2r,True,False,10,"1,2,3,4,5,6,7,8,9,10",1.0
aff11_wu100k_m128_seed1,11,y,18,157.302768164842,True,10,10,11,0.9999981067538382,True,0.9999958957616093,M1l,0.2993301883681309,k2r,True,False,10,"1,2,3,4,5,6,7,8,9,10",1.0
aff11_wu100k_m128_seed1,11,y,19,137.1661723794958,True,10,10,11,0.9999999201263152,True,0.9999946705052143,M1l,0.2993311241573138,k2r,True,False,10,"1,2,3,4,5,6,7,8,9,10",1.0
aff11_wu100k_m128_seed1,11,y,20,249.50627812691346,True,10,10,11,0.99999948994793,True,0.9999967673594725,M4l,0.299115721127239,k2r,True,False,10,"1,2,3,4,5,6,7,8,9,10",1.0
aff11_wu100k_m128_seed1,11,y,21,186.67562772037422,True,10,10,11,0.9999997588947206,True,0.9999966616525516,M10l,0.29934279323937024,k2r,True,False,10,"1,2,3,4,5,6,7,8,9,10",1.0
aff11_wu100k_m128_seed1,11,y,22,178.68028258312407,True,10,10,11,0.9999991332702709,True,0.9999962651026703,M10l,0.29932681868364364,k2r,True,False,10,"1,2,3,4,5,6,7,8,9,10",1.0
aff11_wu100k_m128_seed1,11,y,23,201.12165203102316,True,10,10,11,0.9999997301397366,True,0.9999961836051902,M5l,0.29911356817483264,k2r,True,False,10,"1,2,3,4,5,6,7,8,9,10",1.0
aff11_wu100k_m128_seed1,11,y,24,115.1264850192709,True,10,10,11,0.999999609502419,True,0.9999929439947952,M6l,0.29925531717296977,k2r,True,False,10,"1,2,3,4,5,6,7,8,9,10",1.0
aff11_wu100k_m128_seed1,11,y,25,146.94469612628606,True,10,10,11,0.9999994868261238,True,0.9999965471286202,M5l,0.29914285670475915,k2r,True,False,10,"1,2,3,4,5,6,7,8,9,10",1.0
aff11_wu100k_m128_seed1,11,y,26,209.17607414113016,True,10,10,11,0.9999993255203468,True,0.9999970806278485,M1l,0.2993333404526685,k2r,True,False,10,"1,2,3,4,5,6,7,8,9,10",1.0
aff11_wu100k_m128_seed1,11,y,27,192.3674448180118,True,10,10,11,0.9999984664813416,True,0.999995927414654,M2l,0.2991782370872739,k2r,True,False,10,"1,2,3,4,5,6,7,8,9,10",1.0
aff11_wu100k_m128_seed1,11,y,28,228.9439280583057,True,10,10,11,0.9999996805498819,True,0.9999970267688642,M5l,0.29912449773848354,k2r,True,False,10,"1,2,3,4,5,6,7,8,9,10",1.0
aff11_wu100k_m128_seed1,11,y,29,181.21285601309657,True,10,10,11,0.9999991367473471,True,0.9999925740933825,M0l,0.2990217089134476,k2r,True,False,10,"1,2,3,4,5,6,7,8,9,10",1.0
aff11_wu100k_m128_seed1,11,y,30,163.89259007311534,True,10,10,11,0.9999996413115421,True,0.9999977535166162,M1l,0.2993212739936879,k2r,True,False,10,"1,2,3,4,5,6,7,8,9,10",1.0
aff11_wu100k_m128_seed1,11,y,31,119.81299763015353,True,10,10,11,0.9999976541885885,True,0.9999913958266042,M5l,0.29914379070144587,k2r,True,False,10,"1,2,3,4,5,6,7,8,9,10",1.0
aff11_wu100k_m128_seed1,11,y,32,113.64333517987757,True,10,10,11,0.9999987638203531,True,0.999993614302129,M1l,0.2993258541074758,k2r,True,False,10,"1,2,3,4,5,6,7,8,9,10",1.0
aff11_wu100k_m128_seed1,11,y,33,237.95967336674596,True,10,10,11,0.9999991949642337,True,0.9999965286114658,M6l,0.29925614919829835,k2r,True,False,10,"1,2,3,4,5,6,7,8,9,10",1.0
aff11_wu100k_m128_seed1,11,y,34,230.4614527333238,True,10,10,11,0.9999992487602684,True,0.9999967259612802,M2l,0.2991807322776335,k2r,True,False,10,"1,2,3,4,5,6,7,8,9,10",1.0
aff11_wu100k_m128_seed1,11,y,35,209.95689742097045,True,10,10,11,0.9999997671270157,True,0.9999972310915052,M7l,0.29919887515488597,k2r,True,False,10,"1,2,3,4,5,6,7,8,9,10",1.0
aff11_wu100k_m128_seed1,11,y,36,190.77707343358492,True,10,10,11,0.9999993209602444,True,0.9999949505063351,M2l,0.2991757406252445,k2r,True,False,10,"1,2,3,4,5,6,7,8,9,10",1.0
aff11_wu100k_m128_seed1,11,y,37,124.86788965154675,True,10,10,11,0.9999990848498277,True,0.9999929427746714,M10l,0.299342634386987,k2r,True,False,10,"1,2,3,4,5,6,7,8,9,10",1.0
aff11_wu100k_m128_seed1,11,y,38,225.22434213779349,True,10,10,11,0.9999998105928058,True,0.9999944589416503,M0l,0.29902679673044563,k2r,True,False,10,"1,2,3,4,5,6,7,8,9,10",1.0
aff11_wu100k_m128_seed1,11,y,39,159.01098343418397,True,10,10,11,0.9999991543316309,True,0.9999952032107235,M0l,0.29904355504249613,k2r,True,False,10,"1,2,3,4,5,6,7,8,9,10",1.0
aff11_wu100k_m128_seed1,11,y,40,240.72314765962085,True,10,10,11,0.9999996692966848,True,0.9999977022699872,M6l,0.2992770445125798,k2r,True,False,10,"1,2,3,4,5,6,7,8,9,10",1.0
aff11_wu100k_m128_seed1,11,y,41,168.9778910565611,True,10,10,11,0.9999996494325468,True,0.9999968066969968,M7l,0.2991915483209863,k2r,True,False,10,"1,2,3,4,5,6,7,8,9,10",1.0
aff11_wu100k_m128_seed1,11,y,42,171.24955873444657,True,10,10,11,0.9999997675424441,True,0.9999963216093524,M10l,0.29933940733045,k2r,True,False,10,"1,2,3,4,5,6,7,8,9,10",1.0
aff11_wu100k_m128_seed1,11,y,43,242.9437167799237,True,10,10,11,0.9999991904707785,True,0.9999961489106443,M5l,0.2991311060485118,k2r,True,False,10,"1,2,3,4,5,6,7,8,9,10",1.0
aff11_wu100k_m128_seed1,11,y,44,197.13604537420227,True,10,10,11,0.9999992347152881,True,0.9999966053790923,M4l,0.29912974319763336,k2r,True,False,10,"1,2,3,4,5,6,7,8,9,10",1.0
aff11_wu100k_m128_seed1,11,y,45,450.52502822022154,True,9,1,0,0.9999970798567913,True,6.774031034470438e-07,M6r,1.0323301082737149e-06,k2l,False,False,0,,1.0
aff11_wu100k_m128_seed1,11,y,46,191.34445746388565,True,10,10,11,0.9999993303395627,True,0.9999935660067306,M3l,0.2993063905954458,k2r,True,False,10,"1,2,3,4,5,6,7,8,9,10",1.0
aff11_wu100k_m128_seed1,11,y,47,278.30517205140694,True,5,1,0,0.4968663144893172,False,0.0003051894156142674,M0l,0.00037774178146909605,k2r,False,False,0,,1.0
aff11_wu100k_m128_seed1,11,y,48,145.3793953252766,True,10,10,11,0.9999990528196951,True,0.9999956477584522,M5l,0.29912159563888036,k2r,True,False,10,"1,2,3,4,5,6,7,8,9,10",1.0
aff11_wu100k_m128_seed1,11,y,49,142.31706886791486,True,10,10,11,0.9999998927067698,True,0.9999967320725771,M5l,0.2991276747172049,k2r,True,False,10,"1,2,3,4,5,6,7,8,9,10",1.0
aff11_wu100k_m128_seed1,11,y,50,173.52583500438413,True,10,10,11,0.9999995007284138,True,0.9999967743514652,M6l,0.2992673691767857,k2r,True,False,10,"1,2,3,4,5,6,7,8,9,10",1.0
aff11_wu100k_m128_seed1,11,y,51,212.2555373653662,True,10,10,11,0.9999982720926646,True,0.9999956043163771,M1l,0.29932995397799267,k2r,True,False,10,"1,2,3,4,5,6,7,8,9,10",1.0
aff11_wu100k_m128_seed1,11,y,52,199.94492029030792,True,10,10,11,0.9999995806621569,True,0.9999961768187362,M7l,0.29919858942725264,k2r,True,False,10,"1,2,3,4,5,6,7,8,9,10",1.0
aff11_wu100k_m128_seed1,11,y,53,224.356596518867,True,10,10,11,0.9999995097476895,True,0.9999971881716951,M1l,0.29934117059122306,k2r,True,False,10,"1,2,3,4,5,6,7,8,9,10",1.0
aff11_wu100k_m128_seed1,11,y,54,450.24273076261073,True,9,1,0,0.9999973432083631,True,5.29582580418908e-07,M4l,7.028506414152252e-07,k2l,False,False,0,,1.0
aff11_wu100k_m128_seed1,11,y,55,162.7128500612121,True,10,10,11,0.9999990565968712,True,0.9999938464259537,M0l,0.29902384512608376,k2r,True,False,10,"1,2,3,4,5,6,7,8,9,10",1.0
aff11_wu100k_m128_seed1,11,y,56,247.01629644860287,True,10,10,11,0.9999995036866983,True,0.9999953778365398,M4l,0.29913448984196594,k2r,True,False,10,"1,2,3,4,5,6,7,8,9,10",1.0
aff11_wu100k_m128_seed1,11,y,57,149.63087486302106,True,10,10,11,0.9999981579158013,True,0.9999932438215001,M4l,0.2991042253565715,k2r,True,False,10,"1,2,3,4,5,6,7,8,9,10",1.0
aff11_wu100k_m128_seed1,11,y,58,220.452567840027,True,10,10,11,0.9999994867109419,True,0.9999954626261104,M7l,0.2992145270852304,k2r,True,False,10,"1,2,3,4,5,6,7,8,9,10",1.0
aff11_wu100k_m128_seed1,11,y,59,197.6738605917971,True,10,10,11,0.9999995263875711,True,0.9999953028213608,M3l,0.29932263897885536,k2r,True,False,10,"1,2,3,4,5,6,7,8,9,10",1.0
aff11_wu100k_m128_seed1,11,y,60,188.13809952955168,True,10,10,11,0.9999996606898859,True,0.9999968380809737,M4l,0.29912637850238644,k2r,True,False,10,"1,2,3,4,5,6,7,8,9,10",1.0
aff11_wu100k_m128_seed1,11,y,61,183.70090136166172,True,10,10,11,0.9999986756591677,True,0.9999943074296839,M10l,0.2993306553451644,k2r,True,False,10,"1,2,3,4,5,6,7,8,9,10",1.0
aff11_wu100k_m128_seed1,11,y,62,179.67328286837878,True,10,10,11,0.9999993407923408,True,0.9999930125456624,M2l,0.29917764509902556,k2r,True,False,10,"1,2,3,4,5,6,7,8,9,10",1.0
aff11_wu100k_m128_seed1,11,y,63,424.3619202123886,True,5,1,0,0.49257585967615064,False,0.000260924322360896,M8r,0.0004680373727607278,k2r,False,False,0,,1.0
aff11_wu100k_m128_seed1,11,y,64,187.4956733591781,True,10,10,11,0.9999996501906788,True,0.9999967006151963,M4l,0.2991275038034637,k2r,True,False,10,"1,2,3,4,5,6,7,8,9,10",1.0
aff11_wu100k_m128_seed1,11,y,65,173.08499851894288,True,10,10,11,0.9999991575865637,True,0.9999956896502312,M2l,0.2991793069724834,k2r,True,False,10,"1,2,3,4,5,6,7,8,9,10",1.0
aff11_wu100k_m128_seed1,11,y,66,226.7113976032189,True,10,10,11,0.9999987956594589,True,0.9999955474914942,M0l,0.2990420040691642,k2r,True,False,10,"1,2,3,4,5,6,7,8,9,10",1.0
aff11_wu100k_m128_seed1,11,y,67,210.64788528412885,True,10,10,11,0.999999014195122,True,0.9999969284838087,M4l,0.299127103326934,k2r,True,False,10,"1,2,3,4,5,6,7,8,9,10",1.0
aff11_wu100k_m128_seed1,11,y,68,236.3681041258287,True,10,10,11,0.9999993431354417,True,0.9999956206539233,M2l,0.2991942196190048,k2r,True,False,10,"1,2,3,4,5,6,7,8,9,10",1.0
aff11_wu100k_m128_seed1,11,y,69,141.36825242458121,True,10,10,11,0.9999990370175407,True,0.9999922501558276,M0l,0.2990261642052804,k2r,True,False,10,"1,2,3,4,5,6,7,8,9,10",1.0
aff11_wu100k_m128_seed1,11,y,70,162.80851962080072,True,10,10,11,0.9999990778820214,True,0.999992533015481,M0l,0.299028805032042,k2r,True,False,10,"1,2,3,4,5,6,7,8,9,10",1.0
aff11_wu100k_m128_seed1,11,y,71,224.9820554870651,True,10,10,11,0.9999996131647406,True,0.999997725849174,M6l,0.29925234619112795,k2r,True,False,10,"1,2,3,4,5,6,7,8,9,10",1.0
aff11_wu100k_m128_seed1,11,y,72,117.38099473909635,True,10,10,11,0.9999991283708154,True,0.9999927900855629,M6l,0.299261032022085,k2r,True,False,10,"1,2,3,4,5,6,7,8,9,10",1.0
aff11_wu100k_m128_seed1,11,y,73,178.7392926252713,True,10,10,11,0.9999996392335805,True,0.9999953274353396,M1l,0.29933305437564617,k2r,True,False,10,"1,2,3,4,5,6,7,8,9,10",1.0
aff11_wu100k_m128_seed1,11,y,74,231.69994300493917,True,10,10,11,0.9999998750897136,True,0.9999971508825994,M7l,0.29917791577150715,k2r,True,False,10,"1,2,3,4,5,6,7,8,9,10",1.0
aff11_wu100k_m128_seed1,11,y,75,409.5576609197742,True,5,1,0,0.49573523263613634,False,0.00020859817704672277,M5l,0.000344296695403925,k1l,False,False,0,,1.0
aff11_wu100k_m128_seed1,11,y,76,175.78946035330273,True,10,10,11,0.9999992555889438,True,0.9999944466028762,M10l,0.2993243085971714,k2r,True,False,10,"1,2,3,4,5,6,7,8,9,10",1.0
aff11_wu100k_m128_seed1,11,y,77,232.11066826784557,True,10,10,11,0.9999994377749067,True,0.9999977215015223,M1l,0.2993277130546666,k2r,True,False,10,"1,2,3,4,5,6,7,8,9,10",1.0
aff11_wu100k_m128_seed1,11,y,78,215.61857576365338,True,10,10,11,0.9999992148685368,True,0.99999607647902,M5l,0.2991420349514082,k2r,True,False,10,"1,2,3,4,5,6,7,8,9,10",1.0
aff11_wu100k_m128_seed1,11,y,79,255.10874124098956,True,10,10,11,0.9999998208084536,True,0.9999969748170208,M2l,0.2991696028262071,k2r,True,False,10,"1,2,3,4,5,6,7,8,9,10",1.0
aff11_wu100k_m128_seed1,11,y,80,214.9160643165947,True,10,10,11,0.9999995004423496,True,0.9999974824144816,M1l,0.29934344745664254,k2r,True,False,10,"1,2,3,4,5,6,7,8,9,10",1.0
aff11_wu100k_m128_seed1,11,y,81,228.42466906440993,True,10,10,11,0.9999996624831785,True,0.9999965297647982,M10l,0.29934562286041533,k2r,True,False,10,"1,2,3,4,5,6,7,8,9,10",1.0
aff11_wu100k_m128_seed1,11,y,82,190.87795951907407,True,10,10,11,0.999999042740674,True,0.9999962484040188,M6l,0.29925888029858644,k2r,True,False,10,"1,2,3,4,5,6,7,8,9,10",1.0
aff11_wu100k_m128_seed1,11,y,83,29.13289066587451,True,10,10,11,0.9674608364986013,True,0.2879236609831161,M7r,0.745794061843844,k2l,False,False,10,"1,2,3,4,5,6,7,8,9,10",1.0
aff11_wu100k_m128_seed1,11,y,84,187.712871331809,True,10,10,11,0.9999998232351807,True,0.9999957663399954,M3l,0.29932561493982063,k2r,True,False,10,"1,2,3,4,5,6,7,8,9,10",1.0
aff11_wu100k_m128_seed1,11,y,85,131.57365217757882,True,10,10,11,0.9999992098592416,True,0.999996764019559,M4l,0.29912865917852555,k2r,True,False,10,"1,2,3,4,5,6,7,8,9,10",1.0
aff11_wu100k_m128_seed1,11,y,86,156.98977453062327,True,10,10,11,0.9999988537395181,True,0.9999940093937185,M2l,0.2991856774392427,k2r,True,False,10,"1,2,3,4,5,6,7,8,9,10",1.0
aff11_wu100k_m128_seed1,11,y,87,233.94755276513735,True,10,10,11,0.9999997189385146,True,0.999997847877348,M5l,0.2991244483729871,k2r,True,False,10,"1,2,3,4,5,6,7,8,9,10",1.0
aff11_wu100k_m128_seed1,11,y,88,189.41951376785536,True,10,10,11,0.999998500515368,True,0.9999921073792032,M6l,0.29925108717538784,k2r,True,False,10,"1,2,3,4,5,6,7,8,9,10",1.0
aff11_wu100k_m128_seed1,11,y,89,208.17633916442816,True,10,10,11,0.9999995688864012,True,0.9999969243916633,M10l,0.2993511609479854,k2r,True,False,10,"1,2,3,4,5,6,7,8,9,10",1.0
aff11_wu100k_m128_seed1,11,y,90,228.17640440636154,True,10,10,11,0.999999664658845,True,0.9999975763285929,M2l,0.29917577663017286,k2r,True,False,10,"1,2,3,4,5,6,7,8,9,10",1.0
aff11_wu100k_m128_seed1,11,y,91,177.38178804139,True,10,10,11,0.9999991033282584,True,0.9999948632566925,M7l,0.2991782252695441,k2r,True,False,10,"1,2,3,4,5,6,7,8,9,10",1.0
aff11_wu100k_m128_seed1,11,y,92,248.50209160963638,True,10,10,11,0.999999746112943,True,0.9999973575462275,M5l,0.29913831191183404,k2r,True,False,10,"1,2,3,4,5,6,7,8,9,10",1.0
aff11_wu100k_m128_seed1,11,y,93,232.32322462441738,True,10,10,11,0.9999992377837947,True,0.9999959808991163,M4l,0.2991172310721982,k2r,True,False,10,"1,2,3,4,5,6,7,8,9,10",1.0
aff11_wu100k_m128_seed1,11,y,94,141.79925275486812,True,10,10,11,0.9999996434169215,True,0.9999950874117188,M7l,0.2991276706233256,k2r,True,False,10,"1,2,3,4,5,6,7,8,9,10",1.0
aff11_wu100k_m128_seed1,11,y,95,112.95156931704703,True,10,10,11,0.9999988785689801,True,0.9999908438188404,M3l,0.2993440088182952,k2r,True,False,10,"1,2,3,4,5,6,7,8,9,10",1.0
aff11_wu100k_m128_seed1,11,y,96,211.5639104837837,True,10,10,11,0.9999996945972742,True,0.9999959166633222,M7l,0.29919574396841486,k2r,True,False,10,"1,2,3,4,5,6,7,8,9,10",1.0
aff11_wu100k_m128_seed1,11,y,97,175.12415690460222,True,10,10,11,0.999998029825063,True,0.9999944055372841,M10l,0.2993377162485006,k2r,True,False,10,"1,2,3,4,5,6,7,8,9,10",1.0
aff11_wu100k_m128_seed1,11,y,98,124.3509177981645,True,10,10,11,0.9999993890132756,True,0.999994285283779,M5l,0.29912030712412974,k2r,True,False,10,"1,2,3,4,5,6,7,8,9,10",1.0
aff11_wu100k_m128_seed1,11,y,99,216.69595511189846,True,10,10,11,0.9999995200026076,True,0.9999952658734848,M0l,0.2990323302267805,k2r,True,False,10,"1,2,3,4,5,6,7,8,9,10",1.0
aff11_wu100k_m128_seed1,11,y,100,193.47733831644913,True,10,10,11,0.9999993261351758,True,0.9999959248785735,M7l,0.2991782056296123,k2r,True,False,10,"1,2,3,4,5,6,7,8,9,10",1.0
aff11_wu100k_m128_seed1,11,y,101,167.48938442173696,True,10,10,11,0.9999986913393819,True,0.9999948387592156,M10l,0.2993359712906451,k2r,True,False,10,"1,2,3,4,5,6,7,8,9,10",1.0
aff11_wu100k_m128_seed1,11,y,102,181.79776876180605,True,10,10,11,0.9999996575285585,True,0.9999974041762533,M7l,0.2991426547415673,k2r,True,False,10,"1,2,3,4,5,6,7,8,9,10",1.0
aff11_wu100k_m128_seed1,11,y,103,210.84082218917337,True,10,10,11,0.9999994158746416,True,0.9999969886555222,M4l,0.2991268933348158,k2r,True,False,10,"1,2,3,4,5,6,7,8,9,10",1.0
aff11_wu100k_m128_seed1,11,y,104,187.56561182256857,True,10,10,11,0.9999994312543645,True,0.999996670973847,M1l,0.29932356723255565,k2r,True,False,10,"1,2,3,4,5,6,7,8,9,10",1.0
aff11_wu100k_m128_seed1,11,y,105,401.3042774773526,True,5,1,0,0.49384178211003127,False,0.00024688316656850296,M10l,0.0003836877784957723,k3l,False,False,0,,1.0
aff11_wu100k_m128_seed1,11,y,106,157.77344441351747,True,10,10,11,0.9999990342701107,True,0.9999964188681993,M4l,0.2991385241761718,k2r,True,False,10,"1,2,3,4,5,6,7,8,9,10",1.0
aff11_wu100k_m128_seed1,11,y,107,196.77942292901338,True,10,10,11,0.9999993696180239,True,0.9999957713627406,M3l,0.2993045641956653,k2r,True,False,10,"1,2,3,4,5,6,7,8,9,10",1.0
aff11_wu100k_m128_seed1,11,y,108,155.1323379387321,True,10,10,11,0.9999990623997975,True,0.9999904514584683,M0l,0.29902399506231664,k2r,True,False,10,"1,2,3,4,5,6,7,8,9,10",1.0
aff11_wu100k_m128_seed1,11,y,109,131.2440314309875,True,10,10,11,0.9999990258074786,True,0.9999955927997606,M7l,0.2991990506056439,k2r,True,False,10,"1,2,3,4,5,6,7,8,9,10",1.0
aff11_wu100k_m128_seed1,11,y,110,228.94907318411762,True,10,10,11,0.9999995481222621,True,0.9999954012261958,M6l,0.29927289013529523,k2r,True,False,10,"1,2,3,4,5,6,7,8,9,10",1.0
aff11_wu100k_m128_seed1,11,y,111,402.1408342873533,True,5,1,0,0.4959780628409902,False,0.00019888409249556918,M5r,0.0002326002747690653,k1l,False,False,0,,1.0
aff11_wu100k_m128_seed1,11,y,112,228.82637816541705,True,10,10,11,0.9999999265825947,True,0.9999968421916412,M1l,0.29933297931213504,k2r,True,False,10,"1,2,3,4,5,6,7,8,9,10",1.0
aff11_wu100k_m128_seed1,11,y,113,233.7945318369606,True,10,10,11,0.9999997149025966,True,0.999996443081387,M10l,0.2993544040717268,k2r,True,False,10,"1,2,3,4,5,6,7,8,9,10",1.0
aff11_wu100k_m128_seed1,11,y,114,239.85607149759338,True,10,10,11,0.999999621950463,True,0.9999974673236139,M6l,0.299264257002392,k2r,True,False,10,"1,2,3,4,5,6,7,8,9,10",1.0
aff11_wu100k_m128_seed1,11,y,115,186.46986405096808,True,10,10,11,0.999999284569166,True,0.9999947731737255,M3l,0.2992830170866191,k2r,True,False,10,"1,2,3,4,5,6,7,8,9,10",1.0
aff11_wu100k_m128_seed1,11,y,116,241.7928002201004,True,10,10,11,0.9999996377866892,True,0.999997675697892,M5l,0.29911571493534667,k2r,True,False,10,"1,2,3,4,5,6,7,8,9,10",1.0
aff11_wu100k_m128_seed1,11,y,117,215.04794562676375,True,10,10,11,0.9999997719560179,True,0.9999975394883722,M5l,0.2991417893564813,k2r,True,False,10,"1,2,3,4,5,6,7,8,9,10",1.0
aff11_wu100k_m128_seed1,11,y,118,199.92748632637114,True,10,10,11,0.9999987117904924,True,0.999995895385162,M1l,0.29935119703462526,k2r,True,False,10,"1,2,3,4,5,6,7,8,9,10",1.0
aff11_wu100k_m128_seed1,11,y,119,177.8420718693374,True,10,10,11,0.9999994342112412,True,0.9999947459727982,M6l,0.2992626035405752,k2r,True,False,10,"1,2,3,4,5,6,7,8,9,10",1.0
aff11_wu100k_m128_seed1,11,y,120,169.6910297351648,True,10,10,11,0.9999995025772209,True,0.9999960604981786,M6l,0.2992687583287547,k2r,True,False,10,"1,2,3,4,5,6,7,8,9,10",1.0
aff11_wu100k_m128_seed1,11,y,121,120.54990912274228,True,10,10,11,0.9999990913569472,True,0.9999956659007935,M2l,0.29916816241214633,k2r,True,False,10,"1,2,3,4,5,6,7,8,9,10",1.0
aff11_wu100k_m128_seed1,11,y,122,212.30913836005973,True,10,10,11,0.9999992746895661,True,0.9999970165521882,M10l,0.29934260050395406,k2r,True,False,10,"1,2,3,4,5,6,7,8,9,10",1.0
aff11_wu100k_m128_seed1,11,y,123,172.22042153725133,True,10,10,11,0.9999994392329877,True,0.9999973897321974,M6l,0.29926310825087016,k2r,True,False,10,"1,2,3,4,5,6,7,8,9,10",1.0
aff11_wu100k_m128_seed1,11,y,124,225.74404146284473,True,10,10,11,0.9999992595212248,True,0.999994690210647,M10l,0.299332318902039,k2r,True,False,10,"1,2,3,4,5,6,7,8,9,10",1.0
aff11_wu100k_m128_seed1,11,y,125,151.5469478274209,True,10,10,11,0.9999993875904191,True,0.9999946171785756,M7l,0.2991827795944487,k2r,True,False,10,"1,2,3,4,5,6,7,8,9,10",1.0
aff11_wu100k_m128_seed1,11,y,126,168.44021733683047,True,10,10,11,0.999999665814926,True,0.9999962574679268,M10l,0.29934062631098574,k2r,True,False,10,"1,2,3,4,5,6,7,8,9,10",1.0
aff11_wu100k_m128_seed1,11,y,127,236.2033422712388,True,10,10,11,0.999999926710586,True,0.9999981672591488,M6l,0.2992685196210211,k2r,True,False,10,"1,2,3,4,5,6,7,8,9,10",1.0
aff16_wu_m128_seed2,16,x,0,65.50060253535955,True,22,8,16,0.9976566791532894,True,0.32889237750037675,M3l,0.5189501223858924,k7l,False,False,8,"1,3,5,7,9,11,13,15",1.0
aff16_wu_m128_seed2,16,x,1,139.16495415074195,True,22,8,16,0.9988837861941948,True,0.3297579121274373,M3l,0.5048566485681157,k7l,False,False,4,"3,5,11,13",1.0
aff16_wu_m128_seed2,16,x,2,286.9121862602455,True,15,1,0,0.9999855250063304,True,3.3845605398993257e-06,M5r,0.9999883666919971,k8l,False,True,0,,1.0
aff16_wu_m128_seed2,16,x,3,116.43120875010871,True,22,8,16,0.9985714777528223,True,0.32968433155928456,M3l,0.5046998314456012,k7l,False,False,4,"3,5,11,13",1.0
aff16_wu_m128_seed2,16,x,4,120.68316333427309,True,22,8,16,0.9988908997971695,True,0.3297043428324596,M3l,0.5049725971844328,k7l,False,False,4,"3,5,11,13",1.0
aff16_wu_m128_seed2,16,x,5,69.67901261578456,True,22,8,16,0.9987079062452783,True,0.3100851779046836,M3l,0.5135008706234956,k7l,False,False,4,"1,7,9,15",1.0
aff16_wu_m128_seed2,16,x,6,410.9870039264966,True,9,1,0,0.9999851444160899,True,2.9100978218006028e-06,M4l,0.9999859155613974,k8l,False,True,0,,1.0
aff16_wu_m128_seed2,16,x,7,38.151184973147,True,22,8,16,0.9993890308606198,True,0.32837642838584985,M3l,0.5167756839605143,k7l,False,False,4,"3,5,11,13",1.0
aff16_wu_m128_seed2,16,x,8,101.75462338452581,True,22,8,16,0.9980970396993074,True,0.3197037982438164,M3l,0.5132470823125008,k7l,False,False,4,"1,7,9,15",1.0
aff16_wu_m128_seed2,16,x,9,87.13820534843879,True,22,8,16,0.9991448258272394,True,0.30981725234756574,M3l,0.5135463467063103,k7l,False,False,4,"1,7,9,15",1.0
aff16_wu_m128_seed2,16,x,10,132.48846939950909,True,22,8,16,0.9985088932590089,True,0.31517296491071284,M3l,0.5210496714780519,k7l,False,False,4,"1,7,9,15",1.0
aff16_wu_m128_seed2,16,x,11,125.97986255470121,True,22,8,16,0.9983257395982366,True,0.31959730555399796,M3l,0.5137593298308109,k7l,False,False,4,"1,7,9,15",1.0
aff16_wu_m128_seed2,16,x,12,84.82373728082295,True,22,8,16,0.9982231779468415,True,0.31521418049558797,M3l,0.5206940289141668,k7l,False,False,4,"1,7,9,15",1.0
aff16_wu_m128_seed2,16,x,13,109.70878836667437,True,22,8,16,0.99859509383919,True,0.3294033689387461,M3l,0.5050964412792901,k7l,False,False,4,"3,5,11,13",1.0
aff16_wu_m128_seed2,16,x,14,424.53683338197175,True,9,1,0,0.9999852932252918,True,2.7024920847731785e-06,M4l,0.9999863009554142,k8l,False,True,0,,1.0
aff16_wu_m128_seed2,16,x,15,193.516305682663,True,22,8,16,0.9991313304995694,True,0.328947396375823,M3l,0.5208444824061583,k7l,False,False,4,"3,5,11,13",1.0
aff16_wu_m128_seed2,16,x,16,136.39188394018328,True,22,8,16,0.9993967245244736,True,0.3283341769592358,M3l,0.5168070170576098,k7l,False,False,4,"3,5,11,13",1.0
aff16_wu_m128_seed2,16,x,17,116.84817853494384,True,22,8,16,0.9982274579631931,True,0.31997017043148884,M3l,0.5136721323973271,k7l,False,False,4,"1,7,9,15",1.0
aff16_wu_m128_seed2,16,x,18,76.60324481707306,True,22,8,16,0.9989021997633032,True,0.3106114372620762,M3l,0.5138726748046474,k7l,False,False,4,"1,7,9,15",1.0
aff16_wu_m128_seed2,16,x,19,80.71320786664366,True,22,8,16,0.9971773475964242,True,0.3283393576480945,M3l,0.5155662577301957,k7l,False,False,8,"1,3,5,7,9,11,13,15",1.0
aff16_wu_m128_seed2,16,x,20,21.58180949745946,True,22,8,16,0.9950011199587184,True,0.3199711679921595,M3l,0.5114562663467696,k7l,False,False,4,"1,7,9,15",1.0
aff16_wu_m128_seed2,16,x,21,163.7208277391103,True,20,4,8,0.9972209145647054,True,0.5464683394531836,M6l,0.8512453718580905,k6r,False,False,4,"2,6,10,14",1.0
aff16_wu_m128_seed2,16,x,22,140.91749954955534,True,22,8,16,0.9994240833226801,True,0.3282067760756619,M3l,0.5170799639550485,k7l,False,False,4,"3,5,11,13",1.0
aff16_wu_m128_seed2,16,x,23,495.1078344792188,True,16,2,4,0.9844033638869814,True,0.9999915929352581,M7r,0.9844038167960757,k4l,True,True,0,,1.0
aff16_wu_m128_seed2,16,x,24,380.7150553427877,True,11,1,0,0.4999929743981072,False,3.208056352525174e-06,M7r,0.9999884583202611,k8l,False,True,0,,1.0
aff16_wu_m128_seed2,16,x,25,87.84375432294321,True,22,8,16,0.9989129982632694,True,0.30991848230562885,M3l,0.5135293082030459,k7l,False,False,4,"1,7,9,15",1.0
aff16_wu_m128_seed2,16,x,26,152.6425677878986,True,22,8,16,0.9980594948507736,True,0.3198034576857675,M3l,0.5133482431799942,k7l,False,False,4,"1,7,9,15",1.0
aff16_wu_m128_seed2,16,x,27,417.64337309563206,True,20,4,8,0.9966267174939114,True,0.5466585485690852,M2l,0.8507479150685735,k6r,False,False,4,"2,6,10,14",1.0
aff16_wu_m128_seed2,16,x,28,424.33105172542525,True,11,1,0,0.4999924798948132,False,3.7728856023024653e-06,M5l,0.9999868777142682,k8l,False,True,0,,1.0
aff16_wu_m128_seed2,16,x,29,365.19275553092336,True,11,1,0,0.49999439157914916,False,2.673953683310337e-06,M7r,0.9999892834892516,k8l,False,True,0,,1.0
aff16_wu_m128_seed2,16,x,30,0.0006467880370596137,True,22,8,16,0.2331987999341752,False,0.3734111473277031,M6r,0.5688855089604415,k8l,False,False,0,,1.0
aff16_wu_m128_seed2,16,x,31,89.92514004797015,True,22,8,16,0.9979931484986655,True,0.319697262792573,M3l,0.5131158874997942,k7l,False,False,4,"1,7,9,15",1.0
aff16_wu_m128_seed2,16,x,32,51.17957455508796,True,22,8,16,0.9985662032241639,True,0.3151025971175917,M3l,0.5211291911450407,k7l,False,False,4,"1,7,9,15",1.0
aff16_wu_m128_seed2,16,x,33,0.00047936581728204097,True,22,8,16,0.49726215946826685,False,0.25703960724580066,M3l,0.4695969164338005,k8l,False,False,0,,1.0
aff16_wu_m128_seed2,16,x,34,565.5517043879645,True,8,1,2,0.9999746735865376,True,0.999980823885471,M6l,0.999977860683682,k8l,True,True,0,,1.0
aff16_wu_m128_seed2,16,x,35,111.44016292162135,True,22,8,16,0.9991723625375591,True,0.3108695604961473,M3l,0.5145105938147608,k7l,False,False,4,"1,7,9,15",1.0
aff16_wu_m128_seed2,16,x,36,21.4866198102734,True,22,8,16,0.9993991291216685,True,0.3283980319752508,M3l,0.5164884694047113,k7l,False,False,4,"3,5,11,13",1.0
aff16_wu_m128_seed2,16,x,37,421.21371292716094,True,11,1,0,0.49999260354344693,False,4.0047526433108065e-06,M5l,0.9999864813980199,k8l,False,True,0,,1.0
aff16_wu_m128_seed2,16,x,38,97.76691570846326,True,22,8,16,0.998693208325245,True,0.32983628620822847,M3l,0.5047440709382413,k7l,False,False,4,"3,5,11,13",1.0
aff16_wu_m128_seed2,16,x,39,36.081887855670054,True,22,8,16,0.9991278838505665,True,0.32899544454046953,M3l,0.5209485623487614,k7l,False,False,4,"3,5,11,13",1.0
aff16_wu_m128_seed2,16,x,40,0.0005728158973084093,True,20,4,8,0.34857511487093334,False,0.4096786817288016,M2r,0.3715671927676455,k8l,False,False,0,,1.0
aff16_wu_m128_seed2,16,x,41,67.93728107370698,True,22,8,16,0.9978866998059553,True,0.3101139725460564,M3l,0.5129783849839024,k7l,False,False,4,"1,7,9,15",1.0
aff16_wu_m128_seed2,16,x,42,400.30110578268716,True,20,4,8,0.9966440684787135,True,0.5471164540900874,M6l,0.8505410545774581,k6r,False,False,4,"2,6,10,14",1.0
aff16_wu_m128_seed2,16,x,43,61.81234889136621,True,22,8,16,0.9987963791512667,True,0.32802421240408236,M3l,0.5167649172959713,k7l,False,False,4,"3,5,11,13",1.0
aff16_wu_m128_seed2,16,x,44,513.1493625788988,True,16,2,4,0.9706609089203339,True,0.9999918841551705,M6r,0.970661738956247,k4l,True,True,0,,1.0
aff16_wu_m128_seed2,16,x,45,16.28951488436937,True,22,8,16,0.9951539290191638,True,0.3150044441216197,M3l,0.5190114517973736,k7l,False,False,4,"1,7,9,15",1.0
aff16_wu_m128_seed2,16,x,46,156.7939041825217,True,22,8,16,0.9995148672987999,True,0.3283400768124312,M3l,0.5173656303922028,k7l,False,False,4,"3,5,11,13",1.0
aff16_wu_m128_seed2,16,x,47,421.5456743873741,True,9,1,0,0.9999862232027609,True,2.8008999953248437e-06,M4l,0.9999875911285032,k8l,False,True,0,,1.0
aff16_wu_m128_seed2,16,x,48,179.13709206149392,True,22,8,16,0.9991370601734799,True,0.3289211806558629,M3l,0.5211418611741185,k7l,False,False,4,"3,5,11,13",1.0
aff16_wu_m128_seed2,16,x,49,393.0091579556418,True,20,4,8,0.9965669381120579,True,0.5471533838236758,M6l,0.8504689924651324,k6r,False,False,4,"2,6,10,14",1.0
aff16_wu_m128_seed2,16,x,50,124.41443193072467,True,22,8,16,0.9991682128803668,True,0.3103093652229426,M3l,0.5136563004174546,k7l,False,False,4,"1,7,9,15",1.0
aff16_wu_m128_seed2,16,x,51,141.07018352906113,True,22,8,16,0.9986838434327244,True,0.3098661882351191,M3l,0.513381264882627,k7l,False,False,4,"1,7,9,15",1.0
aff16_wu_m128_seed2,16,x,52,377.4432821257576,True,11,1,0,0.4999930837398906,False,3.523533217153547e-06,M7r,0.9999880735340105,k8l,False,True,0,,1.0
aff16_wu_m128_seed2,16,x,53,114.34506823090021,True,22,8,16,0.9995800661071723,True,0.32838007868938174,M3l,0.5169127327264097,k7l,False,False,4,"3,5,11,13",1.0
aff16_wu_m128_seed2,16,x,54,124.20496186170955,True,22,8,16,0.9986518667293062,True,0.3296150152631372,M3l,0.5051040563791341,k7l,False,False,4,"3,5,11,13",1.0
aff16_wu_m128_seed2,16,x,55,209.0160983002104,True,22,8,16,0.9991091733731208,True,0.32898401768812946,M3l,0.5209267278867156,k7l,False,False,4,"3,5,11,13",1.0
aff16_wu_m128_seed2,16,x,56,145.29401084890054,True,22,8,16,0.9982004953839695,True,0.3154473131304597,M3l,0.5205481740000681,k7l,False,False,4,"1,7,9,15",1.0
aff16_wu_m128_seed2,16,x,57,114.12289322685572,True,22,8,16,0.9985170273908386,True,0.32954647633844775,M3l,0.504944322201266,k7l,False,False,4,"3,5,11,13",1.0
aff16_wu_m128_seed2,16,x,58,119.69314786043324,True,22,8,16,0.9986112627028222,True,0.3150563224524563,M3l,0.5210257083264257,k7l,False,False,4,"1,7,9,15",1.0
aff16_wu_m128_seed2,16,x,59,76.99067001551342,True,22,8,16,0.9989784012447162,True,0.32893302023063076,M3l,0.5213218606695631,k7l,False,False,4,"3,5,11,13",1.0
aff16_wu_m128_seed2,16,x,60,158.10088670550493,True,22,8,16,0.9985518051696515,True,0.3150944669105918,M3l,0.5210347147612377,k7l,False,False,4,"1,7,9,15",1.0
aff16_wu_m128_seed2,16,x,61,253.6150441009311,True,20,4,8,0.9965842401807024,True,0.5466497957050253,M2l,0.8507114703032348,k6r,False,False,4,"2,6,10,14",1.0
aff16_wu_m128_seed2,16,x,62,128.99775749090676,True,22,8,16,0.9982000579552036,True,0.3198234357809102,M3l,0.5136156549119797,k7l,False,False,4,"1,7,9,15",1.0
aff16_wu_m128_seed2,16,x,63,387.89696764160146,True,20,4,8,0.996579017779918,True,0.5471728902618945,M6l,0.8504800339364158,k6r,False,False,4,"2,6,10,14",1.0
aff16_wu_m128_seed2,16,x,64,40.293904798747946,True,22,8,16,0.9957497263534482,True,0.326643545385258,M3l,0.522212042596866,k7l,False,False,4,"3,5,11,13",1.0
aff16_wu_m128_seed2,16,x,65,128.37096286608622,True,22,8,16,0.999081187694782,True,0.3102907318612501,M3l,0.5140226233523062,k7l,False,False,4,"1,7,9,15",1.0
aff16_wu_m128_seed2,16,x,66,73.01612630370012,True,22,8,16,0.9980111533651798,True,0.319667564264452,M3l,0.5139386914575588,k7l,False,False,4,"1,7,9,15",1.0
aff16_wu_m128_seed2,16,x,67,25.296279086052724,True,22,8,16,0.9984085733636968,True,0.31979501157919754,M3l,0.5137258270327159,k7l,False,False,4,"1,7,9,15",1.0
aff16_wu_m128_seed2,16,x,68,80.17483506146388,True,22,8,16,0.996140562154829,True,0.31959228490044495,M3l,0.5121258037251649,k7l,False,False,4,"1,7,9,15",1.0
aff16_wu_m128_seed2,16,x,69,187.3882090377066,True,22,8,16,0.9984284160489186,True,0.31519337482278037,M3l,0.520816903901908,k7l,False,False,4,"1,7,9,15",1.0
aff16_wu_m128_seed2,16,x,70,129.4334884859936,True,22,8,16,0.9987536035877278,True,0.3296056092957196,M3l,0.5050533718831974,k7l,False,False,4,"3,5,11,13",1.0
aff16_wu_m128_seed2,16,x,71,313.4829581577683,True,15,1,0,0.9999870420235161,True,2.556136592044287e-06,M1r,0.9999888966494609,k8l,False,True,0,,1.0
aff16_wu_m128_seed2,16,x,72,125.5943907822747,True,22,8,16,0.998647142123078,True,0.31048984545881014,M3l,0.513699363975338,k7l,False,False,4,"1,7,9,15",1.0
aff16_wu_m128_seed2,16,x,73,147.27327566004328,True,22,8,16,0.9977369673565273,True,0.315149365359907,M3l,0.5201575170294972,k7l,False,False,4,"1,7,9,15",1.0
aff16_wu_m128_seed2,16,x,74,137.55025018574173,True,22,8,16,0.9990220548417417,True,0.31017373127618975,M3l,0.5137708135809145,k7l,False,False,4,"1,7,9,15",1.0
aff16_wu_m128_seed2,16,x,75,209.47173133063362,True,22,8,16,0.9994947827345685,True,0.328275449975296,M3l,0.5168123569448677,k7l,False,False,4,"3,5,11,13",1.0
aff16_wu_m128_seed2,16,x,76,402.9143265547186,True,9,1,0,0.9999858936584133,True,2.972886892370827e-06,M4l,0.9999868405907428,k8l,False,True,0,,1.0
aff16_wu_m128_seed2,16,x,77,52.83358209505877,True,22,8,16,0.9983249573829749,True,0.3151351833235923,M3l,0.5209513872795811,k7l,False,False,4,"1,7,9,15",1.0
aff16_wu_m128_seed2,16,x,78,45.169419081115855,True,11,1,0,0.49998623301790673,False,8.598181032974272e-06,M5l,0.9999733358927332,k8l,False,True,0,,1.0
aff16_wu_m128_seed2,16,x,79,35.21069153921893,True,20,4,8,0.9959500076023315,True,0.5448158032503286,M6l,0.8499185611404052,k6r,False,False,4,"2,6,10,14",1.0
aff16_wu_m128_seed2,16,x,80,494.4824995318898,True,16,2,4,0.9724295872866574,True,0.9999890626062263,M6r,0.9724304023831934,k4l,True,True,0,,1.0
aff16_wu_m128_seed2,16,x,81,66.03120129049925,True,22,8,16,0.9991982186965497,True,0.3289195568794154,M3l,0.521067682381801,k7l,False,False,4,"3,5,11,13",1.0
aff16_wu_m128_seed2,16,x,82,90.1983790382288,True,22,8,16,0.9986139524177549,True,0.309806688835071,M3l,0.5136308499005782,k7l,False,False,4,"1,7,9,15",1.0
aff16_wu_m128_seed2,16,x,83,174.46313136252164,True,22,8,16,0.999082697505013,True,0.32863078504187143,M3l,0.521302767124767,k7l,False,False,4,"3,5,11,13",1.0
aff16_wu_m128_seed2,16,x,84,237.41796488751817,True,22,8,16,0.9995865416313948,True,0.328337233376833,M3l,0.5170601688507417,k7l,False,False,4,"3,5,11,13",1.0
aff16_wu_m128_seed2,16,x,85,124.80651515913627,True,22,8,16,0.9984570058969725,True,0.3297901361328602,M3l,0.5047566443394149,k7l,False,False,4,"3,5,11,13",1.0
aff16_wu_m128_seed2,16,x,86,96.08166966468923,True,22,8,16,0.9983499252849735,True,0.3198223909543374,M3l,0.513396194119302,k7l,False,False,4,"1,7,9,15",1.0
aff16_wu_m128_seed2,16,x,87,117.1268204899875,True,22,8,16,0.9981994710140197,True,0.31987335674245326,M3l,0.5133899729706792,k7l,False,False,4,"1,7,9,15",1.0
aff16_wu_m128_seed2,16,x,88,163.62448763067022,True,20,4,8,0.9976299843759826,True,0.5461929507577584,M6l,0.8515881703142718,k6r,False,False,4,"2,6,10,14",1.0
aff16_wu_m128_seed2,16,x,89,31.19184933927344,True,11,1,0,0.49997577956216394,False,1.4467583890236017e-05,M3l,0.9999649250449959,k8l,False,True,0,,1.0
aff16_wu_m128_seed2,16,x,90,123.0328539006934,True,22,8,16,0.9984391937283981,True,0.3198167286205104,M3l,0.5131761504324881,k7l,False,False,4,"1,7,9,15",1.0
aff16_wu_m128_seed2,16,x,91,384.2716150819744,True,11,1,0,0.4999917536209173,False,4.640351693365019e-06,M1r,0.9999841813784404,k8l,False,True,0,,1.0
aff16_wu_m128_seed2,16,x,92,509.3841793240868,True,16,2,4,0.9737996096643178,True,0.9999914118660571,M2r,0.9738004592002886,k4r,True,True,0,,1.0
aff16_wu_m128_seed2,16,x,93,500.7091540508771,True,16,2,4,0.97603773796422,True,0.9999885141487336,M6r,0.9760385502536869,k4r,True,True,0,,1.0
aff16_wu_m128_seed2,16,x,94,128.1526365160701,True,22,8,16,0.9981178173315252,True,0.3200309469568089,M3l,0.5133075102741139,k7l,False,False,4,"1,7,9,15",1.0
aff16_wu_m128_seed2,16,x,95,411.24603591522333,True,20,4,8,0.9966038176438861,True,0.5466465126278706,M2l,0.850733959816319,k6r,False,False,4,"2,6,10,14",1.0
aff16_wu_m128_seed2,16,x,96,177.0550759295989,True,22,8,16,0.9994838719378097,True,0.32831973637417283,M3l,0.516837573896249,k7l,False,False,4,"3,5,11,13",1.0
aff16_wu_m128_seed2,16,x,97,6.6517665831503265,True,22,8,16,0.9984745792421876,True,0.31524345716914265,M3l,0.5203872364765784,k7l,False,False,4,"1,7,9,15",1.0
aff16_wu_m128_seed2,16,x,98,404.6785491381699,True,11,1,0,0.4999922870011159,False,3.5538895386852157e-06,M5l,0.999985943478637,k8l,False,True,0,,1.0
aff16_wu_m128_seed2,16,x,99,56.863497123649196,True,22,8,16,0.998878591408439,True,0.3104325736396483,M3l,0.5142819777947961,k7l,False,False,4,"1,7,9,15",1.0
aff16_wu_m128_seed2,16,x,100,90.39721721641901,True,22,8,16,0.9981276692828988,True,0.3297484070745611,M3l,0.5043665810952616,k7l,False,False,4,"3,5,11,13",1.0
aff16_wu_m128_seed2,16,x,101,262.0778630466876,True,20,4,8,0.9965987082222882,True,0.5466313281565054,M6l,0.8507200687026341,k6r,False,False,4,"2,6,10,14",1.0
aff16_wu_m128_seed2,16,x,102,572.3200319020334,True,8,1,2,0.9999741587058606,True,0.9999797496290911,M6l,0.9999777628901242,k8l,True,True,0,,1.0
aff16_wu_m128_seed2,16,x,103,504.57245080208327,True,16,2,4,0.965738282012577,True,0.9999923574698121,M7r,0.9657387366639951,k4r,True,True,0,,1.0
aff16_wu_m128_seed2,16,x,104,117.48549596920098,True,22,8,16,0.9983340544159214,True,0.31970572573117345,M3l,0.5138996755978142,k7l,False,False,4,"1,7,9,15",1.0
aff16_wu_m128_seed2,16,x,105,218.25833864155055,True,22,8,16,0.9987361325303198,True,0.3288312615071424,M3l,0.5208127338719941,k7l,False,False,4,"3,5,11,13",1.0
aff16_wu_m128_seed2,16,x,106,51.24010884370861,True,22,8,16,0.9985420100051907,True,0.3294429506846482,M3l,0.5051685731646125,k7l,False,False,4,"3,5,11,13",1.0
aff16_wu_m128_seed2,16,x,107,376.76541756620344,True,11,1,0,0.4999932623304814,False,2.5941658740811743e-06,M0l,0.999988043978627,k8l,False,True,0,,1.0
aff16_wu_m128_seed2,16,x,108,515.166561228857,True,16,2,4,0.965536989802581,True,0.9999914667106851,M7r,0.9655374608194255,k4r,True,True,0,,1.0
aff16_wu_m128_seed2,16,x,109,65.8094386012082,True,22,8,16,0.9991277933200905,True,0.3100889866328187,M3l,0.5140007937041503,k7l,False,False,4,"1,7,9,15",1.0
aff16_wu_m128_seed2,16,x,110,23.860052965983872,True,22,8,16,0.9975560121317872,True,0.3150032456074867,M3l,0.5209186322536151,k7l,False,False,4,"1,7,9,15",1.0
aff16_wu_m128_seed2,16,x,111,119.34499757778589,True,22,8,16,0.99874130227281,True,0.32982734863063123,M3l,0.5045955009739722,k7l,False,False,4,"3,5,11,13",1.0
aff16_wu_m128_seed2,16,x,112,493.09487796686483,True,16,2,4,0.9819573312588648,True,0.9999907766462642,M3r,0.9819577903053482,k4l,True,True,0,,1.0
aff16_wu_m128_seed2,16,x,113,310.90521597480534,True,15,1,0,0.9999860332628828,True,2.9991036451760374e-06,M3l,0.9999875749974795,k8l,False,True,0,,1.0
aff16_wu_m128_seed2,16,x,114,105.11655028802231,True,22,8,16,0.9995904888234761,True,0.32825193922166784,M3l,0.5169375840778809,k7l,False,False,4,"3,5,11,13",1.0
aff16_wu_m128_seed2,16,x,115,71.30356416423297,True,22,8,16,0.9983968476299403,True,0.3151912033504754,M3l,0.5204062869279548,k7l,False,False,4,"1,7,9,15",1.0
aff16_wu_m128_seed2,16,x,116,115.14521870138881,True,22,8,16,0.999585101563894,True,0.32833622081068076,M3l,0.5168117995575271,k7l,False,False,4,"3,5,11,13",1.0
aff16_wu_m128_seed2,16,x,117,203.48149329953733,True,22,8,16,0.9992230492137166,True,0.328640102832463,M3l,0.5216145234063089,k7l,False,False,4,"3,5,11,13",1.0
aff16_wu_m128_seed2,16,x,118,14.558007236381531,True,22,8,16,0.9990159697609544,True,0.3281212364396774,M3l,0.5168241019408827,k7l,False,False,8,"1,3,5,7,9,11,13,15",1.0
aff16_wu_m128_seed2,16,x,119,102.95457459334376,True,22,8,16,0.9990561657885578,True,0.32886450594564615,M3l,0.5214125618178006,k7l,False,False,4,"3,5,11,13",1.0
aff16_wu_m128_seed2,16,x,120,5.6159783271382794e-05,True,22,8,16,0.4892665175540818,False,0.502985675491871,M3r,0.32754896638367687,k5r,False,False,0,,1.0
aff16_wu_m128_seed2,16,x,121,148.48563194771748,True,22,8,16,0.998762782872469,True,0.32975161544681647,M3l,0.5048546710021526,k7l,False,False,4,"3,5,11,13",1.0
aff16_wu_m128_seed2,16,x,122,54.10870027964037,True,22,8,16,0.9979903360005963,True,0.31966922547255916,M3l,0.5132547523548806,k7l,False,False,4,"1,7,9,15",1.0
aff16_wu_m128_seed2,16,x,123,403.0099170636613,True,20,4,8,0.9966104179959935,True,0.5471295269384031,M6l,0.8505077362343794,k6r,False,False,4,"2,6,10,14",1.0
aff16_wu_m128_seed2,16,x,124,282.7190554074477,True,15,1,0,0.9999846803494039,True,3.185517605546147e-06,M5r,0.9999872910256371,k8l,False,True,0,,1.0
aff16_wu_m128_seed2,16,x,125,74.66280173570131,True,22,8,16,0.999194887676316,True,0.309955588709412,M3l,0.5136144522117596,k7l,False,False,4,"1,7,9,15",1.0
aff16_wu_m128_seed2,16,x,126,105.0698550101994,True,22,8,16,0.9989183212387684,True,0.31054923050337535,M3l,0.514220447380412,k7l,False,False,4,"1,7,9,15",1.0
aff16_wu_m128_seed2,16,x,127,96.14217333097844,True,22,8,16,0.9982508913806089,True,0.31987730781728096,M3l,0.5133111885413941,k7l,False,False,4,"1,7,9,15",1.0
aff16_wu_m128_seed2,16,y,0,53.999983379069604,True,22,8,16,0.9938607803405467,True,0.3196911939773751,M3r,0.517475578874671,k7r,False,False,8,"1,3,5,7,9,11,13,15",1.0
aff16_wu_m128_seed2,16,y,1,138.8008737755058,True,22,8,16,0.9986187103492681,True,0.3198661082774603,M3r,0.5054049463692587,k7r,False,False,8,"1,3,5,7,9,11,13,15",1.0
aff16_wu_m128_seed2,16,y,2,285.46012142447233,True,15,1,0,0.9999817908593502,True,5.313143175661157e-06,M5l,0.9999834154243475,k8l,False,True,0,,1.0
aff16_wu_m128_seed2,16,y,3,113.35422413508914,True,22,8,16,0.9981572055531185,True,0.3156139363083721,M3r,0.5090572267476262,k7r,False,False,8,"1,3,5,7,9,11,13,15",1.0
aff16_wu_m128_seed2,16,y,4,121.31890757465072,True,22,8,16,0.9989074089172074,True,0.3203455829593173,M3r,0.505104778432955,k7r,False,False,8,"1,3,5,7,9,11,13,15",1.0
aff16_wu_m128_seed2,16,y,5,71.9439774487256,True,22,8,16,0.9990329835079805,True,0.3192059225955772,M3r,0.5172000783022672,k7r,False,False,8,"1,3,5,7,9,11,13,15",1.0
aff16_wu_m128_seed2,16,y,6,407.6288187205364,True,9,1,0,0.9999744390188188,True,3.2489440139977707e-06,M5l,0.9999777657353097,k8l,False,True,0,,1.0
aff16_wu_m128_seed2,16,y,7,37.195037155357596,True,22,8,16,0.9978287252547559,True,0.3144581550321356,M3r,0.5175081383879374,k7r,False,False,8,"1,3,5,7,9,11,13,15",1.0
aff16_wu_m128_seed2,16,y,8,104.51320980881655,True,22,8,16,0.998902061538106,True,0.31989080660842445,M3r,0.5163694637663591,k7r,False,False,8,"1,3,5,7,9,11,13,15",1.0
aff16_wu_m128_seed2,16,y,9,91.0542529063721,True,22,8,16,0.998318063664913,True,0.32173484911570355,M3r,0.5097399617281739,k7r,False,False,8,"1,3,5,7,9,11,13,15",1.0
aff16_wu_m128_seed2,16,y,10,140.73483840649018,True,22,8,16,0.9980131359358665,True,0.31512177455958784,M3r,0.5093743397645631,k7r,False,False,8,"1,3,5,7,9,11,13,15",1.0
aff16_wu_m128_seed2,16,y,11,130.58981387990923,True,22,8,16,0.998369647872445,True,0.3149602400301868,M3r,0.5174795735110609,k7r,False,False,8,"1,3,5,7,9,11,13,15",1.0
aff16_wu_m128_seed2,16,y,12,91.48588125489356,True,22,8,16,0.9976553726292269,True,0.31518276585496685,M3r,0.5092943134464477,k7r,False,False,8,"1,3,5,7,9,11,13,15",1.0
aff16_wu_m128_seed2,16,y,13,107.92996930930198,True,22,8,16,0.9991667916004604,True,0.3254080470390127,M3r,0.5076046941086501,k7r,False,False,8,"1,3,5,7,9,11,13,15",1.0
aff16_wu_m128_seed2,16,y,14,421.89679882442204,True,9,1,0,0.9999751808059553,True,5.302799421487739e-06,M5l,0.9999773084037192,k8l,False,True,0,,1.0
aff16_wu_m128_seed2,16,y,15,186.9888407862853,True,22,8,16,0.9984279525008996,True,0.3136378113502691,M3r,0.5186890661874419,k7r,False,False,8,"1,3,5,7,9,11,13,15",1.0
aff16_wu_m128_seed2,16,y,16,133.60340165224662,True,22,8,16,0.998909421622038,True,0.31967298326718246,M3r,0.5168927751348983,k7r,False,False,8,"1,3,5,7,9,11,13,15",1.0
aff16_wu_m128_seed2,16,y,17,122.1965978231256,True,22,8,16,0.998211045511753,True,0.31349705688404556,M3r,0.5185080738328657,k7r,False,False,8,"1,3,5,7,9,11,13,15",1.0
aff16_wu_m128_seed2,16,y,18,80.20931423490556,True,22,8,16,0.9977660088367334,True,0.32029417519425696,M3r,0.5098389191242957,k7r,False,False,8,"1,3,5,7,9,11,13,15",1.0
aff16_wu_m128_seed2,16,y,19,66.4643249087145,True,22,8,16,0.9956311446688013,True,0.3162566549844317,M3r,0.5202360763199522,k7r,False,False,8,"1,3,5,7,9,11,13,15",1.0
aff16_wu_m128_seed2,16,y,20,17.631671435575903,True,22,8,16,0.9837915670788373,True,0.3191196566733012,M3r,0.5047809901467923,k7r,False,False,8,"1,3,5,7,9,11,13,15",1.0
aff16_wu_m128_seed2,16,y,21,162.3780419462497,True,20,4,8,0.9958156574965018,True,0.5480280619528598,M6r,0.8473634654081338,k2l,False,False,4,"2,6,10,14",1.0
aff16_wu_m128_seed2,16,y,22,140.1488983561405,True,22,8,16,0.9981451715755618,True,0.32192025626535553,M3r,0.5094892866073378,k7r,False,False,8,"1,3,5,7,9,11,13,15",1.0
aff16_wu_m128_seed2,16,y,23,493.95713119948937,True,16,2,4,0.9847932021214292,True,0.9999836439945216,M7l,0.984793832398955,k4l,True,True,0,,1.0
aff16_wu_m128_seed2,16,y,24,382.16433326911425,True,11,1,0,0.49999351622900184,False,3.160766900452929e-06,M4l,0.9999878302996719,k8l,False,True,0,,1.0
aff16_wu_m128_seed2,16,y,25,89.89982861689306,True,22,8,16,0.999100831940614,True,0.31927751251021946,M3r,0.517183097802329,k7r,False,False,8,"1,3,5,7,9,11,13,15",1.0
aff16_wu_m128_seed2,16,y,26,159.5475042007698,True,22,8,16,0.9980494190631828,True,0.32109464846790187,M3r,0.509688328572314,k7r,False,False,8,"1,3,5,7,9,11,13,15",1.0
aff16_wu_m128_seed2,16,y,27,416.8622879144964,True,20,4,8,0.9965659470582484,True,0.5473402119368349,M6r,0.8513260367015013,k6l,False,False,4,"2,6,10,14",1.0
aff16_wu_m128_seed2,16,y,28,426.27856641225037,True,11,1,0,0.49999236217904736,False,3.0049715981483677e-06,M4l,0.9999854378835845,k8l,False,True,0,,1.0
aff16_wu_m128_seed2,16,y,29,367.87833913875687,True,11,1,0,0.4999937545034725,False,1.947358667549433e-06,M2r,0.9999879204320034,k8l,False,True,0,,1.0
aff16_wu_m128_seed2,16,y,30,0.0010073144925363655,True,16,2,4,0.31201904149037396,False,0.4751847956053235,M1l,0.3245649389998217,k8l,False,False,0,,1.0
aff16_wu_m128_seed2,16,y,31,94.3274263676228,True,22,8,16,0.9977727989967397,True,0.32174289360585523,M3r,0.5092266011318493,k7r,False,False,8,"1,3,5,7,9,11,13,15",1.0
aff16_wu_m128_seed2,16,y,32,52.76138513819382,True,22,8,16,0.9991620054293927,True,0.3242408275527825,M3r,0.5084580468321932,k7r,False,False,8,"1,3,5,7,9,11,13,15",1.0
aff16_wu_m128_seed2,16,y,33,0.00020308670234264056,True,22,8,16,0.4978818192079057,False,0.3032222078671494,M3l,0.441521629513436,k8l,False,False,0,,1.0
aff16_wu_m128_seed2,16,y,34,562.0641274013083,True,8,1,2,0.9999811409275953,True,0.9999871990924083,M6l,0.99998197572368,k8l,True,True,0,,1.0
aff16_wu_m128_seed2,16,y,35,115.11868780767308,True,22,8,16,0.9985649506511564,True,0.3203152052555019,M3r,0.5058579189301425,k7r,False,False,8,"1,3,5,7,9,11,13,15",1.0
aff16_wu_m128_seed2,16,y,36,21.093635762773623,True,22,8,16,0.9991087957775422,True,0.31892034844644246,M3r,0.5175469500087102,k7r,False,False,8,"1,3,5,7,9,11,13,15",1.0
aff16_wu_m128_seed2,16,y,37,423.238906621778,True,11,1,0,0.4999928341737427,False,2.8994327538436955e-06,M3l,0.9999863541909376,k8l,False,True,0,,1.0
aff16_wu_m128_seed2,16,y,38,96.19369522023142,True,22,8,16,0.9980946093538244,True,0.3132470432736147,M3r,0.5189717322393699,k7r,False,False,8,"1,3,5,7,9,11,13,15",1.0
aff16_wu_m128_seed2,16,y,39,35.6591304389234,True,22,8,16,0.9991960568590765,True,0.3191696925827487,M3r,0.5173806025124658,k7r,False,False,8,"1,3,5,7,9,11,13,15",1.0
aff16_wu_m128_seed2,16,y,40,0.00028864812993993405,True,16,2,4,0.3680963996875344,False,0.6162557137324918,M7l,0.36820662873453947,k4r,False,False,0,,1.0
aff16_wu_m128_seed2,16,y,41,60.770238720823926,True,22,8,16,0.9927063645232861,True,0.3173236887333979,M3r,0.5171636412025628,k7r,False,False,8,"1,3,5,7,9,11,13,15",1.0
aff16_wu_m128_seed2,16,y,42,397.8852364798188,True,20,4,8,0.996689068283544,True,0.5502187245038539,M6r,0.8481120746609045,k2l,False,False,4,"2,6,10,14",1.0
aff16_wu_m128_seed2,16,y,43,60.719472378074926,True,22,8,16,0.9987482481475527,True,0.3245002410958591,M3r,0.5081099691952183,k7r,False,False,8,"1,3,5,7,9,11,13,15",1.0
aff16_wu_m128_seed2,16,y,44,509.83237630895985,True,16,2,4,0.9709783302162194,True,0.9999892769318571,M2l,0.9709791088949925,k4r,True,True,0,,1.0
aff16_wu_m128_seed2,16,y,45,13.903192981870498,True,22,8,16,0.9918969466036485,True,0.3153193231727788,M3r,0.5097398452415928,k7r,False,False,8,"1,3,5,7,9,11,13,15",1.0
aff16_wu_m128_seed2,16,y,46,155.6572665847691,True,22,8,16,0.9982327600156371,True,0.31490054517155514,M3r,0.5098661794994767,k7r,False,False,8,"1,3,5,7,9,11,13,15",1.0
aff16_wu_m128_seed2,16,y,47,418.6631405029117,True,9,1,0,0.999975874099821,True,4.154647870509299e-06,M6r,0.9999776925469405,k8l,False,True,0,,1.0
aff16_wu_m128_seed2,16,y,48,178.1099012909396,True,22,8,16,0.9990328338834386,True,0.3202872091441618,M3r,0.5055652035839134,k7r,False,False,8,"1,3,5,7,9,11,13,15",1.0
aff16_wu_m128_seed2,16,y,49,392.1834507392002,True,20,4,8,0.9964918516597182,True,0.5473885933095259,M2r,0.8512578046454844,k6l,False,False,4,"2,6,10,14",1.0
aff16_wu_m128_seed2,16,y,50,130.3352904895389,True,22,8,16,0.9983879617245978,True,0.31534783403378297,M3r,0.509607098538887,k7r,False,False,8,"1,3,5,7,9,11,13,15",1.0
aff16_wu_m128_seed2,16,y,51,145.42262124518197,True,22,8,16,0.9977733693243325,True,0.3131620408881832,M3r,0.5185723746135911,k7r,False,False,8,"1,3,5,7,9,11,13,15",1.0
aff16_wu_m128_seed2,16,y,52,379.94656260676163,True,11,1,0,0.4999928331306108,False,2.7513741118297385e-06,M6l,0.9999860474743373,k8l,False,True,0,,1.0
aff16_wu_m128_seed2,16,y,53,114.37175034996724,True,22,8,16,0.9983122950136407,True,0.3208050152603711,M3r,0.5098908226089516,k7r,False,False,8,"1,3,5,7,9,11,13,15",1.0
aff16_wu_m128_seed2,16,y,54,120.92204020894661,True,22,8,16,0.9985972089634719,True,0.319806655022667,M3r,0.5163103262434087,k7r,False,False,8,"1,3,5,7,9,11,13,15",1.0
aff16_wu_m128_seed2,16,y,55,203.91901177001378,True,22,8,16,0.9991588134203085,True,0.3194163316980479,M3r,0.5170359841733436,k7r,False,False,8,"1,3,5,7,9,11,13,15",1.0
aff16_wu_m128_seed2,16,y,56,151.32095307789047,True,22,8,16,0.9987600203370742,True,0.3198330494554731,M3r,0.5163037837477744,k7r,False,False,8,"1,3,5,7,9,11,13,15",1.0
aff16_wu_m128_seed2,16,y,57,110.20651676402828,True,22,8,16,0.9981434453129777,True,0.31327420950145246,M3r,0.5189881910420524,k7r,False,False,8,"1,3,5,7,9,11,13,15",1.0
aff16_wu_m128_seed2,16,y,58,124.82724511238416,True,22,8,16,0.9989647156029058,True,0.3239982679754198,M3r,0.5083424454837423,k7r,False,False,8,"1,3,5,7,9,11,13,15",1.0
aff16_wu_m128_seed2,16,y,59,78.5063488582997,True,22,8,16,0.9987023737673612,True,0.31981336196741383,M3r,0.5056735901228522,k7r,False,False,8,"1,3,5,7,9,11,13,15",1.0
aff16_wu_m128_seed2,16,y,60,165.9835923662329,True,22,8,16,0.9980309510728733,True,0.3147188395282144,M3r,0.5174273007231078,k7r,False,False,8,"1,3,5,7,9,11,13,15",1.0
aff16_wu_m128_seed2,16,y,61,252.3493807715591,True,20,4,8,0.9966960597132396,True,0.5501724340551833,M2r,0.848109878381831,k2l,False,False,4,"2,6,10,14",1.0
aff16_wu_m128_seed2,16,y,62,133.4530347410132,True,22,8,16,0.9989549713975557,True,0.3253384387387566,M3r,0.5074213453270899,k7r,False,False,8,"1,3,5,7,9,11,13,15",1.0
aff16_wu_m128_seed2,16,y,63,387.80391632248933,True,20,4,8,0.9965378987112139,True,0.5473690078494424,M2r,0.8512940265943715,k6l,False,False,4,"2,6,10,14",1.0
aff16_wu_m128_seed2,16,y,64,29.91675071416473,True,22,8,16,0.9826296976350354,True,0.3220880327937666,M3r,0.5044203597402404,k7r,False,False,8,"1,3,5,7,9,11,13,15",1.0
aff16_wu_m128_seed2,16,y,65,134.1823934298199,True,22,8,16,0.9987052420621426,True,0.32551664801202834,M3r,0.5073671584261175,k7r,False,False,8,"1,3,5,7,9,11,13,15",1.0
aff16_wu_m128_seed2,16,y,66,75.49118133186654,True,22,8,16,0.9982435124369459,True,0.3203940298536551,M3r,0.5156060789813557,k7r,False,False,8,"1,3,5,7,9,11,13,15",1.0
aff16_wu_m128_seed2,16,y,67,26.310087709320587,True,22,8,16,0.9984790374449458,True,0.3244581915240464,M3r,0.5077995107028952,k7r,False,False,8,"1,3,5,7,9,11,13,15",1.0
aff16_wu_m128_seed2,16,y,68,73.13850024342726,True,22,8,16,0.9934839012957154,True,0.3193001785092989,M3r,0.5170820477669067,k7r,False,False,8,"1,3,5,7,9,11,13,15",1.0
aff16_wu_m128_seed2,16,y,69,200.87129592686063,True,22,8,16,0.998729702579225,True,0.3203810743298525,M3r,0.5053525669475831,k7r,False,False,8,"1,3,5,7,9,11,13,15",1.0
aff16_wu_m128_seed2,16,y,70,126.4642158627671,True,22,8,16,0.9982411293576954,True,0.321198408400282,M3r,0.5096529705577239,k7r,False,False,8,"1,3,5,7,9,11,13,15",1.0
aff16_wu_m128_seed2,16,y,71,311.5997159881561,True,15,1,0,0.9999851560178776,True,4.468850497294187e-06,M1l,0.9999859026703237,k8l,False,True,0,,1.0
aff16_wu_m128_seed2,16,y,72,128.33532872327078,True,22,8,16,0.9990816039465797,True,0.32587082753773083,M3r,0.5072581729574753,k7r,False,False,8,"1,3,5,7,9,11,13,15",1.0
aff16_wu_m128_seed2,16,y,73,159.73541235187534,True,22,8,16,0.9980458822489398,True,0.32167638980388336,M3r,0.5093529468153751,k7r,False,False,8,"1,3,5,7,9,11,13,15",1.0
aff16_wu_m128_seed2,16,y,74,145.42098375048616,True,22,8,16,0.9989887592126538,True,0.32043174017344767,M3r,0.5053169449026238,k7r,False,False,8,"1,3,5,7,9,11,13,15",1.0
aff16_wu_m128_seed2,16,y,75,206.06117686899975,True,22,8,16,0.9982610535915724,True,0.3142274738406036,M3r,0.5182319108281753,k7r,False,False,8,"1,3,5,7,9,11,13,15",1.0
aff16_wu_m128_seed2,16,y,76,399.25175520716425,True,9,1,0,0.9999758692619092,True,3.0134982406588256e-06,M5l,0.9999788239818161,k8l,False,True,0,,1.0
aff16_wu_m128_seed2,16,y,77,54.645434352413425,True,22,8,16,0.9990998157734163,True,0.32522618784597973,M3r,0.5076995521512699,k7r,False,False,8,"1,3,5,7,9,11,13,15",1.0
aff16_wu_m128_seed2,16,y,78,45.6006014744599,True,11,1,0,0.49998020498697054,False,1.269747862338626e-05,M7l,0.999969246539504,k8l,False,True,0,,1.0
aff16_wu_m128_seed2,16,y,79,34.81179287604153,True,20,4,8,0.9976221003130951,True,0.5465857370210713,M6r,0.8522454894017475,k6l,False,False,4,"2,6,10,14",1.0
aff16_wu_m128_seed2,16,y,80,493.55763850300787,True,16,2,4,0.9724707324579945,True,0.9999867870397394,M3l,0.9724713483699493,k4r,True,True,0,,1.0
aff16_wu_m128_seed2,16,y,81,64.70695775748428,True,22,8,16,0.9987114452552293,True,0.3239646107332085,M3r,0.5082703953065837,k7r,False,False,8,"1,3,5,7,9,11,13,15",1.0
aff16_wu_m128_seed2,16,y,82,92.21073706675428,True,22,8,16,0.9988633353144667,True,0.32005648899416644,M3r,0.5160088086528857,k7r,False,False,8,"1,3,5,7,9,11,13,15",1.0
aff16_wu_m128_seed2,16,y,83,174.44168869301907,True,22,8,16,0.9982552921708228,True,0.3148122911485959,M3r,0.50971307999274,k7r,False,False,8,"1,3,5,7,9,11,13,15",1.0
aff16_wu_m128_seed2,16,y,84,236.48153697637002,True,22,8,16,0.9990114564838879,True,0.3200079376960001,M3r,0.505615365150478,k7r,False,False,8,"1,3,5,7,9,11,13,15",1.0
aff16_wu_m128_seed2,16,y,85,123.4366224644735,True,22,8,16,0.9982434065657162,True,0.32138687053512166,M3r,0.5096091065482128,k7r,False,False,8,"1,3,5,7,9,11,13,15",1.0
aff16_wu_m128_seed2,16,y,86,100.02093733515453,True,22,8,16,0.9976442228305177,True,0.3151527874992649,M3r,0.5091864737327388,k7r,False,False,8,"1,3,5,7,9,11,13,15",1.0
aff16_wu_m128_seed2,16,y,87,122.675879999037,True,22,8,16,0.9977039760310946,True,0.3159226342131915,M3r,0.5088037151278341,k7r,False,False,8,"1,3,5,7,9,11,13,15",1.0
aff16_wu_m128_seed2,16,y,88,162.62575432917188,True,20,4,8,0.9962454814499524,True,0.548396093879694,M6r,0.8476909845493538,k2l,False,False,4,"2,6,10,14",1.0
aff16_wu_m128_seed2,16,y,89,31.634542288501365,True,11,1,0,0.4999824310869008,False,1.4202896146949207e-05,M6l,0.9999727811525398,k8l,False,True,0,,1.0
aff16_wu_m128_seed2,16,y,90,131.7189279266044,True,22,8,16,0.9989237612277613,True,0.32025517098180833,M3r,0.5055730042546479,k7r,False,False,8,"1,3,5,7,9,11,13,15",1.0
aff16_wu_m128_seed2,16,y,91,386.18933851323345,True,11,1,0,0.49999201859694997,False,6.4034986199063e-06,M4l,0.9999847676238262,k8l,False,True,0,,1.0
aff16_wu_m128_seed2,16,y,92,505.0869639053429,True,16,2,4,0.9739399693598481,True,0.9999893876741245,M4l,0.9739407200953496,k4r,True,True,0,,1.0
aff16_wu_m128_seed2,16,y,93,499.50330083500523,True,16,2,4,0.9760588973182547,True,0.9999862460194466,M3l,0.9760595235780997,k4l,True,True,0,,1.0
aff16_wu_m128_seed2,16,y,94,132.0255023403014,True,22,8,16,0.9989059391764055,True,0.32381874213428324,M3r,0.508522275454831,k7r,False,False,8,"1,3,5,7,9,11,13,15",1.0
aff16_wu_m128_seed2,16,y,95,410.5953904093654,True,20,4,8,0.9965426710636489,True,0.5473674609930703,M6r,0.8513060424205267,k6l,False,False,4,"2,6,10,14",1.0
aff16_wu_m128_seed2,16,y,96,172.27475532671767,True,22,8,16,0.9992068715799879,True,0.32373696909504457,M3r,0.508784553610318,k7r,False,False,8,"1,3,5,7,9,11,13,15",1.0
aff16_wu_m128_seed2,16,y,97,7.000036913358775,True,22,8,16,0.9983213070345937,True,0.32161431995314244,M3r,0.50459498036914,k7r,False,False,8,"1,3,5,7,9,11,13,15",1.0
aff16_wu_m128_seed2,16,y,98,406.14516612474006,True,11,1,0,0.49999287722449237,False,3.6755420223220525e-06,M4l,0.9999875618919061,k8l,False,True,0,,1.0
aff16_wu_m128_seed2,16,y,99,59.82912006604447,True,22,8,16,0.9979274939654516,True,0.31526008788812593,M3r,0.5094254590879097,k7r,False,False,8,"1,3,5,7,9,11,13,15",1.0
aff16_wu_m128_seed2,16,y,100,88.50268993747127,True,22,8,16,0.9989354208756148,True,0.3245046891254333,M3r,0.5082104295588266,k7r,False,False,8,"1,3,5,7,9,11,13,15",1.0
aff16_wu_m128_seed2,16,y,101,260.7608920894041,True,20,4,8,0.9966703360923592,True,0.5501966873297959,M6r,0.8480754225360786,k2l,False,False,4,"2,6,10,14",1.0
aff16_wu_m128_seed2,16,y,102,568.5632792515091,True,8,1,2,0.9999813428840213,True,0.9999873110394434,M6l,0.9999824749198938,k8l,True,True,0,,1.0
aff16_wu_m128_seed2,16,y,103,502.4681630700992,True,16,2,4,0.9661638892046522,True,0.9999896650891624,M4l,0.9661646444627017,k4r,True,True,0,,1.0
aff16_wu_m128_seed2,16,y,104,125.12930092507561,True,22,8,16,0.9985435214125359,True,0.3204619859235632,M3r,0.5052931729036916,k7r,False,False,8,"1,3,5,7,9,11,13,15",1.0
aff16_wu_m128_seed2,16,y,105,218.5009806381214,True,22,8,16,0.9980010576095105,True,0.3210403872000326,M3r,0.5098963531802151,k7r,False,False,8,"1,3,5,7,9,11,13,15",1.0
aff16_wu_m128_seed2,16,y,106,50.12650667216591,True,22,8,16,0.9991900199894456,True,0.32461815282118284,M3r,0.5081259068507599,k7r,False,False,8,"1,3,5,7,9,11,13,15",1.0
aff16_wu_m128_seed2,16,y,107,378.2988518226341,True,11,1,0,0.4999944676375086,False,1.8024159791531183e-06,M0r,0.9999895515755252,k8l,False,True,0,,1.0
aff16_wu_m128_seed2,16,y,108,512.985260489961,True,16,2,4,0.965907807225741,True,0.9999898342853769,M4l,0.9659085700514565,k4l,True,True,0,,1.0
aff16_wu_m128_seed2,16,y,109,68.97670179724165,True,22,8,16,0.9984326400460763,True,0.3210575331816914,M3r,0.510507977252505,k7r,False,False,8,"1,3,5,7,9,11,13,15",1.0
aff16_wu_m128_seed2,16,y,110,21.654123663506443,True,22,8,16,0.9932563276072235,True,0.3146279254869585,M3r,0.5189336275886527,k7r,False,False,8,"1,3,5,7,9,11,13,15",1.0
aff16_wu_m128_seed2,16,y,111,115.21673269362454,True,22,8,16,0.9987178091327229,True,0.319556580958897,M3r,0.5168462295208308,k7r,False,False,8,"1,3,5,7,9,11,13,15",1.0
aff16_wu_m128_seed2,16,y,112,491.0914299072776,True,16,2,4,0.9825814498785972,True,0.9999840314750484,M1l,0.9825820804276111,k4r,True,True,0,,1.0
aff16_wu_m128_seed2,16,y,113,309.2807865194404,True,15,1,0,0.9999867970122428,True,3.842767334476663e-06,M1l,0.9999871431051885,k8l,False,True,0,,1.0
aff16_wu_m128_seed2,16,y,114,102.22967796593908,True,22,8,16,0.9990789205342349,True,0.31921584184930707,M3r,0.5171680008605944,k7r,False,False,8,"1,3,5,7,9,11,13,15",1.0
aff16_wu_m128_seed2,16,y,115,74.65217087664979,True,22,8,16,0.9986834439780995,True,0.31968067798334365,M3r,0.5162896408345756,k7r,False,False,8,"1,3,5,7,9,11,13,15",1.0
aff16_wu_m128_seed2,16,y,116,114.27773990399872,True,22,8,16,0.9979281542765849,True,0.31510929417017713,M3r,0.5093786819402355,k7r,False,False,8,"1,3,5,7,9,11,13,15",1.0
aff16_wu_m128_seed2,16,y,117,198.13958167373985,True,22,8,16,0.9988212228211245,True,0.32462175971479384,M3r,0.5077575056085484,k7r,False,False,8,"1,3,5,7,9,11,13,15",1.0
aff16_wu_m128_seed2,16,y,118,11.953613811477057,True,22,8,16,0.9871625780412894,True,0.3140154623654318,M3r,0.5090704386004918,k7r,False,False,8,"1,3,5,7,9,11,13,15",1.0
aff16_wu_m128_seed2,16,y,119,103.69187428233865,True,22,8,16,0.9980438809796575,True,0.31509067365117194,M3r,0.5093513296943497,k7r,False,False,8,"1,3,5,7,9,11,13,15",1.0
aff16_wu_m128_seed2,16,y,120,0.00020795022961488105,True,22,8,16,0.508581250658646,False,0.28425412571813746,M1l,0.3779171725116061,k3l,False,False,0,,1.0
aff16_wu_m128_seed2,16,y,121,145.72583174695146,True,22,8,16,0.9982849582448949,True,0.31504121134823215,M3r,0.5094710880837549,k7r,False,False,8,"1,3,5,7,9,11,13,15",1.0
aff16_wu_m128_seed2,16,y,122,56.15865621239164,True,22,8,16,0.997816084094919,True,0.31541447666134703,M3r,0.5093738110744713,k7r,False,False,8,"1,3,5,7,9,11,13,15",1.0
aff16_wu_m128_seed2,16,y,123,399.6037787490832,True,20,4,8,0.9967286533749432,True,0.5502121148191308,M6r,0.8481311525460422,k2l,False,False,4,"2,6,10,14",1.0
aff16_wu_m128_seed2,16,y,124,280.86189430487974,True,15,1,0,0.9999842028168462,True,5.231907992528034e-06,M1l,0.9999866405934564,k8l,False,True,0,,1.0
aff16_wu_m128_seed2,16,y,125,77.42100610915243,True,22,8,16,0.9984620713956506,True,0.31462317256155053,M3r,0.5099882993415614,k7r,False,False,8,"1,3,5,7,9,11,13,15",1.0
aff16_wu_m128_seed2,16,y,126,108.68509045646074,True,22,8,16,0.997751442220726,True,0.3142660626121127,M3r,0.5176940445571137,k7r,False,False,8,"1,3,5,7,9,11,13,15",1.0
aff16_wu_m128_seed2,16,y,127,99.14086252752683,True,22,8,16,0.9988425297684053,True,0.31954979571225584,M3r,0.5166202581444547,k7r,False,False,8,"1,3,5,7,9,11,13,15",1.0
