run,n,side,neuron,energy,live,dom_irrep,dom_dim,dom_block,e_dom,block_dominant,alpha_plain,plain_label,alpha_twist,twist_label,aligned_plain,aligned_twist,support_orbit,support_freqs,test_acc
aff13_wu100k_m256_seed1,13,x,0,220.47151717824133,True,12,12,13,0.999999576797389,True,0.999992933306959,M2r,0.32854670395779934,k1l,True,False,12,"1,2,3,4,5,6,7,8,9,10,11,12",1.0
aff13_wu100k_m256_seed1,13,x,1,0.0002932444570992098,True,12,12,13,0.9224332448698619,True,0.33247229083455637,M12r,0.30721675103034524,k4r,False,False,12,"1,2,3,4,5,6,7,8,9,10,11,12",1.0
aff13_wu100k_m256_seed1,13,x,2,107.66398189889355,True,12,12,13,0.9999995125118787,True,0.9999935371463169,M1r,0.32860441466565843,k1l,True,False,12,"1,2,3,4,5,6,7,8,9,10,11,12",1.0
aff13_wu100k_m256_seed1,13,x,3,0.0007102630658901109,True,12,12,13,0.9115066264873082,True,0.37385801895504367,M11r,0.4064599895454297,k4r,False,False,12,"1,2,3,4,5,6,7,8,9,10,11,12",1.0
aff13_wu100k_m256_seed1,13,x,4,126.3103701151857,True,12,12,13,0.9999997421225393,True,0.9999931978198229,M12r,0.3286856381209478,k1l,True,False,12,"1,2,3,4,5,6,7,8,9,10,11,12",1.0
aff13_wu100k_m256_seed1,13,x,5,241.0269760128622,True,12,12,13,0.9999997052875516,True,0.9999944791237488,M0r,0.32839739925052425,k1l,True,False,12,"1,2,3,4,5,6,7,8,9,10,11,12",1.0
aff13_wu100k_m256_seed1,13,x,6,255.3580010873965,True,12,12,13,0.9999991299271044,True,0.9999889718009645,M7r,0.32872965209395855,k1l,True,False,12,"1,2,3,4,5,6,7,8,9,10,11,12",1.0
aff13_wu100k_m256_seed1,13,x,7,238.47338586646316,True,12,12,13,0.9999994008384981,True,0.9999959063501258,M0r,0.32839827078459793,k1l,True,False,12,"1,2,3,4,5,6,7,8,9,10,11,12",1.0
aff13_wu100k_m256_seed1,13,x,8,100.59804121089807,True,12,12,13,0.9999986480021084,True,0.9999897249151105,M0r,0.32840015608628387,k1l,True,False,12,"1,2,3,4,5,6,7,8,9,10,11,12",1.0
aff13_wu100k_m256_seed1,13,x,9,0.0008051360739805202,True,12,12,13,0.985781104323903,True,0.24885613949927432,M8l,0.45240067028926934,k6r,False,False,12,"1,2,3,4,5,6,7,8,9,10,11,12",1.0
aff13_wu100k_m256_seed1,13,x,10,0.00021852738721903254,True,12,12,13,0.8154109072318849,False,0.2057541467938206,M8l,0.5411442278580059,k5r,False,False,0,,1.0
aff13_wu100k_m256_seed1,13,x,11,230.46803234878806,True,12,12,13,0.9999994640954618,True,0.9999952851853641,M10r,0.32869411515518526,k1l,True,False,12,"1,2,3,4,5,6,7,8,9,10,11,12",1.0
aff13_wu100k_m256_seed1,13,x,12,219.48740814488374,True,12,12,13,0.999999877816102,True,0.9999949303045726,M5r,0.32875131373675853,k1l,True,False,12,"1,2,3,4,5,6,7,8,9,10,11,12",1.0
aff13_wu100k_m256_seed1,13,x,13,265.342848774858,True,12,12,13,0.9999990042592329,True,0.9999927193450286,M10r,0.32870306127600646,k1l,True,False,12,"1,2,3,4,5,6,7,8,9,10,11,12",1.0
aff13_wu100k_m256_seed1,13,x,14,255.96443780325197,True,12,12,13,0.9999995965208462,True,0.999995945125381,M1r,0.3286004974387429,k1l,True,False,12,"1,2,3,4,5,6,7,8,9,10,11,12",1.0
aff13_wu100k_m256_seed1,13,x,15,217.42894566308837,True,12,12,13,0.9999993889652762,True,0.99999509817557,M4r,0.32846642120753383,k1l,True,False,12,"1,2,3,4,5,6,7,8,9,10,11,12",1.0
aff13_wu100k_m256_seed1,13,x,16,108.37047035924988,True,12,12,13,0.9999995331258673,True,0.9999917529368038,M10r,0.32869100846457877,k1l,True,False,12,"1,2,3,4,5,6,7,8,9,10,11,12",1.0
aff13_wu100k_m256_seed1,13,x,17,229.21719663863678,True,12,12,13,0.9999992061457567,True,0.9999934622932481,M2r,0.3285466865116918,k1l,True,False,12,"1,2,3,4,5,6,7,8,9,10,11,12",1.0
aff13_wu100k_m256_seed1,13,x,18,90.68405242977896,True,12,12,13,0.9999993918776455,True,0.9999933891936459,M0r,0.3283999098895131,k1l,True,False,12,"1,2,3,4,5,6,7,8,9,10,11,12",1.0
aff13_wu100k_m256_seed1,13,x,19,89.31422313748762,True,12,12,13,0.9999986656732958,True,0.9999901771070414,M11r,0.32851666742822616,k1l,True,False,12,"1,2,3,4,5,6,7,8,9,10,11,12",1.0
aff13_wu100k_m256_seed1,13,x,20,0.00037059405932771534,True,12,12,13,0.8055492294880269,False,0.2872399516535871,M1r,0.3756862964149105,k2r,False,False,0,,1.0
aff13_wu100k_m256_seed1,13,x,21,132.37496205909537,True,12,12,13,0.9999996862660733,True,0.999996109462983,M4r,0.32846555954419965,k1l,True,False,12,"1,2,3,4,5,6,7,8,9,10,11,12",1.0
aff13_wu100k_m256_seed1,13,x,22,257.1247352877098,True,12,12,13,0.9999993990284559,True,0.9999933819839903,M12r,0.3286895629738023,k1l,True,False,12,"1,2,3,4,5,6,7,8,9,10,11,12",1.0
aff13_wu100k_m256_seed1,13,x,23,226.0718250023197,True,12,12,13,0.9999996895466722,True,0.999991608413015,M2r,0.3285632834445545,k1l,True,False,12,"1,2,3,4,5,6,7,8,9,10,11,12",1.0
aff13_wu100k_m256_seed1,13,x,24,225.33442613482512,True,12,12,13,0.9999988265686239,True,0.999992911768544,M1r,0.32861400247201733,k1l,True,False,12,"1,2,3,4,5,6,7,8,9,10,11,12",1.0
aff13_wu100k_m256_seed1,13,x,25,0.00036855497513640993,True,12,12,13,0.8977037873295108,False,0.28486203672217886,M10r,0.29492854769786087,k1l,False,False,0,,1.0
aff13_wu100k_m256_seed1,13,x,26,214.1717591355427,True,12,12,13,0.9999997600135371,True,0.9999942935285255,M2r,0.3285588114471434,k1l,True,False,12,"1,2,3,4,5,6,7,8,9,10,11,12",1.0
aff13_wu100k_m256_seed1,13,x,27,0.0004084536940839232,True,12,12,13,0.7349618340574956,False,0.2971960346109084,M6r,0.4265102378866673,k4r,False,False,0,,1.0
aff13_wu100k_m256_seed1,13,x,28,99.06538925475098,True,12,12,13,0.9999991599517931,True,0.9999874450037958,M9r,0.32851447877282847,k1l,True,False,12,"1,2,3,4,5,6,7,8,9,10,11,12",1.0
aff13_wu100k_m256_seed1,13,x,29,468.5494481910779,True,11,1,0,0.9999954994518282,True,7.114835883251697e-07,M3r,1.4970666900206404e-06,k6r,False,False,0,,1.0
aff13_wu100k_m256_seed1,13,x,30,0.0002457405658673494,True,12,12,13,0.9733929181888161,True,0.2457552280594664,M8l,0.39001753908502396,k2r,False,False,12,"1,2,3,4,5,6,7,8,9,10,11,12",1.0
aff13_wu100k_m256_seed1,13,x,31,213.28429404769867,True,12,12,13,0.9999992509713693,True,0.9999950701358689,M12r,0.32868536802059894,k1l,True,False,12,"1,2,3,4,5,6,7,8,9,10,11,12",1.0
aff13_wu100k_m256_seed1,13,x,32,262.09315591347877,True,12,12,13,0.999999527912643,True,0.9999957432109018,M4r,0.32845983477688356,k1l,True,False,12,"1,2,3,4,5,6,7,8,9,10,11,12",1.0
aff13_wu100k_m256_seed1,13,x,33,225.7938379993333,True,12,12,13,0.9999996164123426,True,0.999995915832602,M11r,0.32852482071933975,k1l,True,False,12,"1,2,3,4,5,6,7,8,9,10,11,12",1.0
aff13_wu100k_m256_seed1,13,x,34,218.14304175119906,True,12,12,13,0.9999997097157997,True,0.9999944030083684,M5r,0.32874411346339033,k1l,True,False,12,"1,2,3,4,5,6,7,8,9,10,11,12",1.0
aff13_wu100k_m256_seed1,13,x,35,224.26469197898538,True,12,12,13,0.9999997903394134,True,0.9999937916293817,M1r,0.3285941264080228,k1l,True,False,12,"1,2,3,4,5,6,7,8,9,10,11,12",1.0
aff13_wu100k_m256_seed1,13,x,36,221.7506022763296,True,12,12,13,0.9999997379945937,True,0.9999941291715428,M9r,0.3285264218648648,k1l,True,False,12,"1,2,3,4,5,6,7,8,9,10,11,12",1.0
aff13_wu100k_m256_seed1,13,x,37,0.0002938190884346727,True,12,12,13,0.8702775793391222,False,0.23870972275047392,M7r,0.286012767658196,k1l,False,False,0,,1.0
aff13_wu100k_m256_seed1,13,x,38,106.99088693712879,True,12,12,13,0.9999985080561429,True,0.9999904476366155,M4r,0.32846791455863533,k1l,True,False,12,"1,2,3,4,5,6,7,8,9,10,11,12",1.0
aff13_wu100k_m256_seed1,13,x,39,218.74437587522277,True,12,12,13,0.9999996407881278,True,0.9999915839463822,M4r,0.32845372485678515,k1l,True,False,12,"1,2,3,4,5,6,7,8,9,10,11,12",1.0
aff13_wu100k_m256_seed1,13,x,40,97.5304867657812,True,12,12,13,0.9999987353724322,True,0.9999957529740309,M1r,0.3285938535094606,k1l,True,False,12,"1,2,3,4,5,6,7,8,9,10,11,12",1.0
aff13_wu100k_m256_seed1,13,x,41,260.22536642405527,True,12,12,13,0.9999998017601164,True,0.9999971795391384,M6r,0.32858638234027115,k1l,True,False,12,"1,2,3,4,5,6,7,8,9,10,11,12",1.0
aff13_wu100k_m256_seed1,13,x,42,111.28693662974473,True,12,12,13,0.9999991848410681,True,0.9999924389705579,M4r,0.3284539280279495,k1l,True,False,12,"1,2,3,4,5,6,7,8,9,10,11,12",1.0
aff13_wu100k_m256_seed1,13,x,43,106.27257850554352,True,12,12,13,0.9999996067039338,True,0.999992544720228,M4r,0.3284535410514255,k1l,True,False,12,"1,2,3,4,5,6,7,8,9,10,11,12",1.0
aff13_wu100k_m256_seed1,13,x,44,256.86872046456733,True,12,12,13,0.9999997802432102,True,0.9999969968316014,M11r,0.3285361510908471,k1l,True,False,12,"1,2,3,4,5,6,7,8,9,10,11,12",1.0
aff13_wu100k_m256_seed1,13,x,45,113.01504335489362,True,12,12,13,0.9999993265934044,True,0.9999927384716149,M1r,0.32861218329962794,k1l,True,False,12,"1,2,3,4,5,6,7,8,9,10,11,12",1.0
aff13_wu100k_m256_seed1,13,x,46,219.64843599169268,True,12,12,13,0.9999993735570377,True,0.9999942493380575,M6r,0.32859337003046246,k1l,True,False,12,"1,2,3,4,5,6,7,8,9,10,11,12",1.0
aff13_wu100k_m256_seed1,13,x,47,215.8905325155348,True,12,12,13,0.9999994533287627,True,0.9999942003552663,M0r,0.32838765822556615,k1l,True,False,12,"1,2,3,4,5,6,7,8,9,10,11,12",1.0
aff13_wu100k_m256_seed1,13,x,48,601.4848196720958,True,11,1,0,0.9999955814536333,True,5.515185639180502e-07,M9r,9.215761708068274e-07,k5l,False,False,0,,1.0
aff13_wu100k_m256_seed1,13,x,49,212.9531123084872,True,12,12,13,0.9999997409470818,True,0.999995543072134,M0r,0.32840182856099936,k1l,True,False,12,"1,2,3,4,5,6,7,8,9,10,11,12",1.0
aff13_wu100k_m256_seed1,13,x,50,228.10621193866035,True,12,12,13,0.9999995515167664,True,0.9999931006017015,M7r,0.32874557364820195,k1l,True,False,12,"1,2,3,4,5,6,7,8,9,10,11,12",1.0
aff13_wu100k_m256_seed1,13,x,51,257.85789648423236,True,12,12,13,0.9999991483606769,True,0.9999956778446903,M11r,0.3285324632303044,k1l,True,False,12,"1,2,3,4,5,6,7,8,9,10,11,12",1.0
aff13_wu100k_m256_seed1,13,x,52,0.00036932815938461893,True,12,12,13,0.832245694722428,False,0.27801970305021795,M6r,0.33478630202116244,k5r,False,False,0,,1.0
aff13_wu100k_m256_seed1,13,x,53,97.50986155962148,True,12,12,13,0.9999973453270388,True,0.9999894843725428,M5r,0.3287510922377563,k1l,True,False,12,"1,2,3,4,5,6,7,8,9,10,11,12",1.0
aff13_wu100k_m256_seed1,13,x,54,221.72693715264398,True,12,12,13,0.999999170075431,True,0.9999948566906443,M1r,0.3286095650612195,k1l,True,False,12,"1,2,3,4,5,6,7,8,9,10,11,12",1.0
aff13_wu100k_m256_seed1,13,x,55,104.9557378109446,True,12,12,13,0.9999996737456552,True,0.999992318146017,M11r,0.3285183126133318,k1l,True,False,12,"1,2,3,4,5,6,7,8,9,10,11,12",1.0
aff13_wu100k_m256_seed1,13,x,56,99.00156613800911,True,12,12,13,0.9999996813517774,True,0.9999903467924863,M6r,0.328592585639284,k1l,True,False,12,"1,2,3,4,5,6,7,8,9,10,11,12",1.0
aff13_wu100k_m256_seed1,13,x,57,95.04180177841693,True,12,12,13,0.9999989987920446,True,0.9999939236827773,M6r,0.3286004467946272,k1l,True,False,12,"1,2,3,4,5,6,7,8,9,10,11,12",1.0
aff13_wu100k_m256_seed1,13,x,58,220.66525823196986,True,12,12,13,0.9999994585930955,True,0.9999953065465272,M4r,0.32846834344792386,k1l,True,False,12,"1,2,3,4,5,6,7,8,9,10,11,12",1.0
aff13_wu100k_m256_seed1,13,x,59,0.00025516122193721465,True,12,12,13,0.9613776881115793,True,0.3633951465055298,M4r,0.41112722140607627,k2r,False,False,12,"1,2,3,4,5,6,7,8,9,10,11,12",1.0
aff13_wu100k_m256_seed1,13,x,60,128.95438290700338,True,12,12,13,0.9999996264855425,True,0.9999963194705694,M1r,0.3286080923165291,k1l,True,False,12,"1,2,3,4,5,6,7,8,9,10,11,12",1.0
aff13_wu100k_m256_seed1,13,x,61,219.82415170024927,True,12,12,13,0.9999995155251122,True,0.9999948927224276,M7r,0.328739358507478,k1l,True,False,12,"1,2,3,4,5,6,7,8,9,10,11,12",1.0
aff13_wu100k_m256_seed1,13,x,62,264.8225803836937,True,12,12,13,0.9999995011671139,True,0.999995168672592,M9r,0.3285325957062498,k1l,True,False,12,"1,2,3,4,5,6,7,8,9,10,11,12",1.0
aff13_wu100k_m256_seed1,13,x,63,110.41810755207375,True,12,12,13,0.9999987655424516,True,0.9999933791310627,M10r,0.328700509711907,k1l,True,False,12,"1,2,3,4,5,6,7,8,9,10,11,12",1.0
aff13_wu100k_m256_seed1,13,x,64,114.43375206998572,True,12,12,13,0.9999986021228384,True,0.9999923254069492,M10r,0.3286870893603706,k1l,True,False,12,"1,2,3,4,5,6,7,8,9,10,11,12",1.0
aff13_wu100k_m256_seed1,13,x,65,251.74960117789624,True,12,12,13,0.9999997795487668,True,0.999993799461772,M9r,0.3285337346588426,k1l,True,False,12,"1,2,3,4,5,6,7,8,9,10,11,12",1.0
aff13_wu100k_m256_seed1,13,x,66,223.542574520859,True,12,12,13,0.9999985853129569,True,0.9999957402222895,M11r,0.3285296687759634,k1l,True,False,12,"1,2,3,4,5,6,7,8,9,10,11,12",1.0
aff13_wu100k_m256_seed1,13,x,67,87.5003260944509,True,12,12,13,0.999998701711875,True,0.9999922167307782,M5r,0.3287566367805531,k1l,True,False,12,"1,2,3,4,5,6,7,8,9,10,11,12",1.0
aff13_wu100k_m256_seed1,13,x,68,0.0004248298056818373,True,12,12,13,0.9560707523825278,True,0.2700654381744538,M11r,0.3349895144908159,k2r,False,False,12,"1,2,3,4,5,6,7,8,9,10,11,12",1.0
aff13_wu100k_m256_seed1,13,x,69,253.11092595257227,True,12,12,13,0.9999990954847967,True,0.9999954478177253,M12r,0.32869014534849766,k1l,True,False,12,"1,2,3,4,5,6,7,8,9,10,11,12",1.0
aff13_wu100k_m256_seed1,13,x,70,271.5145176246261,True,12,12,13,0.9999992104897261,True,0.9999932560494255,M10r,0.32869968372632935,k1l,True,False,12,"1,2,3,4,5,6,7,8,9,10,11,12",1.0
aff13_wu100k_m256_seed1,13,x,71,229.20454599020263,True,12,12,13,0.9999985171922251,True,0.9999936638181152,M1r,0.32859878423890154,k1l,True,False,12,"1,2,3,4,5,6,7,8,9,10,11,12",1.0
aff13_wu100k_m256_seed1,13,x,72,425.44110286413627,True,5,1,0,0.47698131195092974,False,6.314887211415923e-07,M12r,1.3475532537669116e-06,k6r,False,False,0,,1.0
aff13_wu100k_m256_seed1,13,x,73,226.40012602579313,True,12,12,13,0.9999989595507538,True,0.9999919729350855,M7r,0.3287341430199933,k1l,True,False,12,"1,2,3,4,5,6,7,8,9,10,11,12",1.0
aff13_wu100k_m256_seed1,13,x,74,229.43051072366978,True,12,12,13,0.999999497244258,True,0.9999943297913896,M7r,0.32873685849702966,k1l,True,False,12,"1,2,3,4,5,6,7,8,9,10,11,12",1.0
aff13_wu100k_m256_seed1,13,x,75,102.64501282434733,True,12,12,13,0.99999899886712,True,0.9999887902517626,M7r,0.3287319617363933,k1l,True,False,12,"1,2,3,4,5,6,7,8,9,10,11,12",1.0
aff13_wu100k_m256_seed1,13,x,76,0.0001695268734056226,True,12,12,13,0.7876468417566946,False,0.2850137527029132,M4r,0.27296079019753655,k3r,False,False,0,,1.0
aff13_wu100k_m256_seed1,13,x,77,113.52272590783568,True,12,12,13,0.9999996412350269,True,0.9999917630774532,M1r,0.32860417805532766,k1l,True,False,12,"1,2,3,4,5,6,7,8,9,10,11,12",1.0
aff13_wu100k_m256_seed1,13,x,78,219.54813596383215,True,12,12,13,0.999999576697327,True,0.9999959863669445,M6r,0.328581088749338,k1l,True,False,12,"1,2,3,4,5,6,7,8,9,10,11,12",1.0
aff13_wu100k_m256_seed1,13,x,79,245.26888609392438,True,12,12,13,0.9999998485958371,True,0.9999956013605859,M6r,0.3285889069022195,k1l,True,False,12,"1,2,3,4,5,6,7,8,9,10,11,12",1.0
aff13_wu100k_m256_seed1,13,x,80,117.3596107285476,True,12,12,13,0.999999195158515,True,0.9999929326456406,M5r,0.32873751342006485,k1l,True,False,12,"1,2,3,4,5,6,7,8,9,10,11,12",1.0
aff13_wu100k_m256_seed1,13,x,81,0.00026427244341678394,True,12,12,13,0.9054641600760502,True,0.41396690438649414,M9r,0.5295668167620377,k4r,False,False,12,"1,2,3,4,5,6,7,8,9,10,11,12",1.0
aff13_wu100k_m256_seed1,13,x,82,0.0002811498597698078,True,12,12,13,0.8868559563884616,False,0.5180807161906101,M4r,0.2914677587858672,k1l,False,False,0,,1.0
aff13_wu100k_m256_seed1,13,x,83,105.03904918168553,True,12,12,13,0.9999994949280674,True,0.9999942033627096,M6r,0.328582587733831,k1l,True,False,12,"1,2,3,4,5,6,7,8,9,10,11,12",1.0
aff13_wu100k_m256_seed1,13,x,84,0.0003579736301595345,True,12,12,13,0.7653622475239392,False,0.2648098835147032,M1r,0.25106720546224576,k1l,False,False,0,,1.0
aff13_wu100k_m256_seed1,13,x,85,102.30768947392288,True,12,12,13,0.9999995851182084,True,0.9999914926557595,M2r,0.3285427089754029,k1l,True,False,12,"1,2,3,4,5,6,7,8,9,10,11,12",1.0
aff13_wu100k_m256_seed1,13,x,86,249.636229656313,True,12,12,13,0.9999998092468312,True,0.9999926037443552,M6r,0.32858754420179576,k1l,True,False,12,"1,2,3,4,5,6,7,8,9,10,11,12",1.0
aff13_wu100k_m256_seed1,13,x,87,224.8867547176173,True,12,12,13,0.9999994468260808,True,0.9999922595824533,M7r,0.3287404271848302,k1l,True,False,12,"1,2,3,4,5,6,7,8,9,10,11,12",1.0
aff13_wu100k_m256_seed1,13,x,88,0.00044226109171302075,True,12,12,13,0.9154846408772255,True,0.33869683534880424,M4r,0.38335839502003116,k6r,False,False,12,"1,2,3,4,5,6,7,8,9,10,11,12",1.0
aff13_wu100k_m256_seed1,13,x,89,223.296782233585,True,12,12,13,0.9999996437516019,True,0.9999932267624402,M5r,0.32875386975742515,k1l,True,False,12,"1,2,3,4,5,6,7,8,9,10,11,12",1.0
aff13_wu100k_m256_seed1,13,x,90,113.03083713637746,True,12,12,13,0.9999992716753395,True,0.9999916316142756,M5r,0.3287479469322664,k1l,True,False,12,"1,2,3,4,5,6,7,8,9,10,11,12",1.0
aff13_wu100k_m256_seed1,13,x,91,105.32768750835538,True,12,12,13,0.9999994084601309,True,0.9999928082418752,M7r,0.3287355519007223,k1l,True,False,12,"1,2,3,4,5,6,7,8,9,10,11,12",1.0
aff13_wu100k_m256_seed1,13,x,92,0.0006806530974537514,True,12,12,13,0.977618162853513,True,0.31742373172159305,M12r,0.5278167904314051,k3r,False,False,12,"1,2,3,4,5,6,7,8,9,10,11,12",1.0
aff13_wu100k_m256_seed1,13,x,93,237.83296958572444,True,12,12,13,0.9999997715649175,True,0.9999971370881885,M11r,0.3285263605840143,k1l,True,False,12,"1,2,3,4,5,6,7,8,9,10,11,12",1.0
aff13_wu100k_m256_seed1,13,x,94,101.00049390222075,True,12,12,13,0.9999992603970362,True,0.999987285144328,M0r,0.328390398792361,k1l,True,False,12,"1,2,3,4,5,6,7,8,9,10,11,12",1.0
aff13_wu100k_m256_seed1,13,x,95,0.0004970016364123531,True,12,12,13,0.9426474099301888,True,0.3941563574095075,M0r,0.3752775010903118,k5r,False,False,12,"1,2,3,4,5,6,7,8,9,10,11,12",1.0
aff13_wu100k_m256_seed1,13,x,96,234.58385426708264,True,12,12,13,0.999999488048914,True,0.9999951556157101,M1r,0.3285975445244442,k1l,True,False,12,"1,2,3,4,5,6,7,8,9,10,11,12",1.0
aff13_wu100k_m256_seed1,13,x,97,254.9371126601399,True,12,12,13,0.9999992715540578,True,0.9999926822335321,M2r,0.32854225937690684,k1l,True,False,12,"1,2,3,4,5,6,7,8,9,10,11,12",1.0
aff13_wu100k_m256_seed1,13,x,98,218.68292916466416,True,12,12,13,0.9999995254000441,True,0.9999956444220488,M4r,0.3284702467861992,k1l,True,False,12,"1,2,3,4,5,6,7,8,9,10,11,12",1.0
aff13_wu100k_m256_seed1,13,x,99,107.6783880655385,True,12,12,13,0.9999994189309527,True,0.9999919892669689,M12r,0.3286853473611027,k1l,True,False,12,"1,2,3,4,5,6,7,8,9,10,11,12",1.0
aff13_wu100k_m256_seed1,13,x,100,122.18283055490866,True,12,12,13,0.9999996696760771,True,0.9999935213379436,M4r,0.32847244396661107,k1l,True,False,12,"1,2,3,4,5,6,7,8,9,10,11,12",1.0
aff13_wu100k_m256_seed1,13,x,101,114.27709164051711,True,12,12,13,0.9999975970184783,True,0.9999873019237362,M7r,0.32873468741715745,k1l,True,False,12,"1,2,3,4,5,6,7,8,9,10,11,12",1.0
aff13_wu100k_m256_seed1,13,x,102,103.95458817997698,True,12,12,13,0.9999989084776011,True,0.9999936345454544,M0r,0.32840891376423165,k1l,True,False,12,"1,2,3,4,5,6,7,8,9,10,11,12",1.0
aff13_wu100k_m256_seed1,13,x,103,0.0001784876565596843,True,12,12,13,0.9523600580876425,True,0.24085930638373704,M3r,0.3128308818398224,k1l,False,False,12,"1,2,3,4,5,6,7,8,9,10,11,12",1.0
aff13_wu100k_m256_seed1,13,x,104,227.35120454254536,True,12,12,13,0.999998851630325,True,0.9999942097295321,M12r,0.3286911579236994,k1l,True,False,12,"1,2,3,4,5,6,7,8,9,10,11,12",1.0
aff13_wu100k_m256_seed1,13,x,105,105.0537137911445,True,12,12,13,0.9999993932219723,True,0.9999904574456894,M2r,0.3285628301414926,k1l,True,False,12,"1,2,3,4,5,6,7,8,9,10,11,12",1.0
aff13_wu100k_m256_seed1,13,x,106,208.35476404435244,True,12,12,13,0.9999989781795426,True,0.9999943163679227,M4r,0.32845352188048355,k1l,True,False,12,"1,2,3,4,5,6,7,8,9,10,11,12",1.0
aff13_wu100k_m256_seed1,13,x,107,116.19262730545123,True,12,12,13,0.999999596127013,True,0.9999951199912173,M4r,0.32846938717073776,k1l,True,False,12,"1,2,3,4,5,6,7,8,9,10,11,12",1.0
aff13_wu100k_m256_seed1,13,x,108,249.67489225570313,True,12,12,13,0.9999994928528393,True,0.9999941806709037,M9r,0.3285281803680777,k1l,True,False,12,"1,2,3,4,5,6,7,8,9,10,11,12",1.0
aff13_wu100k_m256_seed1,13,x,109,246.1683570205667,True,12,12,13,0.9999991031355893,True,0.9999948315717267,M2r,0.32856273539245123,k1l,True,False,12,"1,2,3,4,5,6,7,8,9,10,11,12",1.0
aff13_wu100k_m256_seed1,13,x,110,112.86512302125008,True,12,12,13,0.9999993408431769,True,0.99999359565997,M11r,0.3285391428033519,k1l,True,False,12,"1,2,3,4,5,6,7,8,9,10,11,12",1.0
aff13_wu100k_m256_seed1,13,x,111,223.68207165510907,True,12,12,13,0.9999991936837305,True,0.9999937945960488,M10r,0.32868624620750114,k1l,True,False,12,"1,2,3,4,5,6,7,8,9,10,11,12",1.0
aff13_wu100k_m256_seed1,13,x,112,219.62066407609518,True,12,12,13,0.9999995602248586,True,0.9999956531400233,M10r,0.32869682639677994,k1l,True,False,12,"1,2,3,4,5,6,7,8,9,10,11,12",1.0
aff13_wu100k_m256_seed1,13,x,113,109.49282429760811,True,12,12,13,0.9999973662841088,True,0.9999894207796286,M10r,0.3286934975148677,k1l,True,False,12,"1,2,3,4,5,6,7,8,9,10,11,12",1.0
aff13_wu100k_m256_seed1,13,x,114,222.09089831068593,True,12,12,13,0.9999987580883741,True,0.9999930477439714,M7r,0.32872628128850806,k1l,True,False,12,"1,2,3,4,5,6,7,8,9,10,11,12",1.0
aff13_wu100k_m256_seed1,13,x,115,0.0007740917405804128,True,12,12,13,0.9331470027587299,True,0.3354748495223831,M9r,0.30669475518075706,k1l,False,False,12,"1,2,3,4,5,6,7,8,9,10,11,12",1.0
aff13_wu100k_m256_seed1,13,x,116,0.000520608256347694,True,12,12,13,0.9729262771127903,True,0.3564169101844376,M4r,0.36555211110681574,k5r,False,False,12,"1,2,3,4,5,6,7,8,9,10,11,12",1.0
aff13_wu100k_m256_seed1,13,x,117,0.0005742603563734219,True,12,12,13,0.8799251767478711,False,0.24782652127926932,M7r,0.3111401712838757,k1r,False,False,0,,1.0
aff13_wu100k_m256_seed1,13,x,118,215.29913560798474,True,12,12,13,0.9999991040262444,True,0.999994903291305,M10r,0.32870069640036337,k1l,True,False,12,"1,2,3,4,5,6,7,8,9,10,11,12",1.0
aff13_wu100k_m256_seed1,13,x,119,0.00040819798166385926,True,12,12,13,0.9808164887197551,True,0.47249756520328934,M7r,0.33427693331014063,k2r,False,False,12,"1,2,3,4,5,6,7,8,9,10,11,12",1.0
aff13_wu100k_m256_seed1,13,x,120,228.10893977090714,True,12,12,13,0.9999997576882176,True,0.999994748063002,M9r,0.3285227466117232,k1l,True,False,12,"1,2,3,4,5,6,7,8,9,10,11,12",1.0
aff13_wu100k_m256_seed1,13,x,121,223.34459300360936,True,12,12,13,0.9999995113212781,True,0.9999938748416697,M10r,0.32869792742528364,k1l,True,False,12,"1,2,3,4,5,6,7,8,9,10,11,12",1.0
aff13_wu100k_m256_seed1,13,x,122,0.00031163382651495404,True,12,12,13,0.8815678475243457,False,0.3367325190544699,M5r,0.2896486758506737,k1l,False,False,0,,1.0
aff13_wu100k_m256_seed1,13,x,123,226.007784744997,True,12,12,13,0.9999993614096097,True,0.9999951677545835,M11r,0.3285280533195229,k1l,True,False,12,"1,2,3,4,5,6,7,8,9,10,11,12",1.0
aff13_wu100k_m256_seed1,13,x,124,252.55310995269744,True,12,12,13,0.9999998268026451,True,0.999995640292907,M6r,0.32858586316030036,k1l,True,False,12,"1,2,3,4,5,6,7,8,9,10,11,12",1.0
aff13_wu100k_m256_seed1,13,x,125,227.4343640583458,True,12,12,13,0.999999643792179,True,0.9999953151598783,M11r,0.3285237818911344,k1l,True,False,12,"1,2,3,4,5,6,7,8,9,10,11,12",1.0
aff13_wu100k_m256_seed1,13,x,126,123.61591314365458,True,12,12,13,0.9999991871778228,True,0.9999942804217017,M5r,0.3287395850387027,k1l,True,False,12,"1,2,3,4,5,6,7,8,9,10,11,12",1.0
aff13_wu100k_m256_seed1,13,x,127,99.64770827485549,True,12,12,13,0.9999996226417422,True,0.999991170928023,M2r,0.32854685057231087,k1l,True,False,12,"1,2,3,4,5,6,7,8,9,10,11,12",1.0
aff13_wu100k_m256_seed1,13,x,128,0.0002375801619012171,True,12,12,13,0.8128775148584162,False,0.30087708180231015,M5r,0.3348895098417941,k3r,False,False,0,,1.0
aff13_wu100k_m256_seed1,13,x,129,98.46278217156446,True,12,12,13,0.9999998291657298,True,0.9999948061951279,M11r,0.3285157358102156,k1l,True,False,12,"1,2,3,4,5,6,7,8,9,10,11,12",1.0
aff13_wu100k_m256_seed1,13,x,130,98.15340270302634,True,12,12,13,0.9999991171761166,True,0.9999936908391657,M7r,0.32873577834794226,k1l,True,False,12,"1,2,3,4,5,6,7,8,9,10,11,12",1.0
aff13_wu100k_m256_seed1,13,x,131,223.74126057456175,True,12,12,13,0.9999996820955704,True,0.9999958952492617,M12r,0.32868729742414876,k1l,True,False,12,"1,2,3,4,5,6,7,8,9,10,11,12",1.0
aff13_wu100k_m256_seed1,13,x,132,104.6910130617514,True,12,12,13,0.9999992341099726,True,0.9999924715193311,M1r,0.32859795760683347,k1l,True,False,12,"1,2,3,4,5,6,7,8,9,10,11,12",1.0
aff13_wu100k_m256_seed1,13,x,133,89.54851124231216,True,12,12,13,0.9999979686505863,True,0.9999916029673122,M9r,0.32853428524889383,k1l,True,False,12,"1,2,3,4,5,6,7,8,9,10,11,12",1.0
aff13_wu100k_m256_seed1,13,x,134,440.5399516230203,True,7,1,0,0.4999973614542282,False,8.59254736633925e-07,M2r,1.059466197067429e-06,k3r,False,False,0,,1.0
aff13_wu100k_m256_seed1,13,x,135,0.00025408970998891915,True,12,12,13,0.8893042447611607,False,0.28191617294941557,M12r,0.29167228682645463,k1l,False,False,0,,1.0
aff13_wu100k_m256_seed1,13,x,136,226.42253713224707,True,12,12,13,0.9999997755527041,True,0.9999955110433167,M1r,0.32860206519092244,k1l,True,False,12,"1,2,3,4,5,6,7,8,9,10,11,12",1.0
aff13_wu100k_m256_seed1,13,x,137,216.59551939424452,True,12,12,13,0.9999992696650235,True,0.9999947933762239,M0r,0.3284106213428072,k1l,True,False,12,"1,2,3,4,5,6,7,8,9,10,11,12",1.0
aff13_wu100k_m256_seed1,13,x,138,219.46657295811963,True,12,12,13,0.9999997186996248,True,0.9999955322529783,M5r,0.32874673770393,k1l,True,False,12,"1,2,3,4,5,6,7,8,9,10,11,12",1.0
aff13_wu100k_m256_seed1,13,x,139,222.27108469975133,True,12,12,13,0.9999994116423992,True,0.9999960194243294,M1r,0.3286126507730744,k1l,True,False,12,"1,2,3,4,5,6,7,8,9,10,11,12",1.0
aff13_wu100k_m256_seed1,13,x,140,0.0002885578134712591,True,12,12,13,0.9277819840516087,True,0.2986026797249361,M8r,0.5137766788656701,k5r,False,False,12,"1,2,3,4,5,6,7,8,9,10,11,12",1.0
aff13_wu100k_m256_seed1,13,x,141,0.0005573618999103092,True,12,12,13,0.9514736144581689,True,0.3612234953903004,M4r,0.40264584746109167,k1r,False,False,12,"1,2,3,4,5,6,7,8,9,10,11,12",1.0
aff13_wu100k_m256_seed1,13,x,142,97.43688281613774,True,12,12,13,0.9999978416941124,True,0.9999926686781883,M6r,0.328583241776927,k1l,True,False,12,"1,2,3,4,5,6,7,8,9,10,11,12",1.0
aff13_wu100k_m256_seed1,13,x,143,0.00020081671447604501,True,12,12,13,0.729392816663317,False,0.4158568705766669,M0r,0.2515873874521852,k3r,False,False,0,,1.0
aff13_wu100k_m256_seed1,13,x,144,222.73292313871355,True,12,12,13,0.9999997416688033,True,0.9999958664781305,M12r,0.3286925548789355,k1l,True,False,12,"1,2,3,4,5,6,7,8,9,10,11,12",1.0
aff13_wu100k_m256_seed1,13,x,145,232.6629221870112,True,12,12,13,0.9999993117878629,True,0.9999952661786778,M1r,0.3286051690255346,k1l,True,False,12,"1,2,3,4,5,6,7,8,9,10,11,12",1.0
aff13_wu100k_m256_seed1,13,x,146,235.0966326472762,True,12,12,13,0.9999996361102996,True,0.999993495521415,M10r,0.3286951187481921,k1l,True,False,12,"1,2,3,4,5,6,7,8,9,10,11,12",1.0
aff13_wu100k_m256_seed1,13,x,147,0.0003089963793117574,True,12,12,13,0.9009699810786937,True,0.40053461183708106,M4r,0.37079187150689535,k3r,False,False,12,"1,2,3,4,5,6,7,8,9,10,11,12",1.0
aff13_wu100k_m256_seed1,13,x,148,210.02785129951386,True,12,12,13,0.9999994707016787,True,0.9999935006294061,M12r,0.3286855710699639,k1l,True,False,12,"1,2,3,4,5,6,7,8,9,10,11,12",1.0
aff13_wu100k_m256_seed1,13,x,149,107.88426705593142,True,12,12,13,0.999999334812737,True,0.9999932757300298,M4r,0.32848263005835343,k1l,True,False,12,"1,2,3,4,5,6,7,8,9,10,11,12",1.0
aff13_wu100k_m256_seed1,13,x,150,251.00723228855543,True,12,12,13,0.9999996066823209,True,0.9999946864345823,M12r,0.3286825599153466,k1l,True,False,12,"1,2,3,4,5,6,7,8,9,10,11,12",1.0
aff13_wu100k_m256_seed1,13,x,151,255.3211447048958,True,12,12,13,0.9999995434055556,True,0.9999945849363723,M0r,0.32838608474211756,k1l,True,False,12,"1,2,3,4,5,6,7,8,9,10,11,12",1.0
aff13_wu100k_m256_seed1,13,x,152,117.96232585316696,True,12,12,13,0.9999992388622594,True,0.9999932810109187,M12r,0.32869888931674446,k1l,True,False,12,"1,2,3,4,5,6,7,8,9,10,11,12",1.0
aff13_wu100k_m256_seed1,13,x,153,100.83904270750769,True,12,12,13,0.9999987904987557,True,0.9999928878328408,M2r,0.32855135687247344,k1l,True,False,12,"1,2,3,4,5,6,7,8,9,10,11,12",1.0
aff13_wu100k_m256_seed1,13,x,154,228.5809317732603,True,12,12,13,0.999999649877028,True,0.9999962570720363,M10r,0.328697204744593,k1l,True,False,12,"1,2,3,4,5,6,7,8,9,10,11,12",1.0
aff13_wu100k_m256_seed1,13,x,155,0.00011525281070247323,True,12,12,13,0.8390413070897398,False,0.39037991994753674,M4r,0.5375698799326271,k3r,False,False,0,,1.0
aff13_wu100k_m256_seed1,13,x,156,116.42387774106878,True,12,12,13,0.9999980985158224,True,0.9999862953978395,M11r,0.3285298756064078,k1l,True,False,12,"1,2,3,4,5,6,7,8,9,10,11,12",1.0
aff13_wu100k_m256_seed1,13,x,157,108.89292671469254,True,12,12,13,0.9999990141698006,True,0.9999900219326731,M4r,0.32846302517218834,k1l,True,False,12,"1,2,3,4,5,6,7,8,9,10,11,12",1.0
aff13_wu100k_m256_seed1,13,x,158,109.15796921416899,True,12,12,13,0.9999994152826176,True,0.9999949295543308,M6r,0.3285877335833778,k1l,True,False,12,"1,2,3,4,5,6,7,8,9,10,11,12",1.0
aff13_wu100k_m256_seed1,13,x,159,261.4127300171234,True,12,12,13,0.999998581998563,True,0.9999949431593778,M5r,0.32872958361779075,k1l,True,False,12,"1,2,3,4,5,6,7,8,9,10,11,12",1.0
aff13_wu100k_m256_seed1,13,x,160,221.25516075339766,True,12,12,13,0.9999998525011462,True,0.9999959669964626,M5r,0.3287418670479137,k1l,True,False,12,"1,2,3,4,5,6,7,8,9,10,11,12",1.0
aff13_wu100k_m256_seed1,13,x,161,231.26935915539065,True,12,12,13,0.9999994792594661,True,0.9999940417607435,M1r,0.3286100537327049,k1l,True,False,12,"1,2,3,4,5,6,7,8,9,10,11,12",1.0
aff13_wu100k_m256_seed1,13,x,162,125.64633977146809,True,12,12,13,0.9999994252265214,True,0.9999918180722451,M1r,0.32860249949137676,k1l,True,False,12,"1,2,3,4,5,6,7,8,9,10,11,12",1.0
aff13_wu100k_m256_seed1,13,x,163,426.3744757251045,True,5,1,0,0.46913226367515215,False,8.55264190923255e-07,M9r,9.490862476043395e-07,k2r,False,False,0,,1.0
aff13_wu100k_m256_seed1,13,x,164,226.40918556636626,True,12,12,13,0.9999994677961508,True,0.9999943229395748,M9r,0.32855122122565117,k1l,True,False,12,"1,2,3,4,5,6,7,8,9,10,11,12",1.0
aff13_wu100k_m256_seed1,13,x,165,118.40761553500712,True,12,12,13,0.9999996562169025,True,0.9999960383520254,M11r,0.3285324178644961,k1l,True,False,12,"1,2,3,4,5,6,7,8,9,10,11,12",1.0
aff13_wu100k_m256_seed1,13,x,166,103.15916727254046,True,12,12,13,0.9999990652241887,True,0.9999921216845079,M9r,0.3285336592221157,k1l,True,False,12,"1,2,3,4,5,6,7,8,9,10,11,12",1.0
aff13_wu100k_m256_seed1,13,x,167,257.7070001002496,True,12,12,13,0.9999994537478872,True,0.9999929288913808,M7r,0.32874077285622616,k1l,True,False,12,"1,2,3,4,5,6,7,8,9,10,11,12",1.0
aff13_wu100k_m256_seed1,13,x,168,122.0619261937549,True,12,12,13,0.9999996981991436,True,0.9999950007757477,M12r,0.3286919787212026,k1l,True,False,12,"1,2,3,4,5,6,7,8,9,10,11,12",1.0
aff13_wu100k_m256_seed1,13,x,169,219.89291152485208,True,12,12,13,0.9999997649415254,True,0.9999964725576365,M11r,0.3285413648400932,k1l,True,False,12,"1,2,3,4,5,6,7,8,9,10,11,12",1.0
aff13_wu100k_m256_seed1,13,x,170,230.75254385644956,True,12,12,13,0.999999602409735,True,0.9999957514509109,M1r,0.3285961077222425,k1l,True,False,12,"1,2,3,4,5,6,7,8,9,10,11,12",1.0
aff13_wu100k_m256_seed1,13,x,171,121.00535038654269,True,12,12,13,0.9999983396900977,True,0.9999887268379591,M7r,0.32874312928659505,k1l,True,False,12,"1,2,3,4,5,6,7,8,9,10,11,12",1.0
aff13_wu100k_m256_seed1,13,x,172,125.62153008659972,True,12,12,13,0.9999991557355157,True,0.9999912946496526,M10r,0.32870434552595745,k1l,True,False,12,"1,2,3,4,5,6,7,8,9,10,11,12",1.0
aff13_wu100k_m256_seed1,13,x,173,107.91269534204639,True,12,12,13,0.9999995786523949,True,0.9999924575958412,M0r,0.3284050956607603,k1l,True,False,12,"1,2,3,4,5,6,7,8,9,10,11,12",1.0
aff13_wu100k_m256_seed1,13,x,174,253.75553904902688,True,12,12,13,0.9999996618099993,True,0.9999944915900844,M4r,0.3284687684369551,k1l,True,False,12,"1,2,3,4,5,6,7,8,9,10,11,12",1.0
aff13_wu100k_m256_seed1,13,x,175,220.70255070094942,True,12,12,13,0.9999990097076321,True,0.9999940761261804,M0r,0.32840392962613035,k1l,True,False,12,"1,2,3,4,5,6,7,8,9,10,11,12",1.0
aff13_wu100k_m256_seed1,13,x,176,124.61943824748158,True,12,12,13,0.9999996429612616,True,0.9999935038388204,M1r,0.3286027114393243,k1l,True,False,12,"1,2,3,4,5,6,7,8,9,10,11,12",1.0
aff13_wu100k_m256_seed1,13,x,177,209.57980894104392,True,12,12,13,0.999999498067291,True,0.9999948582812508,M2r,0.3285433585389307,k1l,True,False,12,"1,2,3,4,5,6,7,8,9,10,11,12",1.0
aff13_wu100k_m256_seed1,13,x,178,101.86399768872582,True,12,12,13,0.9999992814265012,True,0.9999867530687382,M9r,0.3285318404435882,k1l,True,False,12,"1,2,3,4,5,6,7,8,9,10,11,12",1.0
aff13_wu100k_m256_seed1,13,x,179,130.07957886570344,True,11,1,0,0.9999935137277779,True,9.858277481413215e-07,M6l,2.6694504777029427e-06,k6r,False,False,0,,1.0
aff13_wu100k_m256_seed1,13,x,180,220.08696668820514,True,12,12,13,0.9999988331359895,True,0.9999917670450287,M12r,0.32867508308191795,k1l,True,False,12,"1,2,3,4,5,6,7,8,9,10,11,12",1.0
aff13_wu100k_m256_seed1,13,x,181,227.4812409550804,True,12,12,13,0.999999253574095,True,0.9999943200238496,M10r,0.3286931230253031,k1l,True,False,12,"1,2,3,4,5,6,7,8,9,10,11,12",1.0
aff13_wu100k_m256_seed1,13,x,182,110.64318042522537,True,12,12,13,0.9999994781943446,True,0.9999878511854936,M12r,0.3286957932311275,k1l,True,False,12,"1,2,3,4,5,6,7,8,9,10,11,12",1.0
aff13_wu100k_m256_seed1,13,x,183,266.182195614653,True,12,12,13,0.9999995973848768,True,0.9999959394595607,M0r,0.32839057885347306,k1l,True,False,12,"1,2,3,4,5,6,7,8,9,10,11,12",1.0
aff13_wu100k_m256_seed1,13,x,184,266.17193305667865,True,12,12,13,0.9999995908594002,True,0.9999949091714847,M9r,0.3285378287721563,k1l,True,False,12,"1,2,3,4,5,6,7,8,9,10,11,12",1.0
aff13_wu100k_m256_seed1,13,x,185,0.0006345768950169257,True,12,12,13,0.9642863256774026,True,0.254592152926532,M4r,0.3426401357690657,k1r,False,False,12,"1,2,3,4,5,6,7,8,9,10,11,12",1.0
aff13_wu100k_m256_seed1,13,x,186,227.81904310840892,True,12,12,13,0.9999993398390482,True,0.9999945220717609,M6r,0.32858930824520766,k1l,True,False,12,"1,2,3,4,5,6,7,8,9,10,11,12",1.0
aff13_wu100k_m256_seed1,13,x,187,215.39812012448323,True,12,12,13,0.9999989015970924,True,0.9999949890635733,M9r,0.3285311960272927,k1l,True,False,12,"1,2,3,4,5,6,7,8,9,10,11,12",1.0
aff13_wu100k_m256_seed1,13,x,188,224.64173078683385,True,12,12,13,0.9999996693239454,True,0.9999947056861478,M12r,0.3286876173640064,k1l,True,False,12,"1,2,3,4,5,6,7,8,9,10,11,12",1.0
aff13_wu100k_m256_seed1,13,x,189,124.02542458603496,True,12,12,13,0.9999975103957344,True,0.9999917889339474,M10r,0.32869756897439495,k1l,True,False,12,"1,2,3,4,5,6,7,8,9,10,11,12",1.0
aff13_wu100k_m256_seed1,13,x,190,214.50375886755464,True,12,12,13,0.9999992001554696,True,0.9999949736573466,M4r,0.3284603068674452,k1l,True,False,12,"1,2,3,4,5,6,7,8,9,10,11,12",1.0
aff13_wu100k_m256_seed1,13,x,191,223.164765917533,True,12,12,13,0.9999992543763302,True,0.9999934347522136,M12r,0.3286836993527294,k1l,True,False,12,"1,2,3,4,5,6,7,8,9,10,11,12",1.0
aff13_wu100k_m256_seed1,13,x,192,104.51521146099469,True,12,12,13,0.9999985845337057,True,0.999994468964903,M5r,0.32873234423142367,k1l,True,False,12,"1,2,3,4,5,6,7,8,9,10,11,12",1.0
aff13_wu100k_m256_seed1,13,x,193,423.3350525701822,True,5,1,0,0.47317884504266444,False,3.6730075590460366e-07,M3r,5.829089208119677e-07,k2l,False,False,0,,1.0
aff13_wu100k_m256_seed1,13,x,194,224.11645799239352,True,12,12,13,0.9999996591263292,True,0.9999936336017928,M7r,0.3287474085848899,k1l,True,False,12,"1,2,3,4,5,6,7,8,9,10,11,12",1.0
aff13_wu100k_m256_seed1,13,x,195,0.00010284106093579063,True,12,12,13,0.904989063215764,True,0.2277638118546204,M8l,0.5656434863576253,k6r,False,False,12,"1,2,3,4,5,6,7,8,9,10,11,12",1.0
aff13_wu100k_m256_seed1,13,x,196,112.48163996204424,True,12,12,13,0.9999996397456514,True,0.9999924437365547,M5r,0.3287456833533118,k1l,True,False,12,"1,2,3,4,5,6,7,8,9,10,11,12",1.0
aff13_wu100k_m256_seed1,13,x,197,102.85422195401325,True,12,12,13,0.9999971745452765,True,0.9999906809579225,M2r,0.3285561207965406,k1l,True,False,12,"1,2,3,4,5,6,7,8,9,10,11,12",1.0
aff13_wu100k_m256_seed1,13,x,198,252.07656023923775,True,12,12,13,0.9999996757922656,True,0.9999959194593678,M5r,0.32873833265215524,k1l,True,False,12,"1,2,3,4,5,6,7,8,9,10,11,12",1.0
aff13_wu100k_m256_seed1,13,x,199,225.82856195535302,True,12,12,13,0.999999826732765,True,0.9999939304791602,M9r,0.3285299665513997,k1l,True,False,12,"1,2,3,4,5,6,7,8,9,10,11,12",1.0
aff13_wu100k_m256_seed1,13,x,200,116.44893521732978,True,12,12,13,0.9999991401224616,True,0.9999908995652597,M7r,0.3287537235595287,k1l,True,False,12,"1,2,3,4,5,6,7,8,9,10,11,12",1.0
aff13_wu100k_m256_seed1,13,x,201,123.1335714920518,True,12,12,13,0.9999977350317186,True,0.9999919760159575,M5r,0.3287334800950663,k1l,True,False,12,"1,2,3,4,5,6,7,8,9,10,11,12",1.0
aff13_wu100k_m256_seed1,13,x,202,420.89632254365057,True,5,1,0,0.47475442849897276,False,3.512641665380456e-07,M9r,6.634901912701202e-07,k2r,False,False,0,,1.0
aff13_wu100k_m256_seed1,13,x,203,0.00023093978506397769,True,12,12,13,0.8750108554892421,False,0.5133457414102831,M6r,0.34394472018351663,k1r,False,False,0,,1.0
aff13_wu100k_m256_seed1,13,x,204,218.18767184021758,True,12,12,13,0.9999998014166542,True,0.9999950588202345,M6r,0.3285890849140646,k1l,True,False,12,"1,2,3,4,5,6,7,8,9,10,11,12",1.0
aff13_wu100k_m256_seed1,13,x,205,252.21812669490112,True,12,12,13,0.9999993536554319,True,0.9999947368856388,M5r,0.3287409408218183,k1l,True,False,12,"1,2,3,4,5,6,7,8,9,10,11,12",1.0
aff13_wu100k_m256_seed1,13,x,206,116.55853801386327,True,12,12,13,0.9999990122036515,True,0.9999919206584251,M10r,0.32869431745614286,k1l,True,False,12,"1,2,3,4,5,6,7,8,9,10,11,12",1.0
aff13_wu100k_m256_seed1,13,x,207,241.11290095372584,True,12,12,13,0.9999993541676826,True,0.9999945189953691,M2r,0.3285534302039097,k1l,True,False,12,"1,2,3,4,5,6,7,8,9,10,11,12",1.0
aff13_wu100k_m256_seed1,13,x,208,108.86027685145696,True,12,12,13,0.999999752266649,True,0.9999951521021361,M6r,0.3285814779157007,k1l,True,False,12,"1,2,3,4,5,6,7,8,9,10,11,12",1.0
aff13_wu100k_m256_seed1,13,x,209,116.758684563174,True,12,12,13,0.9999992732305849,True,0.9999930569061763,M4r,0.3284637417487659,k1l,True,False,12,"1,2,3,4,5,6,7,8,9,10,11,12",1.0
aff13_wu100k_m256_seed1,13,x,210,106.0002892243963,True,12,12,13,0.999999075423302,True,0.9999925234683277,M12r,0.328678606506688,k1l,True,False,12,"1,2,3,4,5,6,7,8,9,10,11,12",1.0
aff13_wu100k_m256_seed1,13,x,211,244.31841798853966,True,12,12,13,0.9999997487203163,True,0.9999951950111123,M9r,0.32853462407838574,k1l,True,False,12,"1,2,3,4,5,6,7,8,9,10,11,12",1.0
aff13_wu100k_m256_seed1,13,x,212,110.29554729414043,True,12,12,13,0.9999978638616338,True,0.9999897018881074,M7r,0.3287395007392648,k1l,True,False,12,"1,2,3,4,5,6,7,8,9,10,11,12",1.0
aff13_wu100k_m256_seed1,13,x,213,227.62636947721117,True,12,12,13,0.9999992244029167,True,0.9999961908114562,M11r,0.32852259287116903,k1l,True,False,12,"1,2,3,4,5,6,7,8,9,10,11,12",1.0
aff13_wu100k_m256_seed1,13,x,214,270.96407147958695,True,12,12,13,0.999999737044265,True,0.9999967355337002,M11r,0.32853015109200223,k1l,True,False,12,"1,2,3,4,5,6,7,8,9,10,11,12",1.0
aff13_wu100k_m256_seed1,13,x,215,227.72166046132094,True,12,12,13,0.9999994977551507,True,0.9999901519770479,M6r,0.3285843920063371,k1l,True,False,12,"1,2,3,4,5,6,7,8,9,10,11,12",1.0
aff13_wu100k_m256_seed1,13,x,216,0.00013856283232685707,True,12,12,13,0.9358495072660084,True,0.38229754236865715,M12r,0.32133355479688364,k1r,False,False,12,"1,2,3,4,5,6,7,8,9,10,11,12",1.0
aff13_wu100k_m256_seed1,13,x,217,223.31816923893157,True,12,12,13,0.9999995076522374,True,0.999995651159948,M0r,0.32839976136397336,k1l,True,False,12,"1,2,3,4,5,6,7,8,9,10,11,12",1.0
aff13_wu100k_m256_seed1,13,x,218,226.63593173288982,True,12,12,13,0.9999993190468747,True,0.9999940086921634,M5r,0.32874781634883615,k1l,True,False,12,"1,2,3,4,5,6,7,8,9,10,11,12",1.0
aff13_wu100k_m256_seed1,13,x,219,442.8112934230504,True,7,1,0,0.4999976083548743,False,8.234893316697575e-07,M4l,9.082249234777875e-07,k4l,False,False,0,,1.0
aff13_wu100k_m256_seed1,13,x,220,220.60577452924883,True,12,12,13,0.9999991805322407,True,0.999996254449961,M0r,0.32840303506356405,k1l,True,False,12,"1,2,3,4,5,6,7,8,9,10,11,12",1.0
aff13_wu100k_m256_seed1,13,x,221,250.95675675233085,True,12,12,13,0.9999996854511906,True,0.9999943818788639,M7r,0.32873867477865787,k1l,True,False,12,"1,2,3,4,5,6,7,8,9,10,11,12",1.0
aff13_wu100k_m256_seed1,13,x,222,218.0138912540713,True,12,12,13,0.9999994318993884,True,0.9999955344387885,M10r,0.32869390463092807,k1l,True,False,12,"1,2,3,4,5,6,7,8,9,10,11,12",1.0
aff13_wu100k_m256_seed1,13,x,223,91.4518508986442,True,12,12,13,0.9999984543782666,True,0.9999899527211441,M9r,0.32851930323346507,k1l,True,False,12,"1,2,3,4,5,6,7,8,9,10,11,12",1.0
aff13_wu100k_m256_seed1,13,x,224,230.03222133517082,True,12,12,13,0.999999370131442,True,0.9999938801339417,M6r,0.3285916448373812,k1l,True,False,12,"1,2,3,4,5,6,7,8,9,10,11,12",1.0
aff13_wu100k_m256_seed1,13,x,225,245.25576262823827,True,12,12,13,0.9999995445142955,True,0.9999938409215291,M2r,0.3285455326951655,k1l,True,False,12,"1,2,3,4,5,6,7,8,9,10,11,12",1.0
aff13_wu100k_m256_seed1,13,x,226,0.00028759558351503184,True,12,12,13,0.7570674651699586,False,0.1933835069569983,M2r,0.26045636684652024,k5r,False,False,0,,1.0
aff13_wu100k_m256_seed1,13,x,227,213.71856627779425,True,12,12,13,0.9999997246243372,True,0.9999947413361271,M9r,0.3285257408830467,k1l,True,False,12,"1,2,3,4,5,6,7,8,9,10,11,12",1.0
aff13_wu100k_m256_seed1,13,x,228,0.0001268997397210009,True,12,12,13,0.8467852296322674,False,0.2127004023373149,M8l,0.4250044252243252,k3r,False,False,0,,1.0
aff13_wu100k_m256_seed1,13,x,229,122.8882397307492,True,12,12,13,0.9999982351726894,True,0.9999932292480153,M10r,0.3286879891038603,k1l,True,False,12,"1,2,3,4,5,6,7,8,9,10,11,12",1.0
aff13_wu100k_m256_seed1,13,x,230,119.59299209273105,True,12,12,13,0.9999989654103943,True,0.9999890148530756,M1r,0.32858529658531394,k1l,True,False,12,"1,2,3,4,5,6,7,8,9,10,11,12",1.0
aff13_wu100k_m256_seed1,13,x,231,119.68385188229479,True,12,12,13,0.9999988743506835,True,0.9999908728806214,M12r,0.32868455946925007,k1l,True,False,12,"1,2,3,4,5,6,7,8,9,10,11,12",1.0
aff13_wu100k_m256_seed1,13,x,232,253.34637755120428,True,12,12,13,0.9999990135111305,True,0.9999927223227292,M7r,0.3287426398870927,k1l,True,False,12,"1,2,3,4,5,6,7,8,9,10,11,12",1.0
aff13_wu100k_m256_seed1,13,x,233,1.0914855105849754,True,12,12,13,0.9980192139996564,True,0.3424755082080469,M8r,0.3515554262128363,k6r,False,False,6,"2,5,6,7,8,11",1.0
aff13_wu100k_m256_seed1,13,x,234,0.0008375694433263129,True,12,12,13,0.8591561581254215,False,0.436361492334849,M5r,0.2822902171974839,k1l,False,False,0,,1.0
aff13_wu100k_m256_seed1,13,x,235,0.00042772994958847205,True,12,12,13,0.8163481980785146,False,0.4189453908717178,M11r,0.3502011178978515,k3r,False,False,0,,1.0
aff13_wu100k_m256_seed1,13,x,236,226.7532396547444,True,12,12,13,0.9999995473432646,True,0.9999964703111259,M11r,0.32852789591986065,k1l,True,False,12,"1,2,3,4,5,6,7,8,9,10,11,12",1.0
aff13_wu100k_m256_seed1,13,x,237,254.22636498367092,True,12,12,13,0.9999995358343386,True,0.999993728108931,M2r,0.3285499982621321,k1l,True,False,12,"1,2,3,4,5,6,7,8,9,10,11,12",1.0
aff13_wu100k_m256_seed1,13,x,238,99.43897492793457,True,12,12,13,0.9999986479760813,True,0.9999935164638416,M12r,0.32868454716773704,k1l,True,False,12,"1,2,3,4,5,6,7,8,9,10,11,12",1.0
aff13_wu100k_m256_seed1,13,x,239,247.0489972354128,True,12,12,13,0.9999997837793577,True,0.9999961624680231,M0r,0.3284011803607164,k1l,True,False,12,"1,2,3,4,5,6,7,8,9,10,11,12",1.0
aff13_wu100k_m256_seed1,13,x,240,246.3585261570883,True,12,12,13,0.9999998166398244,True,0.9999950845724279,M2r,0.32855499950532957,k1l,True,False,12,"1,2,3,4,5,6,7,8,9,10,11,12",1.0
aff13_wu100k_m256_seed1,13,x,241,119.07711246512974,True,12,12,13,0.9999988914511788,True,0.9999913823325687,M11r,0.32853160822171756,k1l,True,False,12,"1,2,3,4,5,6,7,8,9,10,11,12",1.0
aff13_wu100k_m256_seed1,13,x,242,226.00947434205784,True,12,12,13,0.9999989114050003,True,0.9999941682032814,M5r,0.32874141785973776,k1l,True,False,12,"1,2,3,4,5,6,7,8,9,10,11,12",1.0
aff13_wu100k_m256_seed1,13,x,243,0.0004591545891775669,True,12,12,13,0.7677534502882601,False,0.45011552410218464,M6r,0.25191696563324606,k1l,False,False,0,,1.0
aff13_wu100k_m256_seed1,13,x,244,216.8869038325891,True,12,12,13,0.9999994921804082,True,0.9999957795721556,M4r,0.32845308828036796,k1l,True,False,12,"1,2,3,4,5,6,7,8,9,10,11,12",1.0
aff13_wu100k_m256_seed1,13,x,245,213.62462226496842,True,12,12,13,0.999998920886496,True,0.9999948382292385,M4r,0.328468557665607,k1l,True,False,12,"1,2,3,4,5,6,7,8,9,10,11,12",1.0
aff13_wu100k_m256_seed1,13,x,246,118.04346798732308,True,12,12,13,0.999998859262322,True,0.9999905217918448,M1r,0.3285889920604835,k1l,True,False,12,"1,2,3,4,5,6,7,8,9,10,11,12",1.0
aff13_wu100k_m256_seed1,13,x,247,0.00033183340390051613,True,12,12,13,0.8865428396072949,False,0.22537008618697418,M5r,0.2916516201805208,k1l,False,False,0,,1.0
aff13_wu100k_m256_seed1,13,x,248,98.45600810986234,True,12,12,13,0.9999992775736832,True,0.9999952962240749,M0r,0.32839268605159916,k1l,True,False,12,"1,2,3,4,5,6,7,8,9,10,11,12",1.0
aff13_wu100k_m256_seed1,13,x,249,0.0006479488602887501,True,12,12,13,0.901389082461092,True,0.25252160272064295,M2r,0.3736654281846949,k4r,False,False,12,"1,2,3,4,5,6,7,8,9,10,11,12",1.0
aff13_wu100k_m256_seed1,13,x,250,247.07336114331912,True,12,12,13,0.9999998520841872,True,0.9999937692152906,M6r,0.3285813391010837,k1l,True,False,12,"1,2,3,4,5,6,7,8,9,10,11,12",1.0
aff13_wu100k_m256_seed1,13,x,251,107.74051754594376,True,12,12,13,0.9999990984674387,True,0.9999907326692004,M10r,0.32869867916557816,k1l,True,False,12,"1,2,3,4,5,6,7,8,9,10,11,12",1.0
aff13_wu100k_m256_seed1,13,x,252,92.00468017299029,True,12,12,13,0.999999592669353,True,0.9999876526451974,M9r,0.32851792320607437,k1l,True,False,12,"1,2,3,4,5,6,7,8,9,10,11,12",1.0
aff13_wu100k_m256_seed1,13,x,253,241.96426829724481,True,12,12,13,0.9999988911187354,True,0.999993174969472,M5r,0.32876075555621503,k1l,True,False,12,"1,2,3,4,5,6,7,8,9,10,11,12",1.0
aff13_wu100k_m256_seed1,13,x,254,110.32022088481523,True,12,12,13,0.9999993238859539,True,0.9999931407670776,M11r,0.32851750369784294,k1l,True,False,12,"1,2,3,4,5,6,7,8,9,10,11,12",1.0
aff13_wu100k_m256_seed1,13,x,255,219.22467309973794,True,12,12,13,0.9999993149797771,True,0.9999950509390965,M4r,0.32845946924101493,k1l,True,False,12,"1,2,3,4,5,6,7,8,9,10,11,12",1.0
aff13_wu100k_m256_seed1,13,y,0,221.58385059605558,True,12,12,13,0.999999703459395,True,0.9999954843417398,M7l,0.3285976962992508,k1r,True,False,12,"1,2,3,4,5,6,7,8,9,10,11,12",1.0
aff13_wu100k_m256_seed1,13,y,1,0.0003452147000973237,True,12,12,13,0.9291472618344984,True,0.23420890207913558,M8r,0.6076570756048496,k6l,False,False,12,"1,2,3,4,5,6,7,8,9,10,11,12",1.0
aff13_wu100k_m256_seed1,13,y,2,108.44730090170422,True,12,12,13,0.9999992236204804,True,0.9999936915611459,M2l,0.32868518248974743,k1r,True,False,12,"1,2,3,4,5,6,7,8,9,10,11,12",1.0
aff13_wu100k_m256_seed1,13,y,3,0.00045608700377864714,True,12,12,13,0.7144116006411527,False,0.20912495548015259,M6l,0.3954374763355328,k3l,False,False,0,,1.0
aff13_wu100k_m256_seed1,13,y,4,127.43328288403917,True,12,12,13,0.9999971448737124,True,0.9999919341652278,M7l,0.32861081645426815,k1r,True,False,12,"1,2,3,4,5,6,7,8,9,10,11,12",1.0
aff13_wu100k_m256_seed1,13,y,5,241.74351874495207,True,12,12,13,0.9999996958608681,True,0.9999931018059688,M12l,0.32855422127850953,k1r,True,False,12,"1,2,3,4,5,6,7,8,9,10,11,12",1.0
aff13_wu100k_m256_seed1,13,y,6,255.2787260551013,True,12,12,13,0.9999997613099929,True,0.9999954187656811,M2l,0.3286993859368467,k1r,True,False,12,"1,2,3,4,5,6,7,8,9,10,11,12",1.0
aff13_wu100k_m256_seed1,13,y,7,239.07428956338526,True,12,12,13,0.999998604430915,True,0.9999944106440477,M9l,0.3283533411882856,k1r,True,False,12,"1,2,3,4,5,6,7,8,9,10,11,12",1.0
aff13_wu100k_m256_seed1,13,y,8,100.38842248837855,True,12,12,13,0.9999973460998615,True,0.9999885085714268,M1l,0.32844734655442615,k1r,True,False,12,"1,2,3,4,5,6,7,8,9,10,11,12",1.0
aff13_wu100k_m256_seed1,13,y,9,0.0004303312821005212,True,12,12,13,0.9346843343881878,True,0.2357226745494771,M8r,0.5441669217746653,k6l,False,False,12,"1,2,3,4,5,6,7,8,9,10,11,12",1.0
aff13_wu100k_m256_seed1,13,y,10,0.0004219950709950241,True,12,12,13,0.9364151639536298,True,0.4616685488302917,M0l,0.36435918664976247,k3l,False,False,12,"1,2,3,4,5,6,7,8,9,10,11,12",1.0
aff13_wu100k_m256_seed1,13,y,11,230.83995714556787,True,12,12,13,0.999999085416402,True,0.9999936187307602,M5l,0.3285654872380635,k1r,True,False,12,"1,2,3,4,5,6,7,8,9,10,11,12",1.0
aff13_wu100k_m256_seed1,13,y,12,220.43035598103748,True,12,12,13,0.9999991992543026,True,0.9999944116608603,M2l,0.32872554586400715,k1r,True,False,12,"1,2,3,4,5,6,7,8,9,10,11,12",1.0
aff13_wu100k_m256_seed1,13,y,13,266.1929077087886,True,12,12,13,0.9999995072235498,True,0.9999955449545184,M2l,0.32872273597594537,k1r,True,False,12,"1,2,3,4,5,6,7,8,9,10,11,12",1.0
aff13_wu100k_m256_seed1,13,y,14,257.008672836983,True,12,12,13,0.9999997796444929,True,0.9999962312710768,M9l,0.3283928978382873,k1r,True,False,12,"1,2,3,4,5,6,7,8,9,10,11,12",1.0
aff13_wu100k_m256_seed1,13,y,15,218.02912364048757,True,12,12,13,0.9999998732288738,True,0.9999950865945011,M2l,0.3287178518482711,k1r,True,False,12,"1,2,3,4,5,6,7,8,9,10,11,12",1.0
aff13_wu100k_m256_seed1,13,y,16,108.62780797063989,True,12,12,13,0.999998728733625,True,0.9999895357884411,M6l,0.3287029950201194,k1r,True,False,12,"1,2,3,4,5,6,7,8,9,10,11,12",1.0
aff13_wu100k_m256_seed1,13,y,17,230.4748085762206,True,12,12,13,0.9999997830083576,True,0.9999954925343447,M1l,0.32844783369597025,k1r,True,False,12,"1,2,3,4,5,6,7,8,9,10,11,12",1.0
aff13_wu100k_m256_seed1,13,y,18,90.89674805232704,True,12,12,13,0.9999998121018459,True,0.9999950741433005,M2l,0.3287100743221072,k1r,True,False,12,"1,2,3,4,5,6,7,8,9,10,11,12",1.0
aff13_wu100k_m256_seed1,13,y,19,89.30254688221082,True,12,12,13,0.999999156012532,True,0.9999910681419367,M12l,0.32854418835240196,k1r,True,False,12,"1,2,3,4,5,6,7,8,9,10,11,12",1.0
aff13_wu100k_m256_seed1,13,y,20,0.0008050755912803737,True,12,12,13,0.9759747674220228,True,0.2919141530607228,M2l,0.31979650878100496,k1r,False,False,12,"1,2,3,4,5,6,7,8,9,10,11,12",1.0
aff13_wu100k_m256_seed1,13,y,21,132.6292098217567,True,12,12,13,0.9999990717030228,True,0.9999939937267386,M7l,0.32861565373221163,k1r,True,False,12,"1,2,3,4,5,6,7,8,9,10,11,12",1.0
aff13_wu100k_m256_seed1,13,y,22,257.7271810561588,True,12,12,13,0.9999991917819945,True,0.9999948319973622,M12l,0.3285407218360788,k1r,True,False,12,"1,2,3,4,5,6,7,8,9,10,11,12",1.0
aff13_wu100k_m256_seed1,13,y,23,226.40261835505777,True,12,12,13,0.9999994142172055,True,0.9999925551398708,M5l,0.32857921162659126,k1r,True,False,12,"1,2,3,4,5,6,7,8,9,10,11,12",1.0
aff13_wu100k_m256_seed1,13,y,24,226.36472495555674,True,12,12,13,0.9999994277638208,True,0.9999886637192993,M6l,0.3287095300902716,k1r,True,False,12,"1,2,3,4,5,6,7,8,9,10,11,12",1.0
aff13_wu100k_m256_seed1,13,y,25,0.0007177093574561406,True,12,12,13,0.8774180698423542,False,0.3637563655390585,M8l,0.399068233874204,k5l,False,False,0,,1.0
aff13_wu100k_m256_seed1,13,y,26,214.48513767429685,True,12,12,13,0.9999986417724804,True,0.9999916048170872,M4l,0.3286995920175588,k1r,True,False,12,"1,2,3,4,5,6,7,8,9,10,11,12",1.0
aff13_wu100k_m256_seed1,13,y,27,0.000499415680081204,True,12,12,13,0.9846174113387811,True,0.40587402964484953,M8l,0.393113172879472,k3l,False,False,12,"1,2,3,4,5,6,7,8,9,10,11,12",1.0
aff13_wu100k_m256_seed1,13,y,28,98.67330202256322,True,12,12,13,0.9999997639916611,True,0.9999926042899807,M4l,0.32869866003829634,k1r,True,False,12,"1,2,3,4,5,6,7,8,9,10,11,12",1.0
aff13_wu100k_m256_seed1,13,y,29,468.2426473713641,True,11,1,0,0.9999808270367612,True,1.9362891487490118e-06,M6r,3.826712359312487e-06,k1r,False,False,0,,1.0
aff13_wu100k_m256_seed1,13,y,30,0.00035573632695127985,True,12,12,13,0.9301771086108446,True,0.23396435897320364,M8r,0.36113616978106194,k2l,False,False,12,"1,2,3,4,5,6,7,8,9,10,11,12",1.0
aff13_wu100k_m256_seed1,13,y,31,213.58035927732536,True,12,12,13,0.9999987865242552,True,0.9999920625687265,M8l,0.3283966985505752,k1r,True,False,12,"1,2,3,4,5,6,7,8,9,10,11,12",1.0
aff13_wu100k_m256_seed1,13,y,32,262.62314143092186,True,12,12,13,0.9999994418548646,True,0.9999931646387641,M9l,0.32836282214902596,k1r,True,False,12,"1,2,3,4,5,6,7,8,9,10,11,12",1.0
aff13_wu100k_m256_seed1,13,y,33,225.99323000927453,True,12,12,13,0.9999997228752021,True,0.9999930374642279,M7l,0.32860763895317846,k1r,True,False,12,"1,2,3,4,5,6,7,8,9,10,11,12",1.0
aff13_wu100k_m256_seed1,13,y,34,218.67076523475407,True,12,12,13,0.999999473432513,True,0.9999890325211532,M4l,0.3287204896622428,k1r,True,False,12,"1,2,3,4,5,6,7,8,9,10,11,12",1.0
aff13_wu100k_m256_seed1,13,y,35,224.59630290891306,True,12,12,13,0.9999994293103605,True,0.999993563805768,M4l,0.32871194492312833,k1r,True,False,12,"1,2,3,4,5,6,7,8,9,10,11,12",1.0
aff13_wu100k_m256_seed1,13,y,36,221.91312386892153,True,12,12,13,0.9999993445880021,True,0.9999950326935572,M9l,0.3283717685961047,k1r,True,False,12,"1,2,3,4,5,6,7,8,9,10,11,12",1.0
aff13_wu100k_m256_seed1,13,y,37,0.00023033184914258073,True,12,12,13,0.9012196120250292,True,0.2269925788536364,M8r,0.32394886283977165,k5l,False,False,12,"1,2,3,4,5,6,7,8,9,10,11,12",1.0
aff13_wu100k_m256_seed1,13,y,38,107.29937927396821,True,12,12,13,0.9999995658883485,True,0.9999955517583707,M2l,0.3287171170415661,k1r,True,False,12,"1,2,3,4,5,6,7,8,9,10,11,12",1.0
aff13_wu100k_m256_seed1,13,y,39,219.44818537638957,True,12,12,13,0.9999994380203381,True,0.9999938095911997,M6l,0.3286959530370411,k1r,True,False,12,"1,2,3,4,5,6,7,8,9,10,11,12",1.0
aff13_wu100k_m256_seed1,13,y,40,98.07727896634061,True,12,12,13,0.999999561646727,True,0.9999907822049977,M12l,0.3285479952359106,k1r,True,False,12,"1,2,3,4,5,6,7,8,9,10,11,12",1.0
aff13_wu100k_m256_seed1,13,y,41,260.322216584371,True,12,12,13,0.9999996103634525,True,0.9999945018050612,M4l,0.3287074228918947,k1r,True,False,12,"1,2,3,4,5,6,7,8,9,10,11,12",1.0
aff13_wu100k_m256_seed1,13,y,42,111.4850873383434,True,12,12,13,0.9999995148435127,True,0.9999888272095867,M0l,0.3285942233400724,k1r,True,False,12,"1,2,3,4,5,6,7,8,9,10,11,12",1.0
aff13_wu100k_m256_seed1,13,y,43,106.49660748197323,True,12,12,13,0.9999984613360582,True,0.9999897889107875,M8l,0.3284153210954573,k1r,True,False,12,"1,2,3,4,5,6,7,8,9,10,11,12",1.0
aff13_wu100k_m256_seed1,13,y,44,257.56644066501724,True,12,12,13,0.9999994430266382,True,0.9999929004091216,M10l,0.32858750952373966,k1r,True,False,12,"1,2,3,4,5,6,7,8,9,10,11,12",1.0
aff13_wu100k_m256_seed1,13,y,45,113.21949322838212,True,12,12,13,0.9999981437736591,True,0.9999881699139591,M6l,0.3287059296393565,k1r,True,False,12,"1,2,3,4,5,6,7,8,9,10,11,12",1.0
aff13_wu100k_m256_seed1,13,y,46,220.17328899680876,True,12,12,13,0.9999995624817489,True,0.9999938246148229,M12l,0.3285325286002252,k1r,True,False,12,"1,2,3,4,5,6,7,8,9,10,11,12",1.0
aff13_wu100k_m256_seed1,13,y,47,215.8280742294679,True,12,12,13,0.9999994305093779,True,0.9999931216370315,M0l,0.3285732333886294,k1r,True,False,12,"1,2,3,4,5,6,7,8,9,10,11,12",1.0
aff13_wu100k_m256_seed1,13,y,48,600.7272846683385,True,11,1,0,0.9999800433522561,True,1.7609204627849078e-06,M5r,4.288441342367173e-06,k1r,False,False,0,,1.0
aff13_wu100k_m256_seed1,13,y,49,213.27701722119104,True,12,12,13,0.9999995922839813,True,0.9999939360136779,M4l,0.32870997338921454,k1r,True,False,12,"1,2,3,4,5,6,7,8,9,10,11,12",1.0
aff13_wu100k_m256_seed1,13,y,50,228.81982016744828,True,12,12,13,0.9999994406723469,True,0.9999938858858491,M1l,0.32845338854833517,k1r,True,False,12,"1,2,3,4,5,6,7,8,9,10,11,12",1.0
aff13_wu100k_m256_seed1,13,y,51,258.11476524406646,True,12,12,13,0.9999991392779367,True,0.9999924988634437,M6l,0.3287048680708028,k1r,True,False,12,"1,2,3,4,5,6,7,8,9,10,11,12",1.0
aff13_wu100k_m256_seed1,13,y,52,0.0010922103946458901,True,12,12,13,0.9276290704893922,True,0.33653128151352457,M9l,0.7339859557796466,k4l,False,False,12,"1,2,3,4,5,6,7,8,9,10,11,12",1.0
aff13_wu100k_m256_seed1,13,y,53,97.8872880239439,True,12,12,13,0.9999990626637013,True,0.9999881186174875,M9l,0.3283852805552251,k1r,True,False,12,"1,2,3,4,5,6,7,8,9,10,11,12",1.0
aff13_wu100k_m256_seed1,13,y,54,222.10532181310174,True,12,12,13,0.9999982919904451,True,0.9999925433187203,M8l,0.32840278582082133,k1r,True,False,12,"1,2,3,4,5,6,7,8,9,10,11,12",1.0
aff13_wu100k_m256_seed1,13,y,55,105.44253345755455,True,12,12,13,0.9999990638557211,True,0.9999883613742341,M0l,0.32855102343196396,k1r,True,False,12,"1,2,3,4,5,6,7,8,9,10,11,12",1.0
aff13_wu100k_m256_seed1,13,y,56,99.2963036173841,True,12,12,13,0.9999976962219621,True,0.9999926546442391,M12l,0.3285577012403142,k1r,True,False,12,"1,2,3,4,5,6,7,8,9,10,11,12",1.0
aff13_wu100k_m256_seed1,13,y,57,95.10872049854096,True,12,12,13,0.9999988364772373,True,0.9999907736566463,M10l,0.3285726474946532,k1r,True,False,12,"1,2,3,4,5,6,7,8,9,10,11,12",1.0
aff13_wu100k_m256_seed1,13,y,58,221.54824269866916,True,12,12,13,0.999999680616569,True,0.9999953246536182,M1l,0.3284597921573415,k1r,True,False,12,"1,2,3,4,5,6,7,8,9,10,11,12",1.0
aff13_wu100k_m256_seed1,13,y,59,0.00019653440191527125,True,12,12,13,0.998304696225243,True,0.2882828369304036,M8l,0.6784793604893846,k3l,False,False,12,"1,2,3,4,5,6,7,8,9,10,11,12",1.0
aff13_wu100k_m256_seed1,13,y,60,129.43716448829824,True,12,12,13,0.9999990533009534,True,0.9999932079896354,M4l,0.3287062417194587,k1r,True,False,12,"1,2,3,4,5,6,7,8,9,10,11,12",1.0
aff13_wu100k_m256_seed1,13,y,61,219.54036442975965,True,12,12,13,0.9999991219368223,True,0.9999935434248566,M8l,0.32839126150590014,k1r,True,False,12,"1,2,3,4,5,6,7,8,9,10,11,12",1.0
aff13_wu100k_m256_seed1,13,y,62,264.4874242419809,True,12,12,13,0.9999992260038205,True,0.9999908565291169,M7l,0.3286183255881394,k1r,True,False,12,"1,2,3,4,5,6,7,8,9,10,11,12",1.0
aff13_wu100k_m256_seed1,13,y,63,110.55666470428879,True,12,12,13,0.9999992386928582,True,0.9999914727137215,M9l,0.3283781704847144,k1r,True,False,12,"1,2,3,4,5,6,7,8,9,10,11,12",1.0
aff13_wu100k_m256_seed1,13,y,64,114.96286864518467,True,12,12,13,0.9999993885868159,True,0.9999932200429554,M8l,0.3284014539839407,k1r,True,False,12,"1,2,3,4,5,6,7,8,9,10,11,12",1.0
aff13_wu100k_m256_seed1,13,y,65,252.8153704029008,True,12,12,13,0.9999996575262894,True,0.9999937398570121,M1l,0.3284528116471256,k1r,True,False,12,"1,2,3,4,5,6,7,8,9,10,11,12",1.0
aff13_wu100k_m256_seed1,13,y,66,224.75208876370613,True,12,12,13,0.9999996564658935,True,0.9999950568170491,M5l,0.32856766986006736,k1r,True,False,12,"1,2,3,4,5,6,7,8,9,10,11,12",1.0
aff13_wu100k_m256_seed1,13,y,67,87.9811317688141,True,12,12,13,0.9999989528322628,True,0.9999930659122584,M12l,0.3285412130436794,k1r,True,False,12,"1,2,3,4,5,6,7,8,9,10,11,12",1.0
aff13_wu100k_m256_seed1,13,y,68,0.00039236680945779957,True,12,12,13,0.8854385726095372,False,0.2693646866855062,M2l,0.4576565240779973,k6l,False,False,0,,1.0
aff13_wu100k_m256_seed1,13,y,69,254.61363859935426,True,12,12,13,0.9999996179694595,True,0.9999938026426779,M9l,0.32837223131263743,k1r,True,False,12,"1,2,3,4,5,6,7,8,9,10,11,12",1.0
aff13_wu100k_m256_seed1,13,y,70,271.85428855347436,True,12,12,13,0.9999997811513935,True,0.9999949548704804,M12l,0.32855495689033376,k1r,True,False,12,"1,2,3,4,5,6,7,8,9,10,11,12",1.0
aff13_wu100k_m256_seed1,13,y,71,230.240445009846,True,12,12,13,0.9999991151053776,True,0.9999906121069013,M10l,0.32856705213057236,k1r,True,False,12,"1,2,3,4,5,6,7,8,9,10,11,12",1.0
aff13_wu100k_m256_seed1,13,y,72,425.1246545001687,True,5,1,0,0.4770914355716298,False,4.517412851288379e-06,M0r,8.707785115943314e-06,k4l,False,False,0,,1.0
aff13_wu100k_m256_seed1,13,y,73,227.05476662404772,True,12,12,13,0.999999144789882,True,0.9999918571783702,M6l,0.3287099111187085,k1r,True,False,12,"1,2,3,4,5,6,7,8,9,10,11,12",1.0
aff13_wu100k_m256_seed1,13,y,74,230.10578680779093,True,12,12,13,0.9999995405859611,True,0.9999961475837863,M5l,0.3285660785930958,k1r,True,False,12,"1,2,3,4,5,6,7,8,9,10,11,12",1.0
aff13_wu100k_m256_seed1,13,y,75,103.18336996440611,True,12,12,13,0.9999981789554174,True,0.9999914867995672,M6l,0.3286914864373086,k1r,True,False,12,"1,2,3,4,5,6,7,8,9,10,11,12",1.0
aff13_wu100k_m256_seed1,13,y,76,0.0003656143549792104,True,12,12,13,0.7963354504286387,False,0.3455617487396224,M7l,0.3660729889201892,k3l,False,False,0,,1.0
aff13_wu100k_m256_seed1,13,y,77,113.1909298804161,True,12,12,13,0.9999993025066917,True,0.9999879467108708,M0l,0.32855923968475803,k1r,True,False,12,"1,2,3,4,5,6,7,8,9,10,11,12",1.0
aff13_wu100k_m256_seed1,13,y,78,219.72930011785468,True,12,12,13,0.9999994521791344,True,0.9999921819884718,M7l,0.32860626662299874,k1r,True,False,12,"1,2,3,4,5,6,7,8,9,10,11,12",1.0
aff13_wu100k_m256_seed1,13,y,79,245.91044139470995,True,12,12,13,0.9999995491658149,True,0.9999954399000364,M2l,0.32871804143760097,k1r,True,False,12,"1,2,3,4,5,6,7,8,9,10,11,12",1.0
aff13_wu100k_m256_seed1,13,y,80,117.67687423588642,True,12,12,13,0.9999978429713685,True,0.9999920684193879,M4l,0.3287079075277914,k1r,True,False,12,"1,2,3,4,5,6,7,8,9,10,11,12",1.0
aff13_wu100k_m256_seed1,13,y,81,0.00033615534166015984,True,12,12,13,0.9737587645657063,True,0.24507825615665757,M8r,0.31967188872558844,k1r,False,False,12,"1,2,3,4,5,6,7,8,9,10,11,12",1.0
aff13_wu100k_m256_seed1,13,y,82,0.000473857247853365,True,12,12,13,0.9397859063787904,True,0.2869612139099278,M9l,0.387447429010381,k5l,False,False,12,"1,2,3,4,5,6,7,8,9,10,11,12",1.0
aff13_wu100k_m256_seed1,13,y,83,105.56013323771296,True,12,12,13,0.9999981531156013,True,0.9999931367122917,M7l,0.3286134174179312,k1r,True,False,12,"1,2,3,4,5,6,7,8,9,10,11,12",1.0
aff13_wu100k_m256_seed1,13,y,84,0.00026781533490409265,True,12,12,13,0.9101519541720637,True,0.4996914319689036,M2l,0.3154927466400424,k1l,False,False,12,"1,2,3,4,5,6,7,8,9,10,11,12",1.0
aff13_wu100k_m256_seed1,13,y,85,102.79638407966148,True,12,12,13,0.9999998054359734,True,0.9999931495679145,M4l,0.328718302347521,k1r,True,False,12,"1,2,3,4,5,6,7,8,9,10,11,12",1.0
aff13_wu100k_m256_seed1,13,y,86,250.23701229096636,True,12,12,13,0.9999995397313234,True,0.999993932250024,M6l,0.32869654572232504,k1r,True,False,12,"1,2,3,4,5,6,7,8,9,10,11,12",1.0
aff13_wu100k_m256_seed1,13,y,87,225.0855791781237,True,12,12,13,0.9999996011147427,True,0.9999959580712608,M7l,0.32860677595545523,k1r,True,False,12,"1,2,3,4,5,6,7,8,9,10,11,12",1.0
aff13_wu100k_m256_seed1,13,y,88,0.00021350834596489974,True,12,12,13,0.7564708251428618,False,0.30920082402331267,M4l,0.4315413608011918,k6l,False,False,0,,1.0
aff13_wu100k_m256_seed1,13,y,89,224.07914325876493,True,12,12,13,0.9999980832517072,True,0.9999884036796338,M6l,0.3286848397903138,k1r,True,False,12,"1,2,3,4,5,6,7,8,9,10,11,12",1.0
aff13_wu100k_m256_seed1,13,y,90,113.08676363668734,True,12,12,13,0.9999983244899086,True,0.999992792937659,M6l,0.32870714654848426,k1r,True,False,12,"1,2,3,4,5,6,7,8,9,10,11,12",1.0
aff13_wu100k_m256_seed1,13,y,91,105.44890906389327,True,12,12,13,0.9999958596574763,True,0.9999879679231948,M9l,0.3283849663467312,k1r,True,False,12,"1,2,3,4,5,6,7,8,9,10,11,12",1.0
aff13_wu100k_m256_seed1,13,y,92,0.0004232389420161923,True,12,12,13,0.9159981830129075,True,0.2884424741439678,M6l,0.3891505632161557,k3l,False,False,12,"1,2,3,4,5,6,7,8,9,10,11,12",1.0
aff13_wu100k_m256_seed1,13,y,93,238.51749445402208,True,12,12,13,0.9999994432520319,True,0.9999957207905412,M9l,0.3283785568803655,k1r,True,False,12,"1,2,3,4,5,6,7,8,9,10,11,12",1.0
aff13_wu100k_m256_seed1,13,y,94,101.01956707825232,True,12,12,13,0.9999992288790602,True,0.9999871641736102,M0l,0.328565099825388,k1r,True,False,12,"1,2,3,4,5,6,7,8,9,10,11,12",1.0
aff13_wu100k_m256_seed1,13,y,95,0.0012632066175907893,True,12,12,13,0.9506265237105711,True,0.23936017993952213,M8r,0.42544405217279835,k2l,False,False,12,"1,2,3,4,5,6,7,8,9,10,11,12",1.0
aff13_wu100k_m256_seed1,13,y,96,236.10093030475343,True,12,12,13,0.9999996670669341,True,0.999994901793717,M5l,0.3285691234807001,k1r,True,False,12,"1,2,3,4,5,6,7,8,9,10,11,12",1.0
aff13_wu100k_m256_seed1,13,y,97,256.2580681028277,True,12,12,13,0.9999989227072871,True,0.9999918639696181,M6l,0.3286917247668787,k1r,True,False,12,"1,2,3,4,5,6,7,8,9,10,11,12",1.0
aff13_wu100k_m256_seed1,13,y,98,219.07767772326667,True,12,12,13,0.9999998173083907,True,0.9999943799779063,M5l,0.3285748272085074,k1r,True,False,12,"1,2,3,4,5,6,7,8,9,10,11,12",1.0
aff13_wu100k_m256_seed1,13,y,99,108.11357693191371,True,12,12,13,0.9999983895807395,True,0.9999905892770401,M2l,0.32870646768681816,k1r,True,False,12,"1,2,3,4,5,6,7,8,9,10,11,12",1.0
aff13_wu100k_m256_seed1,13,y,100,121.94622590105129,True,12,12,13,0.9999986158300739,True,0.9999886680796789,M1l,0.32844711095005186,k1r,True,False,12,"1,2,3,4,5,6,7,8,9,10,11,12",1.0
aff13_wu100k_m256_seed1,13,y,101,114.35220626570316,True,12,12,13,0.9999985239933371,True,0.999988478612513,M5l,0.3285630736890826,k1r,True,False,12,"1,2,3,4,5,6,7,8,9,10,11,12",1.0
aff13_wu100k_m256_seed1,13,y,102,104.24695373828926,True,12,12,13,0.9999991223893347,True,0.9999919196994844,M5l,0.328561114701296,k1r,True,False,12,"1,2,3,4,5,6,7,8,9,10,11,12",1.0
aff13_wu100k_m256_seed1,13,y,103,0.0006801796107836341,True,12,12,13,0.868121864951166,False,0.31616530224389544,M2l,0.2949883899945458,k5l,False,False,0,,1.0
aff13_wu100k_m256_seed1,13,y,104,228.64884928559832,True,12,12,13,0.9999991390559259,True,0.9999952305058477,M7l,0.3285998912354944,k1r,True,False,12,"1,2,3,4,5,6,7,8,9,10,11,12",1.0
aff13_wu100k_m256_seed1,13,y,105,105.22087433481076,True,12,12,13,0.9999993038119271,True,0.9999961082020199,M7l,0.32860998126995544,k1r,True,False,12,"1,2,3,4,5,6,7,8,9,10,11,12",1.0
aff13_wu100k_m256_seed1,13,y,106,208.80133504262102,True,12,12,13,0.9999989619734289,True,0.9999922512910929,M8l,0.3284052617483344,k1r,True,False,12,"1,2,3,4,5,6,7,8,9,10,11,12",1.0
aff13_wu100k_m256_seed1,13,y,107,116.7517383584689,True,12,12,13,0.999999567446881,True,0.999993015793316,M5l,0.32857572621753256,k1r,True,False,12,"1,2,3,4,5,6,7,8,9,10,11,12",1.0
aff13_wu100k_m256_seed1,13,y,108,250.30299666820966,True,12,12,13,0.9999996352138084,True,0.9999933487981312,M8l,0.3283980791416957,k1r,True,False,12,"1,2,3,4,5,6,7,8,9,10,11,12",1.0
aff13_wu100k_m256_seed1,13,y,109,247.00742396114063,True,12,12,13,0.9999995422815595,True,0.999993035481453,M0l,0.3285653355168679,k1r,True,False,12,"1,2,3,4,5,6,7,8,9,10,11,12",1.0
aff13_wu100k_m256_seed1,13,y,110,113.45760567565152,True,12,12,13,0.9999987030295939,True,0.9999926783545758,M5l,0.32856216635422675,k1r,True,False,12,"1,2,3,4,5,6,7,8,9,10,11,12",1.0
aff13_wu100k_m256_seed1,13,y,111,223.5811442536006,True,12,12,13,0.9999996196718657,True,0.9999951049055005,M1l,0.3284416031837554,k1r,True,False,12,"1,2,3,4,5,6,7,8,9,10,11,12",1.0
aff13_wu100k_m256_seed1,13,y,112,220.75369943804873,True,12,12,13,0.9999992547390464,True,0.9999946698013071,M7l,0.3286084836232169,k1r,True,False,12,"1,2,3,4,5,6,7,8,9,10,11,12",1.0
aff13_wu100k_m256_seed1,13,y,113,109.54122015826476,True,12,12,13,0.9999994031263,True,0.9999931264993018,M0l,0.32857057439029075,k1r,True,False,12,"1,2,3,4,5,6,7,8,9,10,11,12",1.0
aff13_wu100k_m256_seed1,13,y,114,222.12403185529004,True,12,12,13,0.9999996073020135,True,0.9999946361667434,M9l,0.3283860709542584,k1r,True,False,12,"1,2,3,4,5,6,7,8,9,10,11,12",1.0
aff13_wu100k_m256_seed1,13,y,115,0.00027304252880779446,True,12,12,13,0.8835378020179058,False,0.22264637086391995,M8r,0.3700695677560326,k1l,False,False,0,,1.0
aff13_wu100k_m256_seed1,13,y,116,0.0003407732238594881,True,12,12,13,0.7997594574179745,False,0.20834126054404234,M1l,0.2633121632062995,k1r,False,False,0,,1.0
aff13_wu100k_m256_seed1,13,y,117,0.00046052537819832334,True,12,12,13,0.7500310581896689,False,0.26616421206503466,M7l,0.33692816047595553,k5l,False,False,0,,1.0
aff13_wu100k_m256_seed1,13,y,118,215.49821201072376,True,12,12,13,0.999999665285888,True,0.9999962189416742,M4l,0.3286961068851266,k1r,True,False,12,"1,2,3,4,5,6,7,8,9,10,11,12",1.0
aff13_wu100k_m256_seed1,13,y,119,0.00024346041765057423,True,12,12,13,0.9068385657556216,True,0.22882557289630345,M8r,0.36865695838518964,k3l,False,False,12,"1,2,3,4,5,6,7,8,9,10,11,12",1.0
aff13_wu100k_m256_seed1,13,y,120,229.00023199351594,True,12,12,13,0.9999993250973762,True,0.999995630855047,M12l,0.328533772753338,k1r,True,False,12,"1,2,3,4,5,6,7,8,9,10,11,12",1.0
aff13_wu100k_m256_seed1,13,y,121,223.80260048236673,True,12,12,13,0.9999987378983999,True,0.9999921714163246,M6l,0.3286980268961798,k1r,True,False,12,"1,2,3,4,5,6,7,8,9,10,11,12",1.0
aff13_wu100k_m256_seed1,13,y,122,0.0003363600994290976,True,12,12,13,0.9095641904281125,True,0.3983757315442022,M7l,0.4736993579796987,k1l,False,False,12,"1,2,3,4,5,6,7,8,9,10,11,12",1.0
aff13_wu100k_m256_seed1,13,y,123,226.2691114462511,True,12,12,13,0.9999994578178759,True,0.9999916667420788,M0l,0.32856242198503877,k1r,True,False,12,"1,2,3,4,5,6,7,8,9,10,11,12",1.0
aff13_wu100k_m256_seed1,13,y,124,252.52544227624816,True,12,12,13,0.9999998001878773,True,0.9999946361322024,M9l,0.3283935119510997,k1r,True,False,12,"1,2,3,4,5,6,7,8,9,10,11,12",1.0
aff13_wu100k_m256_seed1,13,y,125,227.69716604824282,True,12,12,13,0.9999987947286682,True,0.9999942786340913,M1l,0.3284592142686852,k1r,True,False,12,"1,2,3,4,5,6,7,8,9,10,11,12",1.0
aff13_wu100k_m256_seed1,13,y,126,123.76604337107644,True,12,12,13,0.9999985621036854,True,0.9999901500208432,M1l,0.32845380792045653,k1r,True,False,12,"1,2,3,4,5,6,7,8,9,10,11,12",1.0
aff13_wu100k_m256_seed1,13,y,127,99.60792907469514,True,12,12,13,0.9999961878811129,True,0.9999869414847125,M1l,0.32844741995684484,k1r,True,False,12,"1,2,3,4,5,6,7,8,9,10,11,12",1.0
aff13_wu100k_m256_seed1,13,y,128,0.0003839845250913563,True,12,12,13,0.8784512604673138,False,0.32527275486673596,M6l,0.4215332633723903,k2l,False,False,0,,1.0
aff13_wu100k_m256_seed1,13,y,129,98.565920846224,True,12,12,13,0.9999979177815749,True,0.9999872235894115,M9l,0.3283622730823322,k1r,True,False,12,"1,2,3,4,5,6,7,8,9,10,11,12",1.0
aff13_wu100k_m256_seed1,13,y,130,98.56097932048341,True,12,12,13,0.9999995358849638,True,0.9999898519002334,M8l,0.32840411569591327,k1r,True,False,12,"1,2,3,4,5,6,7,8,9,10,11,12",1.0
aff13_wu100k_m256_seed1,13,y,131,224.4831906976704,True,12,12,13,0.9999998720510385,True,0.999994748265324,M4l,0.3287137448350622,k1r,True,False,12,"1,2,3,4,5,6,7,8,9,10,11,12",1.0
aff13_wu100k_m256_seed1,13,y,132,105.32222891123159,True,12,12,13,0.9999993786194901,True,0.9999864057552249,M10l,0.3285814663625298,k1r,True,False,12,"1,2,3,4,5,6,7,8,9,10,11,12",1.0
aff13_wu100k_m256_seed1,13,y,133,90.00416215126823,True,12,12,13,0.9999997331969297,True,0.9999928481746413,M2l,0.32870302458439266,k1r,True,False,12,"1,2,3,4,5,6,7,8,9,10,11,12",1.0
aff13_wu100k_m256_seed1,13,y,134,440.39096233457883,True,7,1,0,0.4999965755501899,False,1.161895871568049e-06,M7l,2.152166624301146e-06,k5l,False,False,0,,1.0
aff13_wu100k_m256_seed1,13,y,135,0.00016699526486341912,True,12,12,13,0.811010438677303,False,0.2047315695178861,M8r,0.3113571188447373,k3l,False,False,0,,1.0
aff13_wu100k_m256_seed1,13,y,136,227.56322967759937,True,12,12,13,0.9999998544111123,True,0.9999942745941476,M2l,0.3287059552140374,k1r,True,False,12,"1,2,3,4,5,6,7,8,9,10,11,12",1.0
aff13_wu100k_m256_seed1,13,y,137,217.1775170042618,True,12,12,13,0.9999986418808381,True,0.9999924425637627,M2l,0.32871655547579426,k1r,True,False,12,"1,2,3,4,5,6,7,8,9,10,11,12",1.0
aff13_wu100k_m256_seed1,13,y,138,220.3375493206842,True,12,12,13,0.9999990312426841,True,0.9999922965465575,M7l,0.3285984283758524,k1r,True,False,12,"1,2,3,4,5,6,7,8,9,10,11,12",1.0
aff13_wu100k_m256_seed1,13,y,139,222.5629729123285,True,12,12,13,0.9999992755860674,True,0.999991354718318,M0l,0.3285522698001318,k1r,True,False,12,"1,2,3,4,5,6,7,8,9,10,11,12",1.0
aff13_wu100k_m256_seed1,13,y,140,0.0007969935785768536,True,12,12,13,0.9077692149950922,True,0.29535475460413047,M2l,0.40321217400047626,k2l,False,False,12,"1,2,3,4,5,6,7,8,9,10,11,12",1.0
aff13_wu100k_m256_seed1,13,y,141,0.0005337383427065923,True,12,12,13,0.8358329484598765,False,0.30411329601979237,M6l,0.5916456130702008,k1l,False,False,0,,1.0
aff13_wu100k_m256_seed1,13,y,142,97.49619637352473,True,12,12,13,0.9999989070627783,True,0.9999887574363107,M8l,0.3284132544604532,k1r,True,False,12,"1,2,3,4,5,6,7,8,9,10,11,12",1.0
aff13_wu100k_m256_seed1,13,y,143,0.00021427000760961934,True,12,12,13,0.8195899771223016,False,0.2697578478078175,M12l,0.4865532436406517,k3l,False,False,0,,1.0
aff13_wu100k_m256_seed1,13,y,144,223.3149615074696,True,12,12,13,0.9999995342819624,True,0.9999928274495845,M10l,0.3285841900269972,k1r,True,False,12,"1,2,3,4,5,6,7,8,9,10,11,12",1.0
aff13_wu100k_m256_seed1,13,y,145,233.9911342066305,True,12,12,13,0.9999994655183748,True,0.999996061927883,M7l,0.3286140324842156,k1r,True,False,12,"1,2,3,4,5,6,7,8,9,10,11,12",1.0
aff13_wu100k_m256_seed1,13,y,146,235.24256406845905,True,12,12,13,0.9999991908656052,True,0.999993978547345,M8l,0.3284008876257456,k1r,True,False,12,"1,2,3,4,5,6,7,8,9,10,11,12",1.0
aff13_wu100k_m256_seed1,13,y,147,0.0003345720836517306,True,12,12,13,0.980867384519249,True,0.30153014746540235,M12l,0.4527832100402427,k2l,False,False,12,"1,2,3,4,5,6,7,8,9,10,11,12",1.0
aff13_wu100k_m256_seed1,13,y,148,210.5406028797974,True,12,12,13,0.9999994546251249,True,0.9999925768443715,M0l,0.32855289134454974,k1r,True,False,12,"1,2,3,4,5,6,7,8,9,10,11,12",1.0
aff13_wu100k_m256_seed1,13,y,149,108.4640863730543,True,12,12,13,0.9999988376153117,True,0.9999920584918363,M10l,0.32857644197981883,k1r,True,False,12,"1,2,3,4,5,6,7,8,9,10,11,12",1.0
aff13_wu100k_m256_seed1,13,y,150,251.5002798457907,True,12,12,13,0.9999992822592766,True,0.9999903306149192,M6l,0.32871742126427844,k1r,True,False,12,"1,2,3,4,5,6,7,8,9,10,11,12",1.0
aff13_wu100k_m256_seed1,13,y,151,255.5276292771946,True,12,12,13,0.9999992530341995,True,0.9999951549165882,M10l,0.3285810622489896,k1r,True,False,12,"1,2,3,4,5,6,7,8,9,10,11,12",1.0
aff13_wu100k_m256_seed1,13,y,152,118.82263273897165,True,12,12,13,0.9999994792069292,True,0.9999957702692756,M1l,0.32844784121507153,k1r,True,False,12,"1,2,3,4,5,6,7,8,9,10,11,12",1.0
aff13_wu100k_m256_seed1,13,y,153,101.4034327108966,True,12,12,13,0.9999992257035625,True,0.9999953384190026,M9l,0.3283701671835176,k1r,True,False,12,"1,2,3,4,5,6,7,8,9,10,11,12",1.0
aff13_wu100k_m256_seed1,13,y,154,229.24766532878783,True,12,12,13,0.999999080864011,True,0.9999910542609156,M0l,0.3285589998988955,k1r,True,False,12,"1,2,3,4,5,6,7,8,9,10,11,12",1.0
aff13_wu100k_m256_seed1,13,y,155,0.0004972381472829438,True,12,12,13,0.9447165914330338,True,0.38837874459301824,M9l,0.3104158918915504,k1r,False,False,12,"1,2,3,4,5,6,7,8,9,10,11,12",1.0
aff13_wu100k_m256_seed1,13,y,156,116.45577759866478,True,12,12,13,0.9999987111574365,True,0.9999941813220284,M4l,0.3287135304445076,k1r,True,False,12,"1,2,3,4,5,6,7,8,9,10,11,12",1.0
aff13_wu100k_m256_seed1,13,y,157,109.1356124013187,True,12,12,13,0.9999972201171191,True,0.9999897597517676,M6l,0.328708413800226,k1r,True,False,12,"1,2,3,4,5,6,7,8,9,10,11,12",1.0
aff13_wu100k_m256_seed1,13,y,158,109.51721798072514,True,12,12,13,0.9999966523002212,True,0.9999919097255864,M5l,0.3285753611601567,k1r,True,False,12,"1,2,3,4,5,6,7,8,9,10,11,12",1.0
aff13_wu100k_m256_seed1,13,y,159,262.18329481218433,True,12,12,13,0.9999993718767264,True,0.9999921357357794,M0l,0.32854445207855915,k1r,True,False,12,"1,2,3,4,5,6,7,8,9,10,11,12",1.0
aff13_wu100k_m256_seed1,13,y,160,222.5100060341423,True,12,12,13,0.9999995644144168,True,0.9999951951650349,M1l,0.32845116198259156,k1r,True,False,12,"1,2,3,4,5,6,7,8,9,10,11,12",1.0
aff13_wu100k_m256_seed1,13,y,161,231.9486973347304,True,12,12,13,0.999999188187189,True,0.9999944889911278,M1l,0.328447114896472,k1r,True,False,12,"1,2,3,4,5,6,7,8,9,10,11,12",1.0
aff13_wu100k_m256_seed1,13,y,162,126.25754240534246,True,12,12,13,0.9999988990354195,True,0.9999901142320433,M1l,0.3284570106681223,k1r,True,False,12,"1,2,3,4,5,6,7,8,9,10,11,12",1.0
aff13_wu100k_m256_seed1,13,y,163,426.5753806424754,True,5,1,0,0.4690454714479019,False,1.2667988829640167e-06,M6r,1.431139687148262e-06,k2r,False,False,0,,1.0
aff13_wu100k_m256_seed1,13,y,164,227.06467831661996,True,12,12,13,0.9999998373078504,True,0.9999939663316655,M2l,0.3287054737945766,k1r,True,False,12,"1,2,3,4,5,6,7,8,9,10,11,12",1.0
aff13_wu100k_m256_seed1,13,y,165,118.01877724480002,True,12,12,13,0.9999992267199997,True,0.9999936881284776,M7l,0.3286131195038107,k1r,True,False,12,"1,2,3,4,5,6,7,8,9,10,11,12",1.0
aff13_wu100k_m256_seed1,13,y,166,103.76256667829804,True,12,12,13,0.999998821346657,True,0.9999882357079856,M10l,0.32856316828826815,k1r,True,False,12,"1,2,3,4,5,6,7,8,9,10,11,12",1.0
aff13_wu100k_m256_seed1,13,y,167,258.86951825905203,True,12,12,13,0.9999994048203849,True,0.9999945264004678,M12l,0.3285409525994308,k1r,True,False,12,"1,2,3,4,5,6,7,8,9,10,11,12",1.0
aff13_wu100k_m256_seed1,13,y,168,122.69709151881628,True,12,12,13,0.999999188038507,True,0.9999926914886785,M5l,0.32857501521650545,k1r,True,False,12,"1,2,3,4,5,6,7,8,9,10,11,12",1.0
aff13_wu100k_m256_seed1,13,y,169,220.75490736849375,True,12,12,13,0.9999985238397723,True,0.9999938379327569,M8l,0.32840098724337796,k1r,True,False,12,"1,2,3,4,5,6,7,8,9,10,11,12",1.0
aff13_wu100k_m256_seed1,13,y,170,231.8033018871076,True,12,12,13,0.999999191866052,True,0.9999957532984937,M12l,0.32854517564276986,k1r,True,False,12,"1,2,3,4,5,6,7,8,9,10,11,12",1.0
aff13_wu100k_m256_seed1,13,y,171,120.77640107608232,True,12,12,13,0.9999994346788018,True,0.9999890661939298,M7l,0.3286100281623483,k1r,True,False,12,"1,2,3,4,5,6,7,8,9,10,11,12",1.0
aff13_wu100k_m256_seed1,13,y,172,125.38600336580619,True,12,12,13,0.999999180958025,True,0.9999945190262833,M7l,0.32861247109731323,k1r,True,False,12,"1,2,3,4,5,6,7,8,9,10,11,12",1.0
aff13_wu100k_m256_seed1,13,y,173,108.32479786009439,True,12,12,13,0.9999994617922042,True,0.999995229681012,M4l,0.3287047479304976,k1r,True,False,12,"1,2,3,4,5,6,7,8,9,10,11,12",1.0
aff13_wu100k_m256_seed1,13,y,174,253.54400839525013,True,12,12,13,0.9999991848491687,True,0.9999955429569695,M12l,0.32855398025263316,k1r,True,False,12,"1,2,3,4,5,6,7,8,9,10,11,12",1.0
aff13_wu100k_m256_seed1,13,y,175,221.5947032454572,True,12,12,13,0.9999996269870995,True,0.9999952891188744,M1l,0.3284510106310642,k1r,True,False,12,"1,2,3,4,5,6,7,8,9,10,11,12",1.0
aff13_wu100k_m256_seed1,13,y,176,124.95677244294014,True,12,12,13,0.9999986348919921,True,0.999991291274389,M5l,0.3285548870979509,k1r,True,False,12,"1,2,3,4,5,6,7,8,9,10,11,12",1.0
aff13_wu100k_m256_seed1,13,y,177,210.79798089861953,True,12,12,13,0.9999990878434123,True,0.9999954153372423,M9l,0.32837436390247726,k1r,True,False,12,"1,2,3,4,5,6,7,8,9,10,11,12",1.0
aff13_wu100k_m256_seed1,13,y,178,102.33199090522903,True,12,12,13,0.9999986860638532,True,0.9999921201187467,M12l,0.3285480468104458,k1r,True,False,12,"1,2,3,4,5,6,7,8,9,10,11,12",1.0
aff13_wu100k_m256_seed1,13,y,179,129.97901756848023,True,11,1,0,0.9999777739607246,True,2.0119456774413975e-06,M6r,4.329792084737373e-06,k1r,False,False,0,,1.0
aff13_wu100k_m256_seed1,13,y,180,220.06054715663475,True,12,12,13,0.9999994401347332,True,0.999994562141772,M2l,0.32871341421927164,k1r,True,False,12,"1,2,3,4,5,6,7,8,9,10,11,12",1.0
aff13_wu100k_m256_seed1,13,y,181,227.65276000493407,True,12,12,13,0.9999987318961154,True,0.9999928465260842,M9l,0.32835884323245795,k1r,True,False,12,"1,2,3,4,5,6,7,8,9,10,11,12",1.0
aff13_wu100k_m256_seed1,13,y,182,111.71183208027942,True,12,12,13,0.9999994530403481,True,0.9999905371571662,M0l,0.32855284011065683,k1r,True,False,12,"1,2,3,4,5,6,7,8,9,10,11,12",1.0
aff13_wu100k_m256_seed1,13,y,183,266.8480572133462,True,12,12,13,0.9999993846658779,True,0.9999942410054614,M7l,0.3286063523772286,k1r,True,False,12,"1,2,3,4,5,6,7,8,9,10,11,12",1.0
aff13_wu100k_m256_seed1,13,y,184,267.5496360653475,True,12,12,13,0.9999995746154432,True,0.9999935798755438,M5l,0.3285604152472309,k1r,True,False,12,"1,2,3,4,5,6,7,8,9,10,11,12",1.0
aff13_wu100k_m256_seed1,13,y,185,0.0006675526497863498,True,12,12,13,0.9044122265011123,True,0.24876250218547005,M6l,0.4433658010985599,k1l,False,False,12,"1,2,3,4,5,6,7,8,9,10,11,12",1.0
aff13_wu100k_m256_seed1,13,y,186,228.12911026053774,True,12,12,13,0.9999988892935803,True,0.9999926775732761,M5l,0.3285556076487425,k1r,True,False,12,"1,2,3,4,5,6,7,8,9,10,11,12",1.0
aff13_wu100k_m256_seed1,13,y,187,215.8836786256232,True,12,12,13,0.9999987464930866,True,0.9999924869561854,M4l,0.3287245836543048,k1r,True,False,12,"1,2,3,4,5,6,7,8,9,10,11,12",1.0
aff13_wu100k_m256_seed1,13,y,188,225.81525070129598,True,12,12,13,0.9999993387381977,True,0.9999955942251632,M1l,0.32844559853505406,k1r,True,False,12,"1,2,3,4,5,6,7,8,9,10,11,12",1.0
aff13_wu100k_m256_seed1,13,y,189,124.07120248338296,True,12,12,13,0.9999994449967126,True,0.9999942222226484,M1l,0.3284550007033426,k1r,True,False,12,"1,2,3,4,5,6,7,8,9,10,11,12",1.0
aff13_wu100k_m256_seed1,13,y,190,214.89467617753715,True,12,12,13,0.9999994007027647,True,0.9999934591861165,M0l,0.32854945560479104,k1r,True,False,12,"1,2,3,4,5,6,7,8,9,10,11,12",1.0
aff13_wu100k_m256_seed1,13,y,191,223.79705604613534,True,12,12,13,0.9999982874418819,True,0.9999936296019244,M5l,0.3285597660805222,k1r,True,False,12,"1,2,3,4,5,6,7,8,9,10,11,12",1.0
aff13_wu100k_m256_seed1,13,y,192,104.62806400951517,True,12,12,13,0.999998366045412,True,0.9999910241976019,M2l,0.32870967970098225,k1r,True,False,12,"1,2,3,4,5,6,7,8,9,10,11,12",1.0
aff13_wu100k_m256_seed1,13,y,193,422.85561369849216,True,5,1,0,0.4732532265199229,False,4.405511166097983e-06,M0r,9.182150853213118e-06,k5l,False,False,0,,1.0
aff13_wu100k_m256_seed1,13,y,194,224.57306705626604,True,12,12,13,0.999999412832197,True,0.9999939341929482,M4l,0.32870250369384213,k1r,True,False,12,"1,2,3,4,5,6,7,8,9,10,11,12",1.0
aff13_wu100k_m256_seed1,13,y,195,0.0001718243249984794,True,12,12,13,0.8472475932275405,False,0.21311128377316124,M8r,0.30097083465263874,k5l,False,False,0,,1.0
aff13_wu100k_m256_seed1,13,y,196,112.81502925389121,True,12,12,13,0.9999965264878682,True,0.9999888581814443,M5l,0.32854929997111526,k1r,True,False,12,"1,2,3,4,5,6,7,8,9,10,11,12",1.0
aff13_wu100k_m256_seed1,13,y,197,103.54660421299643,True,12,12,13,0.9999992528485901,True,0.999995767765923,M5l,0.3285690310880553,k1r,True,False,12,"1,2,3,4,5,6,7,8,9,10,11,12",1.0
aff13_wu100k_m256_seed1,13,y,198,253.0558897813824,True,12,12,13,0.9999992888129616,True,0.9999900061942962,M8l,0.3284009649537957,k1r,True,False,12,"1,2,3,4,5,6,7,8,9,10,11,12",1.0
aff13_wu100k_m256_seed1,13,y,199,226.4348079711961,True,12,12,13,0.9999986499316404,True,0.9999925705090823,M6l,0.3287050772378457,k1r,True,False,12,"1,2,3,4,5,6,7,8,9,10,11,12",1.0
aff13_wu100k_m256_seed1,13,y,200,116.94477401888342,True,12,12,13,0.9999990148333642,True,0.999993801210065,M4l,0.3287118232839024,k1r,True,False,12,"1,2,3,4,5,6,7,8,9,10,11,12",1.0
aff13_wu100k_m256_seed1,13,y,201,123.70231029285986,True,12,12,13,0.9999984233132381,True,0.9999920929237175,M7l,0.3285964249032518,k1r,True,False,12,"1,2,3,4,5,6,7,8,9,10,11,12",1.0
aff13_wu100k_m256_seed1,13,y,202,420.9770204161369,True,5,1,0,0.4746381484590948,False,1.0906144984781743e-06,M8r,1.5193918054787968e-06,k5l,False,False,0,,1.0
aff13_wu100k_m256_seed1,13,y,203,0.00020927309235321603,True,12,12,13,0.9061030634019562,True,0.31199032959290374,M6l,0.3445624733718188,k5l,False,False,12,"1,2,3,4,5,6,7,8,9,10,11,12",1.0
aff13_wu100k_m256_seed1,13,y,204,218.82778204683615,True,12,12,13,0.9999995255197782,True,0.9999937593913019,M10l,0.3285796298055217,k1r,True,False,12,"1,2,3,4,5,6,7,8,9,10,11,12",1.0
aff13_wu100k_m256_seed1,13,y,205,253.01144188450198,True,12,12,13,0.9999995012423119,True,0.9999940204632554,M10l,0.3285905173393587,k1r,True,False,12,"1,2,3,4,5,6,7,8,9,10,11,12",1.0
aff13_wu100k_m256_seed1,13,y,206,117.2551969470451,True,12,12,13,0.9999987817482032,True,0.9999906789023019,M4l,0.32869829895918146,k1r,True,False,12,"1,2,3,4,5,6,7,8,9,10,11,12",1.0
aff13_wu100k_m256_seed1,13,y,207,242.2357335663828,True,12,12,13,0.9999992301726982,True,0.9999936910373365,M8l,0.3283864645948382,k1r,True,False,12,"1,2,3,4,5,6,7,8,9,10,11,12",1.0
aff13_wu100k_m256_seed1,13,y,208,108.7754652767775,True,12,12,13,0.9999993753525528,True,0.9999923745551529,M1l,0.3284609878022281,k1r,True,False,12,"1,2,3,4,5,6,7,8,9,10,11,12",1.0
aff13_wu100k_m256_seed1,13,y,209,116.92991263299652,True,12,12,13,0.9999971157592852,True,0.9999864278454491,M4l,0.3287335396643276,k1r,True,False,12,"1,2,3,4,5,6,7,8,9,10,11,12",1.0
aff13_wu100k_m256_seed1,13,y,210,106.67081285329378,True,12,12,13,0.9999994526299728,True,0.999991910462029,M8l,0.328412012032844,k1r,True,False,12,"1,2,3,4,5,6,7,8,9,10,11,12",1.0
aff13_wu100k_m256_seed1,13,y,211,245.2374442126895,True,12,12,13,0.9999994178180427,True,0.9999909979655949,M0l,0.32858053861449155,k1r,True,False,12,"1,2,3,4,5,6,7,8,9,10,11,12",1.0
aff13_wu100k_m256_seed1,13,y,212,109.80731669066262,True,12,12,13,0.9999985388752126,True,0.9999943045857583,M1l,0.32844697778924836,k1r,True,False,12,"1,2,3,4,5,6,7,8,9,10,11,12",1.0
aff13_wu100k_m256_seed1,13,y,213,228.11385939029358,True,12,12,13,0.9999994476127823,True,0.9999948819453486,M4l,0.3287120050544617,k1r,True,False,12,"1,2,3,4,5,6,7,8,9,10,11,12",1.0
aff13_wu100k_m256_seed1,13,y,214,271.8157977114696,True,12,12,13,0.9999998234614911,True,0.9999943264813138,M2l,0.328702641325435,k1r,True,False,12,"1,2,3,4,5,6,7,8,9,10,11,12",1.0
aff13_wu100k_m256_seed1,13,y,215,227.55786308739232,True,12,12,13,0.9999992489825787,True,0.9999946106612024,M1l,0.32845493001261683,k1r,True,False,12,"1,2,3,4,5,6,7,8,9,10,11,12",1.0
aff13_wu100k_m256_seed1,13,y,216,0.00030661402454870565,True,12,12,13,0.9248288424405063,True,0.33816663167452293,M6l,0.4742162526386727,k3l,False,False,12,"1,2,3,4,5,6,7,8,9,10,11,12",1.0
aff13_wu100k_m256_seed1,13,y,217,223.64096259173613,True,12,12,13,0.999999803629968,True,0.9999954603719104,M5l,0.328563812063242,k1r,True,False,12,"1,2,3,4,5,6,7,8,9,10,11,12",1.0
aff13_wu100k_m256_seed1,13,y,218,227.248752945538,True,12,12,13,0.9999992113841374,True,0.9999921232423662,M12l,0.3285597822285192,k1r,True,False,12,"1,2,3,4,5,6,7,8,9,10,11,12",1.0
aff13_wu100k_m256_seed1,13,y,219,442.6378502218291,True,7,1,0,0.4999963796808827,False,1.375521042134005e-06,M7l,2.6127718655504436e-06,k5l,False,False,0,,1.0
aff13_wu100k_m256_seed1,13,y,220,220.9286322138457,True,12,12,13,0.999998537187472,True,0.9999886891936323,M6l,0.3287039121310438,k1r,True,False,12,"1,2,3,4,5,6,7,8,9,10,11,12",1.0
aff13_wu100k_m256_seed1,13,y,221,252.23472266937188,True,12,12,13,0.9999991172382531,True,0.9999926941041065,M0l,0.3285584418112557,k1r,True,False,12,"1,2,3,4,5,6,7,8,9,10,11,12",1.0
aff13_wu100k_m256_seed1,13,y,222,218.40377871463878,True,12,12,13,0.9999996270265142,True,0.9999943699156416,M10l,0.3285772963719954,k1r,True,False,12,"1,2,3,4,5,6,7,8,9,10,11,12",1.0
aff13_wu100k_m256_seed1,13,y,223,92.15653596142006,True,12,12,13,0.9999980237457902,True,0.9999896117401733,M6l,0.3286929487743666,k1r,True,False,12,"1,2,3,4,5,6,7,8,9,10,11,12",1.0
aff13_wu100k_m256_seed1,13,y,224,231.0180998112044,True,12,12,13,0.9999989933697493,True,0.9999923164986299,M8l,0.3283981209519935,k1r,True,False,12,"1,2,3,4,5,6,7,8,9,10,11,12",1.0
aff13_wu100k_m256_seed1,13,y,225,246.60386516721613,True,12,12,13,0.9999991752183662,True,0.999992334161105,M10l,0.3285906095534808,k1r,True,False,12,"1,2,3,4,5,6,7,8,9,10,11,12",1.0
aff13_wu100k_m256_seed1,13,y,226,0.00025555541352790634,True,12,12,13,0.9372170978621456,True,0.2469324720035359,M6l,0.30813621998564716,k1r,False,False,12,"1,2,3,4,5,6,7,8,9,10,11,12",1.0
aff13_wu100k_m256_seed1,13,y,227,214.12066716387878,True,12,12,13,0.9999989635508555,True,0.999992156308109,M10l,0.3285906787092258,k1r,True,False,12,"1,2,3,4,5,6,7,8,9,10,11,12",1.0
aff13_wu100k_m256_seed1,13,y,228,0.00022500260867135483,True,12,12,13,0.7358774113084873,False,0.4426756197362931,M2l,0.38543463622896224,k5l,False,False,0,,1.0
aff13_wu100k_m256_seed1,13,y,229,123.69258605667825,True,12,12,13,0.9999995929337864,True,0.9999938538553621,M5l,0.3285608604977249,k1r,True,False,12,"1,2,3,4,5,6,7,8,9,10,11,12",1.0
aff13_wu100k_m256_seed1,13,y,230,120.96416237737195,True,12,12,13,0.9999990447741381,True,0.9999935921394798,M7l,0.32861257262850097,k1r,True,False,12,"1,2,3,4,5,6,7,8,9,10,11,12",1.0
aff13_wu100k_m256_seed1,13,y,231,119.9654498183264,True,12,12,13,0.9999993913406013,True,0.999993256697724,M4l,0.32872348908361076,k1r,True,False,12,"1,2,3,4,5,6,7,8,9,10,11,12",1.0
aff13_wu100k_m256_seed1,13,y,232,253.1598543384488,True,12,12,13,0.9999993941631945,True,0.9999935626525608,M10l,0.3285874515326705,k1r,True,False,12,"1,2,3,4,5,6,7,8,9,10,11,12",1.0
aff13_wu100k_m256_seed1,13,y,233,1.3382540341057856,True,12,12,13,0.9983387394296735,True,0.3189607840519834,M12l,0.4049408323044829,k5l,False,False,12,"1,2,3,4,5,6,7,8,9,10,11,12",1.0
aff13_wu100k_m256_seed1,13,y,234,0.0007347041661826232,True,12,12,13,0.9735364085834894,True,0.3327412389403289,M5l,0.5619376959077802,k3l,False,False,12,"1,2,3,4,5,6,7,8,9,10,11,12",1.0
aff13_wu100k_m256_seed1,13,y,235,0.00043234459561317616,True,12,12,13,0.9336388582366906,True,0.2816605971916069,M7l,0.3655580110742366,k3l,False,False,12,"1,2,3,4,5,6,7,8,9,10,11,12",1.0
aff13_wu100k_m256_seed1,13,y,236,227.08590095510021,True,12,12,13,0.9999990515581993,True,0.9999939825613102,M12l,0.328549414215342,k1r,True,False,12,"1,2,3,4,5,6,7,8,9,10,11,12",1.0
aff13_wu100k_m256_seed1,13,y,237,255.6989145148725,True,12,12,13,0.9999994381260434,True,0.9999958290005307,M12l,0.32855775339988463,k1r,True,False,12,"1,2,3,4,5,6,7,8,9,10,11,12",1.0
aff13_wu100k_m256_seed1,13,y,238,99.59426665930195,True,12,12,13,0.9999995079560797,True,0.9999923363494784,M10l,0.32858945000248896,k1r,True,False,12,"1,2,3,4,5,6,7,8,9,10,11,12",1.0
aff13_wu100k_m256_seed1,13,y,239,247.55823840985238,True,12,12,13,0.9999995055730556,True,0.9999937331500797,M8l,0.3284037990898209,k1r,True,False,12,"1,2,3,4,5,6,7,8,9,10,11,12",1.0
aff13_wu100k_m256_seed1,13,y,240,247.29930794530472,True,12,12,13,0.9999993601952396,True,0.9999937584766736,M2l,0.32872722762961065,k1r,True,False,12,"1,2,3,4,5,6,7,8,9,10,11,12",1.0
aff13_wu100k_m256_seed1,13,y,241,119.58067790040575,True,12,12,13,0.9999988860791674,True,0.9999935458997853,M1l,0.32845328256657536,k1r,True,False,12,"1,2,3,4,5,6,7,8,9,10,11,12",1.0
aff13_wu100k_m256_seed1,13,y,242,226.3585277562232,True,12,12,13,0.9999987242835109,True,0.9999908400173904,M5l,0.3285735008005596,k1r,True,False,12,"1,2,3,4,5,6,7,8,9,10,11,12",1.0
aff13_wu100k_m256_seed1,13,y,243,0.0005400379490440003,True,12,12,13,0.8439707435876037,False,0.3110129434055345,M0l,0.3748691469734065,k4l,False,False,0,,1.0
aff13_wu100k_m256_seed1,13,y,244,217.53190452889976,True,12,12,13,0.9999996254273082,True,0.9999958993479854,M4l,0.32871057972781936,k1r,True,False,12,"1,2,3,4,5,6,7,8,9,10,11,12",1.0
aff13_wu100k_m256_seed1,13,y,245,213.52207253863617,True,12,12,13,0.9999995869738658,True,0.9999929786113397,M10l,0.3285847038020628,k1r,True,False,12,"1,2,3,4,5,6,7,8,9,10,11,12",1.0
aff13_wu100k_m256_seed1,13,y,246,118.62955337281892,True,12,12,13,0.9999993868209077,True,0.9999829374013425,M8l,0.3284058767328577,k1r,True,False,12,"1,2,3,4,5,6,7,8,9,10,11,12",1.0
aff13_wu100k_m256_seed1,13,y,247,0.00037715120519541854,True,12,12,13,0.9505496192320334,True,0.31160813705010715,M2l,0.656324102918233,k5l,False,False,12,"1,2,3,4,5,6,7,8,9,10,11,12",1.0
aff13_wu100k_m256_seed1,13,y,248,98.68242202055973,True,12,12,13,0.9999987771901687,True,0.9999893699747953,M6l,0.3287076878939028,k1r,True,False,12,"1,2,3,4,5,6,7,8,9,10,11,12",1.0
aff13_wu100k_m256_seed1,13,y,249,0.00033394784782810294,True,12,12,13,0.7979863754514886,False,0.21035004412877564,M7l,0.3364665568050944,k1l,False,False,0,,1.0
aff13_wu100k_m256_seed1,13,y,250,248.26162377125152,True,12,12,13,0.999999590850288,True,0.9999935248675662,M0l,0.32856501447640035,k1r,True,False,12,"1,2,3,4,5,6,7,8,9,10,11,12",1.0
aff13_wu100k_m256_seed1,13,y,251,107.7329200787246,True,12,12,13,0.9999990828198855,True,0.9999944860927614,M10l,0.32859240554573105,k1r,True,False,12,"1,2,3,4,5,6,7,8,9,10,11,12",1.0
aff13_wu100k_m256_seed1,13,y,252,92.2566811718854,True,12,12,13,0.9999996794276718,True,0.999985782594879,M9l,0.32837051827542685,k1r,True,False,12,"1,2,3,4,5,6,7,8,9,10,11,12",1.0
aff13_wu100k_m256_seed1,13,y,253,242.57727691500557,True,12,12,13,0.9999986885577528,True,0.9999930415723735,M9l,0.32837927463630046,k1r,True,False,12,"1,2,3,4,5,6,7,8,9,10,11,12",1.0
aff13_wu100k_m256_seed1,13,y,254,110.93366733182818,True,12,12,13,0.9999988679604808,True,0.9999911793272407,M8l,0.3284066884820319,k1r,True,False,12,"1,2,3,4,5,6,7,8,9,10,11,12",1.0
aff13_wu100k_m256_seed1,13,y,255,219.88987246614903,True,12,12,13,0.9999994396652252,True,0.9999945525086498,M7l,0.3286190333871717,k1r,True,False,12,"1,2,3,4,5,6,7,8,9,10,11,12",1.0
aff13_wu100k_m256_seed2,13,x,0,89.6267058823683,True,12,12,13,0.9999992972261806,True,0.9999929126965152,M12r,0.3426360696839292,k2l,True,False,12,"1,2,3,4,5,6,7,8,9,10,11,12",1.0
aff13_wu100k_m256_seed2,13,x,1,172.00823403076896,True,12,12,13,0.9999987712260237,True,0.9999961554915449,M7r,0.34260899054013627,k2l,True,False,12,"1,2,3,4,5,6,7,8,9,10,11,12",1.0
aff13_wu100k_m256_seed2,13,x,2,169.34874492795134,True,12,12,13,0.999999029350086,True,0.9999950631557657,M2r,0.34269762110348445,k2l,True,False,12,"1,2,3,4,5,6,7,8,9,10,11,12",1.0
aff13_wu100k_m256_seed2,13,x,3,0.000511072280562533,True,12,12,13,0.8049126092826758,False,0.3125857539603366,M0r,0.3558383767817566,k1r,False,False,0,,1.0
aff13_wu100k_m256_seed2,13,x,4,129.56050628595221,True,12,12,13,0.9999993178648583,True,0.9999930915574772,M0r,0.34263748978515063,k2l,True,False,12,"1,2,3,4,5,6,7,8,9,10,11,12",1.0
aff13_wu100k_m256_seed2,13,x,5,175.8497776076773,True,12,12,13,0.9999993404759417,True,0.9999946732905826,M7r,0.3426076664951453,k2l,True,False,12,"1,2,3,4,5,6,7,8,9,10,11,12",1.0
aff13_wu100k_m256_seed2,13,x,6,105.3590664774089,True,12,12,13,0.9999977077046819,True,0.9999925604754057,M7r,0.3426054280366424,k2l,True,False,12,"1,2,3,4,5,6,7,8,9,10,11,12",1.0
aff13_wu100k_m256_seed2,13,x,7,7.587474505163082e-05,True,12,12,13,0.704265867309749,False,0.23055482273980354,M10r,0.24128981931109014,k2l,False,False,0,,1.0
aff13_wu100k_m256_seed2,13,x,8,100.61205842208108,True,1,1,0,0.49976000202628956,False,1.7365573342485119e-06,M10l,2.90569942292683e-06,k1r,False,False,0,,1.0
aff13_wu100k_m256_seed2,13,x,9,133.45686796827874,True,12,12,13,0.999999376078584,True,0.9999952332099221,M4r,0.34241784113253126,k2l,True,False,12,"1,2,3,4,5,6,7,8,9,10,11,12",1.0
aff13_wu100k_m256_seed2,13,x,10,97.54024838915765,True,12,12,13,0.9999966332210187,True,0.9999920102918749,M7r,0.34261291641713054,k2l,True,False,12,"1,2,3,4,5,6,7,8,9,10,11,12",1.0
aff13_wu100k_m256_seed2,13,x,11,125.39327051329376,True,12,12,13,0.9999997706883884,True,0.99999446555283,M4r,0.342419569651136,k2l,True,False,12,"1,2,3,4,5,6,7,8,9,10,11,12",1.0
aff13_wu100k_m256_seed2,13,x,12,120.4963804563147,True,12,12,13,0.9999987506241073,True,0.9999937580114355,M5r,0.34285412949726735,k2l,True,False,12,"1,2,3,4,5,6,7,8,9,10,11,12",1.0
aff13_wu100k_m256_seed2,13,x,13,147.83515722694912,True,12,12,13,0.9999998154970142,True,0.9999964532038592,M5r,0.3428480295589676,k2l,True,False,12,"1,2,3,4,5,6,7,8,9,10,11,12",1.0
aff13_wu100k_m256_seed2,13,x,14,159.16957500286966,True,12,12,13,0.9999996268796087,True,0.999995004031277,M8r,0.3425829412509202,k2l,True,False,12,"1,2,3,4,5,6,7,8,9,10,11,12",1.0
aff13_wu100k_m256_seed2,13,x,15,106.31115378270695,True,12,12,13,0.9999992866447956,True,0.9999944097423621,M7r,0.3426086965259214,k2l,True,False,12,"1,2,3,4,5,6,7,8,9,10,11,12",1.0
aff13_wu100k_m256_seed2,13,x,16,193.65404678795377,True,12,12,13,0.9999989046573605,True,0.9999914801740047,M11r,0.3427075470617783,k2l,True,False,12,"1,2,3,4,5,6,7,8,9,10,11,12",1.0
aff13_wu100k_m256_seed2,13,x,17,122.02449556601874,True,12,12,13,0.999999485852486,True,0.9999957537274418,M7r,0.34260150153193075,k2l,True,False,12,"1,2,3,4,5,6,7,8,9,10,11,12",1.0
aff13_wu100k_m256_seed2,13,x,18,399.6325279984686,True,7,1,0,0.4999969332250311,False,8.39190516290787e-07,M2r,1.0192172490762015e-06,k5r,False,False,0,,1.0
aff13_wu100k_m256_seed2,13,x,19,170.4015485345033,True,12,12,13,0.9999994408196574,True,0.9999947739275622,M9r,0.34282137351739816,k2l,True,False,12,"1,2,3,4,5,6,7,8,9,10,11,12",1.0
aff13_wu100k_m256_seed2,13,x,20,227.07789514622831,True,1,1,0,0.4999872712734034,False,1.740174400084145e-06,M10r,1.9038314123156196e-06,k3r,False,False,0,,1.0
aff13_wu100k_m256_seed2,13,x,21,231.96887464206,True,12,12,13,0.9999991891369755,True,0.9999953460172613,M7r,0.3426005773770149,k2l,True,False,12,"1,2,3,4,5,6,7,8,9,10,11,12",1.0
aff13_wu100k_m256_seed2,13,x,22,105.17764066035332,True,12,12,13,0.9999997918898527,True,0.9999940382655839,M2r,0.34269924224050435,k2l,True,False,12,"1,2,3,4,5,6,7,8,9,10,11,12",1.0
aff13_wu100k_m256_seed2,13,x,23,229.73694995529164,True,12,12,13,0.9999992898281082,True,0.999996778203492,M7r,0.342605180967218,k2l,True,False,12,"1,2,3,4,5,6,7,8,9,10,11,12",1.0
aff13_wu100k_m256_seed2,13,x,24,206.00075763569032,True,12,12,13,0.9999994371048228,True,0.9999956242633269,M2r,0.3427111878194285,k2l,True,False,12,"1,2,3,4,5,6,7,8,9,10,11,12",1.0
aff13_wu100k_m256_seed2,13,x,25,178.6962990692978,True,12,12,13,0.9999988388610841,True,0.9999963326515395,M6r,0.34254883927276125,k2l,True,False,12,"1,2,3,4,5,6,7,8,9,10,11,12",1.0
aff13_wu100k_m256_seed2,13,x,26,0.0001628340352479602,True,12,12,13,0.8676816472555116,False,0.21912206106278465,M10l,0.5546433791190455,k5r,False,False,0,,1.0
aff13_wu100k_m256_seed2,13,x,27,138.20118288041286,True,12,12,13,0.9999999398369117,True,0.9999938061037938,M4r,0.34241869948474524,k2l,True,False,12,"1,2,3,4,5,6,7,8,9,10,11,12",1.0
aff13_wu100k_m256_seed2,13,x,28,263.3151677529647,True,1,1,0,0.4999527584667136,False,7.750197411344505e-07,M4r,1.269209001593358e-06,k4l,False,False,0,,1.0
aff13_wu100k_m256_seed2,13,x,29,169.29182856559473,True,12,12,13,0.9999996730894976,True,0.9999953793221882,M5r,0.3428591889344853,k2l,True,False,12,"1,2,3,4,5,6,7,8,9,10,11,12",1.0
aff13_wu100k_m256_seed2,13,x,30,183.50964980332563,True,12,12,13,0.9999997732891179,True,0.9999956062502349,M9r,0.34282821972928296,k2l,True,False,12,"1,2,3,4,5,6,7,8,9,10,11,12",1.0
aff13_wu100k_m256_seed2,13,x,31,221.36838389587564,True,1,1,0,0.49998781074531223,False,4.64915408331011e-07,M10l,8.161730557733658e-07,k2l,False,False,0,,1.0
aff13_wu100k_m256_seed2,13,x,32,183.81830295081033,True,12,12,13,0.9999997050589678,True,0.9999958209557501,M11r,0.3426966906119048,k2l,True,False,12,"1,2,3,4,5,6,7,8,9,10,11,12",1.0
aff13_wu100k_m256_seed2,13,x,33,116.98942126105126,True,12,12,13,0.999999534431548,True,0.9999939741970129,M6r,0.34257436329291485,k2l,True,False,12,"1,2,3,4,5,6,7,8,9,10,11,12",1.0
aff13_wu100k_m256_seed2,13,x,34,166.46684191840436,True,12,12,13,0.9999994062093204,True,0.9999946288685558,M6r,0.3425432561316934,k2l,True,False,12,"1,2,3,4,5,6,7,8,9,10,11,12",1.0
aff13_wu100k_m256_seed2,13,x,35,122.33620901932386,True,12,12,13,0.9999980596662149,True,0.9999940914119636,M9r,0.3428207541131998,k2l,True,False,12,"1,2,3,4,5,6,7,8,9,10,11,12",1.0
aff13_wu100k_m256_seed2,13,x,36,102.68310972621526,True,12,12,13,0.9999993255908529,True,0.9999960932733161,M12r,0.34261905794475994,k2l,True,False,12,"1,2,3,4,5,6,7,8,9,10,11,12",1.0
aff13_wu100k_m256_seed2,13,x,37,153.1496019216052,True,12,12,13,0.9999990464037288,True,0.999993679743368,M2r,0.3427170361925457,k2l,True,False,12,"1,2,3,4,5,6,7,8,9,10,11,12",1.0
aff13_wu100k_m256_seed2,13,x,38,128.05488224633365,True,12,12,13,0.999999473355039,True,0.9999936871030409,M2r,0.3427147234876451,k2l,True,False,12,"1,2,3,4,5,6,7,8,9,10,11,12",1.0
aff13_wu100k_m256_seed2,13,x,39,191.1961016932437,True,12,12,13,0.9999996302606315,True,0.9999944555376519,M4r,0.3424234927278461,k2l,True,False,12,"1,2,3,4,5,6,7,8,9,10,11,12",1.0
aff13_wu100k_m256_seed2,13,x,40,181.72518111168645,True,12,12,13,0.9999995415883643,True,0.999995684973825,M5r,0.34286541887699384,k2l,True,False,12,"1,2,3,4,5,6,7,8,9,10,11,12",1.0
aff13_wu100k_m256_seed2,13,x,41,118.05340448995689,True,12,12,13,0.9999996358515443,True,0.999993805059509,M12r,0.34261853201723486,k2l,True,False,12,"1,2,3,4,5,6,7,8,9,10,11,12",1.0
aff13_wu100k_m256_seed2,13,x,42,165.44945611679063,True,12,12,13,0.9999995418387759,True,0.9999960286344194,M7r,0.3426005551240051,k2l,True,False,12,"1,2,3,4,5,6,7,8,9,10,11,12",1.0
aff13_wu100k_m256_seed2,13,x,43,181.86207684828875,True,12,12,13,0.9999982719153426,True,0.9999920873853951,M0r,0.3426468719695169,k2l,True,False,12,"1,2,3,4,5,6,7,8,9,10,11,12",1.0
aff13_wu100k_m256_seed2,13,x,44,112.57335807865617,True,12,12,13,0.9999981343324487,True,0.9999932803173773,M0r,0.3426424623718485,k2l,True,False,12,"1,2,3,4,5,6,7,8,9,10,11,12",1.0
aff13_wu100k_m256_seed2,13,x,45,121.85507862851406,True,12,12,13,0.9999992231280945,True,0.9999947566515384,M12r,0.3426120293229117,k2l,True,False,12,"1,2,3,4,5,6,7,8,9,10,11,12",1.0
aff13_wu100k_m256_seed2,13,x,46,211.95284847379693,True,1,1,0,0.4999548886590685,False,6.94400011517298e-07,M9r,1.3723727313063405e-06,k3r,False,False,0,,1.0
aff13_wu100k_m256_seed2,13,x,47,222.74588963912115,True,12,12,13,0.9999989496377075,True,0.9999960252724621,M0r,0.3426368955913065,k2l,True,False,12,"1,2,3,4,5,6,7,8,9,10,11,12",1.0
aff13_wu100k_m256_seed2,13,x,48,176.32978121794105,True,12,12,13,0.9999997337098306,True,0.9999968797843555,M2r,0.3427040190120073,k2l,True,False,12,"1,2,3,4,5,6,7,8,9,10,11,12",1.0
aff13_wu100k_m256_seed2,13,x,49,0.00019462990831804823,True,12,12,13,0.881968110940864,False,0.3119648698675773,M11r,0.30224637439792273,k2l,False,False,0,,1.0
aff13_wu100k_m256_seed2,13,x,50,165.5691317775998,True,12,12,13,0.9999996573027093,True,0.9999945799381093,M12r,0.34262714582291043,k2l,True,False,12,"1,2,3,4,5,6,7,8,9,10,11,12",1.0
aff13_wu100k_m256_seed2,13,x,51,118.07101705145209,True,12,12,13,0.9999995968260011,True,0.9999940594831104,M10r,0.3423879820863744,k2l,True,False,12,"1,2,3,4,5,6,7,8,9,10,11,12",1.0
aff13_wu100k_m256_seed2,13,x,52,132.41444673904294,True,12,12,13,0.9999992881364044,True,0.9999941402132534,M7r,0.34259481852539153,k2l,True,False,12,"1,2,3,4,5,6,7,8,9,10,11,12",1.0
aff13_wu100k_m256_seed2,13,x,53,170.92521018807014,True,12,12,13,0.9999991601066825,True,0.9999939670944132,M0r,0.3426309021343876,k2l,True,False,12,"1,2,3,4,5,6,7,8,9,10,11,12",1.0
aff13_wu100k_m256_seed2,13,x,54,121.45611075118472,True,12,12,13,0.9999970478987003,True,0.9999921667564702,M12r,0.3426081918743123,k2l,True,False,12,"1,2,3,4,5,6,7,8,9,10,11,12",1.0
aff13_wu100k_m256_seed2,13,x,55,153.13915477855647,True,12,12,13,0.9999997862068691,True,0.9999960195173242,M3r,0.34270785290676803,k2l,True,False,12,"1,2,3,4,5,6,7,8,9,10,11,12",1.0
aff13_wu100k_m256_seed2,13,x,56,172.3551040351441,True,12,12,13,0.9999988475591444,True,0.9999946073182657,M12r,0.3426354354241652,k2l,True,False,12,"1,2,3,4,5,6,7,8,9,10,11,12",1.0
aff13_wu100k_m256_seed2,13,x,57,163.7537272721613,True,1,1,0,0.4997663535516625,False,9.413146938733932e-07,M7r,1.3967962033719773e-06,k4l,False,False,0,,1.0
aff13_wu100k_m256_seed2,13,x,58,116.6774804951523,True,12,12,13,0.9999983038353129,True,0.9999883380206743,M6r,0.3425470364890128,k2l,True,False,12,"1,2,3,4,5,6,7,8,9,10,11,12",1.0
aff13_wu100k_m256_seed2,13,x,59,185.61715353955697,True,12,12,13,0.9999997085876366,True,0.9999953214239378,M10r,0.34237579900975107,k2l,True,False,12,"1,2,3,4,5,6,7,8,9,10,11,12",1.0
aff13_wu100k_m256_seed2,13,x,60,198.4974092186284,True,12,12,13,0.9999991510581738,True,0.9999952925659645,M2r,0.34269028817996655,k2l,True,False,12,"1,2,3,4,5,6,7,8,9,10,11,12",1.0
aff13_wu100k_m256_seed2,13,x,61,132.61150532760482,True,12,12,13,0.999998171809029,True,0.9999924780134043,M11r,0.342697161279044,k2l,True,False,12,"1,2,3,4,5,6,7,8,9,10,11,12",1.0
aff13_wu100k_m256_seed2,13,x,62,218.63085010507768,True,12,12,13,0.9999997761673988,True,0.9999952393332265,M12r,0.3426294737223885,k2l,True,False,12,"1,2,3,4,5,6,7,8,9,10,11,12",1.0
aff13_wu100k_m256_seed2,13,x,63,141.36820288788735,True,12,12,13,0.9999993406554238,True,0.9999936307065038,M9r,0.34282708615869484,k2l,True,False,12,"1,2,3,4,5,6,7,8,9,10,11,12",1.0
aff13_wu100k_m256_seed2,13,x,64,100.39086962642345,True,12,12,13,0.9999973133103373,True,0.9999927460307387,M10r,0.3423929546062371,k2l,True,False,12,"1,2,3,4,5,6,7,8,9,10,11,12",1.0
aff13_wu100k_m256_seed2,13,x,65,192.25987549632032,True,1,1,0,0.4999510144608389,False,1.029672277554639e-06,M11r,2.151738729613369e-06,k6r,False,False,0,,1.0
aff13_wu100k_m256_seed2,13,x,66,0.00043763139059835895,True,1,1,0,0.3834927348833147,False,0.07475544120567884,M12r,0.08833822121821082,k5r,False,False,0,,1.0
aff13_wu100k_m256_seed2,13,x,67,162.3727336773857,True,12,12,13,0.9999994666605311,True,0.9999964666738818,M6r,0.3425369536664714,k2l,True,False,12,"1,2,3,4,5,6,7,8,9,10,11,12",1.0
aff13_wu100k_m256_seed2,13,x,68,0.00019657679393242833,True,12,12,13,0.929896870819476,True,0.25927535579132394,M5r,0.3529146175121642,k5r,False,False,12,"1,2,3,4,5,6,7,8,9,10,11,12",1.0
aff13_wu100k_m256_seed2,13,x,69,162.41813547076268,True,12,12,13,0.9999997715388684,True,0.9999961257642742,M9r,0.3428230709528129,k2l,True,False,12,"1,2,3,4,5,6,7,8,9,10,11,12",1.0
aff13_wu100k_m256_seed2,13,x,70,128.81205575915715,True,12,12,13,0.9999995083539064,True,0.9999967526867874,M8r,0.3425841586057946,k2l,True,False,12,"1,2,3,4,5,6,7,8,9,10,11,12",1.0
aff13_wu100k_m256_seed2,13,x,71,131.02771776469805,True,12,12,13,0.9999993850494744,True,0.9999947376843901,M8r,0.3425640036410969,k2l,True,False,12,"1,2,3,4,5,6,7,8,9,10,11,12",1.0
aff13_wu100k_m256_seed2,13,x,72,117.004774579268,True,12,12,13,0.9999993872020805,True,0.9999926160049877,M11r,0.34269983533590204,k2l,True,False,12,"1,2,3,4,5,6,7,8,9,10,11,12",1.0
aff13_wu100k_m256_seed2,13,x,73,131.11550350964382,True,1,1,0,0.4996084896374911,False,1.2873434147803667e-06,M7r,1.8296184718922478e-06,k2r,False,False,0,,1.0
aff13_wu100k_m256_seed2,13,x,74,204.49640178273333,True,12,12,13,0.9999988786206508,True,0.9999934602576387,M10r,0.34238733111006114,k2l,True,False,12,"1,2,3,4,5,6,7,8,9,10,11,12",1.0
aff13_wu100k_m256_seed2,13,x,75,174.0351383696998,True,12,12,13,0.9999993203601772,True,0.9999954595836549,M12r,0.3426200460537843,k2l,True,False,12,"1,2,3,4,5,6,7,8,9,10,11,12",1.0
aff13_wu100k_m256_seed2,13,x,76,171.16829423273896,True,12,12,13,0.999999467950897,True,0.9999954655491512,M0r,0.34262797205904627,k2l,True,False,12,"1,2,3,4,5,6,7,8,9,10,11,12",1.0
aff13_wu100k_m256_seed2,13,x,77,145.87394877785977,True,12,12,13,0.9999982888582977,True,0.9999927754344736,M4r,0.342433220472917,k2l,True,False,12,"1,2,3,4,5,6,7,8,9,10,11,12",1.0
aff13_wu100k_m256_seed2,13,x,78,178.4667779286696,True,12,12,13,0.9999993744983222,True,0.999994867440763,M9r,0.3428250788498518,k2l,True,False,12,"1,2,3,4,5,6,7,8,9,10,11,12",1.0
aff13_wu100k_m256_seed2,13,x,79,158.00921132340778,True,12,12,13,0.9999996096833194,True,0.999993374341403,M4r,0.34243133234200374,k2l,True,False,12,"1,2,3,4,5,6,7,8,9,10,11,12",1.0
aff13_wu100k_m256_seed2,13,x,80,0.0002932589500399419,True,12,12,13,0.8767199190985248,False,0.2214457650033764,M10l,0.3002298253148031,k2l,False,False,0,,1.0
aff13_wu100k_m256_seed2,13,x,81,174.7986629817091,True,12,12,13,0.9999995161150217,True,0.9999952195291232,M9r,0.3428152576665335,k2l,True,False,12,"1,2,3,4,5,6,7,8,9,10,11,12",1.0
aff13_wu100k_m256_seed2,13,x,82,151.56855450081153,True,12,12,13,0.9999985675002397,True,0.9999941758214813,M4r,0.34241047619377546,k2l,True,False,12,"1,2,3,4,5,6,7,8,9,10,11,12",1.0
aff13_wu100k_m256_seed2,13,x,83,102.49228026706108,True,12,12,13,0.9999983899640614,True,0.9999929672768316,M10r,0.3423632505493719,k2l,True,False,12,"1,2,3,4,5,6,7,8,9,10,11,12",1.0
aff13_wu100k_m256_seed2,13,x,84,180.32763061517528,True,12,12,13,0.9999990492104655,True,0.9999920180276026,M11r,0.34270160046415826,k2l,True,False,12,"1,2,3,4,5,6,7,8,9,10,11,12",1.0
aff13_wu100k_m256_seed2,13,x,85,96.09992607690175,True,12,12,13,0.9999991185556791,True,0.9999910539089183,M2r,0.3427049515184069,k2l,True,False,12,"1,2,3,4,5,6,7,8,9,10,11,12",1.0
aff13_wu100k_m256_seed2,13,x,86,98.08809418327296,True,12,12,13,0.9999984965076741,True,0.999990525590984,M0r,0.3426442554940022,k2l,True,False,12,"1,2,3,4,5,6,7,8,9,10,11,12",1.0
aff13_wu100k_m256_seed2,13,x,87,239.35472957805038,True,1,1,0,0.4999841565989391,False,1.8222127536413059e-06,M11r,1.4149056937097312e-06,k4l,False,False,0,,1.0
aff13_wu100k_m256_seed2,13,x,88,104.01564690008618,True,12,12,13,0.999999192358957,True,0.9999944296457977,M2r,0.3427067335973225,k2l,True,False,12,"1,2,3,4,5,6,7,8,9,10,11,12",1.0
aff13_wu100k_m256_seed2,13,x,89,230.67021968843093,True,12,12,13,0.9999994910271356,True,0.999995279733123,M0r,0.3426309685963626,k2l,True,False,12,"1,2,3,4,5,6,7,8,9,10,11,12",1.0
aff13_wu100k_m256_seed2,13,x,90,159.1941529436764,True,12,12,13,0.9999981490611315,True,0.9999933509350634,M6r,0.3425447525004544,k2l,True,False,12,"1,2,3,4,5,6,7,8,9,10,11,12",1.0
aff13_wu100k_m256_seed2,13,x,91,173.76878248234414,True,12,12,13,0.9999984923421358,True,0.9999951342503404,M2r,0.34269074003578665,k2l,True,False,12,"1,2,3,4,5,6,7,8,9,10,11,12",1.0
aff13_wu100k_m256_seed2,13,x,92,121.38900514473227,True,12,12,13,0.9999985997862115,True,0.9999951024096043,M0r,0.3426332696942011,k2l,True,False,12,"1,2,3,4,5,6,7,8,9,10,11,12",1.0
aff13_wu100k_m256_seed2,13,x,93,127.05459221986081,True,12,12,13,0.9999993656867768,True,0.999992580238886,M5r,0.3428516213900525,k2l,True,False,12,"1,2,3,4,5,6,7,8,9,10,11,12",1.0
aff13_wu100k_m256_seed2,13,x,94,173.80716263049402,True,12,12,13,0.9999996190608659,True,0.9999970164614754,M8r,0.34256489390469436,k2l,True,False,12,"1,2,3,4,5,6,7,8,9,10,11,12",1.0
aff13_wu100k_m256_seed2,13,x,95,103.537683869677,True,12,12,13,0.9999987400143211,True,0.9999925404510314,M6r,0.3425330227751752,k2l,True,False,12,"1,2,3,4,5,6,7,8,9,10,11,12",1.0
aff13_wu100k_m256_seed2,13,x,96,193.8276447723197,True,12,12,13,0.9999995067503096,True,0.9999945930260064,M3r,0.342707486354015,k2l,True,False,12,"1,2,3,4,5,6,7,8,9,10,11,12",1.0
aff13_wu100k_m256_seed2,13,x,97,127.42034377683787,True,12,12,13,0.999999445882219,True,0.9999929855960477,M0r,0.3426312552066627,k2l,True,False,12,"1,2,3,4,5,6,7,8,9,10,11,12",1.0
aff13_wu100k_m256_seed2,13,x,98,102.57312692748529,True,12,12,13,0.9999990546330532,True,0.9999945171875853,M11r,0.34270463689988384,k2l,True,False,12,"1,2,3,4,5,6,7,8,9,10,11,12",1.0
aff13_wu100k_m256_seed2,13,x,99,160.32730775580788,True,12,12,13,0.9999990158751797,True,0.9999947783070376,M8r,0.34256992956288423,k2l,True,False,12,"1,2,3,4,5,6,7,8,9,10,11,12",1.0
aff13_wu100k_m256_seed2,13,x,100,129.60075965143483,True,12,12,13,0.9999988677099413,True,0.9999904092533928,M6r,0.342555533911865,k2l,True,False,12,"1,2,3,4,5,6,7,8,9,10,11,12",1.0
aff13_wu100k_m256_seed2,13,x,101,159.1817074474426,True,12,12,13,0.9999978731181881,True,0.9999950182410938,M8r,0.3425757373126346,k2l,True,False,12,"1,2,3,4,5,6,7,8,9,10,11,12",1.0
aff13_wu100k_m256_seed2,13,x,102,184.66482887711948,True,12,12,13,0.999999520990818,True,0.9999959439526077,M3r,0.34270547279440616,k2l,True,False,12,"1,2,3,4,5,6,7,8,9,10,11,12",1.0
aff13_wu100k_m256_seed2,13,x,103,339.5879154223671,True,11,1,0,0.9999969786763194,True,3.5291459869046e-07,M11r,6.697814400158519e-07,k2r,False,False,0,,1.0
aff13_wu100k_m256_seed2,13,x,104,141.19072485998322,True,12,12,13,0.9999995459215154,True,0.9999936206352028,M4r,0.3424112881673245,k2l,True,False,12,"1,2,3,4,5,6,7,8,9,10,11,12",1.0
aff13_wu100k_m256_seed2,13,x,105,0.000457176500294548,True,12,12,13,0.8378929690924058,False,0.42062696769003316,M9r,0.2869187178048627,k2l,False,False,0,,1.0
aff13_wu100k_m256_seed2,13,x,106,112.45263443158646,True,12,12,13,0.9999976816412864,True,0.9999878172057195,M5r,0.3428569632656189,k2l,True,False,12,"1,2,3,4,5,6,7,8,9,10,11,12",1.0
aff13_wu100k_m256_seed2,13,x,107,130.86788652626723,True,12,12,13,0.9999992876127128,True,0.9999938478440994,M7r,0.3426095819482733,k2l,True,False,12,"1,2,3,4,5,6,7,8,9,10,11,12",1.0
aff13_wu100k_m256_seed2,13,x,108,120.23307314585135,True,12,12,13,0.9999996418419779,True,0.9999953252699169,M8r,0.34257770591804665,k2l,True,False,12,"1,2,3,4,5,6,7,8,9,10,11,12",1.0
aff13_wu100k_m256_seed2,13,x,109,207.5703594985251,True,1,1,0,0.499961403716243,False,9.38332409829941e-07,M11r,1.164412560965353e-06,k4l,False,False,0,,1.0
aff13_wu100k_m256_seed2,13,x,110,108.24909971381368,True,12,12,13,0.9999997654255813,True,0.9999954998069878,M5r,0.3428657461702473,k2l,True,False,12,"1,2,3,4,5,6,7,8,9,10,11,12",1.0
aff13_wu100k_m256_seed2,13,x,111,0.0006295081249824687,True,12,12,13,0.8844899830203321,False,0.3436753895839734,M3r,0.4520170497438785,k1r,False,False,0,,1.0
aff13_wu100k_m256_seed2,13,x,112,171.26954632693946,True,12,12,13,0.9999994778114384,True,0.9999939865529192,M7r,0.3426026528429719,k2l,True,False,12,"1,2,3,4,5,6,7,8,9,10,11,12",1.0
aff13_wu100k_m256_seed2,13,x,113,150.67776725569985,True,12,12,13,0.9999996721551815,True,0.9999956814390185,M4r,0.34241409435599834,k2l,True,False,12,"1,2,3,4,5,6,7,8,9,10,11,12",1.0
aff13_wu100k_m256_seed2,13,x,114,118.65529182461852,True,12,12,13,0.9999991654474305,True,0.9999945089724332,M12r,0.34262974436410687,k2l,True,False,12,"1,2,3,4,5,6,7,8,9,10,11,12",1.0
aff13_wu100k_m256_seed2,13,x,115,103.59166111621592,True,12,12,13,0.9999985275844587,True,0.9999908900905479,M0r,0.342637792179069,k2l,True,False,12,"1,2,3,4,5,6,7,8,9,10,11,12",1.0
aff13_wu100k_m256_seed2,13,x,116,112.04965673635841,True,12,12,13,0.9999984856742192,True,0.9999917528854245,M11r,0.342690765809834,k2l,True,False,12,"1,2,3,4,5,6,7,8,9,10,11,12",1.0
aff13_wu100k_m256_seed2,13,x,117,107.14214447511634,True,12,12,13,0.9999997195730513,True,0.9999953499300442,M6r,0.34252834222667217,k2l,True,False,12,"1,2,3,4,5,6,7,8,9,10,11,12",1.0
aff13_wu100k_m256_seed2,13,x,118,172.855262916922,True,12,12,13,0.9999995508774803,True,0.9999949214278114,M5r,0.34286031348664014,k2l,True,False,12,"1,2,3,4,5,6,7,8,9,10,11,12",1.0
aff13_wu100k_m256_seed2,13,x,119,119.16616825346117,True,12,12,13,0.9999998173888611,True,0.9999961406007628,M2r,0.3426971707134694,k2l,True,False,12,"1,2,3,4,5,6,7,8,9,10,11,12",1.0
aff13_wu100k_m256_seed2,13,x,120,182.37028270189376,True,12,12,13,0.9999999242206855,True,0.9999965378158396,M5r,0.3428645283223006,k2l,True,False,12,"1,2,3,4,5,6,7,8,9,10,11,12",1.0
aff13_wu100k_m256_seed2,13,x,121,98.8499038164141,True,12,12,13,0.9999984675040242,True,0.999992596613375,M10r,0.3423926411065714,k2l,True,False,12,"1,2,3,4,5,6,7,8,9,10,11,12",1.0
aff13_wu100k_m256_seed2,13,x,122,176.49663899825532,True,12,12,13,0.99999909673663,True,0.9999925839598099,M0r,0.34262953935902646,k2l,True,False,12,"1,2,3,4,5,6,7,8,9,10,11,12",1.0
aff13_wu100k_m256_seed2,13,x,123,158.31824610950397,True,12,12,13,0.999998670919772,True,0.9999940640673898,M3r,0.34271070574692886,k2l,True,False,12,"1,2,3,4,5,6,7,8,9,10,11,12",1.0
aff13_wu100k_m256_seed2,13,x,124,143.30981211812178,True,12,12,13,0.9999998455420303,True,0.9999946226242175,M12r,0.34263476817810723,k2l,True,False,12,"1,2,3,4,5,6,7,8,9,10,11,12",1.0
aff13_wu100k_m256_seed2,13,x,125,181.61983626631283,True,12,12,13,0.9999982531134457,True,0.9999945882178117,M10r,0.34237934253074315,k2l,True,False,12,"1,2,3,4,5,6,7,8,9,10,11,12",1.0
aff13_wu100k_m256_seed2,13,x,126,121.274133054911,True,12,12,13,0.9999995765817744,True,0.9999938563562525,M4r,0.3424150354486881,k2l,True,False,12,"1,2,3,4,5,6,7,8,9,10,11,12",1.0
aff13_wu100k_m256_seed2,13,x,127,216.17930744711478,True,12,12,13,0.9999988308382772,True,0.9999957204100086,M10r,0.34237654034450204,k2l,True,False,12,"1,2,3,4,5,6,7,8,9,10,11,12",1.0
aff13_wu100k_m256_seed2,13,x,128,166.10392414771803,True,12,12,13,0.9999997779990338,True,0.9999958571773874,M3r,0.3427117292478094,k2l,True,False,12,"1,2,3,4,5,6,7,8,9,10,11,12",1.0
aff13_wu100k_m256_seed2,13,x,129,119.52211754557113,True,12,12,13,0.9999979344624033,True,0.9999916882593162,M4r,0.3424230074423612,k2l,True,False,12,"1,2,3,4,5,6,7,8,9,10,11,12",1.0
aff13_wu100k_m256_seed2,13,x,130,190.34171667689094,True,12,12,13,0.9999992008543583,True,0.9999954875044035,M3r,0.34270919695772994,k2l,True,False,12,"1,2,3,4,5,6,7,8,9,10,11,12",1.0
aff13_wu100k_m256_seed2,13,x,131,164.41327802367167,True,12,12,13,0.9999987295365668,True,0.999995586186452,M8r,0.3425674342985554,k2l,True,False,12,"1,2,3,4,5,6,7,8,9,10,11,12",1.0
aff13_wu100k_m256_seed2,13,x,132,196.3805309670583,True,1,1,0,0.4999743442050068,False,1.1882535018390794e-06,M7r,1.196971089253033e-06,k2l,False,False,0,,1.0
aff13_wu100k_m256_seed2,13,x,133,119.16802620037666,True,12,12,13,0.9999984576733039,True,0.9999945320994726,M3r,0.3427122794772515,k2l,True,False,12,"1,2,3,4,5,6,7,8,9,10,11,12",1.0
aff13_wu100k_m256_seed2,13,x,134,176.43936534815734,True,12,12,13,0.9999989733273749,True,0.9999961885363822,M12r,0.342619788711642,k2l,True,False,12,"1,2,3,4,5,6,7,8,9,10,11,12",1.0
aff13_wu100k_m256_seed2,13,x,135,168.56955213801592,True,12,12,13,0.9999992832559217,True,0.9999961008871338,M5r,0.3428560596014599,k2l,True,False,12,"1,2,3,4,5,6,7,8,9,10,11,12",1.0
aff13_wu100k_m256_seed2,13,x,136,167.1502432100477,True,12,12,13,0.9999998813331711,True,0.9999953071997395,M7r,0.342603102415333,k2l,True,False,12,"1,2,3,4,5,6,7,8,9,10,11,12",1.0
aff13_wu100k_m256_seed2,13,x,137,248.80165009974462,True,1,1,0,0.4999677820924534,False,7.265413247158913e-07,M12r,1.1959181525365607e-06,k6r,False,False,0,,1.0
aff13_wu100k_m256_seed2,13,x,138,173.37529722300073,True,12,12,13,0.9999987272811047,True,0.9999945504902741,M10r,0.34238293716682094,k2l,True,False,12,"1,2,3,4,5,6,7,8,9,10,11,12",1.0
aff13_wu100k_m256_seed2,13,x,139,0.00019066729832612327,True,12,12,13,0.9019497965972666,True,0.2588823335203547,M11r,0.4754076261639071,k4r,False,False,12,"1,2,3,4,5,6,7,8,9,10,11,12",1.0
aff13_wu100k_m256_seed2,13,x,140,126.80516623032344,True,12,12,13,0.9999982872110451,True,0.9999938519719856,M6r,0.34254882358521876,k2l,True,False,12,"1,2,3,4,5,6,7,8,9,10,11,12",1.0
aff13_wu100k_m256_seed2,13,x,141,180.0365956128584,True,12,12,13,0.9999994445590142,True,0.9999948656213072,M6r,0.3425561115158324,k2l,True,False,12,"1,2,3,4,5,6,7,8,9,10,11,12",1.0
aff13_wu100k_m256_seed2,13,x,142,118.56491796399064,True,12,12,13,0.9999988909463888,True,0.9999922528268174,M9r,0.342828376815947,k2l,True,False,12,"1,2,3,4,5,6,7,8,9,10,11,12",1.0
aff13_wu100k_m256_seed2,13,x,143,153.9624358877601,True,1,1,0,0.49972304082196606,False,6.871346640468482e-07,M1r,1.526454471808896e-06,k1r,False,False,0,,1.0
aff13_wu100k_m256_seed2,13,x,144,185.31764806622883,True,12,12,13,0.999999580472807,True,0.9999955955210359,M2r,0.34269355603170937,k2l,True,False,12,"1,2,3,4,5,6,7,8,9,10,11,12",1.0
aff13_wu100k_m256_seed2,13,x,145,103.8296474383362,True,12,12,13,0.9999986676956425,True,0.9999925320307362,M3r,0.342697048414836,k2l,True,False,12,"1,2,3,4,5,6,7,8,9,10,11,12",1.0
aff13_wu100k_m256_seed2,13,x,146,114.04519946863937,True,12,12,13,0.9999993617092146,True,0.9999940993609304,M3r,0.34274485112873426,k2l,True,False,12,"1,2,3,4,5,6,7,8,9,10,11,12",1.0
aff13_wu100k_m256_seed2,13,x,147,108.46021555187687,True,12,12,13,0.9999994380152466,True,0.9999941285077666,M2r,0.3427012640884854,k2l,True,False,12,"1,2,3,4,5,6,7,8,9,10,11,12",1.0
aff13_wu100k_m256_seed2,13,x,148,150.72338400355582,True,12,12,13,0.9999985820820648,True,0.9999927670835903,M4r,0.34242488653141634,k2l,True,False,12,"1,2,3,4,5,6,7,8,9,10,11,12",1.0
aff13_wu100k_m256_seed2,13,x,149,123.20559314900673,True,12,12,13,0.9999979756866959,True,0.9999934376403116,M10r,0.34236709197717896,k2l,True,False,12,"1,2,3,4,5,6,7,8,9,10,11,12",1.0
aff13_wu100k_m256_seed2,13,x,150,185.86134198914607,True,12,12,13,0.9999978871874593,True,0.9999944965212143,M6r,0.3425728441453656,k2l,True,False,12,"1,2,3,4,5,6,7,8,9,10,11,12",1.0
aff13_wu100k_m256_seed2,13,x,151,135.54534048732722,True,12,12,13,0.9999990949889804,True,0.9999920999879678,M12r,0.3426315134686898,k2l,True,False,12,"1,2,3,4,5,6,7,8,9,10,11,12",1.0
aff13_wu100k_m256_seed2,13,x,152,176.22769971490254,True,12,12,13,0.9999985802661694,True,0.9999934982945597,M8r,0.34256734411130696,k2l,True,False,12,"1,2,3,4,5,6,7,8,9,10,11,12",1.0
aff13_wu100k_m256_seed2,13,x,153,394.09579949236013,True,7,1,0,0.4999971639020991,False,9.654616109793941e-07,M6r,1.3387172718962892e-06,k5r,False,False,0,,1.0
aff13_wu100k_m256_seed2,13,x,154,115.63382890970118,True,12,12,13,0.9999991772929828,True,0.9999893905170362,M8r,0.34257566742264184,k2l,True,False,12,"1,2,3,4,5,6,7,8,9,10,11,12",1.0
aff13_wu100k_m256_seed2,13,x,155,218.5937946755154,True,12,12,13,0.999999218093963,True,0.9999945373474682,M11r,0.34270043316816734,k2l,True,False,12,"1,2,3,4,5,6,7,8,9,10,11,12",1.0
aff13_wu100k_m256_seed2,13,x,156,0.00014185804672226004,True,12,12,13,0.8455927141575174,False,0.2698767649409632,M8r,0.3576204970313471,k4r,False,False,0,,1.0
aff13_wu100k_m256_seed2,13,x,157,107.87785880089963,True,12,12,13,0.9999993402563288,True,0.9999962558207763,M9r,0.3428300108800246,k2l,True,False,12,"1,2,3,4,5,6,7,8,9,10,11,12",1.0
aff13_wu100k_m256_seed2,13,x,158,92.35698018798581,True,12,12,13,0.999999733453171,True,0.9999952147014759,M0r,0.34262752480261854,k2l,True,False,12,"1,2,3,4,5,6,7,8,9,10,11,12",1.0
aff13_wu100k_m256_seed2,13,x,159,178.63863515118277,True,1,1,0,0.49996564296011997,False,8.546284214526774e-07,M0r,1.3145397661095871e-06,k2l,False,False,0,,1.0
aff13_wu100k_m256_seed2,13,x,160,0.00016925738024914827,True,12,12,13,0.8822227148304354,False,0.26746864913344714,M3r,0.4795649842417711,k5r,False,False,0,,1.0
aff13_wu100k_m256_seed2,13,x,161,115.60876446556065,True,12,12,13,0.9999978078620618,True,0.9999903646561182,M2r,0.3426953198175776,k2l,True,False,12,"1,2,3,4,5,6,7,8,9,10,11,12",1.0
aff13_wu100k_m256_seed2,13,x,162,128.310234437992,True,12,12,13,0.9999975781315797,True,0.9999899593715887,M11r,0.3427010720788281,k2l,True,False,12,"1,2,3,4,5,6,7,8,9,10,11,12",1.0
aff13_wu100k_m256_seed2,13,x,163,122.54970650967472,True,12,12,13,0.9999985162670608,True,0.9999949745251626,M8r,0.34257118768075173,k2l,True,False,12,"1,2,3,4,5,6,7,8,9,10,11,12",1.0
aff13_wu100k_m256_seed2,13,x,164,216.7172821294111,True,12,12,13,0.99999952523194,True,0.9999955262289851,M0r,0.3426326104415382,k2l,True,False,12,"1,2,3,4,5,6,7,8,9,10,11,12",1.0
aff13_wu100k_m256_seed2,13,x,165,162.27309026025105,True,12,12,13,0.9999990122135685,True,0.9999951797616243,M12r,0.3426288157317416,k2l,True,False,12,"1,2,3,4,5,6,7,8,9,10,11,12",1.0
aff13_wu100k_m256_seed2,13,x,166,123.57400103137239,True,12,12,13,0.9999966094261421,True,0.9999918982545023,M10r,0.34237689870681404,k2l,True,False,12,"1,2,3,4,5,6,7,8,9,10,11,12",1.0
aff13_wu100k_m256_seed2,13,x,167,139.73529850846168,True,12,12,13,0.9999982571102264,True,0.9999925705387692,M8r,0.34256585166674897,k2l,True,False,12,"1,2,3,4,5,6,7,8,9,10,11,12",1.0
aff13_wu100k_m256_seed2,13,x,168,327.2498814631629,True,11,1,0,0.9999968807364029,True,4.5716673819769313e-07,M10l,5.894098058722754e-07,k4l,False,False,0,,1.0
aff13_wu100k_m256_seed2,13,x,169,114.7975478148777,True,12,12,13,0.999999602523882,True,0.999993977259608,M7r,0.34260560412846086,k2l,True,False,12,"1,2,3,4,5,6,7,8,9,10,11,12",1.0
aff13_wu100k_m256_seed2,13,x,170,0.0002934709457486539,True,12,12,13,0.7390416267356805,False,0.2642064396681825,M7r,0.2533828845095314,k2l,False,False,0,,1.0
aff13_wu100k_m256_seed2,13,x,171,160.9916177170568,True,12,12,13,0.999999465182875,True,0.9999928131462541,M5r,0.3428584556727918,k2l,True,False,12,"1,2,3,4,5,6,7,8,9,10,11,12",1.0
aff13_wu100k_m256_seed2,13,x,172,166.017989929483,True,12,12,13,0.9999985457616204,True,0.9999929591196915,M11r,0.34269862333554696,k2l,True,False,12,"1,2,3,4,5,6,7,8,9,10,11,12",1.0
aff13_wu100k_m256_seed2,13,x,173,102.12749842942183,True,12,12,13,0.9999995274280158,True,0.9999952386095727,M9r,0.342813412947218,k2l,True,False,12,"1,2,3,4,5,6,7,8,9,10,11,12",1.0
aff13_wu100k_m256_seed2,13,x,174,183.04880297610072,True,12,12,13,0.9999996904974383,True,0.9999949608675291,M5r,0.34286914604376745,k2l,True,False,12,"1,2,3,4,5,6,7,8,9,10,11,12",1.0
aff13_wu100k_m256_seed2,13,x,175,122.96601647199877,True,12,12,13,0.9999983236424868,True,0.9999938389425503,M11r,0.34270535741393726,k2l,True,False,12,"1,2,3,4,5,6,7,8,9,10,11,12",1.0
aff13_wu100k_m256_seed2,13,x,176,186.4342518151873,True,12,12,13,0.9999997804522007,True,0.9999943085809612,M11r,0.3427073648877073,k2l,True,False,12,"1,2,3,4,5,6,7,8,9,10,11,12",1.0
aff13_wu100k_m256_seed2,13,x,177,133.34731073882838,True,12,12,13,0.9999993133137574,True,0.9999934974391358,M4r,0.34242663355427777,k2l,True,False,12,"1,2,3,4,5,6,7,8,9,10,11,12",1.0
aff13_wu100k_m256_seed2,13,x,178,129.622113543019,True,12,12,13,0.9999981235775273,True,0.9999916207473312,M11r,0.34269209050308036,k2l,True,False,12,"1,2,3,4,5,6,7,8,9,10,11,12",1.0
aff13_wu100k_m256_seed2,13,x,179,226.64016934961907,True,1,1,0,0.4999910414859101,False,7.764302854789421e-07,M5r,8.271853176500983e-07,k6r,False,False,0,,1.0
aff13_wu100k_m256_seed2,13,x,180,137.96853047966593,True,12,12,13,0.9999996802571574,True,0.9999954420253253,M4r,0.34242821510722465,k2l,True,False,12,"1,2,3,4,5,6,7,8,9,10,11,12",1.0
aff13_wu100k_m256_seed2,13,x,181,182.71500790881976,True,12,12,13,0.9999993790140769,True,0.9999962050246228,M7r,0.34261142598788824,k2l,True,False,12,"1,2,3,4,5,6,7,8,9,10,11,12",1.0
aff13_wu100k_m256_seed2,13,x,182,151.4925681122695,True,12,12,13,0.9999985425011185,True,0.999993813434192,M7r,0.342598615582178,k2l,True,False,12,"1,2,3,4,5,6,7,8,9,10,11,12",1.0
aff13_wu100k_m256_seed2,13,x,183,164.47941027584596,True,12,12,13,0.9999989826474156,True,0.9999938134265652,M3r,0.3427018640560599,k2l,True,False,12,"1,2,3,4,5,6,7,8,9,10,11,12",1.0
aff13_wu100k_m256_seed2,13,x,184,169.78331303370558,True,12,12,13,0.999999381545,True,0.9999957307944811,M8r,0.34258874481386004,k2l,True,False,12,"1,2,3,4,5,6,7,8,9,10,11,12",1.0
aff13_wu100k_m256_seed2,13,x,185,123.55965920416293,True,12,12,13,0.9999989048078809,True,0.9999937027744451,M6r,0.3425493735643401,k2l,True,False,12,"1,2,3,4,5,6,7,8,9,10,11,12",1.0
aff13_wu100k_m256_seed2,13,x,186,144.21210931053645,True,12,12,13,0.9999987140756275,True,0.9999935932143689,M10r,0.34238761409509033,k2l,True,False,12,"1,2,3,4,5,6,7,8,9,10,11,12",1.0
aff13_wu100k_m256_seed2,13,x,187,105.78400969802608,True,12,12,13,0.9999998793601291,True,0.9999895983932771,M5r,0.34285781755640293,k2l,True,False,12,"1,2,3,4,5,6,7,8,9,10,11,12",1.0
aff13_wu100k_m256_seed2,13,x,188,141.38740677220244,True,12,12,13,0.9999994754900485,True,0.9999957387696164,M8r,0.34256885068774867,k2l,True,False,12,"1,2,3,4,5,6,7,8,9,10,11,12",1.0
aff13_wu100k_m256_seed2,13,x,189,170.0190051255234,True,12,12,13,0.9999991049509062,True,0.9999970887219334,M10r,0.342391388168496,k2l,True,False,12,"1,2,3,4,5,6,7,8,9,10,11,12",1.0
aff13_wu100k_m256_seed2,13,x,190,110.17928065496577,True,12,12,13,0.9999986628180778,True,0.9999934181630635,M10r,0.34237283860595424,k2l,True,False,12,"1,2,3,4,5,6,7,8,9,10,11,12",1.0
aff13_wu100k_m256_seed2,13,x,191,217.9142520406183,True,12,12,13,0.9999992156668626,True,0.9999952972660702,M12r,0.3426121147856666,k2l,True,False,12,"1,2,3,4,5,6,7,8,9,10,11,12",1.0
aff13_wu100k_m256_seed2,13,x,192,110.29516884638194,True,12,12,13,0.9999997212874309,True,0.9999901078697078,M7r,0.3426102253358608,k2l,True,False,12,"1,2,3,4,5,6,7,8,9,10,11,12",1.0
aff13_wu100k_m256_seed2,13,x,193,217.99614294189993,True,12,12,13,0.999999666960157,True,0.9999960810041325,M5r,0.3428541990832568,k2l,True,False,12,"1,2,3,4,5,6,7,8,9,10,11,12",1.0
aff13_wu100k_m256_seed2,13,x,194,170.72412047118397,True,12,12,13,0.9999988342310834,True,0.9999958282461074,M10r,0.34239429188265014,k2l,True,False,12,"1,2,3,4,5,6,7,8,9,10,11,12",1.0
aff13_wu100k_m256_seed2,13,x,195,184.10781500944498,True,12,12,13,0.9999988880983609,True,0.9999945559897777,M2r,0.34270268752290173,k2l,True,False,12,"1,2,3,4,5,6,7,8,9,10,11,12",1.0
aff13_wu100k_m256_seed2,13,x,196,182.4086558910675,True,1,1,0,0.4999889370427938,False,6.18934485930358e-07,M4r,7.29047414477393e-07,k1l,False,False,0,,1.0
aff13_wu100k_m256_seed2,13,x,197,329.9224292671312,True,11,1,0,0.9999969793465525,True,4.988755662446815e-07,M6r,6.207841364864375e-07,k2r,False,False,0,,1.0
aff13_wu100k_m256_seed2,13,x,198,102.82165629576322,True,12,12,13,0.9999979153071188,True,0.9999926404235657,M8r,0.34257730302643197,k2l,True,False,12,"1,2,3,4,5,6,7,8,9,10,11,12",1.0
aff13_wu100k_m256_seed2,13,x,199,157.54830041767462,True,12,12,13,0.9999998070071477,True,0.9999952774795812,M12r,0.34261353459854615,k2l,True,False,12,"1,2,3,4,5,6,7,8,9,10,11,12",1.0
aff13_wu100k_m256_seed2,13,x,200,167.92109857806108,True,12,12,13,0.9999992584690134,True,0.9999935608675825,M9r,0.3428063959479279,k2l,True,False,12,"1,2,3,4,5,6,7,8,9,10,11,12",1.0
aff13_wu100k_m256_seed2,13,x,201,157.7796689108526,True,12,12,13,0.9999992321651469,True,0.9999929907483472,M0r,0.342630931918232,k2l,True,False,12,"1,2,3,4,5,6,7,8,9,10,11,12",1.0
aff13_wu100k_m256_seed2,13,x,202,149.33076209871308,True,1,1,0,0.4999750143457868,False,1.253788421384702e-06,M6l,1.4570884333038196e-06,k2l,False,False,0,,1.0
aff13_wu100k_m256_seed2,13,x,203,159.77002603805542,True,12,12,13,0.9999991556892314,True,0.9999938113177973,M4r,0.342407940486748,k2l,True,False,12,"1,2,3,4,5,6,7,8,9,10,11,12",1.0
aff13_wu100k_m256_seed2,13,x,204,179.88909121990744,True,12,12,13,0.999999540075046,True,0.9999960184321476,M7r,0.3426066749290044,k2l,True,False,12,"1,2,3,4,5,6,7,8,9,10,11,12",1.0
aff13_wu100k_m256_seed2,13,x,205,156.94915634959764,True,1,1,0,0.4999523647729155,False,1.0715178790309129e-06,M2r,1.9645425722978327e-06,k3r,False,False,0,,1.0
aff13_wu100k_m256_seed2,13,x,206,222.62740195954328,True,12,12,13,0.9999987438746484,True,0.9999944664596205,M6r,0.3425464763437325,k2l,True,False,12,"1,2,3,4,5,6,7,8,9,10,11,12",1.0
aff13_wu100k_m256_seed2,13,x,207,182.6940791672826,True,12,12,13,0.9999988858658135,True,0.9999944631036205,M6r,0.3425516856116366,k2l,True,False,12,"1,2,3,4,5,6,7,8,9,10,11,12",1.0
aff13_wu100k_m256_seed2,13,x,208,293.98404365035594,True,1,1,0,0.49989766455012424,False,1.3184916357447647e-06,M6r,1.005385930210647e-06,k2r,False,False,0,,1.0
aff13_wu100k_m256_seed2,13,x,209,101.82076130847463,True,12,12,13,0.999998690567224,True,0.9999942097049969,M3r,0.34270816510929575,k2l,True,False,12,"1,2,3,4,5,6,7,8,9,10,11,12",1.0
aff13_wu100k_m256_seed2,13,x,210,160.16857500287549,True,12,12,13,0.9999994969489954,True,0.9999954087198554,M0r,0.3426326557670237,k2l,True,False,12,"1,2,3,4,5,6,7,8,9,10,11,12",1.0
aff13_wu100k_m256_seed2,13,x,211,186.52284484060053,True,12,12,13,0.9999991556617311,True,0.9999942495151952,M2r,0.3427029092872477,k2l,True,False,12,"1,2,3,4,5,6,7,8,9,10,11,12",1.0
aff13_wu100k_m256_seed2,13,x,212,113.46331615023956,True,12,12,13,0.9999966582657656,True,0.9999918725783554,M3r,0.3426969282012719,k2l,True,False,12,"1,2,3,4,5,6,7,8,9,10,11,12",1.0
aff13_wu100k_m256_seed2,13,x,213,108.75845861962647,True,12,12,13,0.999999725928083,True,0.9999960715168539,M4r,0.34241889238635614,k2l,True,False,12,"1,2,3,4,5,6,7,8,9,10,11,12",1.0
aff13_wu100k_m256_seed2,13,x,214,179.13096867636872,True,12,12,13,0.9999991931925621,True,0.9999946603227923,M2r,0.3427130104206613,k2l,True,False,12,"1,2,3,4,5,6,7,8,9,10,11,12",1.0
aff13_wu100k_m256_seed2,13,x,215,168.60625626898306,True,12,12,13,0.9999996141739066,True,0.9999962762952118,M6r,0.3425423853997397,k2l,True,False,12,"1,2,3,4,5,6,7,8,9,10,11,12",1.0
aff13_wu100k_m256_seed2,13,x,216,122.74000669406716,True,12,12,13,0.9999986217405806,True,0.9999932107315426,M9r,0.34282170020516345,k2l,True,False,12,"1,2,3,4,5,6,7,8,9,10,11,12",1.0
aff13_wu100k_m256_seed2,13,x,217,154.50836933495216,True,12,12,13,0.9999990640832251,True,0.9999954169748483,M8r,0.34258099600312325,k2l,True,False,12,"1,2,3,4,5,6,7,8,9,10,11,12",1.0
aff13_wu100k_m256_seed2,13,x,218,328.7767181670979,True,11,1,0,0.9999965919191578,True,4.212549655128268e-07,M3r,6.64412279507998e-07,k2r,False,False,0,,1.0
aff13_wu100k_m256_seed2,13,x,219,176.66075573052217,True,12,12,13,0.9999990044894477,True,0.999993786172669,M6r,0.3425602676923129,k2l,True,False,12,"1,2,3,4,5,6,7,8,9,10,11,12",1.0
aff13_wu100k_m256_seed2,13,x,220,154.94962779309898,True,1,1,0,0.4998185745215684,False,9.755201657349123e-07,M12r,1.6230090559717135e-06,k1r,False,False,0,,1.0
aff13_wu100k_m256_seed2,13,x,221,169.56715230261526,True,12,12,13,0.999998448100373,True,0.9999930075052378,M9r,0.342823581179036,k2l,True,False,12,"1,2,3,4,5,6,7,8,9,10,11,12",1.0
aff13_wu100k_m256_seed2,13,x,222,126.23891429974341,True,12,12,13,0.9999991343830991,True,0.9999953606237396,M5r,0.34286628629350896,k2l,True,False,12,"1,2,3,4,5,6,7,8,9,10,11,12",1.0
aff13_wu100k_m256_seed2,13,x,223,95.65346856774504,True,12,12,13,0.999998939579593,True,0.999993244075185,M12r,0.3426253980368817,k2l,True,False,12,"1,2,3,4,5,6,7,8,9,10,11,12",1.0
aff13_wu100k_m256_seed2,13,x,224,180.51553901586144,True,12,12,13,0.9999993582780634,True,0.9999925954279308,M11r,0.34269345030036386,k2l,True,False,12,"1,2,3,4,5,6,7,8,9,10,11,12",1.0
aff13_wu100k_m256_seed2,13,x,225,113.5593731731113,True,12,12,13,0.9999988384686926,True,0.9999929595435335,M2r,0.34270918888536267,k2l,True,False,12,"1,2,3,4,5,6,7,8,9,10,11,12",1.0
aff13_wu100k_m256_seed2,13,x,226,0.000281313187334049,True,12,12,13,0.8791682887931577,False,0.3050481780641851,M0r,0.30098130799147305,k2l,False,False,0,,1.0
aff13_wu100k_m256_seed2,13,x,227,119.5236674437322,True,12,12,13,0.9999994678951001,True,0.9999919308986451,M5r,0.34286883920786076,k2l,True,False,12,"1,2,3,4,5,6,7,8,9,10,11,12",1.0
aff13_wu100k_m256_seed2,13,x,228,241.86440133967926,True,1,1,0,0.49993913877289226,False,7.511399736101806e-07,M6l,9.633959488168177e-07,k4r,False,False,0,,1.0
aff13_wu100k_m256_seed2,13,x,229,142.63157798590802,True,12,12,13,0.9999998523316168,True,0.9999963224176465,M4r,0.342414677829082,k2l,True,False,12,"1,2,3,4,5,6,7,8,9,10,11,12",1.0
aff13_wu100k_m256_seed2,13,x,230,164.89233866590658,True,12,12,13,0.9999993384189325,True,0.9999967941794026,M8r,0.34258291213696895,k2l,True,False,12,"1,2,3,4,5,6,7,8,9,10,11,12",1.0
aff13_wu100k_m256_seed2,13,x,231,0.0003003079248883,True,12,12,13,0.7186962894252353,False,0.18168260924267846,M10l,0.24649707943421673,k2l,False,False,0,,1.0
aff13_wu100k_m256_seed2,13,x,232,149.18469156919383,True,12,12,13,0.9999994198010312,True,0.9999933009245942,M3r,0.34268867945508874,k2l,True,False,12,"1,2,3,4,5,6,7,8,9,10,11,12",1.0
aff13_wu100k_m256_seed2,13,x,233,170.27466446931012,True,12,12,13,0.9999997456132166,True,0.9999932405406815,M0r,0.3426315757713843,k2l,True,False,12,"1,2,3,4,5,6,7,8,9,10,11,12",1.0
aff13_wu100k_m256_seed2,13,x,234,168.15747417277186,True,12,12,13,0.9999990541999951,True,0.9999955442184567,M8r,0.34256949662602554,k2l,True,False,12,"1,2,3,4,5,6,7,8,9,10,11,12",1.0
aff13_wu100k_m256_seed2,13,x,235,164.75255837246465,True,12,12,13,0.9999994223826352,True,0.999995387760163,M3r,0.34270891332200537,k2l,True,False,12,"1,2,3,4,5,6,7,8,9,10,11,12",1.0
aff13_wu100k_m256_seed2,13,x,236,105.87317861809282,True,12,12,13,0.9999989520912794,True,0.9999955500954931,M8r,0.34258296947704886,k2l,True,False,12,"1,2,3,4,5,6,7,8,9,10,11,12",1.0
aff13_wu100k_m256_seed2,13,x,237,126.0769647018519,True,12,12,13,0.9999990948202964,True,0.9999947971528084,M5r,0.34286049823061965,k2l,True,False,12,"1,2,3,4,5,6,7,8,9,10,11,12",1.0
aff13_wu100k_m256_seed2,13,x,238,190.21526046841308,True,12,12,13,0.9999996625579164,True,0.9999931805399143,M11r,0.3427083522666369,k2l,True,False,12,"1,2,3,4,5,6,7,8,9,10,11,12",1.0
aff13_wu100k_m256_seed2,13,x,239,270.7277151945552,True,1,1,0,0.4999824418360557,False,6.743318439908653e-07,M9r,1.1910094355154343e-06,k4l,False,False,0,,1.0
aff13_wu100k_m256_seed2,13,x,240,160.43613631531983,True,1,1,0,0.4999885227991238,False,1.1096180172327521e-06,M6l,1.4056061107271537e-06,k2r,False,False,0,,1.0
aff13_wu100k_m256_seed2,13,x,241,166.21666727727396,True,12,12,13,0.9999991290603437,True,0.9999947192693724,M3r,0.3427312488230407,k2l,True,False,12,"1,2,3,4,5,6,7,8,9,10,11,12",1.0
aff13_wu100k_m256_seed2,13,x,242,138.2067485554348,True,12,12,13,0.9999997401968922,True,0.9999951146897349,M9r,0.3428187387360936,k2l,True,False,12,"1,2,3,4,5,6,7,8,9,10,11,12",1.0
aff13_wu100k_m256_seed2,13,x,243,117.691766640889,True,12,12,13,0.9999981900038858,True,0.999992946250254,M10r,0.34237948893612846,k2l,True,False,12,"1,2,3,4,5,6,7,8,9,10,11,12",1.0
aff13_wu100k_m256_seed2,13,x,244,171.84211116251123,True,12,12,13,0.9999994802118014,True,0.9999924493173143,M12r,0.3426354364468793,k2l,True,False,12,"1,2,3,4,5,6,7,8,9,10,11,12",1.0
aff13_wu100k_m256_seed2,13,x,245,214.9398023507442,True,1,1,0,0.4999622168484734,False,1.5566186664897284e-06,M11r,1.5207371666790185e-06,k2l,False,False,0,,1.0
aff13_wu100k_m256_seed2,13,x,246,187.05018958825016,True,12,12,13,0.9999976793820411,True,0.9999922742503372,M10r,0.34238165571971696,k2l,True,False,12,"1,2,3,4,5,6,7,8,9,10,11,12",1.0
aff13_wu100k_m256_seed2,13,x,247,152.98151938211686,True,12,12,13,0.9999987088829786,True,0.9999940709371657,M9r,0.3428349099641248,k2l,True,False,12,"1,2,3,4,5,6,7,8,9,10,11,12",1.0
aff13_wu100k_m256_seed2,13,x,248,210.37290445475196,True,12,12,13,0.9999999021451726,True,0.9999965783564652,M5r,0.3428610266258525,k2l,True,False,12,"1,2,3,4,5,6,7,8,9,10,11,12",1.0
aff13_wu100k_m256_seed2,13,x,249,0.0005547592492477664,True,12,12,13,0.9208325907434276,True,0.256295437321058,M3r,0.42224778356596104,k5r,False,False,12,"1,2,3,4,5,6,7,8,9,10,11,12",1.0
aff13_wu100k_m256_seed2,13,x,250,157.2469504893114,True,12,12,13,0.9999991261989636,True,0.999993225160138,M9r,0.34283035311415117,k2l,True,False,12,"1,2,3,4,5,6,7,8,9,10,11,12",1.0
aff13_wu100k_m256_seed2,13,x,251,176.41506657744358,True,12,12,13,0.9999980729015147,True,0.9999927031531083,M10r,0.3423773871947455,k2l,True,False,12,"1,2,3,4,5,6,7,8,9,10,11,12",1.0
aff13_wu100k_m256_seed2,13,x,252,167.1384014995342,True,12,12,13,0.9999994159293261,True,0.9999957131867202,M9r,0.3428219414821524,k2l,True,False,12,"1,2,3,4,5,6,7,8,9,10,11,12",1.0
aff13_wu100k_m256_seed2,13,x,253,120.04462567702468,True,12,12,13,0.9999979718802844,True,0.9999951364580499,M6r,0.3425431319845273,k2l,True,False,12,"1,2,3,4,5,6,7,8,9,10,11,12",1.0
aff13_wu100k_m256_seed2,13,x,254,202.72505563856956,True,12,12,13,0.9999995635208812,True,0.9999958312962541,M11r,0.34271124593793306,k2l,True,False,12,"1,2,3,4,5,6,7,8,9,10,11,12",1.0
aff13_wu100k_m256_seed2,13,x,255,180.75210895846317,True,12,12,13,0.9999991193490213,True,0.9999947300097908,M11r,0.342705154357723,k2l,True,False,12,"1,2,3,4,5,6,7,8,9,10,11,12",1.0
aff13_wu100k_m256_seed2,13,y,0,88.99298910273785,True,12,12,13,0.9999974978109117,True,0.9999908111549856,M5l,0.342432018988193,k2r,True,False,12,"1,2,3,4,5,6,7,8,9,10,11,12",1.0
aff13_wu100k_m256_seed2,13,y,1,170.61660745196565,True,12,12,13,0.9999997364595217,True,0.9999972485283842,M11l,0.3424485363673539,k2r,True,False,12,"1,2,3,4,5,6,7,8,9,10,11,12",1.0
aff13_wu100k_m256_seed2,13,y,2,168.58323851137197,True,12,12,13,0.9999992761932537,True,0.9999948759005367,M8l,0.342623586683081,k2r,True,False,12,"1,2,3,4,5,6,7,8,9,10,11,12",1.0
aff13_wu100k_m256_seed2,13,y,3,0.0002657112522580717,True,12,12,13,0.9094623694491919,True,0.38417253198130336,M5l,0.3116416079095424,k2r,False,False,12,"1,2,3,4,5,6,7,8,9,10,11,12",1.0
aff13_wu100k_m256_seed2,13,y,4,128.4575125824096,True,12,12,13,0.999998360325552,True,0.9999941924306367,M8l,0.34262729351656745,k2r,True,False,12,"1,2,3,4,5,6,7,8,9,10,11,12",1.0
aff13_wu100k_m256_seed2,13,y,5,174.92030883756163,True,12,12,13,0.999998787879694,True,0.9999963186264793,M3l,0.3425611094771885,k2r,True,False,12,"1,2,3,4,5,6,7,8,9,10,11,12",1.0
aff13_wu100k_m256_seed2,13,y,6,104.35026738532272,True,12,12,13,0.9999994971575265,True,0.9999959516277904,M2l,0.34255086929516304,k2r,True,False,12,"1,2,3,4,5,6,7,8,9,10,11,12",1.0
aff13_wu100k_m256_seed2,13,y,7,4.9639909735429306e-05,True,12,12,13,0.866037402146863,False,0.3055096818038332,M6l,0.2970691414715854,k2r,False,False,0,,1.0
aff13_wu100k_m256_seed2,13,y,8,101.02233783551108,True,1,1,0,0.4997625307973271,False,1.7845668719436123e-06,M6r,3.2813328255869767e-06,k5l,False,False,0,,1.0
aff13_wu100k_m256_seed2,13,y,9,132.6142101645433,True,12,12,13,0.9999985802406207,True,0.9999947864529765,M8l,0.3426321469241227,k2r,True,False,12,"1,2,3,4,5,6,7,8,9,10,11,12",1.0
aff13_wu100k_m256_seed2,13,y,10,97.1042647741255,True,12,12,13,0.9999992636569781,True,0.9999937161160684,M5l,0.34247264364747326,k2r,True,False,12,"1,2,3,4,5,6,7,8,9,10,11,12",1.0
aff13_wu100k_m256_seed2,13,y,11,124.12029349816214,True,12,12,13,0.9999990653691715,True,0.9999938832062315,M3l,0.3425723350817235,k2r,True,False,12,"1,2,3,4,5,6,7,8,9,10,11,12",1.0
aff13_wu100k_m256_seed2,13,y,12,119.65728843169792,True,12,12,13,0.9999987522148072,True,0.9999935352576791,M0l,0.34253176990537365,k2r,True,False,12,"1,2,3,4,5,6,7,8,9,10,11,12",1.0
aff13_wu100k_m256_seed2,13,y,13,147.62590988745768,True,12,12,13,0.9999978682723938,True,0.9999941348286732,M5l,0.342459499613806,k2r,True,False,12,"1,2,3,4,5,6,7,8,9,10,11,12",1.0
aff13_wu100k_m256_seed2,13,y,14,158.18809190411335,True,12,12,13,0.9999996232823951,True,0.9999968361298414,M0l,0.3425297745674732,k2r,True,False,12,"1,2,3,4,5,6,7,8,9,10,11,12",1.0
aff13_wu100k_m256_seed2,13,y,15,105.87054981976256,True,12,12,13,0.9999999253067241,True,0.9999973264384862,M11l,0.34245644304955364,k2r,True,False,12,"1,2,3,4,5,6,7,8,9,10,11,12",1.0
aff13_wu100k_m256_seed2,13,y,16,192.47598295652895,True,12,12,13,0.9999995450438377,True,0.9999959830000416,M10l,0.34269587232040594,k2r,True,False,12,"1,2,3,4,5,6,7,8,9,10,11,12",1.0
aff13_wu100k_m256_seed2,13,y,17,120.89632229299178,True,12,12,13,0.999999764433339,True,0.999994533631241,M0l,0.3425382215089551,k2r,True,False,12,"1,2,3,4,5,6,7,8,9,10,11,12",1.0
aff13_wu100k_m256_seed2,13,y,18,400.48723966648004,True,7,1,0,0.4999963832823953,False,1.1137398761471312e-06,M10r,1.5656031265385798e-06,k4r,False,False,0,,1.0
aff13_wu100k_m256_seed2,13,y,19,169.4777167342069,True,12,12,13,0.9999994405917559,True,0.9999952199244477,M10l,0.3426858085721869,k2r,True,False,12,"1,2,3,4,5,6,7,8,9,10,11,12",1.0
aff13_wu100k_m256_seed2,13,y,20,227.88417409234836,True,1,1,0,0.4999913617820061,False,1.1120514395392909e-06,M5r,2.7720248021257334e-06,k5l,False,False,0,,1.0
aff13_wu100k_m256_seed2,13,y,21,230.77569031681605,True,12,12,13,0.9999994414283225,True,0.9999964534900025,M9l,0.3425860251756627,k2r,True,False,12,"1,2,3,4,5,6,7,8,9,10,11,12",1.0
aff13_wu100k_m256_seed2,13,y,22,104.56445928648003,True,12,12,13,0.9999987843484408,True,0.9999955803891,M3l,0.3425565919143701,k2r,True,False,12,"1,2,3,4,5,6,7,8,9,10,11,12",1.0
aff13_wu100k_m256_seed2,13,y,23,228.16129645027527,True,12,12,13,0.999999791847529,True,0.999995962847849,M10l,0.3426849777155036,k2r,True,False,12,"1,2,3,4,5,6,7,8,9,10,11,12",1.0
aff13_wu100k_m256_seed2,13,y,24,205.09106524503207,True,12,12,13,0.9999974753457259,True,0.9999949882705871,M0l,0.34253384452362734,k2r,True,False,12,"1,2,3,4,5,6,7,8,9,10,11,12",1.0
aff13_wu100k_m256_seed2,13,y,25,177.52269255784256,True,12,12,13,0.9999990885989571,True,0.9999957313449915,M10l,0.34267438060483674,k2r,True,False,12,"1,2,3,4,5,6,7,8,9,10,11,12",1.0
aff13_wu100k_m256_seed2,13,y,26,0.0002516423665958647,True,12,12,13,0.8735457745240467,False,0.3408380235718357,M7l,0.34824436990642393,k5l,False,False,0,,1.0
aff13_wu100k_m256_seed2,13,y,27,137.22960234020155,True,12,12,13,0.9999998994881686,True,0.9999973192182174,M2l,0.34255832341900155,k2r,True,False,12,"1,2,3,4,5,6,7,8,9,10,11,12",1.0
aff13_wu100k_m256_seed2,13,y,28,263.97066126528983,True,1,1,0,0.4999562865448586,False,8.874325530713224e-07,M6r,1.6460833866296723e-06,k5l,False,False,0,,1.0
aff13_wu100k_m256_seed2,13,y,29,168.00656259420032,True,12,12,13,0.9999986021737851,True,0.999995203471944,M8l,0.34262083299317514,k2r,True,False,12,"1,2,3,4,5,6,7,8,9,10,11,12",1.0
aff13_wu100k_m256_seed2,13,y,30,182.68959654000224,True,12,12,13,0.9999993177728975,True,0.9999966434059461,M8l,0.34261900655899297,k2r,True,False,12,"1,2,3,4,5,6,7,8,9,10,11,12",1.0
aff13_wu100k_m256_seed2,13,y,31,221.87509665149628,True,1,1,0,0.4999888612775417,False,1.05589212369754e-06,M7l,1.8163264767632518e-06,k5l,False,False,0,,1.0
aff13_wu100k_m256_seed2,13,y,32,182.95070570970213,True,12,12,13,0.9999995361442108,True,0.9999968974372645,M7l,0.3425420762637916,k2r,True,False,12,"1,2,3,4,5,6,7,8,9,10,11,12",1.0
aff13_wu100k_m256_seed2,13,y,33,115.9809102587496,True,12,12,13,0.9999991478668628,True,0.9999943210420292,M10l,0.3426924795420672,k2r,True,False,12,"1,2,3,4,5,6,7,8,9,10,11,12",1.0
aff13_wu100k_m256_seed2,13,y,34,166.09400491053879,True,12,12,13,0.9999974469311077,True,0.999993907405896,M3l,0.3425565887950433,k2r,True,False,12,"1,2,3,4,5,6,7,8,9,10,11,12",1.0
aff13_wu100k_m256_seed2,13,y,35,121.2273080347475,True,12,12,13,0.9999989428137782,True,0.9999962028605546,M2l,0.34254672042075685,k2r,True,False,12,"1,2,3,4,5,6,7,8,9,10,11,12",1.0
aff13_wu100k_m256_seed2,13,y,36,101.81505660228704,True,12,12,13,0.9999990900127677,True,0.9999945426837414,M6l,0.34243915448610257,k2r,True,False,12,"1,2,3,4,5,6,7,8,9,10,11,12",1.0
aff13_wu100k_m256_seed2,13,y,37,152.31441314549758,True,12,12,13,0.9999997875254675,True,0.9999950482019276,M5l,0.34245742393797096,k2r,True,False,12,"1,2,3,4,5,6,7,8,9,10,11,12",1.0
aff13_wu100k_m256_seed2,13,y,38,127.69835321954899,True,12,12,13,0.9999993734086565,True,0.9999960057074775,M7l,0.34252470439022176,k2r,True,False,12,"1,2,3,4,5,6,7,8,9,10,11,12",1.0
aff13_wu100k_m256_seed2,13,y,39,189.87415229893602,True,12,12,13,0.9999988668287981,True,0.9999941584129175,M7l,0.3425312942026834,k2r,True,False,12,"1,2,3,4,5,6,7,8,9,10,11,12",1.0
aff13_wu100k_m256_seed2,13,y,40,180.657660322465,True,12,12,13,0.999999363230115,True,0.9999963086071889,M9l,0.3425850589494785,k2r,True,False,12,"1,2,3,4,5,6,7,8,9,10,11,12",1.0
aff13_wu100k_m256_seed2,13,y,41,117.277866412369,True,12,12,13,0.9999997732434713,True,0.9999958527697033,M2l,0.3425556273720181,k2r,True,False,12,"1,2,3,4,5,6,7,8,9,10,11,12",1.0
aff13_wu100k_m256_seed2,13,y,42,164.69560704826733,True,12,12,13,0.9999998090277709,True,0.9999967991247726,M0l,0.34252430736005063,k2r,True,False,12,"1,2,3,4,5,6,7,8,9,10,11,12",1.0
aff13_wu100k_m256_seed2,13,y,43,180.66417629082827,True,12,12,13,0.9999992647254052,True,0.9999955998795568,M11l,0.34246101383663446,k2r,True,False,12,"1,2,3,4,5,6,7,8,9,10,11,12",1.0
aff13_wu100k_m256_seed2,13,y,44,111.58435065336968,True,12,12,13,0.9999993238918359,True,0.9999969741868053,M2l,0.34255305776536954,k2r,True,False,12,"1,2,3,4,5,6,7,8,9,10,11,12",1.0
aff13_wu100k_m256_seed2,13,y,45,121.10858023431156,True,12,12,13,0.9999992339485547,True,0.9999941403018348,M0l,0.34253742393163844,k2r,True,False,12,"1,2,3,4,5,6,7,8,9,10,11,12",1.0
aff13_wu100k_m256_seed2,13,y,46,212.48892823663385,True,1,1,0,0.4999491935017606,False,1.1446029411549467e-06,M10l,1.2566547507717062e-06,k5l,False,False,0,,1.0
aff13_wu100k_m256_seed2,13,y,47,221.61454108100122,True,12,12,13,0.9999997481277333,True,0.9999963759881351,M10l,0.3426843939273747,k2r,True,False,12,"1,2,3,4,5,6,7,8,9,10,11,12",1.0
aff13_wu100k_m256_seed2,13,y,48,175.04137968361783,True,12,12,13,0.9999986159859037,True,0.9999958745900865,M7l,0.34253232124430427,k2r,True,False,12,"1,2,3,4,5,6,7,8,9,10,11,12",1.0
aff13_wu100k_m256_seed2,13,y,49,0.00018368870345775062,True,12,12,13,0.8334651819411751,False,0.2236639822776507,M2l,0.41973399142369017,k1l,False,False,0,,1.0
aff13_wu100k_m256_seed2,13,y,50,164.3004360959834,True,12,12,13,0.9999989199482899,True,0.9999959457544843,M8l,0.3426075941944637,k2r,True,False,12,"1,2,3,4,5,6,7,8,9,10,11,12",1.0
aff13_wu100k_m256_seed2,13,y,51,117.08753562064985,True,12,12,13,0.9999986892542332,True,0.9999958459618311,M9l,0.342582426511738,k2r,True,False,12,"1,2,3,4,5,6,7,8,9,10,11,12",1.0
aff13_wu100k_m256_seed2,13,y,52,131.26609675792298,True,12,12,13,0.999998675578144,True,0.9999949442919444,M8l,0.34260705258670776,k2r,True,False,12,"1,2,3,4,5,6,7,8,9,10,11,12",1.0
aff13_wu100k_m256_seed2,13,y,53,169.65103536711075,True,12,12,13,0.9999997244034824,True,0.9999974839437489,M6l,0.34243581247336163,k2r,True,False,12,"1,2,3,4,5,6,7,8,9,10,11,12",1.0
aff13_wu100k_m256_seed2,13,y,54,120.62124405915581,True,12,12,13,0.9999984710273487,True,0.9999947518582175,M9l,0.3425893652445333,k2r,True,False,12,"1,2,3,4,5,6,7,8,9,10,11,12",1.0
aff13_wu100k_m256_seed2,13,y,55,152.06591067959533,True,12,12,13,0.9999991587552736,True,0.9999955865865289,M8l,0.34261343954172485,k2r,True,False,12,"1,2,3,4,5,6,7,8,9,10,11,12",1.0
aff13_wu100k_m256_seed2,13,y,56,171.69963523734106,True,12,12,13,0.9999984394256151,True,0.9999963899298006,M2l,0.3425504090944809,k2r,True,False,12,"1,2,3,4,5,6,7,8,9,10,11,12",1.0
aff13_wu100k_m256_seed2,13,y,57,163.18082411143766,True,1,1,0,0.499778877560111,False,1.0811913855080863e-06,M7l,1.469777391263981e-06,k5l,False,False,0,,1.0
aff13_wu100k_m256_seed2,13,y,58,116.1404861610881,True,12,12,13,0.9999991078053783,True,0.9999952027600243,M2l,0.3425519512041782,k2r,True,False,12,"1,2,3,4,5,6,7,8,9,10,11,12",1.0
aff13_wu100k_m256_seed2,13,y,59,184.15780253680612,True,12,12,13,0.9999991065550651,True,0.999995844016604,M10l,0.3426904928805695,k2r,True,False,12,"1,2,3,4,5,6,7,8,9,10,11,12",1.0
aff13_wu100k_m256_seed2,13,y,60,196.87381518638088,True,12,12,13,0.9999993544656973,True,0.999996226231908,M6l,0.34243798154739197,k2r,True,False,12,"1,2,3,4,5,6,7,8,9,10,11,12",1.0
aff13_wu100k_m256_seed2,13,y,61,131.75766255923392,True,12,12,13,0.9999991095113366,True,0.9999944333631985,M7l,0.3425322504370456,k2r,True,False,12,"1,2,3,4,5,6,7,8,9,10,11,12",1.0
aff13_wu100k_m256_seed2,13,y,62,217.4744222872786,True,12,12,13,0.9999995510187145,True,0.9999970053406747,M10l,0.3426850912036537,k2r,True,False,12,"1,2,3,4,5,6,7,8,9,10,11,12",1.0
aff13_wu100k_m256_seed2,13,y,63,140.7491269972484,True,12,12,13,0.9999996152554683,True,0.999996474308505,M7l,0.3425280110078685,k2r,True,False,12,"1,2,3,4,5,6,7,8,9,10,11,12",1.0
aff13_wu100k_m256_seed2,13,y,64,99.87630995088149,True,12,12,13,0.9999994228032646,True,0.9999969017320427,M11l,0.3424529022953535,k2r,True,False,12,"1,2,3,4,5,6,7,8,9,10,11,12",1.0
aff13_wu100k_m256_seed2,13,y,65,191.98082088520366,True,1,1,0,0.49994364821990817,False,1.3064311514343516e-06,M10l,1.5441881223850094e-06,k4r,False,False,0,,1.0
aff13_wu100k_m256_seed2,13,y,66,0.0005001792257661095,True,1,1,0,0.3498962772236093,False,0.07392262339241495,M11l,0.09122403598665488,k5l,False,False,0,,1.0
aff13_wu100k_m256_seed2,13,y,67,161.53883524329478,True,12,12,13,0.9999997327555743,True,0.99999753681658,M6l,0.34243375515040364,k2r,True,False,12,"1,2,3,4,5,6,7,8,9,10,11,12",1.0
aff13_wu100k_m256_seed2,13,y,68,0.00028255494801626056,True,12,12,13,0.8579584152062627,False,0.26112008856403796,M8l,0.2944739280268573,k2r,False,False,0,,1.0
aff13_wu100k_m256_seed2,13,y,69,161.31222314156662,True,12,12,13,0.9999996543355839,True,0.9999970583565186,M2l,0.3425462377461505,k2r,True,False,12,"1,2,3,4,5,6,7,8,9,10,11,12",1.0
aff13_wu100k_m256_seed2,13,y,70,127.7821576857975,True,12,12,13,0.9999991620911756,True,0.999995385579975,M9l,0.34258330581224977,k2r,True,False,12,"1,2,3,4,5,6,7,8,9,10,11,12",1.0
aff13_wu100k_m256_seed2,13,y,71,130.55005440445953,True,12,12,13,0.9999987911932855,True,0.99999500094662,M0l,0.34252560835354434,k2r,True,False,12,"1,2,3,4,5,6,7,8,9,10,11,12",1.0
aff13_wu100k_m256_seed2,13,y,72,116.2390284489655,True,12,12,13,0.9999996201864171,True,0.9999961328356394,M0l,0.34253327819379914,k2r,True,False,12,"1,2,3,4,5,6,7,8,9,10,11,12",1.0
aff13_wu100k_m256_seed2,13,y,73,131.89425095089183,True,1,1,0,0.4995855400174091,False,2.7108467328827774e-06,M10l,2.2749736868919302e-06,k4r,False,False,0,,1.0
aff13_wu100k_m256_seed2,13,y,74,203.46144081339241,True,12,12,13,0.9999994060965199,True,0.9999964029608852,M6l,0.34244692302267277,k2r,True,False,12,"1,2,3,4,5,6,7,8,9,10,11,12",1.0
aff13_wu100k_m256_seed2,13,y,75,172.8523048704521,True,12,12,13,0.9999991140404594,True,0.9999970035275207,M11l,0.34246023169579354,k2r,True,False,12,"1,2,3,4,5,6,7,8,9,10,11,12",1.0
aff13_wu100k_m256_seed2,13,y,76,169.63008546534166,True,12,12,13,0.9999982184784263,True,0.999995793404298,M8l,0.3426208280845589,k2r,True,False,12,"1,2,3,4,5,6,7,8,9,10,11,12",1.0
aff13_wu100k_m256_seed2,13,y,77,145.2272220828011,True,12,12,13,0.9999995922729009,True,0.9999967362722777,M5l,0.34246086905356876,k2r,True,False,12,"1,2,3,4,5,6,7,8,9,10,11,12",1.0
aff13_wu100k_m256_seed2,13,y,78,177.27234672696588,True,12,12,13,0.9999998052673947,True,0.9999972118373577,M0l,0.3425445265074346,k2r,True,False,12,"1,2,3,4,5,6,7,8,9,10,11,12",1.0
aff13_wu100k_m256_seed2,13,y,79,157.82523611831823,True,12,12,13,0.9999991327797509,True,0.9999964969072022,M10l,0.34268479388884615,k2r,True,False,12,"1,2,3,4,5,6,7,8,9,10,11,12",1.0
aff13_wu100k_m256_seed2,13,y,80,0.00014368180125185617,True,12,12,13,0.9419655242568992,True,0.4195974024472854,M9l,0.4587135300014734,k3l,False,False,12,"1,2,3,4,5,6,7,8,9,10,11,12",1.0
aff13_wu100k_m256_seed2,13,y,81,174.16883865921417,True,12,12,13,0.9999997388797771,True,0.9999965047104737,M5l,0.3424506103224999,k2r,True,False,12,"1,2,3,4,5,6,7,8,9,10,11,12",1.0
aff13_wu100k_m256_seed2,13,y,82,150.44831085096627,True,12,12,13,0.9999992811558177,True,0.9999932927539398,M11l,0.3424450861481384,k2r,True,False,12,"1,2,3,4,5,6,7,8,9,10,11,12",1.0
aff13_wu100k_m256_seed2,13,y,83,101.16833655320094,True,12,12,13,0.9999984606328507,True,0.999992665259547,M2l,0.34255121326022087,k2r,True,False,12,"1,2,3,4,5,6,7,8,9,10,11,12",1.0
aff13_wu100k_m256_seed2,13,y,84,178.94308343019634,True,12,12,13,0.9999992233425804,True,0.9999947881376947,M8l,0.34262071205596817,k2r,True,False,12,"1,2,3,4,5,6,7,8,9,10,11,12",1.0
aff13_wu100k_m256_seed2,13,y,85,95.49218784521128,True,12,12,13,0.9999982042647316,True,0.999995785556385,M5l,0.34247164629181626,k2r,True,False,12,"1,2,3,4,5,6,7,8,9,10,11,12",1.0
aff13_wu100k_m256_seed2,13,y,86,97.43934355659462,True,12,12,13,0.9999996801598425,True,0.9999939138781476,M11l,0.34245421122796804,k2r,True,False,12,"1,2,3,4,5,6,7,8,9,10,11,12",1.0
aff13_wu100k_m256_seed2,13,y,87,239.7224633323707,True,1,1,0,0.49998478899979154,False,9.145384226767213e-07,M7l,1.244130612804004e-06,k5l,False,False,0,,1.0
aff13_wu100k_m256_seed2,13,y,88,103.80101767332448,True,12,12,13,0.9999980405161161,True,0.9999914544543518,M11l,0.3424615775275125,k2r,True,False,12,"1,2,3,4,5,6,7,8,9,10,11,12",1.0
aff13_wu100k_m256_seed2,13,y,89,228.9732288991521,True,12,12,13,0.9999994112504444,True,0.9999968781310994,M7l,0.34253177995060735,k2r,True,False,12,"1,2,3,4,5,6,7,8,9,10,11,12",1.0
aff13_wu100k_m256_seed2,13,y,90,158.01065092943736,True,12,12,13,0.9999993496549726,True,0.9999952472901826,M0l,0.3425363270744604,k2r,True,False,12,"1,2,3,4,5,6,7,8,9,10,11,12",1.0
aff13_wu100k_m256_seed2,13,y,91,172.49408868998833,True,12,12,13,0.9999998867586781,True,0.999997963848766,M2l,0.3425495192837143,k2r,True,False,12,"1,2,3,4,5,6,7,8,9,10,11,12",1.0
aff13_wu100k_m256_seed2,13,y,92,120.28593733017509,True,12,12,13,0.9999995887088085,True,0.9999962144003933,M9l,0.3425992268647141,k2r,True,False,12,"1,2,3,4,5,6,7,8,9,10,11,12",1.0
aff13_wu100k_m256_seed2,13,y,93,125.9837940361132,True,12,12,13,0.999999314138941,True,0.9999963113271811,M10l,0.3426839500568134,k2r,True,False,12,"1,2,3,4,5,6,7,8,9,10,11,12",1.0
aff13_wu100k_m256_seed2,13,y,94,172.57710882417328,True,12,12,13,0.999999130993838,True,0.9999961050211666,M9l,0.3425794860934009,k2r,True,False,12,"1,2,3,4,5,6,7,8,9,10,11,12",1.0
aff13_wu100k_m256_seed2,13,y,95,103.12736242889589,True,12,12,13,0.999998636370221,True,0.9999965565126248,M3l,0.3425563437311071,k2r,True,False,12,"1,2,3,4,5,6,7,8,9,10,11,12",1.0
aff13_wu100k_m256_seed2,13,y,96,192.5518838651082,True,12,12,13,0.9999986657979199,True,0.9999958135027135,M11l,0.3424445630908812,k2r,True,False,12,"1,2,3,4,5,6,7,8,9,10,11,12",1.0
aff13_wu100k_m256_seed2,13,y,97,126.42290454325453,True,12,12,13,0.9999998309953083,True,0.999996406477466,M0l,0.3425466864723387,k2r,True,False,12,"1,2,3,4,5,6,7,8,9,10,11,12",1.0
aff13_wu100k_m256_seed2,13,y,98,101.78454701617952,True,12,12,13,0.9999991404050688,True,0.9999927537330527,M3l,0.34256234996201906,k2r,True,False,12,"1,2,3,4,5,6,7,8,9,10,11,12",1.0
aff13_wu100k_m256_seed2,13,y,99,159.23090421454648,True,12,12,13,0.9999994448716518,True,0.9999934328532688,M8l,0.34262397713682674,k2r,True,False,12,"1,2,3,4,5,6,7,8,9,10,11,12",1.0
aff13_wu100k_m256_seed2,13,y,100,128.2520589034793,True,12,12,13,0.9999996743853524,True,0.9999937250059742,M7l,0.34252709822194954,k2r,True,False,12,"1,2,3,4,5,6,7,8,9,10,11,12",1.0
aff13_wu100k_m256_seed2,13,y,101,158.21836583995233,True,12,12,13,0.9999996911165275,True,0.9999968222472471,M5l,0.34246205438748606,k2r,True,False,12,"1,2,3,4,5,6,7,8,9,10,11,12",1.0
aff13_wu100k_m256_seed2,13,y,102,183.20891060395152,True,12,12,13,0.9999996356856129,True,0.9999967635745882,M6l,0.34244528720030665,k2r,True,False,12,"1,2,3,4,5,6,7,8,9,10,11,12",1.0
aff13_wu100k_m256_seed2,13,y,103,340.5270630306625,True,11,1,0,0.9999950914686371,True,1.4356240896737816e-06,M3l,1.2449237906141347e-06,k4l,False,False,0,,1.0
aff13_wu100k_m256_seed2,13,y,104,140.12078265228635,True,12,12,13,0.9999977013622654,True,0.9999952809196477,M9l,0.34259296631830244,k2r,True,False,12,"1,2,3,4,5,6,7,8,9,10,11,12",1.0
aff13_wu100k_m256_seed2,13,y,105,0.00013378971375559867,True,12,12,13,0.8398788782084197,False,0.2759356031909527,M3l,0.35027130684247654,k2l,False,False,0,,1.0
aff13_wu100k_m256_seed2,13,y,106,111.47221189633642,True,12,12,13,0.9999995227993451,True,0.9999959103251085,M3l,0.3425722747308778,k2r,True,False,12,"1,2,3,4,5,6,7,8,9,10,11,12",1.0
aff13_wu100k_m256_seed2,13,y,107,130.64800429067768,True,12,12,13,0.9999996463919509,True,0.9999960472165904,M7l,0.34252231137310196,k2r,True,False,12,"1,2,3,4,5,6,7,8,9,10,11,12",1.0
aff13_wu100k_m256_seed2,13,y,108,119.55093557189389,True,12,12,13,0.9999992463620335,True,0.9999961715019527,M10l,0.34268561137324377,k2r,True,False,12,"1,2,3,4,5,6,7,8,9,10,11,12",1.0
aff13_wu100k_m256_seed2,13,y,109,208.21310905707483,True,1,1,0,0.4999622815926118,False,9.966653770716215e-07,M7l,1.287993100257828e-06,k5l,False,False,0,,1.0
aff13_wu100k_m256_seed2,13,y,110,107.68762624134237,True,12,12,13,0.9999959214133407,True,0.9999907559220622,M5l,0.34245731752448444,k2r,True,False,12,"1,2,3,4,5,6,7,8,9,10,11,12",1.0
aff13_wu100k_m256_seed2,13,y,111,0.00025028161333455137,True,12,12,13,0.8324864730261031,False,0.5385154580707188,M10l,0.3041888908930654,k1l,False,False,0,,1.0
aff13_wu100k_m256_seed2,13,y,112,170.22538636554265,True,12,12,13,0.9999993509260582,True,0.9999961000612433,M2l,0.3425564526098758,k2r,True,False,12,"1,2,3,4,5,6,7,8,9,10,11,12",1.0
aff13_wu100k_m256_seed2,13,y,113,149.3200949957106,True,12,12,13,0.9999988153078886,True,0.9999949542220953,M9l,0.3425889382533097,k2r,True,False,12,"1,2,3,4,5,6,7,8,9,10,11,12",1.0
aff13_wu100k_m256_seed2,13,y,114,117.8008953058185,True,12,12,13,0.9999985972601173,True,0.9999944906555586,M8l,0.34261469081446455,k2r,True,False,12,"1,2,3,4,5,6,7,8,9,10,11,12",1.0
aff13_wu100k_m256_seed2,13,y,115,102.5542091847925,True,12,12,13,0.9999998626887125,True,0.9999946035263533,M6l,0.3424370630732189,k2r,True,False,12,"1,2,3,4,5,6,7,8,9,10,11,12",1.0
aff13_wu100k_m256_seed2,13,y,116,111.76023276829964,True,12,12,13,0.9999996006851823,True,0.9999953847888831,M2l,0.3425557671975228,k2r,True,False,12,"1,2,3,4,5,6,7,8,9,10,11,12",1.0
aff13_wu100k_m256_seed2,13,y,117,106.1497729938894,True,12,12,13,0.9999993332325164,True,0.9999967186213524,M6l,0.3424487479535599,k2r,True,False,12,"1,2,3,4,5,6,7,8,9,10,11,12",1.0
aff13_wu100k_m256_seed2,13,y,118,171.9006030928968,True,12,12,13,0.99999876397887,True,0.9999922287022565,M3l,0.3425689162224458,k2r,True,False,12,"1,2,3,4,5,6,7,8,9,10,11,12",1.0
aff13_wu100k_m256_seed2,13,y,119,118.28784290613181,True,12,12,13,0.9999995926192228,True,0.9999944765610772,M9l,0.3425780020242599,k2r,True,False,12,"1,2,3,4,5,6,7,8,9,10,11,12",1.0
aff13_wu100k_m256_seed2,13,y,120,181.21093091878313,True,12,12,13,0.9999998774142661,True,0.9999977790447689,M7l,0.3425339457453371,k2r,True,False,12,"1,2,3,4,5,6,7,8,9,10,11,12",1.0
aff13_wu100k_m256_seed2,13,y,121,98.39470607782329,True,12,12,13,0.9999996818458093,True,0.9999935811570952,M5l,0.3424683308066764,k2r,True,False,12,"1,2,3,4,5,6,7,8,9,10,11,12",1.0
aff13_wu100k_m256_seed2,13,y,122,175.24277669394104,True,12,12,13,0.9999976317674703,True,0.9999944291252928,M9l,0.34258206378689254,k2r,True,False,12,"1,2,3,4,5,6,7,8,9,10,11,12",1.0
aff13_wu100k_m256_seed2,13,y,123,157.1810221008236,True,12,12,13,0.9999990526382647,True,0.9999945900855067,M10l,0.3426909802028207,k2r,True,False,12,"1,2,3,4,5,6,7,8,9,10,11,12",1.0
aff13_wu100k_m256_seed2,13,y,124,143.01861319194106,True,12,12,13,0.9999975522272598,True,0.9999943572093037,M5l,0.34245701588593125,k2r,True,False,12,"1,2,3,4,5,6,7,8,9,10,11,12",1.0
aff13_wu100k_m256_seed2,13,y,125,180.17383025171972,True,12,12,13,0.9999995224960189,True,0.9999969006306909,M7l,0.3425298624625644,k2r,True,False,12,"1,2,3,4,5,6,7,8,9,10,11,12",1.0
aff13_wu100k_m256_seed2,13,y,126,120.46620392595776,True,12,12,13,0.9999989266351516,True,0.9999958815704164,M10l,0.3426908477075068,k2r,True,False,12,"1,2,3,4,5,6,7,8,9,10,11,12",1.0
aff13_wu100k_m256_seed2,13,y,127,214.95300074263616,True,12,12,13,0.999998541494368,True,0.9999939513480912,M3l,0.3425709402911222,k2r,True,False,12,"1,2,3,4,5,6,7,8,9,10,11,12",1.0
aff13_wu100k_m256_seed2,13,y,128,165.04471461563338,True,12,12,13,0.9999990087381014,True,0.9999968838291069,M5l,0.342454377420256,k2r,True,False,12,"1,2,3,4,5,6,7,8,9,10,11,12",1.0
aff13_wu100k_m256_seed2,13,y,129,118.54639187838207,True,12,12,13,0.9999996883384341,True,0.999997380557144,M2l,0.3425585814839709,k2r,True,False,12,"1,2,3,4,5,6,7,8,9,10,11,12",1.0
aff13_wu100k_m256_seed2,13,y,130,189.156024212569,True,12,12,13,0.9999999326223488,True,0.9999961245240733,M2l,0.342559818406427,k2r,True,False,12,"1,2,3,4,5,6,7,8,9,10,11,12",1.0
aff13_wu100k_m256_seed2,13,y,131,163.55074973132827,True,12,12,13,0.999998656300389,True,0.9999936590969524,M3l,0.3425641108600447,k2r,True,False,12,"1,2,3,4,5,6,7,8,9,10,11,12",1.0
aff13_wu100k_m256_seed2,13,y,132,196.68430630978057,True,1,1,0,0.49997631947056576,False,1.4133144089936438e-06,M10l,2.3323870958692987e-06,k2r,False,False,0,,1.0
aff13_wu100k_m256_seed2,13,y,133,118.4017964638101,True,12,12,13,0.9999984162609847,True,0.9999934775825184,M7l,0.342528931730462,k2r,True,False,12,"1,2,3,4,5,6,7,8,9,10,11,12",1.0
aff13_wu100k_m256_seed2,13,y,134,174.9416349934562,True,12,12,13,0.9999986639904057,True,0.999994967808374,M9l,0.34259547091307135,k2r,True,False,12,"1,2,3,4,5,6,7,8,9,10,11,12",1.0
aff13_wu100k_m256_seed2,13,y,135,167.44801820379644,True,12,12,13,0.9999997499778176,True,0.9999969136847108,M6l,0.3424417964003431,k2r,True,False,12,"1,2,3,4,5,6,7,8,9,10,11,12",1.0
aff13_wu100k_m256_seed2,13,y,136,165.7790597268241,True,12,12,13,0.9999994767951143,True,0.9999966627095903,M6l,0.3424366744328295,k2r,True,False,12,"1,2,3,4,5,6,7,8,9,10,11,12",1.0
aff13_wu100k_m256_seed2,13,y,137,249.1756044601458,True,1,1,0,0.49996470331805903,False,9.461238812433693e-07,M0l,1.281966031654941e-06,k4r,False,False,0,,1.0
aff13_wu100k_m256_seed2,13,y,138,172.35540542126154,True,12,12,13,0.9999972277906626,True,0.9999923822351833,M8l,0.3426280179324158,k2r,True,False,12,"1,2,3,4,5,6,7,8,9,10,11,12",1.0
aff13_wu100k_m256_seed2,13,y,139,0.0004191112159128865,True,12,12,13,0.897561608090907,False,0.49797619945447674,M11l,0.39468716955677025,k5l,False,False,0,,1.0
aff13_wu100k_m256_seed2,13,y,140,125.48219121850812,True,12,12,13,0.9999974714226677,True,0.9999916939426945,M8l,0.3426074843335613,k2r,True,False,12,"1,2,3,4,5,6,7,8,9,10,11,12",1.0
aff13_wu100k_m256_seed2,13,y,141,179.8853429768089,True,12,12,13,0.9999997094663794,True,0.9999949864827917,M9l,0.3425936927671597,k2r,True,False,12,"1,2,3,4,5,6,7,8,9,10,11,12",1.0
aff13_wu100k_m256_seed2,13,y,142,117.66914796502317,True,12,12,13,0.9999988435448175,True,0.9999937587883277,M3l,0.34256929203775316,k2r,True,False,12,"1,2,3,4,5,6,7,8,9,10,11,12",1.0
aff13_wu100k_m256_seed2,13,y,143,154.1524696408663,True,1,1,0,0.49972753589922436,False,1.555364928962568e-06,M8l,2.103727496116927e-06,k5l,False,False,0,,1.0
aff13_wu100k_m256_seed2,13,y,144,184.20311194982781,True,12,12,13,0.9999996912694326,True,0.9999962404374729,M9l,0.3425830808776964,k2r,True,False,12,"1,2,3,4,5,6,7,8,9,10,11,12",1.0
aff13_wu100k_m256_seed2,13,y,145,103.08416797628202,True,12,12,13,0.9999978718631238,True,0.9999937932105307,M3l,0.34255709867524287,k2r,True,False,12,"1,2,3,4,5,6,7,8,9,10,11,12",1.0
aff13_wu100k_m256_seed2,13,y,146,113.49405479287894,True,12,12,13,0.9999983662778841,True,0.9999943760286634,M9l,0.3425801665665066,k2r,True,False,12,"1,2,3,4,5,6,7,8,9,10,11,12",1.0
aff13_wu100k_m256_seed2,13,y,147,107.87702625147537,True,12,12,13,0.9999992180569914,True,0.9999934688928808,M2l,0.34255051370095646,k2r,True,False,12,"1,2,3,4,5,6,7,8,9,10,11,12",1.0
aff13_wu100k_m256_seed2,13,y,148,149.6396533369513,True,12,12,13,0.9999993600539268,True,0.9999962821167632,M3l,0.3425631127140075,k2r,True,False,12,"1,2,3,4,5,6,7,8,9,10,11,12",1.0
aff13_wu100k_m256_seed2,13,y,149,122.29623030935308,True,12,12,13,0.999998541163701,True,0.9999945600107332,M8l,0.34261164336436667,k2r,True,False,12,"1,2,3,4,5,6,7,8,9,10,11,12",1.0
aff13_wu100k_m256_seed2,13,y,150,185.1416528394586,True,12,12,13,0.9999993872507905,True,0.9999961634282591,M5l,0.34246948596645044,k2r,True,False,12,"1,2,3,4,5,6,7,8,9,10,11,12",1.0
aff13_wu100k_m256_seed2,13,y,151,134.52430952015624,True,12,12,13,0.9999994746220567,True,0.9999964655135368,M7l,0.3425251861662013,k2r,True,False,12,"1,2,3,4,5,6,7,8,9,10,11,12",1.0
aff13_wu100k_m256_seed2,13,y,152,175.2437417992539,True,12,12,13,0.9999996747581048,True,0.9999972128778738,M10l,0.3426843348702606,k2r,True,False,12,"1,2,3,4,5,6,7,8,9,10,11,12",1.0
aff13_wu100k_m256_seed2,13,y,153,395.1703874749562,True,7,1,0,0.49999651691486807,False,1.0436430781459256e-06,M10r,1.5550634785932441e-06,k4r,False,False,0,,1.0
aff13_wu100k_m256_seed2,13,y,154,115.16576878633714,True,12,12,13,0.9999991404222186,True,0.9999965252219415,M2l,0.3425518109008704,k2r,True,False,12,"1,2,3,4,5,6,7,8,9,10,11,12",1.0
aff13_wu100k_m256_seed2,13,y,155,217.5541073240918,True,12,12,13,0.9999995781904115,True,0.9999972812798489,M11l,0.3424534059689976,k2r,True,False,12,"1,2,3,4,5,6,7,8,9,10,11,12",1.0
aff13_wu100k_m256_seed2,13,y,156,0.00021380571476192273,True,12,12,13,0.7100384531831944,False,0.2402797119423694,M10l,0.32868961916621353,k2l,False,False,0,,1.0
aff13_wu100k_m256_seed2,13,y,157,107.1435501750447,True,12,12,13,0.9999986590773124,True,0.9999946239218083,M6l,0.342448783527191,k2r,True,False,12,"1,2,3,4,5,6,7,8,9,10,11,12",1.0
aff13_wu100k_m256_seed2,13,y,158,91.58198035530421,True,12,12,13,0.9999995899888048,True,0.9999961269429779,M5l,0.3424496003925216,k2r,True,False,12,"1,2,3,4,5,6,7,8,9,10,11,12",1.0
aff13_wu100k_m256_seed2,13,y,159,178.3665951139851,True,1,1,0,0.49997032765512844,False,1.5096400798775667e-06,M0l,2.5326196966756096e-06,k2r,False,False,0,,1.0
aff13_wu100k_m256_seed2,13,y,160,0.00026338584204989356,True,12,12,13,0.8802307539255291,False,0.2462079469369742,M8l,0.3765638375714798,k2l,False,False,0,,1.0
aff13_wu100k_m256_seed2,13,y,161,114.90436692658665,True,12,12,13,0.9999995614262502,True,0.9999948791462258,M8l,0.3426254267959368,k2r,True,False,12,"1,2,3,4,5,6,7,8,9,10,11,12",1.0
aff13_wu100k_m256_seed2,13,y,162,127.1714441723636,True,12,12,13,0.9999982057488361,True,0.999995410416341,M8l,0.3426199858743617,k2r,True,False,12,"1,2,3,4,5,6,7,8,9,10,11,12",1.0
aff13_wu100k_m256_seed2,13,y,163,121.4467201334278,True,12,12,13,0.9999988102981914,True,0.9999961910031606,M3l,0.342563369428836,k2r,True,False,12,"1,2,3,4,5,6,7,8,9,10,11,12",1.0
aff13_wu100k_m256_seed2,13,y,164,215.23960682104422,True,12,12,13,0.9999992288309164,True,0.9999972180001382,M3l,0.34255498785514754,k2r,True,False,12,"1,2,3,4,5,6,7,8,9,10,11,12",1.0
aff13_wu100k_m256_seed2,13,y,165,161.05910541665216,True,12,12,13,0.9999994642198007,True,0.9999965716265937,M6l,0.342446380529516,k2r,True,False,12,"1,2,3,4,5,6,7,8,9,10,11,12",1.0
aff13_wu100k_m256_seed2,13,y,166,122.30342836435396,True,12,12,13,0.9999996059592972,True,0.9999953207014088,M7l,0.3425266041405332,k2r,True,False,12,"1,2,3,4,5,6,7,8,9,10,11,12",1.0
aff13_wu100k_m256_seed2,13,y,167,138.49700473556,True,12,12,13,0.9999992354008324,True,0.9999950359547116,M8l,0.3426177137766714,k2r,True,False,12,"1,2,3,4,5,6,7,8,9,10,11,12",1.0
aff13_wu100k_m256_seed2,13,y,168,328.4566473626503,True,11,1,0,0.9999954114637917,True,9.988291584895928e-07,M3l,1.241000810868395e-06,k4l,False,False,0,,1.0
aff13_wu100k_m256_seed2,13,y,169,113.65539691959601,True,12,12,13,0.9999988088618625,True,0.9999938564915735,M6l,0.342445655492119,k2r,True,False,12,"1,2,3,4,5,6,7,8,9,10,11,12",1.0
aff13_wu100k_m256_seed2,13,y,170,0.00022495772332659236,True,12,12,13,0.48527914972802394,False,0.13694924679823384,M0l,0.1660940479014816,k2r,False,False,0,,1.0
aff13_wu100k_m256_seed2,13,y,171,159.95445212958327,True,12,12,13,0.9999998330108236,True,0.9999956087044626,M0l,0.34253811882599583,k2r,True,False,12,"1,2,3,4,5,6,7,8,9,10,11,12",1.0
aff13_wu100k_m256_seed2,13,y,172,164.49190735451015,True,12,12,13,0.9999997356173291,True,0.9999958699727725,M0l,0.34253849639757644,k2r,True,False,12,"1,2,3,4,5,6,7,8,9,10,11,12",1.0
aff13_wu100k_m256_seed2,13,y,173,102.06791200172202,True,12,12,13,0.9999987254097972,True,0.9999912950540426,M11l,0.34245972876299346,k2r,True,False,12,"1,2,3,4,5,6,7,8,9,10,11,12",1.0
aff13_wu100k_m256_seed2,13,y,174,182.04231702688364,True,12,12,13,0.9999991978534813,True,0.999996788253937,M10l,0.34267599048394337,k2r,True,False,12,"1,2,3,4,5,6,7,8,9,10,11,12",1.0
aff13_wu100k_m256_seed2,13,y,175,122.38101825605345,True,12,12,13,0.9999992928370112,True,0.9999969685680715,M10l,0.34268141762957977,k2r,True,False,12,"1,2,3,4,5,6,7,8,9,10,11,12",1.0
aff13_wu100k_m256_seed2,13,y,176,185.18667000332806,True,12,12,13,0.9999994573791616,True,0.9999963440885907,M9l,0.34259502935275343,k2r,True,False,12,"1,2,3,4,5,6,7,8,9,10,11,12",1.0
aff13_wu100k_m256_seed2,13,y,177,132.6522870281771,True,12,12,13,0.9999994138431745,True,0.9999951912491968,M0l,0.34253424154820533,k2r,True,False,12,"1,2,3,4,5,6,7,8,9,10,11,12",1.0
aff13_wu100k_m256_seed2,13,y,178,129.15885358882227,True,12,12,13,0.9999990870337429,True,0.9999954375111505,M9l,0.34259306349827345,k2r,True,False,12,"1,2,3,4,5,6,7,8,9,10,11,12",1.0
aff13_wu100k_m256_seed2,13,y,179,226.60569982652905,True,1,1,0,0.4999891813126874,False,7.319296190219774e-07,M7l,1.2185218242532392e-06,k1l,False,False,0,,1.0
aff13_wu100k_m256_seed2,13,y,180,137.33034507221691,True,12,12,13,0.9999993549087397,True,0.999993699875558,M0l,0.3425297701507817,k2r,True,False,12,"1,2,3,4,5,6,7,8,9,10,11,12",1.0
aff13_wu100k_m256_seed2,13,y,181,181.13136288221284,True,12,12,13,0.9999981259152142,True,0.9999955390082143,M7l,0.34252794081816906,k2r,True,False,12,"1,2,3,4,5,6,7,8,9,10,11,12",1.0
aff13_wu100k_m256_seed2,13,y,182,150.41978988122995,True,12,12,13,0.9999986022893074,True,0.9999940220718292,M5l,0.34245479505024257,k2r,True,False,12,"1,2,3,4,5,6,7,8,9,10,11,12",1.0
aff13_wu100k_m256_seed2,13,y,183,163.06064382853026,True,12,12,13,0.9999985877143243,True,0.9999939655861358,M3l,0.342572857984909,k2r,True,False,12,"1,2,3,4,5,6,7,8,9,10,11,12",1.0
aff13_wu100k_m256_seed2,13,y,184,168.7082856284105,True,12,12,13,0.9999993277967221,True,0.9999964455566135,M2l,0.3425539204253185,k2r,True,False,12,"1,2,3,4,5,6,7,8,9,10,11,12",1.0
aff13_wu100k_m256_seed2,13,y,185,122.4137300726606,True,12,12,13,0.9999984049698847,True,0.9999943091636647,M9l,0.3425878833348429,k2r,True,False,12,"1,2,3,4,5,6,7,8,9,10,11,12",1.0
aff13_wu100k_m256_seed2,13,y,186,143.2976339376669,True,12,12,13,0.9999996314040954,True,0.9999963489557347,M5l,0.34246613111032964,k2r,True,False,12,"1,2,3,4,5,6,7,8,9,10,11,12",1.0
aff13_wu100k_m256_seed2,13,y,187,105.25444689831829,True,12,12,13,0.9999981491212536,True,0.999993797927188,M6l,0.34244500349683926,k2r,True,False,12,"1,2,3,4,5,6,7,8,9,10,11,12",1.0
aff13_wu100k_m256_seed2,13,y,188,140.56150104152607,True,12,12,13,0.9999977898244576,True,0.999994013388486,M7l,0.3425277338384069,k2r,True,False,12,"1,2,3,4,5,6,7,8,9,10,11,12",1.0
aff13_wu100k_m256_seed2,13,y,189,169.4253530414881,True,12,12,13,0.9999989559306107,True,0.9999967327724356,M2l,0.34255097625123826,k2r,True,False,12,"1,2,3,4,5,6,7,8,9,10,11,12",1.0
aff13_wu100k_m256_seed2,13,y,190,109.49414909355778,True,12,12,13,0.99999890892579,True,0.9999936532767767,M10l,0.34267188553829714,k2r,True,False,12,"1,2,3,4,5,6,7,8,9,10,11,12",1.0
aff13_wu100k_m256_seed2,13,y,191,216.23973348918386,True,12,12,13,0.9999994294856267,True,0.9999968716038828,M3l,0.342567516071685,k2r,True,False,12,"1,2,3,4,5,6,7,8,9,10,11,12",1.0
aff13_wu100k_m256_seed2,13,y,192,109.66439056464387,True,12,12,13,0.9999991277802502,True,0.9999949081145922,M3l,0.3425569405429667,k2r,True,False,12,"1,2,3,4,5,6,7,8,9,10,11,12",1.0
aff13_wu100k_m256_seed2,13,y,193,216.73197405299032,True,12,12,13,0.9999994598403553,True,0.9999964328819247,M11l,0.3424542923758997,k2r,True,False,12,"1,2,3,4,5,6,7,8,9,10,11,12",1.0
aff13_wu100k_m256_seed2,13,y,194,170.01160740937692,True,12,12,13,0.9999997389805875,True,0.9999950767347484,M0l,0.34252858909214146,k2r,True,False,12,"1,2,3,4,5,6,7,8,9,10,11,12",1.0
aff13_wu100k_m256_seed2,13,y,195,183.0191218786406,True,12,12,13,0.9999990224569295,True,0.9999964027339531,M11l,0.3424407273867124,k2r,True,False,12,"1,2,3,4,5,6,7,8,9,10,11,12",1.0
aff13_wu100k_m256_seed2,13,y,196,182.8331526855072,True,1,1,0,0.49998679769344734,False,1.425083723986833e-06,M6r,2.5232346291880942e-06,k5l,False,False,0,,1.0
aff13_wu100k_m256_seed2,13,y,197,331.01888492132366,True,11,1,0,0.9999947045913234,True,7.82329701075606e-07,M3l,1.2347763467590205e-06,k4l,False,False,0,,1.0
aff13_wu100k_m256_seed2,13,y,198,102.47653043349743,True,12,12,13,0.999998133452982,True,0.9999925841117887,M11l,0.3424472173563335,k2r,True,False,12,"1,2,3,4,5,6,7,8,9,10,11,12",1.0
aff13_wu100k_m256_seed2,13,y,199,156.45299122629277,True,12,12,13,0.9999984015264407,True,0.9999931771910692,M0l,0.3425283566667896,k2r,True,False,12,"1,2,3,4,5,6,7,8,9,10,11,12",1.0
aff13_wu100k_m256_seed2,13,y,200,166.77041218893783,True,12,12,13,0.999999324609898,True,0.9999940489954805,M3l,0.34257760596871867,k2r,True,False,12,"1,2,3,4,5,6,7,8,9,10,11,12",1.0
aff13_wu100k_m256_seed2,13,y,201,157.4122291388423,True,12,12,13,0.9999994630882857,True,0.9999948531869621,M5l,0.3424646038928724,k2r,True,False,12,"1,2,3,4,5,6,7,8,9,10,11,12",1.0
aff13_wu100k_m256_seed2,13,y,202,149.6871840663695,True,1,1,0,0.49996988499109274,False,1.3737768091310675e-06,M6r,2.3727437733935023e-06,k5l,False,False,0,,1.0
aff13_wu100k_m256_seed2,13,y,203,158.3101500025072,True,12,12,13,0.9999996346831377,True,0.9999964583794975,M6l,0.342453388021077,k2r,True,False,12,"1,2,3,4,5,6,7,8,9,10,11,12",1.0
aff13_wu100k_m256_seed2,13,y,204,178.44525398242666,True,12,12,13,0.9999996407087276,True,0.9999961231508958,M8l,0.34261310543810597,k2r,True,False,12,"1,2,3,4,5,6,7,8,9,10,11,12",1.0
aff13_wu100k_m256_seed2,13,y,205,156.93503008918634,True,1,1,0,0.49994684427668745,False,7.586976493997384e-07,M5r,1.2918479739499302e-06,k1l,False,False,0,,1.0
aff13_wu100k_m256_seed2,13,y,206,221.000134835526,True,12,12,13,0.9999991634012454,True,0.9999959188491351,M11l,0.34245544752954604,k2r,True,False,12,"1,2,3,4,5,6,7,8,9,10,11,12",1.0
aff13_wu100k_m256_seed2,13,y,207,181.46525699070034,True,12,12,13,0.9999996650426402,True,0.9999944864714622,M7l,0.3425271886373076,k2r,True,False,12,"1,2,3,4,5,6,7,8,9,10,11,12",1.0
aff13_wu100k_m256_seed2,13,y,208,294.31172454554786,True,1,1,0,0.4998900449072407,False,1.1870573506111268e-06,M10l,1.7461358439680288e-06,k5l,False,False,0,,1.0
aff13_wu100k_m256_seed2,13,y,209,100.92274309776685,True,12,12,13,0.9999993824637067,True,0.9999967818011505,M10l,0.34269014519539726,k2r,True,False,12,"1,2,3,4,5,6,7,8,9,10,11,12",1.0
aff13_wu100k_m256_seed2,13,y,210,159.15587668879368,True,12,12,13,0.9999980932293855,True,0.999994769654975,M0l,0.3425308340827311,k2r,True,False,12,"1,2,3,4,5,6,7,8,9,10,11,12",1.0
aff13_wu100k_m256_seed2,13,y,211,185.05353053095777,True,12,12,13,0.9999989405647756,True,0.9999963874195639,M10l,0.34269611664195976,k2r,True,False,12,"1,2,3,4,5,6,7,8,9,10,11,12",1.0
aff13_wu100k_m256_seed2,13,y,212,112.81485426103285,True,12,12,13,0.9999994682640516,True,0.9999953830815608,M8l,0.3426181209963348,k2r,True,False,12,"1,2,3,4,5,6,7,8,9,10,11,12",1.0
aff13_wu100k_m256_seed2,13,y,213,108.1989025830003,True,12,12,13,0.9999990863403551,True,0.9999943265972131,M11l,0.34245261260775334,k2r,True,False,12,"1,2,3,4,5,6,7,8,9,10,11,12",1.0
aff13_wu100k_m256_seed2,13,y,214,178.31064195287829,True,12,12,13,0.9999974969880734,True,0.9999917919907785,M3l,0.3425626568810433,k2r,True,False,12,"1,2,3,4,5,6,7,8,9,10,11,12",1.0
aff13_wu100k_m256_seed2,13,y,215,167.35656811557075,True,12,12,13,0.9999991110400519,True,0.9999962499086982,M8l,0.3426409519792201,k2r,True,False,12,"1,2,3,4,5,6,7,8,9,10,11,12",1.0
aff13_wu100k_m256_seed2,13,y,216,121.81954591365566,True,12,12,13,0.999998935475559,True,0.9999949410368124,M10l,0.34268740458105196,k2r,True,False,12,"1,2,3,4,5,6,7,8,9,10,11,12",1.0
aff13_wu100k_m256_seed2,13,y,217,153.58510929275673,True,12,12,13,0.9999996621442758,True,0.9999949148890175,M6l,0.34244968240682355,k2r,True,False,12,"1,2,3,4,5,6,7,8,9,10,11,12",1.0
aff13_wu100k_m256_seed2,13,y,218,329.6446178493255,True,11,1,0,0.999995653977792,True,8.449211128210916e-07,M3l,1.0665987066377288e-06,k4l,False,False,0,,1.0
aff13_wu100k_m256_seed2,13,y,219,175.3185691570583,True,12,12,13,0.9999986129740143,True,0.9999953597356667,M2l,0.3425501356343163,k2r,True,False,12,"1,2,3,4,5,6,7,8,9,10,11,12",1.0
aff13_wu100k_m256_seed2,13,y,220,155.0024873884237,True,1,1,0,0.49982350257102215,False,1.5760334065484747e-06,M10l,1.9798571061670696e-06,k2r,False,False,0,,1.0
aff13_wu100k_m256_seed2,13,y,221,168.4772895625586,True,12,12,13,0.9999993780996002,True,0.999996219567311,M7l,0.3425316036893655,k2r,True,False,12,"1,2,3,4,5,6,7,8,9,10,11,12",1.0
aff13_wu100k_m256_seed2,13,y,222,125.16823554535492,True,12,12,13,0.9999985788140447,True,0.9999940647336438,M8l,0.34262170136175363,k2r,True,False,12,"1,2,3,4,5,6,7,8,9,10,11,12",1.0
aff13_wu100k_m256_seed2,13,y,223,95.17682086982656,True,12,12,13,0.9999985302294325,True,0.9999944521546257,M11l,0.34243541678096345,k2r,True,False,12,"1,2,3,4,5,6,7,8,9,10,11,12",1.0
aff13_wu100k_m256_seed2,13,y,224,179.34184374411078,True,12,12,13,0.9999994372422056,True,0.9999968134464368,M3l,0.3425572776430594,k2r,True,False,12,"1,2,3,4,5,6,7,8,9,10,11,12",1.0
aff13_wu100k_m256_seed2,13,y,225,112.72740574865576,True,12,12,13,0.9999992586867978,True,0.9999954945770645,M10l,0.3426859287693966,k2r,True,False,12,"1,2,3,4,5,6,7,8,9,10,11,12",1.0
aff13_wu100k_m256_seed2,13,y,226,0.00016460944805650677,True,12,12,13,0.84540476998582,False,0.21395760141901538,M10r,0.334525562348011,k5l,False,False,0,,1.0
aff13_wu100k_m256_seed2,13,y,227,118.43934071540018,True,12,12,13,0.9999988494274212,True,0.9999943090322705,M9l,0.34258691725091794,k2r,True,False,12,"1,2,3,4,5,6,7,8,9,10,11,12",1.0
aff13_wu100k_m256_seed2,13,y,228,242.83782546543867,True,1,1,0,0.499946354980652,False,1.843708175019599e-06,M7l,2.0900070515185114e-06,k5l,False,False,0,,1.0
aff13_wu100k_m256_seed2,13,y,229,141.26397478618173,True,12,12,13,0.999999837430762,True,0.999996981769379,M8l,0.3426193040824032,k2r,True,False,12,"1,2,3,4,5,6,7,8,9,10,11,12",1.0
aff13_wu100k_m256_seed2,13,y,230,164.41919165404718,True,12,12,13,0.9999985757819121,True,0.999993957120072,M7l,0.3425258173854614,k2r,True,False,12,"1,2,3,4,5,6,7,8,9,10,11,12",1.0
aff13_wu100k_m256_seed2,13,y,231,9.09496862534005e-05,True,12,12,13,0.7827524188119558,False,0.31171916332901844,M7l,0.2960037437248605,k5l,False,False,0,,1.0
aff13_wu100k_m256_seed2,13,y,232,148.10135847749206,True,12,12,13,0.999999511182042,True,0.9999964236095149,M0l,0.34252182015244703,k2r,True,False,12,"1,2,3,4,5,6,7,8,9,10,11,12",1.0
aff13_wu100k_m256_seed2,13,y,233,169.15905493443475,True,12,12,13,0.999999781309542,True,0.9999961069842523,M2l,0.3425571643279952,k2r,True,False,12,"1,2,3,4,5,6,7,8,9,10,11,12",1.0
aff13_wu100k_m256_seed2,13,y,234,167.27086248961044,True,12,12,13,0.9999996474096754,True,0.9999969556525912,M11l,0.34245014543335645,k2r,True,False,12,"1,2,3,4,5,6,7,8,9,10,11,12",1.0
aff13_wu100k_m256_seed2,13,y,235,163.53897416218,True,12,12,13,0.9999991797106312,True,0.9999937184208921,M7l,0.3425334949949094,k2r,True,False,12,"1,2,3,4,5,6,7,8,9,10,11,12",1.0
aff13_wu100k_m256_seed2,13,y,236,105.13671718758323,True,12,12,13,0.9999998584257791,True,0.9999906394574315,M6l,0.34246372483628823,k2r,True,False,12,"1,2,3,4,5,6,7,8,9,10,11,12",1.0
aff13_wu100k_m256_seed2,13,y,237,125.77692619096216,True,12,12,13,0.999999176843541,True,0.9999958463714943,M7l,0.34253841539692403,k2r,True,False,12,"1,2,3,4,5,6,7,8,9,10,11,12",1.0
aff13_wu100k_m256_seed2,13,y,238,188.8798448157778,True,12,12,13,0.9999992622796063,True,0.9999965924692561,M5l,0.3424738834333444,k2r,True,False,12,"1,2,3,4,5,6,7,8,9,10,11,12",1.0
aff13_wu100k_m256_seed2,13,y,239,271.4937785427804,True,1,1,0,0.49998251065317784,False,1.1668871487733912e-06,M7l,1.8106982997165515e-06,k5l,False,False,0,,1.0
aff13_wu100k_m256_seed2,13,y,240,160.7473928750457,True,1,1,0,0.499985263853031,False,1.1144715716905986e-06,M5r,1.5717876045830651e-06,k1l,False,False,0,,1.0
aff13_wu100k_m256_seed2,13,y,241,165.07406858798097,True,12,12,13,0.9999988412470131,True,0.9999962347725029,M9l,0.3425869639566394,k2r,True,False,12,"1,2,3,4,5,6,7,8,9,10,11,12",1.0
aff13_wu100k_m256_seed2,13,y,242,137.2210079475343,True,12,12,13,0.9999993219002694,True,0.9999961078709995,M9l,0.34258066043436486,k2r,True,False,12,"1,2,3,4,5,6,7,8,9,10,11,12",1.0
aff13_wu100k_m256_seed2,13,y,243,116.4937793682377,True,12,12,13,0.9999998908783533,True,0.9999972104477654,M0l,0.34253793986964093,k2r,True,False,12,"1,2,3,4,5,6,7,8,9,10,11,12",1.0
aff13_wu100k_m256_seed2,13,y,244,170.61439180907223,True,12,12,13,0.9999996658964314,True,0.9999959398512241,M7l,0.34253433837187347,k2r,True,False,12,"1,2,3,4,5,6,7,8,9,10,11,12",1.0
aff13_wu100k_m256_seed2,13,y,245,215.0746619738038,True,1,1,0,0.4999665136476884,False,8.640796555661754e-07,M5r,1.2107405354101735e-06,k2r,False,False,0,,1.0
aff13_wu100k_m256_seed2,13,y,246,186.3088310037,True,12,12,13,0.9999994064775903,True,0.9999971998395323,M9l,0.3425907400278881,k2r,True,False,12,"1,2,3,4,5,6,7,8,9,10,11,12",1.0
aff13_wu100k_m256_seed2,13,y,247,151.99912406341446,True,12,12,13,0.9999984196916422,True,0.9999949015021848,M6l,0.3424393182377015,k2r,True,False,12,"1,2,3,4,5,6,7,8,9,10,11,12",1.0
aff13_wu100k_m256_seed2,13,y,248,209.1809442455216,True,12,12,13,0.9999996912787107,True,0.9999976366330128,M2l,0.342563247933182,k2r,True,False,12,"1,2,3,4,5,6,7,8,9,10,11,12",1.0
aff13_wu100k_m256_seed2,13,y,249,0.00017154100485122133,True,12,12,13,0.6368218410013967,False,0.2751208157077891,M8l,0.36198048683330386,k5l,False,False,0,,1.0
aff13_wu100k_m256_seed2,13,y,250,156.50782068612583,True,12,12,13,0.9999992543311398,True,0.9999965680828765,M11l,0.34244473506139683,k2r,True,False,12,"1,2,3,4,5,6,7,8,9,10,11,12",1.0
aff13_wu100k_m256_seed2,13,y,251,175.6746758560311,True,12,12,13,0.9999996307797844,True,0.9999975898208415,M11l,0.3424476300301474,k2r,True,False,12,"1,2,3,4,5,6,7,8,9,10,11,12",1.0
aff13_wu100k_m256_seed2,13,y,252,166.28367923470117,True,12,12,13,0.9999994434584176,True,0.9999967871288445,M9l,0.34257810182670034,k2r,True,False,12,"1,2,3,4,5,6,7,8,9,10,11,12",1.0
aff13_wu100k_m256_seed2,13,y,253,119.19365024134902,True,12,12,13,0.9999997825615432,True,0.9999953533398838,M0l,0.34254905966439714,k2r,True,False,12,"1,2,3,4,5,6,7,8,9,10,11,12",1.0
aff13_wu100k_m256_seed2,13,y,254,201.26921141580726,True,12,12,13,0.9999995572137012,True,0.9999962201284123,M6l,0.34245021273256626,k2r,True,False,12,"1,2,3,4,5,6,7,8,9,10,11,12",1.0
aff13_wu100k_m256_seed2,13,y,255,179.18620156816053,True,12,12,13,0.9999996745389669,True,0.9999959793269437,M2l,0.34255578938038517,k2r,True,False,12,"1,2,3,4,5,6,7,8,9,10,11,12",1.0
