run,n,block,side,neuron,energy,alpha,family,coset_side
aff11_wu100k_m128_seed1,11,11,x,0,192.7026043917186,0.9999950064535992,M_x (point stabilizer) idx=11 triv,r
aff11_wu100k_m128_seed1,11,11,x,1,159.42319373252232,0.9999960571201635,M_x (point stabilizer) idx=11 triv,r
aff11_wu100k_m128_seed1,11,11,x,2,127.0342882174043,0.9999930187985763,M_x (point stabilizer) idx=11 triv,r
aff11_wu100k_m128_seed1,11,11,x,3,190.24370184423697,0.9999964155585404,M_x (point stabilizer) idx=11 triv,r
aff11_wu100k_m128_seed1,11,11,x,5,157.89570729634852,0.9999961857965319,M_x (point stabilizer) idx=11 triv,r
aff11_wu100k_m128_seed1,11,11,x,6,21.221968658050987,0.9999571343290855,M_x (point stabilizer) idx=11 triv,r
aff11_wu100k_m128_seed1,11,11,x,7,148.12680498164127,0.9999945755224087,M_x (point stabilizer) idx=11 triv,r
aff11_wu100k_m128_seed1,11,11,x,8,236.57601856172093,0.9999974635381087,M_x (point stabilizer) idx=11 triv,r
aff11_wu100k_m128_seed1,11,11,x,9,226.82141133533543,0.9999925525608171,M_x (point stabilizer) idx=11 triv,r
aff11_wu100k_m128_seed1,11,11,x,10,187.65476796589104,0.9999959352389326,M_x (point stabilizer) idx=11 triv,r
aff11_wu100k_m128_seed1,11,11,x,11,167.91736166915322,0.9999960176478107,M_x (point stabilizer) idx=11 triv,r
aff11_wu100k_m128_seed1,11,11,x,12,203.6268493026861,0.9999964736753421,M_x (point stabilizer) idx=11 triv,r
aff11_wu100k_m128_seed1,11,11,x,13,201.54770759101282,0.9999965451976542,M_x (point stabilizer) idx=11 triv,r
aff11_wu100k_m128_seed1,11,11,x,14,188.2661823578629,0.9999959561084817,M_x (point stabilizer) idx=11 triv,r
aff11_wu100k_m128_seed1,11,11,x,15,186.25135896453847,0.9999964882442826,M_x (point stabilizer) idx=11 triv,r
aff11_wu100k_m128_seed1,11,11,x,16,158.12810331209923,0.9999969695691938,M_x (point stabilizer) idx=11 triv,r
aff11_wu100k_m128_seed1,11,11,x,17,192.58981695538722,0.9999956631680621,M_x (point stabilizer) idx=11 triv,r
aff11_wu100k_m128_seed1,11,11,x,18,157.59276640364988,0.9999942043815767,M_x (point stabilizer) idx=11 triv,r
aff11_wu100k_m128_seed1,11,11,x,19,137.7304269921394,0.9999936356895922,M_x (point stabilizer) idx=11 triv,r
aff11_wu100k_m128_seed1,11,11,x,20,248.43783296165833,0.9999959143318069,M_x (point stabilizer) idx=11 triv,r
aff11_wu100k_m128_seed1,11,11,x,21,186.09652294209124,0.9999964621481175,M_x (point stabilizer) idx=11 triv,r
aff11_wu100k_m128_seed1,11,11,x,22,178.30205009809092,0.9999950488367841,M_x (point stabilizer) idx=11 triv,r
aff11_wu100k_m128_seed1,11,11,x,23,201.11806451736084,0.9999966400273747,M_x (point stabilizer) idx=11 triv,r
aff11_wu100k_m128_seed1,11,11,x,24,114.44497161682604,0.9999890499230916,M_x (point stabilizer) idx=11 triv,r
aff11_wu100k_m128_seed1,11,11,x,25,146.57593525355588,0.9999925605208283,M_x (point stabilizer) idx=11 triv,r
aff11_wu100k_m128_seed1,11,11,x,26,208.98544332168197,0.9999941634525958,M_x (point stabilizer) idx=11 triv,r
aff11_wu100k_m128_seed1,11,11,x,27,191.67502594215506,0.9999941431892883,M_x (point stabilizer) idx=11 triv,r
aff11_wu100k_m128_seed1,11,11,x,28,228.43994407168432,0.9999961125589968,M_x (point stabilizer) idx=11 triv,r
aff11_wu100k_m128_seed1,11,11,x,29,180.84139845967033,0.9999959856367974,M_x (point stabilizer) idx=11 triv,r
aff11_wu100k_m128_seed1,11,11,x,30,164.0534886671672,0.9999906765163957,M_x (point stabilizer) idx=11 triv,r
aff11_wu100k_m128_seed1,11,11,x,31,120.19695641295827,0.9999925246591874,M_x (point stabilizer) idx=11 triv,r
aff11_wu100k_m128_seed1,11,11,x,32,113.47232614762389,0.9999920780516445,M_x (point stabilizer) idx=11 triv,r
aff11_wu100k_m128_seed1,11,11,x,33,237.99737338151746,0.99999524697667,M_x (point stabilizer) idx=11 triv,r
aff11_wu100k_m128_seed1,11,11,x,34,229.86762866828647,0.9999949218925226,M_x (point stabilizer) idx=11 triv,r
aff11_wu100k_m128_seed1,11,11,x,35,209.36022369729776,0.9999955219988108,M_x (point stabilizer) idx=11 triv,r
aff11_wu100k_m128_seed1,11,11,x,36,190.69395597475173,0.9999941630640073,M_x (point stabilizer) idx=11 triv,r
aff11_wu100k_m128_seed1,11,11,x,37,124.68387987585804,0.999993591195225,M_x (point stabilizer) idx=11 triv,r
aff11_wu100k_m128_seed1,11,11,x,38,224.67104902398393,0.9999963093299433,M_x (point stabilizer) idx=11 triv,r
aff11_wu100k_m128_seed1,11,11,x,39,158.41798125092538,0.9999951489547978,M_x (point stabilizer) idx=11 triv,r
aff11_wu100k_m128_seed1,11,11,x,40,240.25840862669978,0.999995856444131,M_x (point stabilizer) idx=11 triv,r
aff11_wu100k_m128_seed1,11,11,x,41,169.3461602864277,0.9999965779453089,M_x (point stabilizer) idx=11 triv,r
aff11_wu100k_m128_seed1,11,11,x,42,170.97722419973013,0.9999945367444936,M_x (point stabilizer) idx=11 triv,r
aff11_wu100k_m128_seed1,11,11,x,43,242.7713331016941,0.9999971635143469,M_x (point stabilizer) idx=11 triv,r
aff11_wu100k_m128_seed1,11,11,x,44,196.84277212678035,0.9999959959987872,M_x (point stabilizer) idx=11 triv,r
aff11_wu100k_m128_seed1,11,11,x,46,191.39798794975707,0.9999953133122994,M_x (point stabilizer) idx=11 triv,r
aff11_wu100k_m128_seed1,11,11,x,48,145.50725144510648,0.9999960857866521,M_x (point stabilizer) idx=11 triv,r
aff11_wu100k_m128_seed1,11,11,x,49,142.19981286343452,0.999992080880032,M_x (point stabilizer) idx=11 triv,r
aff11_wu100k_m128_seed1,11,11,x,50,173.21772915854382,0.9999961462183525,M_x (point stabilizer) idx=11 triv,r
aff11_wu100k_m128_seed1,11,11,x,51,212.7687742807613,0.9999945683514907,M_x (point stabilizer) idx=11 triv,r
aff11_wu100k_m128_seed1,11,11,x,52,199.5650255578559,0.9999963515970869,M_x (point stabilizer) idx=11 triv,r
aff11_wu100k_m128_seed1,11,11,x,53,224.54034277512932,0.9999963851197675,M_x (point stabilizer) idx=11 triv,r
aff11_wu100k_m128_seed1,11,11,x,55,162.22219000570618,0.999994578657719,M_x (point stabilizer) idx=11 triv,r
aff11_wu100k_m128_seed1,11,11,x,56,246.57812402734413,0.9999941396573702,M_x (point stabilizer) idx=11 triv,r
aff11_wu100k_m128_seed1,11,11,x,57,148.73462740573802,0.9999954670737338,M_x (point stabilizer) idx=11 triv,r
aff11_wu100k_m128_seed1,11,11,x,58,220.90535447148548,0.9999945909918838,M_x (point stabilizer) idx=11 triv,r
aff11_wu100k_m128_seed1,11,11,x,59,197.5840791346727,0.9999941132575745,M_x (point stabilizer) idx=11 triv,r
aff11_wu100k_m128_seed1,11,11,x,60,187.4862962150008,0.9999965063013339,M_x (point stabilizer) idx=11 triv,r
aff11_wu100k_m128_seed1,11,11,x,61,183.41505101849717,0.9999950901851427,M_x (point stabilizer) idx=11 triv,r
aff11_wu100k_m128_seed1,11,11,x,62,179.55179782213176,0.9999960895698877,M_x (point stabilizer) idx=11 triv,r
aff11_wu100k_m128_seed1,11,11,x,64,187.04855569567573,0.9999951494876015,M_x (point stabilizer) idx=11 triv,r
aff11_wu100k_m128_seed1,11,11,x,65,172.54226033836815,0.9999948790513165,M_x (point stabilizer) idx=11 triv,r
aff11_wu100k_m128_seed1,11,11,x,66,226.34579319967602,0.999993430200611,M_x (point stabilizer) idx=11 triv,r
aff11_wu100k_m128_seed1,11,11,x,67,210.2499811197678,0.9999963241198816,M_x (point stabilizer) idx=11 triv,r
aff11_wu100k_m128_seed1,11,11,x,68,236.24177969441203,0.9999935540369249,M_x (point stabilizer) idx=11 triv,r
aff11_wu100k_m128_seed1,11,11,x,69,141.2550817093938,0.9999937407158307,M_x (point stabilizer) idx=11 triv,r
aff11_wu100k_m128_seed1,11,11,x,70,162.3951264029299,0.9999953149387931,M_x (point stabilizer) idx=11 triv,r
aff11_wu100k_m128_seed1,11,11,x,71,224.52042911642826,0.9999965731945885,M_x (point stabilizer) idx=11 triv,r
aff11_wu100k_m128_seed1,11,11,x,72,116.92968803926382,0.9999906390332306,M_x (point stabilizer) idx=11 triv,r
aff11_wu100k_m128_seed1,11,11,x,73,178.96313392206238,0.9999945244819872,M_x (point stabilizer) idx=11 triv,r
aff11_wu100k_m128_seed1,11,11,x,74,231.62632904745877,0.9999963477791801,M_x (point stabilizer) idx=11 triv,r
aff11_wu100k_m128_seed1,11,11,x,76,175.97258355255752,0.9999958487987268,M_x (point stabilizer) idx=11 triv,r
aff11_wu100k_m128_seed1,11,11,x,77,232.05312832870416,0.9999958462519146,M_x (point stabilizer) idx=11 triv,r
aff11_wu100k_m128_seed1,11,11,x,78,215.24494841648655,0.9999927399266367,M_x (point stabilizer) idx=11 triv,r
aff11_wu100k_m128_seed1,11,11,x,79,253.81788034180323,0.9999962403429986,M_x (point stabilizer) idx=11 triv,r
aff11_wu100k_m128_seed1,11,11,x,80,215.39417989599727,0.9999942144605537,M_x (point stabilizer) idx=11 triv,r
aff11_wu100k_m128_seed1,11,11,x,81,227.40087601306405,0.9999966254901588,M_x (point stabilizer) idx=11 triv,r
aff11_wu100k_m128_seed1,11,11,x,82,190.24866289545955,0.9999957653482459,M_x (point stabilizer) idx=11 triv,r
aff11_wu100k_m128_seed1,11,11,x,83,45.005440820710014,0.9275563483925288,M_x (point stabilizer) idx=11 triv,r
aff11_wu100k_m128_seed1,11,11,x,84,187.81042993383517,0.9999967986741859,M_x (point stabilizer) idx=11 triv,r
aff11_wu100k_m128_seed1,11,11,x,85,130.75656775205476,0.9999858790401875,M_x (point stabilizer) idx=11 triv,r
aff11_wu100k_m128_seed1,11,11,x,86,156.44587936576892,0.9999953276672793,M_x (point stabilizer) idx=11 triv,r
aff11_wu100k_m128_seed1,11,11,x,87,234.21445662100572,0.9999932132847165,M_x (point stabilizer) idx=11 triv,r
aff11_wu100k_m128_seed1,11,11,x,88,189.2352963487852,0.9999954850521935,M_x (point stabilizer) idx=11 triv,r
aff11_wu100k_m128_seed1,11,11,x,89,208.20315807950402,0.9999972873176095,M_x (point stabilizer) idx=11 triv,r
aff11_wu100k_m128_seed1,11,11,x,90,227.1562507121802,0.9999955952562224,M_x (point stabilizer) idx=11 triv,r
aff11_wu100k_m128_seed1,11,11,x,91,177.31078708303437,0.9999970123496169,M_x (point stabilizer) idx=11 triv,r
aff11_wu100k_m128_seed1,11,11,x,92,247.9308427721258,0.9999949885908707,M_x (point stabilizer) idx=11 triv,r
aff11_wu100k_m128_seed1,11,11,x,93,232.0118158388878,0.9999961948149076,M_x (point stabilizer) idx=11 triv,r
aff11_wu100k_m128_seed1,11,11,x,94,141.7944057028484,0.9999927022725119,M_x (point stabilizer) idx=11 triv,r
aff11_wu100k_m128_seed1,11,11,x,95,113.17004291713965,0.9999943615403067,M_x (point stabilizer) idx=11 triv,r
aff11_wu100k_m128_seed1,11,11,x,96,211.12389241042044,0.9999980173621547,M_x (point stabilizer) idx=11 triv,r
aff11_wu100k_m128_seed1,11,11,x,97,174.87022286630696,0.9999934429556208,M_x (point stabilizer) idx=11 triv,r
aff11_wu100k_m128_seed1,11,11,x,98,123.53913970664716,0.9999912617303071,M_x (point stabilizer) idx=11 triv,r
aff11_wu100k_m128_seed1,11,11,x,99,216.21984576894684,0.9999965894285547,M_x (point stabilizer) idx=11 triv,r
aff11_wu100k_m128_seed1,11,11,x,100,192.9660306787666,0.9999967639983621,M_x (point stabilizer) idx=11 triv,r
aff11_wu100k_m128_seed1,11,11,x,101,167.11279009059444,0.9999911718885586,M_x (point stabilizer) idx=11 triv,r
aff11_wu100k_m128_seed1,11,11,x,102,181.43549831288956,0.9999956344346116,M_x (point stabilizer) idx=11 triv,r
aff11_wu100k_m128_seed1,11,11,x,103,209.83749367659883,0.9999958304399765,M_x (point stabilizer) idx=11 triv,r
aff11_wu100k_m128_seed1,11,11,x,104,187.9459891982614,0.9999956990920085,M_x (point stabilizer) idx=11 triv,r
aff11_wu100k_m128_seed1,11,11,x,106,157.03931071381282,0.9999963414435642,M_x (point stabilizer) idx=11 triv,r
aff11_wu100k_m128_seed1,11,11,x,107,196.5860205209318,0.9999962274311454,M_x (point stabilizer) idx=11 triv,r
aff11_wu100k_m128_seed1,11,11,x,108,155.06965496694883,0.9999926961637209,M_x (point stabilizer) idx=11 triv,r
aff11_wu100k_m128_seed1,11,11,x,109,130.7620960890573,0.9999950986905601,M_x (point stabilizer) idx=11 triv,r
aff11_wu100k_m128_seed1,11,11,x,110,228.03064066351655,0.9999940423300988,M_x (point stabilizer) idx=11 triv,r
aff11_wu100k_m128_seed1,11,11,x,112,228.6306725872714,0.9999958957229393,M_x (point stabilizer) idx=11 triv,r
aff11_wu100k_m128_seed1,11,11,x,113,233.60663189324055,0.999995663710994,M_x (point stabilizer) idx=11 triv,r
aff11_wu100k_m128_seed1,11,11,x,114,238.7496657348972,0.9999975861565124,M_x (point stabilizer) idx=11 triv,r
aff11_wu100k_m128_seed1,11,11,x,115,186.75086906309002,0.999992252088302,M_x (point stabilizer) idx=11 triv,r
aff11_wu100k_m128_seed1,11,11,x,116,240.41170065089455,0.9999945701215204,M_x (point stabilizer) idx=11 triv,r
aff11_wu100k_m128_seed1,11,11,x,117,215.2688651393231,0.9999961294430444,M_x (point stabilizer) idx=11 triv,r
aff11_wu100k_m128_seed1,11,11,x,118,200.4673147782725,0.9999939259594769,M_x (point stabilizer) idx=11 triv,r
aff11_wu100k_m128_seed1,11,11,x,119,177.7739589277585,0.9999968964114209,M_x (point stabilizer) idx=11 triv,r
aff11_wu100k_m128_seed1,11,11,x,120,169.30284936576578,0.9999956115117383,M_x (point stabilizer) idx=11 triv,r
aff11_wu100k_m128_seed1,11,11,x,121,120.04363742932158,0.9999932497890904,M_x (point stabilizer) idx=11 triv,r
aff11_wu100k_m128_seed1,11,11,x,122,211.80511910821272,0.9999969014529655,M_x (point stabilizer) idx=11 triv,r
aff11_wu100k_m128_seed1,11,11,x,123,171.65751729387924,0.9999954384724274,M_x (point stabilizer) idx=11 triv,r
aff11_wu100k_m128_seed1,11,11,x,124,226.1571279777654,0.9999935654925224,M_x (point stabilizer) idx=11 triv,r
aff11_wu100k_m128_seed1,11,11,x,125,151.30963230855517,0.99999627493989,M_x (point stabilizer) idx=11 triv,r
aff11_wu100k_m128_seed1,11,11,x,126,168.0472705425301,0.999996854582679,M_x (point stabilizer) idx=11 triv,r
aff11_wu100k_m128_seed1,11,11,x,127,235.63932748169137,0.9999967183635138,M_x (point stabilizer) idx=11 triv,r
aff11_wu100k_m128_seed1,11,11,y,0,193.0395844063118,0.9999952443928503,M_x (point stabilizer) idx=11 triv,l
aff11_wu100k_m128_seed1,11,11,y,1,159.05297831220196,0.9999964304835586,M_x (point stabilizer) idx=11 triv,l
aff11_wu100k_m128_seed1,11,11,y,2,127.71184593337408,0.9999920936630873,M_x (point stabilizer) idx=11 triv,l
aff11_wu100k_m128_seed1,11,11,y,3,190.53812394149202,0.9999943943556288,M_x (point stabilizer) idx=11 triv,l
aff11_wu100k_m128_seed1,11,11,y,5,158.7901496081169,0.9999970676060558,M_x (point stabilizer) idx=11 triv,l
aff11_wu100k_m128_seed1,11,11,y,6,21.47111842964699,0.9999777968827914,M_x (point stabilizer) idx=11 triv,l
aff11_wu100k_m128_seed1,11,11,y,7,148.0347653190211,0.9999951303813431,M_x (point stabilizer) idx=11 triv,l
aff11_wu100k_m128_seed1,11,11,y,8,237.19192974204907,0.999994058950976,M_x (point stabilizer) idx=11 triv,l
aff11_wu100k_m128_seed1,11,11,y,9,226.92846510131957,0.9999952374932679,M_x (point stabilizer) idx=11 triv,l
aff11_wu100k_m128_seed1,11,11,y,10,187.58427912639357,0.9999941816393971,M_x (point stabilizer) idx=11 triv,l
aff11_wu100k_m128_seed1,11,11,y,11,167.91283398460678,0.9999980367314016,M_x (point stabilizer) idx=11 triv,l
aff11_wu100k_m128_seed1,11,11,y,12,203.7995580980367,0.999996455988479,M_x (point stabilizer) idx=11 triv,l
aff11_wu100k_m128_seed1,11,11,y,13,202.18807621871252,0.9999959310064066,M_x (point stabilizer) idx=11 triv,l
aff11_wu100k_m128_seed1,11,11,y,14,188.40952608952682,0.9999950324190259,M_x (point stabilizer) idx=11 triv,l
aff11_wu100k_m128_seed1,11,11,y,15,186.0398545096357,0.9999954130962908,M_x (point stabilizer) idx=11 triv,l
aff11_wu100k_m128_seed1,11,11,y,16,158.72044778463015,0.9999943132417323,M_x (point stabilizer) idx=11 triv,l
aff11_wu100k_m128_seed1,11,11,y,17,193.48837275774792,0.9999928717400107,M_x (point stabilizer) idx=11 triv,l
aff11_wu100k_m128_seed1,11,11,y,18,157.302768164842,0.9999958957616094,M_x (point stabilizer) idx=11 triv,l
aff11_wu100k_m128_seed1,11,11,y,19,137.1661723794958,0.9999946705052145,M_x (point stabilizer) idx=11 triv,l
aff11_wu100k_m128_seed1,11,11,y,20,249.50627812691346,0.9999967673594728,M_x (point stabilizer) idx=11 triv,l
aff11_wu100k_m128_seed1,11,11,y,21,186.67562772037422,0.9999966616525514,M_x (point stabilizer) idx=11 triv,l
aff11_wu100k_m128_seed1,11,11,y,22,178.68028258312407,0.9999962651026704,M_x (point stabilizer) idx=11 triv,l
aff11_wu100k_m128_seed1,11,11,y,23,201.12165203102316,0.9999961836051899,M_x (point stabilizer) idx=11 triv,l
aff11_wu100k_m128_seed1,11,11,y,24,115.1264850192709,0.9999929439947955,M_x (point stabilizer) idx=11 triv,l
aff11_wu100k_m128_seed1,11,11,y,25,146.94469612628606,0.9999965471286201,M_x (point stabilizer) idx=11 triv,l
aff11_wu100k_m128_seed1,11,11,y,26,209.17607414113016,0.9999970806278483,M_x (point stabilizer) idx=11 triv,l
aff11_wu100k_m128_seed1,11,11,y,27,192.3674448180118,0.9999959274146545,M_x (point stabilizer) idx=11 triv,l
aff11_wu100k_m128_seed1,11,11,y,28,228.9439280583057,0.9999970267688649,M_x (point stabilizer) idx=11 triv,l
aff11_wu100k_m128_seed1,11,11,y,29,181.21285601309657,0.9999925740933826,M_x (point stabilizer) idx=11 triv,l
aff11_wu100k_m128_seed1,11,11,y,30,163.89259007311534,0.9999977535166162,M_x (point stabilizer) idx=11 triv,l
aff11_wu100k_m128_seed1,11,11,y,31,119.81299763015353,0.9999913958266039,M_x (point stabilizer) idx=11 triv,l
aff11_wu100k_m128_seed1,11,11,y,32,113.64333517987757,0.9999936143021292,M_x (point stabilizer) idx=11 triv,l
aff11_wu100k_m128_seed1,11,11,y,33,237.95967336674596,0.9999965286114657,M_x (point stabilizer) idx=11 triv,l
aff11_wu100k_m128_seed1,11,11,y,34,230.4614527333238,0.9999967259612805,M_x (point stabilizer) idx=11 triv,l
aff11_wu100k_m128_seed1,11,11,y,35,209.95689742097045,0.9999972310915061,M_x (point stabilizer) idx=11 triv,l
aff11_wu100k_m128_seed1,11,11,y,36,190.77707343358492,0.9999949505063351,M_x (point stabilizer) idx=11 triv,l
aff11_wu100k_m128_seed1,11,11,y,37,124.86788965154675,0.9999929427746712,M_x (point stabilizer) idx=11 triv,l
aff11_wu100k_m128_seed1,11,11,y,38,225.22434213779349,0.9999944589416508,M_x (point stabilizer) idx=11 triv,l
aff11_wu100k_m128_seed1,11,11,y,39,159.01098343418397,0.9999952032107243,M_x (point stabilizer) idx=11 triv,l
aff11_wu100k_m128_seed1,11,11,y,40,240.72314765962085,0.9999977022699881,M_x (point stabilizer) idx=11 triv,l
aff11_wu100k_m128_seed1,11,11,y,41,168.9778910565611,0.9999968066969969,M_x (point stabilizer) idx=11 triv,l
aff11_wu100k_m128_seed1,11,11,y,42,171.24955873444657,0.9999963216093525,M_x (point stabilizer) idx=11 triv,l
aff11_wu100k_m128_seed1,11,11,y,43,242.9437167799237,0.9999961489106444,M_x (point stabilizer) idx=11 triv,l
aff11_wu100k_m128_seed1,11,11,y,44,197.13604537420227,0.9999966053790919,M_x (point stabilizer) idx=11 triv,l
aff11_wu100k_m128_seed1,11,11,y,46,191.34445746388565,0.9999935660067316,M_x (point stabilizer) idx=11 triv,l
aff11_wu100k_m128_seed1,11,11,y,48,145.3793953252766,0.9999956477584522,M_x (point stabilizer) idx=11 triv,l
aff11_wu100k_m128_seed1,11,11,y,49,142.31706886791486,0.9999967320725767,M_x (point stabilizer) idx=11 triv,l
aff11_wu100k_m128_seed1,11,11,y,50,173.52583500438413,0.9999967743514655,M_x (point stabilizer) idx=11 triv,l
aff11_wu100k_m128_seed1,11,11,y,51,212.2555373653662,0.9999956043163779,M_x (point stabilizer) idx=11 triv,l
aff11_wu100k_m128_seed1,11,11,y,52,199.94492029030792,0.9999961768187355,M_x (point stabilizer) idx=11 triv,l
aff11_wu100k_m128_seed1,11,11,y,53,224.356596518867,0.9999971881716955,M_x (point stabilizer) idx=11 triv,l
aff11_wu100k_m128_seed1,11,11,y,55,162.7128500612121,0.9999938464259543,M_x (point stabilizer) idx=11 triv,l
aff11_wu100k_m128_seed1,11,11,y,56,247.01629644860287,0.9999953778365401,M_x (point stabilizer) idx=11 triv,l
aff11_wu100k_m128_seed1,11,11,y,57,149.63087486302106,0.9999932438214999,M_x (point stabilizer) idx=11 triv,l
aff11_wu100k_m128_seed1,11,11,y,58,220.452567840027,0.9999954626261109,M_x (point stabilizer) idx=11 triv,l
aff11_wu100k_m128_seed1,11,11,y,59,197.6738605917971,0.9999953028213613,M_x (point stabilizer) idx=11 triv,l
aff11_wu100k_m128_seed1,11,11,y,60,188.13809952955168,0.9999968380809743,M_x (point stabilizer) idx=11 triv,l
aff11_wu100k_m128_seed1,11,11,y,61,183.70090136166172,0.9999943074296849,M_x (point stabilizer) idx=11 triv,l
aff11_wu100k_m128_seed1,11,11,y,62,179.67328286837878,0.9999930125456632,M_x (point stabilizer) idx=11 triv,l
aff11_wu100k_m128_seed1,11,11,y,64,187.4956733591781,0.9999967006151966,M_x (point stabilizer) idx=11 triv,l
aff11_wu100k_m128_seed1,11,11,y,65,173.08499851894288,0.9999956896502316,M_x (point stabilizer) idx=11 triv,l
aff11_wu100k_m128_seed1,11,11,y,66,226.7113976032189,0.999995547491495,M_x (point stabilizer) idx=11 triv,l
aff11_wu100k_m128_seed1,11,11,y,67,210.64788528412885,0.9999969284838096,M_x (point stabilizer) idx=11 triv,l
aff11_wu100k_m128_seed1,11,11,y,68,236.3681041258287,0.9999956206539232,M_x (point stabilizer) idx=11 triv,l
aff11_wu100k_m128_seed1,11,11,y,69,141.36825242458121,0.9999922501558276,M_x (point stabilizer) idx=11 triv,l
aff11_wu100k_m128_seed1,11,11,y,70,162.80851962080072,0.9999925330154817,M_x (point stabilizer) idx=11 triv,l
aff11_wu100k_m128_seed1,11,11,y,71,224.9820554870651,0.9999977258491743,M_x (point stabilizer) idx=11 triv,l
aff11_wu100k_m128_seed1,11,11,y,72,117.38099473909635,0.9999927900855631,M_x (point stabilizer) idx=11 triv,l
aff11_wu100k_m128_seed1,11,11,y,73,178.7392926252713,0.9999953274353406,M_x (point stabilizer) idx=11 triv,l
aff11_wu100k_m128_seed1,11,11,y,74,231.69994300493917,0.9999971508825989,M_x (point stabilizer) idx=11 triv,l
aff11_wu100k_m128_seed1,11,11,y,76,175.78946035330273,0.999994446602877,M_x (point stabilizer) idx=11 triv,l
aff11_wu100k_m128_seed1,11,11,y,77,232.11066826784557,0.9999977215015224,M_x (point stabilizer) idx=11 triv,l
aff11_wu100k_m128_seed1,11,11,y,78,215.61857576365338,0.9999960764790201,M_x (point stabilizer) idx=11 triv,l
aff11_wu100k_m128_seed1,11,11,y,79,255.10874124098956,0.999996974817021,M_x (point stabilizer) idx=11 triv,l
aff11_wu100k_m128_seed1,11,11,y,80,214.9160643165947,0.9999974824144816,M_x (point stabilizer) idx=11 triv,l
aff11_wu100k_m128_seed1,11,11,y,81,228.42466906440993,0.9999965297647982,M_x (point stabilizer) idx=11 triv,l
aff11_wu100k_m128_seed1,11,11,y,82,190.87795951907407,0.9999962484040188,M_x (point stabilizer) idx=11 triv,l
aff11_wu100k_m128_seed1,11,11,y,83,29.13289066587451,0.4087414625581628,M_x (point stabilizer) idx=11 char,l
aff11_wu100k_m128_seed1,11,11,y,84,187.712871331809,0.9999957663399954,M_x (point stabilizer) idx=11 triv,l
aff11_wu100k_m128_seed1,11,11,y,85,131.57365217757882,0.9999967640195594,M_x (point stabilizer) idx=11 triv,l
aff11_wu100k_m128_seed1,11,11,y,86,156.98977453062327,0.9999940093937187,M_x (point stabilizer) idx=11 triv,l
aff11_wu100k_m128_seed1,11,11,y,87,233.94755276513735,0.9999978478773491,M_x (point stabilizer) idx=11 triv,l
aff11_wu100k_m128_seed1,11,11,y,88,189.41951376785536,0.9999921073792034,M_x (point stabilizer) idx=11 triv,l
aff11_wu100k_m128_seed1,11,11,y,89,208.17633916442816,0.9999969243916641,M_x (point stabilizer) idx=11 triv,l
aff11_wu100k_m128_seed1,11,11,y,90,228.17640440636154,0.9999975763285933,M_x (point stabilizer) idx=11 triv,l
aff11_wu100k_m128_seed1,11,11,y,91,177.38178804139,0.9999948632566924,M_x (point stabilizer) idx=11 triv,l
aff11_wu100k_m128_seed1,11,11,y,92,248.50209160963638,0.9999973575462273,M_x (point stabilizer) idx=11 triv,l
aff11_wu100k_m128_seed1,11,11,y,93,232.32322462441738,0.9999959808991165,M_x (point stabilizer) idx=11 triv,l
aff11_wu100k_m128_seed1,11,11,y,94,141.79925275486812,0.9999950874117193,M_x (point stabilizer) idx=11 triv,l
aff11_wu100k_m128_seed1,11,11,y,95,112.95156931704703,0.9999908438188406,M_x (point stabilizer) idx=11 triv,l
aff11_wu100k_m128_seed1,11,11,y,96,211.5639104837837,0.999995916663322,M_x (point stabilizer) idx=11 triv,l
aff11_wu100k_m128_seed1,11,11,y,97,175.12415690460222,0.9999944055372848,M_x (point stabilizer) idx=11 triv,l
aff11_wu100k_m128_seed1,11,11,y,98,124.3509177981645,0.9999942852837795,M_x (point stabilizer) idx=11 triv,l
aff11_wu100k_m128_seed1,11,11,y,99,216.69595511189846,0.9999952658734849,M_x (point stabilizer) idx=11 triv,l
aff11_wu100k_m128_seed1,11,11,y,100,193.47733831644913,0.9999959248785737,M_x (point stabilizer) idx=11 triv,l
aff11_wu100k_m128_seed1,11,11,y,101,167.48938442173696,0.9999948387592159,M_x (point stabilizer) idx=11 triv,l
aff11_wu100k_m128_seed1,11,11,y,102,181.79776876180605,0.9999974041762537,M_x (point stabilizer) idx=11 triv,l
aff11_wu100k_m128_seed1,11,11,y,103,210.84082218917337,0.9999969886555226,M_x (point stabilizer) idx=11 triv,l
aff11_wu100k_m128_seed1,11,11,y,104,187.56561182256857,0.9999966709738474,M_x (point stabilizer) idx=11 triv,l
aff11_wu100k_m128_seed1,11,11,y,106,157.77344441351747,0.9999964188681997,M_x (point stabilizer) idx=11 triv,l
aff11_wu100k_m128_seed1,11,11,y,107,196.77942292901338,0.9999957713627411,M_x (point stabilizer) idx=11 triv,l
aff11_wu100k_m128_seed1,11,11,y,108,155.1323379387321,0.999990451458469,M_x (point stabilizer) idx=11 triv,l
aff11_wu100k_m128_seed1,11,11,y,109,131.2440314309875,0.9999955927997601,M_x (point stabilizer) idx=11 triv,l
aff11_wu100k_m128_seed1,11,11,y,110,228.94907318411762,0.9999954012261962,M_x (point stabilizer) idx=11 triv,l
aff11_wu100k_m128_seed1,11,11,y,112,228.82637816541705,0.9999968421916413,M_x (point stabilizer) idx=11 triv,l
aff11_wu100k_m128_seed1,11,11,y,113,233.7945318369606,0.9999964430813882,M_x (point stabilizer) idx=11 triv,l
aff11_wu100k_m128_seed1,11,11,y,114,239.85607149759338,0.9999974673236142,M_x (point stabilizer) idx=11 triv,l
aff11_wu100k_m128_seed1,11,11,y,115,186.46986405096808,0.9999947731737255,M_x (point stabilizer) idx=11 triv,l
aff11_wu100k_m128_seed1,11,11,y,116,241.7928002201004,0.9999976756978921,M_x (point stabilizer) idx=11 triv,l
aff11_wu100k_m128_seed1,11,11,y,117,215.04794562676375,0.999997539488372,M_x (point stabilizer) idx=11 triv,l
aff11_wu100k_m128_seed1,11,11,y,118,199.92748632637114,0.9999958953851619,M_x (point stabilizer) idx=11 triv,l
aff11_wu100k_m128_seed1,11,11,y,119,177.8420718693374,0.9999947459727986,M_x (point stabilizer) idx=11 triv,l
aff11_wu100k_m128_seed1,11,11,y,120,169.6910297351648,0.9999960604981791,M_x (point stabilizer) idx=11 triv,l
aff11_wu100k_m128_seed1,11,11,y,121,120.54990912274228,0.9999956659007937,M_x (point stabilizer) idx=11 triv,l
aff11_wu100k_m128_seed1,11,11,y,122,212.30913836005973,0.9999970165521884,M_x (point stabilizer) idx=11 triv,l
aff11_wu100k_m128_seed1,11,11,y,123,172.22042153725133,0.9999973897321972,M_x (point stabilizer) idx=11 triv,l
aff11_wu100k_m128_seed1,11,11,y,124,225.74404146284473,0.9999946902106475,M_x (point stabilizer) idx=11 triv,l
aff11_wu100k_m128_seed1,11,11,y,125,151.5469478274209,0.9999946171785762,M_x (point stabilizer) idx=11 triv,l
aff11_wu100k_m128_seed1,11,11,y,126,168.44021733683047,0.9999962574679269,M_x (point stabilizer) idx=11 triv,l
aff11_wu100k_m128_seed1,11,11,y,127,236.2033422712388,0.9999981672591489,M_x (point stabilizer) idx=11 triv,l
aff11_wu100k_m128_seed2,11,11,x,0,186.73596461329578,0.9999955501685028,M_x (point stabilizer) idx=11 triv,r
aff11_wu100k_m128_seed2,11,11,x,1,194.34766393397126,0.9999952489695559,M_x (point stabilizer) idx=11 triv,r
aff11_wu100k_m128_seed2,11,11,x,2,199.38545428327888,0.9999935921287096,M_x (point stabilizer) idx=11 triv,r
aff11_wu100k_m128_seed2,11,11,x,3,155.61576045899778,0.9999954538745056,M_x (point stabilizer) idx=11 triv,r
aff11_wu100k_m128_seed2,11,11,x,4,171.66311425244288,0.9999951225324063,M_x (point stabilizer) idx=11 triv,r
aff11_wu100k_m128_seed2,11,11,x,5,188.42878976967305,0.999997223017315,M_x (point stabilizer) idx=11 triv,r
aff11_wu100k_m128_seed2,11,11,x,6,165.3867836430675,0.9999899679256836,M_x (point stabilizer) idx=11 triv,r
aff11_wu100k_m128_seed2,11,11,x,7,241.70740700015617,0.9999939055382302,M_x (point stabilizer) idx=11 triv,r
aff11_wu100k_m128_seed2,11,11,x,8,245.8442451315602,0.9999960286894158,M_x (point stabilizer) idx=11 triv,r
aff11_wu100k_m128_seed2,11,11,x,10,166.80774574844247,0.9999888624595676,M_x (point stabilizer) idx=11 triv,r
aff11_wu100k_m128_seed2,11,11,x,11,159.68500117728104,0.9999946288565114,M_x (point stabilizer) idx=11 triv,r
aff11_wu100k_m128_seed2,11,11,x,12,156.09580425359786,0.9999952562834605,M_x (point stabilizer) idx=11 triv,r
aff11_wu100k_m128_seed2,11,11,x,13,144.522423732414,0.9999950237160786,M_x (point stabilizer) idx=11 triv,r
aff11_wu100k_m128_seed2,11,11,x,14,172.7880628947481,0.9999962796570454,M_x (point stabilizer) idx=11 triv,r
aff11_wu100k_m128_seed2,11,11,x,15,155.68233890038275,0.9999947903460428,M_x (point stabilizer) idx=11 triv,r
aff11_wu100k_m128_seed2,11,11,x,16,172.49458446185298,0.9999947251938046,M_x (point stabilizer) idx=11 triv,r
aff11_wu100k_m128_seed2,11,11,x,17,158.8571457293917,0.9999925352505284,M_x (point stabilizer) idx=11 triv,r
aff11_wu100k_m128_seed2,11,11,x,18,194.2512906810864,0.9999965048321956,M_x (point stabilizer) idx=11 triv,r
aff11_wu100k_m128_seed2,11,11,x,19,191.6899539063523,0.9999937946437618,M_x (point stabilizer) idx=11 triv,r
aff11_wu100k_m128_seed2,11,11,x,20,255.85568603307684,0.999995380676276,M_x (point stabilizer) idx=11 triv,r
aff11_wu100k_m128_seed2,11,11,x,21,179.64929661969344,0.9999948022908938,M_x (point stabilizer) idx=11 triv,r
aff11_wu100k_m128_seed2,11,11,x,22,203.1554218988906,0.9999944476530357,M_x (point stabilizer) idx=11 triv,r
aff11_wu100k_m128_seed2,11,11,x,23,185.05339902672466,0.9999944154601939,M_x (point stabilizer) idx=11 triv,r
aff11_wu100k_m128_seed2,11,11,x,24,190.72620481581473,0.9999972278340039,M_x (point stabilizer) idx=11 triv,r
aff11_wu100k_m128_seed2,11,11,x,26,207.66993814804204,0.999996162098282,M_x (point stabilizer) idx=11 triv,r
aff11_wu100k_m128_seed2,11,11,x,27,236.8512446821657,0.9999904750496137,M_x (point stabilizer) idx=11 triv,r
aff11_wu100k_m128_seed2,11,11,x,28,262.1248256065995,0.9999958388335438,M_x (point stabilizer) idx=11 triv,r
aff11_wu100k_m128_seed2,11,11,x,29,231.816230774318,0.9999943948094963,M_x (point stabilizer) idx=11 triv,r
aff11_wu100k_m128_seed2,11,11,x,30,163.93171290507925,0.9999950594157251,M_x (point stabilizer) idx=11 triv,r
aff11_wu100k_m128_seed2,11,11,x,31,199.16771731997403,0.9999926231799339,M_x (point stabilizer) idx=11 triv,r
aff11_wu100k_m128_seed2,11,11,x,32,181.27571489091937,0.9999939489879159,M_x (point stabilizer) idx=11 triv,r
aff11_wu100k_m128_seed2,11,11,x,33,190.32886776908185,0.9999958577447631,M_x (point stabilizer) idx=11 triv,r
aff11_wu100k_m128_seed2,11,11,x,34,170.61776505488706,0.9999962080426104,M_x (point stabilizer) idx=11 triv,r
aff11_wu100k_m128_seed2,11,11,x,35,196.07771076956934,0.9999935946548216,M_x (point stabilizer) idx=11 triv,r
aff11_wu100k_m128_seed2,11,11,x,36,169.5988077569916,0.9999895898809208,M_x (point stabilizer) idx=11 triv,r
aff11_wu100k_m128_seed2,11,11,x,37,189.1718875714767,0.9999965566974925,M_x (point stabilizer) idx=11 triv,r
aff11_wu100k_m128_seed2,11,11,x,38,163.3382849802224,0.9999936155978684,M_x (point stabilizer) idx=11 triv,r
aff11_wu100k_m128_seed2,11,11,x,39,168.57514611821512,0.9999965027168325,M_x (point stabilizer) idx=11 triv,r
aff11_wu100k_m128_seed2,11,11,x,40,191.26198829637502,0.9999962093876597,M_x (point stabilizer) idx=11 triv,r
aff11_wu100k_m128_seed2,11,11,x,41,180.16861615615997,0.9999949559880934,M_x (point stabilizer) idx=11 triv,r
aff11_wu100k_m128_seed2,11,11,x,42,198.49805136628208,0.9999932833145584,M_x (point stabilizer) idx=11 triv,r
aff11_wu100k_m128_seed2,11,11,x,43,156.1651256125385,0.9999897763505878,M_x (point stabilizer) idx=11 triv,r
aff11_wu100k_m128_seed2,11,11,x,44,196.91585501739752,0.999996344057288,M_x (point stabilizer) idx=11 triv,r
aff11_wu100k_m128_seed2,11,11,x,45,210.95259468659043,0.9999942912445517,M_x (point stabilizer) idx=11 triv,r
aff11_wu100k_m128_seed2,11,11,x,46,170.0489365069463,0.9999953139746701,M_x (point stabilizer) idx=11 triv,r
aff11_wu100k_m128_seed2,11,11,x,47,153.82673155163215,0.9999937060638302,M_x (point stabilizer) idx=11 triv,r
aff11_wu100k_m128_seed2,11,11,x,48,163.4779882752993,0.9999967291873396,M_x (point stabilizer) idx=11 triv,r
aff11_wu100k_m128_seed2,11,11,x,49,237.24722422263434,0.9999956347329465,M_x (point stabilizer) idx=11 triv,r
aff11_wu100k_m128_seed2,11,11,x,51,189.6086786120042,0.9999935898117256,M_x (point stabilizer) idx=11 triv,r
aff11_wu100k_m128_seed2,11,11,x,52,146.41897843795368,0.9999937100664812,M_x (point stabilizer) idx=11 triv,r
aff11_wu100k_m128_seed2,11,11,x,53,151.61193879066215,0.9999952607412932,M_x (point stabilizer) idx=11 triv,r
aff11_wu100k_m128_seed2,11,11,x,54,178.20070613305697,0.9999955198115325,M_x (point stabilizer) idx=11 triv,r
aff11_wu100k_m128_seed2,11,11,x,56,172.7449786313242,0.9999937005931886,M_x (point stabilizer) idx=11 triv,r
aff11_wu100k_m128_seed2,11,11,x,57,173.53824574077066,0.9999930521557685,M_x (point stabilizer) idx=11 triv,r
aff11_wu100k_m128_seed2,11,11,x,58,210.6223160804033,0.9999946974676913,M_x (point stabilizer) idx=11 triv,r
aff11_wu100k_m128_seed2,11,11,x,60,181.53213051149243,0.9999953829695192,M_x (point stabilizer) idx=11 triv,r
aff11_wu100k_m128_seed2,11,11,x,61,196.37850073539792,0.9999940791617257,M_x (point stabilizer) idx=11 triv,r
aff11_wu100k_m128_seed2,11,11,x,62,204.70795612056912,0.9999950563565575,M_x (point stabilizer) idx=11 triv,r
aff11_wu100k_m128_seed2,11,11,x,63,172.99697799733585,0.9999957858611368,M_x (point stabilizer) idx=11 triv,r
aff11_wu100k_m128_seed2,11,11,x,64,193.51009797837207,0.9999961243841761,M_x (point stabilizer) idx=11 triv,r
aff11_wu100k_m128_seed2,11,11,x,65,198.1084908704316,0.9999945984887179,M_x (point stabilizer) idx=11 triv,r
aff11_wu100k_m128_seed2,11,11,x,66,194.1201529177795,0.9999952163276903,M_x (point stabilizer) idx=11 triv,r
aff11_wu100k_m128_seed2,11,11,x,67,188.17663815559072,0.9999957712946707,M_x (point stabilizer) idx=11 triv,r
aff11_wu100k_m128_seed2,11,11,x,69,154.92713118902196,0.9999916918242132,M_x (point stabilizer) idx=11 triv,r
aff11_wu100k_m128_seed2,11,11,x,70,160.56683558894437,0.9999948838485845,M_x (point stabilizer) idx=11 triv,r
aff11_wu100k_m128_seed2,11,11,x,71,254.33702715946737,0.9999937861464843,M_x (point stabilizer) idx=11 triv,r
aff11_wu100k_m128_seed2,11,11,x,72,194.85144949350783,0.9999918944148274,M_x (point stabilizer) idx=11 triv,r
aff11_wu100k_m128_seed2,11,11,x,74,170.19993800224736,0.9999930860094502,M_x (point stabilizer) idx=11 triv,r
aff11_wu100k_m128_seed2,11,11,x,76,173.5532628931945,0.9999937944328198,M_x (point stabilizer) idx=11 triv,r
aff11_wu100k_m128_seed2,11,11,x,77,188.5869500079564,0.9999938841140695,M_x (point stabilizer) idx=11 triv,r
aff11_wu100k_m128_seed2,11,11,x,78,210.7055822172497,0.999990914487635,M_x (point stabilizer) idx=11 triv,r
aff11_wu100k_m128_seed2,11,11,x,79,244.05974763607566,0.9999944881609335,M_x (point stabilizer) idx=11 triv,r
aff11_wu100k_m128_seed2,11,11,x,80,205.06132932041143,0.9999945256785526,M_x (point stabilizer) idx=11 triv,r
aff11_wu100k_m128_seed2,11,11,x,81,174.74609845352742,0.9999937720826833,M_x (point stabilizer) idx=11 triv,r
aff11_wu100k_m128_seed2,11,11,x,83,175.31794912533508,0.9999906113672491,M_x (point stabilizer) idx=11 triv,r
aff11_wu100k_m128_seed2,11,11,x,84,189.20146260464287,0.9999958343743228,M_x (point stabilizer) idx=11 triv,r
aff11_wu100k_m128_seed2,11,11,x,85,189.89430289796744,0.9999968741473243,M_x (point stabilizer) idx=11 triv,r
aff11_wu100k_m128_seed2,11,11,x,86,200.0441355858614,0.9999938219874249,M_x (point stabilizer) idx=11 triv,r
aff11_wu100k_m128_seed2,11,11,x,87,245.751184130071,0.999996690608259,M_x (point stabilizer) idx=11 triv,r
aff11_wu100k_m128_seed2,11,11,x,88,157.43201673167005,0.9999947025625657,M_x (point stabilizer) idx=11 triv,r
aff11_wu100k_m128_seed2,11,11,x,89,178.8073967482006,0.9999930450267079,M_x (point stabilizer) idx=11 triv,r
aff11_wu100k_m128_seed2,11,11,x,91,186.27728945427498,0.9999968540729736,M_x (point stabilizer) idx=11 triv,r
aff11_wu100k_m128_seed2,11,11,x,92,197.07899747423912,0.9999945714491805,M_x (point stabilizer) idx=11 triv,r
aff11_wu100k_m128_seed2,11,11,x,93,148.76641456575817,0.9999926071675113,M_x (point stabilizer) idx=11 triv,r
aff11_wu100k_m128_seed2,11,11,x,94,168.40966880017913,0.99999250441733,M_x (point stabilizer) idx=11 triv,r
aff11_wu100k_m128_seed2,11,11,x,95,197.3094271914636,0.9999933586765671,M_x (point stabilizer) idx=11 triv,r
aff11_wu100k_m128_seed2,11,11,x,96,189.6876871979959,0.9999961745710406,M_x (point stabilizer) idx=11 triv,r
aff11_wu100k_m128_seed2,11,11,x,97,198.51312891118437,0.9999962793399747,M_x (point stabilizer) idx=11 triv,r
aff11_wu100k_m128_seed2,11,11,x,98,165.7782767654664,0.9999895720947163,M_x (point stabilizer) idx=11 triv,r
aff11_wu100k_m128_seed2,11,11,x,99,183.96704103103042,0.9999961797971568,M_x (point stabilizer) idx=11 triv,r
aff11_wu100k_m128_seed2,11,11,x,100,255.18999801086912,0.9999928817740956,M_x (point stabilizer) idx=11 triv,r
aff11_wu100k_m128_seed2,11,11,x,101,160.30165414432255,0.9999934561923283,M_x (point stabilizer) idx=11 triv,r
aff11_wu100k_m128_seed2,11,11,x,102,158.1171186529409,0.9999923684669578,M_x (point stabilizer) idx=11 triv,r
aff11_wu100k_m128_seed2,11,11,x,103,249.46346184568483,0.9999957308384986,M_x (point stabilizer) idx=11 triv,r
aff11_wu100k_m128_seed2,11,11,x,104,209.1686108532901,0.9999947347523113,M_x (point stabilizer) idx=11 triv,r
aff11_wu100k_m128_seed2,11,11,x,105,162.33400918423385,0.9999939215448528,M_x (point stabilizer) idx=11 triv,r
aff11_wu100k_m128_seed2,11,11,x,106,179.0145210911247,0.9999918111161281,M_x (point stabilizer) idx=11 triv,r
aff11_wu100k_m128_seed2,11,11,x,107,193.75484428151796,0.9999963562359044,M_x (point stabilizer) idx=11 triv,r
aff11_wu100k_m128_seed2,11,11,x,108,155.1775592285531,0.9999901291659417,M_x (point stabilizer) idx=11 triv,r
aff11_wu100k_m128_seed2,11,11,x,109,164.48805254818424,0.9999943708050116,M_x (point stabilizer) idx=11 triv,r
aff11_wu100k_m128_seed2,11,11,x,110,174.97833656888395,0.9999944634700637,M_x (point stabilizer) idx=11 triv,r
aff11_wu100k_m128_seed2,11,11,x,111,155.87043409977647,0.9999939380700782,M_x (point stabilizer) idx=11 triv,r
aff11_wu100k_m128_seed2,11,11,x,112,167.03279151597476,0.999995741063553,M_x (point stabilizer) idx=11 triv,r
aff11_wu100k_m128_seed2,11,11,x,113,164.36673441298032,0.9999924930208266,M_x (point stabilizer) idx=11 triv,r
aff11_wu100k_m128_seed2,11,11,x,114,173.0453659507736,0.9999933488322181,M_x (point stabilizer) idx=11 triv,r
aff11_wu100k_m128_seed2,11,11,x,115,208.31751072900238,0.9999955281579413,M_x (point stabilizer) idx=11 triv,r
aff11_wu100k_m128_seed2,11,11,x,117,183.7321221434727,0.999992851016814,M_x (point stabilizer) idx=11 triv,r
aff11_wu100k_m128_seed2,11,11,x,119,172.50588833764377,0.9999914225743542,M_x (point stabilizer) idx=11 triv,r
aff11_wu100k_m128_seed2,11,11,x,120,184.4474850555381,0.9999943900259362,M_x (point stabilizer) idx=11 triv,r
aff11_wu100k_m128_seed2,11,11,x,121,179.22266390806,0.9999969545128345,M_x (point stabilizer) idx=11 triv,r
aff11_wu100k_m128_seed2,11,11,x,122,163.45157141344848,0.9999949220463256,M_x (point stabilizer) idx=11 triv,r
aff11_wu100k_m128_seed2,11,11,x,123,158.05375960886542,0.9999922604854846,M_x (point stabilizer) idx=11 triv,r
aff11_wu100k_m128_seed2,11,11,x,124,204.7753188553441,0.999994618670938,M_x (point stabilizer) idx=11 triv,r
aff11_wu100k_m128_seed2,11,11,x,125,172.10455002697014,0.9999943287735926,M_x (point stabilizer) idx=11 triv,r
aff11_wu100k_m128_seed2,11,11,x,126,173.75139023859828,0.9999915394163026,M_x (point stabilizer) idx=11 triv,r
aff11_wu100k_m128_seed2,11,11,x,127,192.97471169466178,0.999997058453092,M_x (point stabilizer) idx=11 triv,r
aff11_wu100k_m128_seed2,11,11,y,0,185.81588546876264,0.9999962432568104,M_x (point stabilizer) idx=11 triv,l
aff11_wu100k_m128_seed2,11,11,y,1,193.49247979714283,0.9999957069360285,M_x (point stabilizer) idx=11 triv,l
aff11_wu100k_m128_seed2,11,11,y,2,198.72932057182567,0.9999964756514157,M_x (point stabilizer) idx=11 triv,l
aff11_wu100k_m128_seed2,11,11,y,3,155.33912848649376,0.9999955123696348,M_x (point stabilizer) idx=11 triv,l
aff11_wu100k_m128_seed2,11,11,y,4,170.91805372649614,0.9999964772340886,M_x (point stabilizer) idx=11 triv,l
aff11_wu100k_m128_seed2,11,11,y,5,187.22378394388207,0.9999941278173884,M_x (point stabilizer) idx=11 triv,l
aff11_wu100k_m128_seed2,11,11,y,6,165.0945329058703,0.9999957242924091,M_x (point stabilizer) idx=11 triv,l
aff11_wu100k_m128_seed2,11,11,y,7,241.1225586158864,0.999995147257354,M_x (point stabilizer) idx=11 triv,l
aff11_wu100k_m128_seed2,11,11,y,8,245.32484900934674,0.9999955136059813,M_x (point stabilizer) idx=11 triv,l
aff11_wu100k_m128_seed2,11,11,y,10,166.81180620128998,0.9999956605302428,M_x (point stabilizer) idx=11 triv,l
aff11_wu100k_m128_seed2,11,11,y,11,159.77158622130636,0.9999971315088702,M_x (point stabilizer) idx=11 triv,l
aff11_wu100k_m128_seed2,11,11,y,12,155.96987547393363,0.9999965865697161,M_x (point stabilizer) idx=11 triv,l
aff11_wu100k_m128_seed2,11,11,y,13,144.7396530699099,0.9999945021295511,M_x (point stabilizer) idx=11 triv,l
aff11_wu100k_m128_seed2,11,11,y,14,172.12375540891222,0.9999971864957041,M_x (point stabilizer) idx=11 triv,l
aff11_wu100k_m128_seed2,11,11,y,15,155.526365299552,0.9999952680436461,M_x (point stabilizer) idx=11 triv,l
aff11_wu100k_m128_seed2,11,11,y,16,172.51007089504637,0.9999962959469517,M_x (point stabilizer) idx=11 triv,l
aff11_wu100k_m128_seed2,11,11,y,17,158.78077886889957,0.9999932077499475,M_x (point stabilizer) idx=11 triv,l
aff11_wu100k_m128_seed2,11,11,y,18,193.0446399985625,0.9999946268564975,M_x (point stabilizer) idx=11 triv,l
aff11_wu100k_m128_seed2,11,11,y,19,191.0138513827018,0.999997569641095,M_x (point stabilizer) idx=11 triv,l
aff11_wu100k_m128_seed2,11,11,y,20,255.43607113408885,0.9999955848625078,M_x (point stabilizer) idx=11 triv,l
aff11_wu100k_m128_seed2,11,11,y,21,180.0030582488492,0.9999931132144941,M_x (point stabilizer) idx=11 triv,l
aff11_wu100k_m128_seed2,11,11,y,22,202.13915668163105,0.9999950169408791,M_x (point stabilizer) idx=11 triv,l
aff11_wu100k_m128_seed2,11,11,y,23,185.3581623411375,0.9999932949193303,M_x (point stabilizer) idx=11 triv,l
aff11_wu100k_m128_seed2,11,11,y,24,190.44661701654155,0.9999952397184538,M_x (point stabilizer) idx=11 triv,l
aff11_wu100k_m128_seed2,11,11,y,26,207.94371816081372,0.9999961511964339,M_x (point stabilizer) idx=11 triv,l
aff11_wu100k_m128_seed2,11,11,y,27,235.87153424491618,0.999995000735906,M_x (point stabilizer) idx=11 triv,l
aff11_wu100k_m128_seed2,11,11,y,28,261.90497121006797,0.9999963222429109,M_x (point stabilizer) idx=11 triv,l
aff11_wu100k_m128_seed2,11,11,y,29,230.9966233892815,0.9999977838239699,M_x (point stabilizer) idx=11 triv,l
aff11_wu100k_m128_seed2,11,11,y,30,163.77021935231096,0.9999936370994935,M_x (point stabilizer) idx=11 triv,l
aff11_wu100k_m128_seed2,11,11,y,31,199.0662258325047,0.9999947628657795,M_x (point stabilizer) idx=11 triv,l
aff11_wu100k_m128_seed2,11,11,y,32,180.7104953573982,0.9999953602983304,M_x (point stabilizer) idx=11 triv,l
aff11_wu100k_m128_seed2,11,11,y,33,189.09932922263536,0.999995570591155,M_x (point stabilizer) idx=11 triv,l
aff11_wu100k_m128_seed2,11,11,y,34,169.8711387343368,0.9999967288674654,M_x (point stabilizer) idx=11 triv,l
aff11_wu100k_m128_seed2,11,11,y,35,196.5428857049232,0.9999968142221107,M_x (point stabilizer) idx=11 triv,l
aff11_wu100k_m128_seed2,11,11,y,36,168.88673733294291,0.9999952934897132,M_x (point stabilizer) idx=11 triv,l
aff11_wu100k_m128_seed2,11,11,y,37,188.1960246918175,0.9999957608498841,M_x (point stabilizer) idx=11 triv,l
aff11_wu100k_m128_seed2,11,11,y,38,163.5527218877358,0.9999955662365544,M_x (point stabilizer) idx=11 triv,l
aff11_wu100k_m128_seed2,11,11,y,39,167.67418008242046,0.9999958461740223,M_x (point stabilizer) idx=11 triv,l
aff11_wu100k_m128_seed2,11,11,y,40,189.8774302206922,0.999995997611683,M_x (point stabilizer) idx=11 triv,l
aff11_wu100k_m128_seed2,11,11,y,41,179.41922128995154,0.9999972825281904,M_x (point stabilizer) idx=11 triv,l
aff11_wu100k_m128_seed2,11,11,y,42,198.11251621879586,0.9999957748213357,M_x (point stabilizer) idx=11 triv,l
aff11_wu100k_m128_seed2,11,11,y,43,156.4339093095028,0.9999932778913018,M_x (point stabilizer) idx=11 triv,l
aff11_wu100k_m128_seed2,11,11,y,44,196.57870153713586,0.9999950166504451,M_x (point stabilizer) idx=11 triv,l
aff11_wu100k_m128_seed2,11,11,y,45,210.89023655343928,0.9999950130062938,M_x (point stabilizer) idx=11 triv,l
aff11_wu100k_m128_seed2,11,11,y,46,169.51905003897636,0.9999948556873555,M_x (point stabilizer) idx=11 triv,l
aff11_wu100k_m128_seed2,11,11,y,47,152.99831947246386,0.9999971802295498,M_x (point stabilizer) idx=11 triv,l
aff11_wu100k_m128_seed2,11,11,y,48,163.01327730719072,0.9999961449693808,M_x (point stabilizer) idx=11 triv,l
aff11_wu100k_m128_seed2,11,11,y,49,236.49006484674263,0.9999943704661013,M_x (point stabilizer) idx=11 triv,l
aff11_wu100k_m128_seed2,11,11,y,51,188.97476554935318,0.9999979361638869,M_x (point stabilizer) idx=11 triv,l
aff11_wu100k_m128_seed2,11,11,y,52,146.27267285847648,0.9999960978379357,M_x (point stabilizer) idx=11 triv,l
aff11_wu100k_m128_seed2,11,11,y,53,151.40695165277793,0.9999928978029837,M_x (point stabilizer) idx=11 triv,l
aff11_wu100k_m128_seed2,11,11,y,54,178.28700273836466,0.9999975551773449,M_x (point stabilizer) idx=11 triv,l
aff11_wu100k_m128_seed2,11,11,y,56,172.02162985820908,0.9999967593387441,M_x (point stabilizer) idx=11 triv,l
aff11_wu100k_m128_seed2,11,11,y,57,173.5752227402796,0.9999955113096881,M_x (point stabilizer) idx=11 triv,l
aff11_wu100k_m128_seed2,11,11,y,58,209.93023841317765,0.9999980702009259,M_x (point stabilizer) idx=11 triv,l
aff11_wu100k_m128_seed2,11,11,y,60,180.62565664949662,0.9999962155052337,M_x (point stabilizer) idx=11 triv,l
aff11_wu100k_m128_seed2,11,11,y,61,195.32273005248362,0.9999981580322569,M_x (point stabilizer) idx=11 triv,l
aff11_wu100k_m128_seed2,11,11,y,62,204.52832849903928,0.9999950677998476,M_x (point stabilizer) idx=11 triv,l
aff11_wu100k_m128_seed2,11,11,y,63,171.7766549254083,0.9999968319820807,M_x (point stabilizer) idx=11 triv,l
aff11_wu100k_m128_seed2,11,11,y,64,193.32772177727918,0.9999967522551012,M_x (point stabilizer) idx=11 triv,l
aff11_wu100k_m128_seed2,11,11,y,65,197.21375486491695,0.9999945811502498,M_x (point stabilizer) idx=11 triv,l
aff11_wu100k_m128_seed2,11,11,y,66,194.28000890238553,0.9999966190636806,M_x (point stabilizer) idx=11 triv,l
aff11_wu100k_m128_seed2,11,11,y,67,188.0519986124312,0.9999957719811486,M_x (point stabilizer) idx=11 triv,l
aff11_wu100k_m128_seed2,11,11,y,69,154.40127649898392,0.9999969447515962,M_x (point stabilizer) idx=11 triv,l
aff11_wu100k_m128_seed2,11,11,y,70,159.19604370940155,0.9999974596697234,M_x (point stabilizer) idx=11 triv,l
aff11_wu100k_m128_seed2,11,11,y,71,253.41037955925077,0.9999952597897146,M_x (point stabilizer) idx=11 triv,l
aff11_wu100k_m128_seed2,11,11,y,72,193.56608934529828,0.999996026412587,M_x (point stabilizer) idx=11 triv,l
aff11_wu100k_m128_seed2,11,11,y,74,170.25975716336956,0.9999954644276813,M_x (point stabilizer) idx=11 triv,l
aff11_wu100k_m128_seed2,11,11,y,76,172.3851649292489,0.9999972779140556,M_x (point stabilizer) idx=11 triv,l
aff11_wu100k_m128_seed2,11,11,y,77,188.52707995712856,0.9999956278775682,M_x (point stabilizer) idx=11 triv,l
aff11_wu100k_m128_seed2,11,11,y,78,210.2628483681701,0.9999961414189283,M_x (point stabilizer) idx=11 triv,l
aff11_wu100k_m128_seed2,11,11,y,79,243.84142844766194,0.9999944391583389,M_x (point stabilizer) idx=11 triv,l
aff11_wu100k_m128_seed2,11,11,y,80,204.85557455620858,0.9999957729801009,M_x (point stabilizer) idx=11 triv,l
aff11_wu100k_m128_seed2,11,11,y,81,173.8693709094078,0.9999962476125189,M_x (point stabilizer) idx=11 triv,l
aff11_wu100k_m128_seed2,11,11,y,83,174.9386896059621,0.9999929870533543,M_x (point stabilizer) idx=11 triv,l
aff11_wu100k_m128_seed2,11,11,y,84,188.51361438921336,0.9999964871883186,M_x (point stabilizer) idx=11 triv,l
aff11_wu100k_m128_seed2,11,11,y,85,189.1999258329187,0.9999960862498763,M_x (point stabilizer) idx=11 triv,l
aff11_wu100k_m128_seed2,11,11,y,86,199.58859473139879,0.999997079102015,M_x (point stabilizer) idx=11 triv,l
aff11_wu100k_m128_seed2,11,11,y,87,244.96966128504977,0.999995471736466,M_x (point stabilizer) idx=11 triv,l
aff11_wu100k_m128_seed2,11,11,y,88,156.830349056788,0.9999958574402619,M_x (point stabilizer) idx=11 triv,l
aff11_wu100k_m128_seed2,11,11,y,89,179.26025680183005,0.9999951357103726,M_x (point stabilizer) idx=11 triv,l
aff11_wu100k_m128_seed2,11,11,y,91,186.16660005664983,0.9999972235380901,M_x (point stabilizer) idx=11 triv,l
aff11_wu100k_m128_seed2,11,11,y,92,196.8749316448307,0.9999959586071165,M_x (point stabilizer) idx=11 triv,l
aff11_wu100k_m128_seed2,11,11,y,93,148.7316448905307,0.9999961591611932,M_x (point stabilizer) idx=11 triv,l
aff11_wu100k_m128_seed2,11,11,y,94,168.31071862314138,0.9999948571959004,M_x (point stabilizer) idx=11 triv,l
aff11_wu100k_m128_seed2,11,11,y,95,196.88118670289714,0.9999967098632323,M_x (point stabilizer) idx=11 triv,l
aff11_wu100k_m128_seed2,11,11,y,96,189.0061913938887,0.9999976870102937,M_x (point stabilizer) idx=11 triv,l
aff11_wu100k_m128_seed2,11,11,y,97,197.951985284411,0.9999954194743178,M_x (point stabilizer) idx=11 triv,l
aff11_wu100k_m128_seed2,11,11,y,98,165.976299402039,0.9999957587982095,M_x (point stabilizer) idx=11 triv,l
aff11_wu100k_m128_seed2,11,11,y,99,183.94028599492893,0.9999978242060639,M_x (point stabilizer) idx=11 triv,l
aff11_wu100k_m128_seed2,11,11,y,100,254.54373046277814,0.9999967205881618,M_x (point stabilizer) idx=11 triv,l
aff11_wu100k_m128_seed2,11,11,y,101,160.10383667752882,0.9999963787618545,M_x (point stabilizer) idx=11 triv,l
aff11_wu100k_m128_seed2,11,11,y,102,157.1043308173253,0.9999942509668682,M_x (point stabilizer) idx=11 triv,l
aff11_wu100k_m128_seed2,11,11,y,103,248.36672297239784,0.9999974943067433,M_x (point stabilizer) idx=11 triv,l
aff11_wu100k_m128_seed2,11,11,y,104,208.72778426115013,0.9999955858400922,M_x (point stabilizer) idx=11 triv,l
aff11_wu100k_m128_seed2,11,11,y,105,161.7794210207969,0.9999957261475149,M_x (point stabilizer) idx=11 triv,l
aff11_wu100k_m128_seed2,11,11,y,106,178.2112717695967,0.9999980400732833,M_x (point stabilizer) idx=11 triv,l
aff11_wu100k_m128_seed2,11,11,y,107,192.89885935866357,0.9999976863247352,M_x (point stabilizer) idx=11 triv,l
aff11_wu100k_m128_seed2,11,11,y,108,155.1052730205038,0.9999938992726082,M_x (point stabilizer) idx=11 triv,l
aff11_wu100k_m128_seed2,11,11,y,109,163.38894176377073,0.9999972708683887,M_x (point stabilizer) idx=11 triv,l
aff11_wu100k_m128_seed2,11,11,y,110,174.8326680020066,0.9999950114118471,M_x (point stabilizer) idx=11 triv,l
aff11_wu100k_m128_seed2,11,11,y,111,156.04411379452546,0.9999937402226957,M_x (point stabilizer) idx=11 triv,l
aff11_wu100k_m128_seed2,11,11,y,112,167.10879027528208,0.9999917457322632,M_x (point stabilizer) idx=11 triv,l
aff11_wu100k_m128_seed2,11,11,y,113,162.97463666399833,0.9999940685877173,M_x (point stabilizer) idx=11 triv,l
aff11_wu100k_m128_seed2,11,11,y,114,172.47454332178532,0.9999945966414033,M_x (point stabilizer) idx=11 triv,l
aff11_wu100k_m128_seed2,11,11,y,115,207.88446162280184,0.9999958312070049,M_x (point stabilizer) idx=11 triv,l
aff11_wu100k_m128_seed2,11,11,y,117,184.01884491386136,0.9999902598029595,M_x (point stabilizer) idx=11 triv,l
aff11_wu100k_m128_seed2,11,11,y,119,171.8127138050846,0.9999969194728402,M_x (point stabilizer) idx=11 triv,l
aff11_wu100k_m128_seed2,11,11,y,120,183.60683088995646,0.9999971434058833,M_x (point stabilizer) idx=11 triv,l
aff11_wu100k_m128_seed2,11,11,y,121,178.83672810201855,0.9999967728165936,M_x (point stabilizer) idx=11 triv,l
aff11_wu100k_m128_seed2,11,11,y,122,162.72612023321605,0.9999959323144925,M_x (point stabilizer) idx=11 triv,l
aff11_wu100k_m128_seed2,11,11,y,123,157.80561834821785,0.999995795910745,M_x (point stabilizer) idx=11 triv,l
aff11_wu100k_m128_seed2,11,11,y,124,204.55913823427002,0.9999943961505561,M_x (point stabilizer) idx=11 triv,l
aff11_wu100k_m128_seed2,11,11,y,125,171.8240214872922,0.9999962632223776,M_x (point stabilizer) idx=11 triv,l
aff11_wu100k_m128_seed2,11,11,y,126,172.8920211702403,0.9999957389112818,M_x (point stabilizer) idx=11 triv,l
aff11_wu100k_m128_seed2,11,11,y,127,192.47068342749887,0.999997570364341,M_x (point stabilizer) idx=11 triv,l
aff11_wu100k_m128_seed3,11,11,x,0,167.1534396390537,0.9999965015336677,M_x (point stabilizer) idx=11 triv,r
aff11_wu100k_m128_seed3,11,11,x,1,167.74965060230295,0.9999974173025772,M_x (point stabilizer) idx=11 triv,r
aff11_wu100k_m128_seed3,11,11,x,2,159.1048655246966,0.9999959970503732,M_x (point stabilizer) idx=11 triv,r
aff11_wu100k_m128_seed3,11,11,x,3,259.5495272026703,0.999996638839996,M_x (point stabilizer) idx=11 triv,r
aff11_wu100k_m128_seed3,11,11,x,4,217.12052292069043,0.9999964737402764,M_x (point stabilizer) idx=11 triv,r
aff11_wu100k_m128_seed3,11,11,x,5,169.55259740056226,0.99999538777668,M_x (point stabilizer) idx=11 triv,r
aff11_wu100k_m128_seed3,11,11,x,6,3.581000064382909,0.7123392612915058,M_x (point stabilizer) idx=11 char,l
aff11_wu100k_m128_seed3,11,11,x,7,237.26525604398006,0.999995688554078,M_x (point stabilizer) idx=11 triv,r
aff11_wu100k_m128_seed3,11,11,x,8,161.1159570566392,0.9999961663505748,M_x (point stabilizer) idx=11 triv,r
aff11_wu100k_m128_seed3,11,11,x,10,62.332931690722226,0.7412911900460314,M_x (point stabilizer) idx=11 char,l
aff11_wu100k_m128_seed3,11,11,x,11,177.58578927030769,0.9999940888715063,M_x (point stabilizer) idx=11 triv,r
aff11_wu100k_m128_seed3,11,11,x,12,217.54221997751094,0.9999963024745647,M_x (point stabilizer) idx=11 triv,r
aff11_wu100k_m128_seed3,11,11,x,13,177.85244498380786,0.9999958658125755,M_x (point stabilizer) idx=11 triv,r
aff11_wu100k_m128_seed3,11,11,x,14,177.78901745336785,0.9999963006105484,M_x (point stabilizer) idx=11 triv,r
aff11_wu100k_m128_seed3,11,11,x,15,168.743127009625,0.9999950875385022,M_x (point stabilizer) idx=11 triv,r
aff11_wu100k_m128_seed3,11,11,x,16,162.65977067823727,0.9999961242061578,M_x (point stabilizer) idx=11 triv,r
aff11_wu100k_m128_seed3,11,11,x,17,143.0961489262141,0.9999964737855263,M_x (point stabilizer) idx=11 triv,r
aff11_wu100k_m128_seed3,11,11,x,18,136.41959022979333,0.9999930757140263,M_x (point stabilizer) idx=11 triv,r
aff11_wu100k_m128_seed3,11,11,x,19,198.45317603755436,0.99999626135413,M_x (point stabilizer) idx=11 triv,r
aff11_wu100k_m128_seed3,11,11,x,20,157.78564200603952,0.9999952681068964,M_x (point stabilizer) idx=11 triv,r
aff11_wu100k_m128_seed3,11,11,x,21,239.1008428262211,0.9999939490464714,M_x (point stabilizer) idx=11 triv,r
aff11_wu100k_m128_seed3,11,11,x,22,193.275816842581,0.9999966225206224,M_x (point stabilizer) idx=11 triv,r
aff11_wu100k_m128_seed3,11,11,x,23,170.846112572896,0.9999972311682467,M_x (point stabilizer) idx=11 triv,r
aff11_wu100k_m128_seed3,11,11,x,24,206.1030661548631,0.9999951159717624,M_x (point stabilizer) idx=11 triv,r
aff11_wu100k_m128_seed3,11,11,x,25,188.37827110966327,0.9999937037322103,M_x (point stabilizer) idx=11 triv,r
aff11_wu100k_m128_seed3,11,11,x,26,140.72419703261696,0.9999954190855228,M_x (point stabilizer) idx=11 triv,r
aff11_wu100k_m128_seed3,11,11,x,27,192.88369996030679,0.9999946647142101,M_x (point stabilizer) idx=11 triv,r
aff11_wu100k_m128_seed3,11,11,x,28,236.61447659440609,0.9999963059708143,M_x (point stabilizer) idx=11 triv,r
aff11_wu100k_m128_seed3,11,11,x,29,245.09929084375605,0.9999962900029534,M_x (point stabilizer) idx=11 triv,r
aff11_wu100k_m128_seed3,11,11,x,30,195.05017948547328,0.9999965780117686,M_x (point stabilizer) idx=11 triv,r
aff11_wu100k_m128_seed3,11,11,x,31,239.68921235091426,0.9999968130665277,M_x (point stabilizer) idx=11 triv,r
aff11_wu100k_m128_seed3,11,11,x,32,221.5184530010174,0.9999949267181897,M_x (point stabilizer) idx=11 triv,r
aff11_wu100k_m128_seed3,11,11,x,33,199.99472347873925,0.9999934357079355,M_x (point stabilizer) idx=11 triv,r
aff11_wu100k_m128_seed3,11,11,x,34,170.83123522011462,0.9999949958410186,M_x (point stabilizer) idx=11 triv,r
aff11_wu100k_m128_seed3,11,11,x,35,207.44343274581388,0.9999969913821896,M_x (point stabilizer) idx=11 triv,r
aff11_wu100k_m128_seed3,11,11,x,36,189.85665240276947,0.9999948040077201,M_x (point stabilizer) idx=11 triv,r
aff11_wu100k_m128_seed3,11,11,x,37,120.13657023343494,0.9999938719710978,M_x (point stabilizer) idx=11 triv,r
aff11_wu100k_m128_seed3,11,11,x,38,174.25898742402867,0.999993499955576,M_x (point stabilizer) idx=11 triv,r
aff11_wu100k_m128_seed3,11,11,x,39,186.27000978343406,0.9999946549425812,M_x (point stabilizer) idx=11 triv,r
aff11_wu100k_m128_seed3,11,11,x,40,159.79725268681676,0.9999977312398783,M_x (point stabilizer) idx=11 triv,r
aff11_wu100k_m128_seed3,11,11,x,41,216.38862509892235,0.999995437393928,M_x (point stabilizer) idx=11 triv,r
aff11_wu100k_m128_seed3,11,11,x,42,156.2150886542618,0.9999956614470247,M_x (point stabilizer) idx=11 triv,r
aff11_wu100k_m128_seed3,11,11,x,44,161.75036377766094,0.99999420209998,M_x (point stabilizer) idx=11 triv,r
aff11_wu100k_m128_seed3,11,11,x,46,222.55519544706422,0.9999946124792526,M_x (point stabilizer) idx=11 triv,r
aff11_wu100k_m128_seed3,11,11,x,47,201.59507200902118,0.9999957208401631,M_x (point stabilizer) idx=11 triv,r
aff11_wu100k_m128_seed3,11,11,x,48,187.44193638256814,0.9999963383545161,M_x (point stabilizer) idx=11 triv,r
aff11_wu100k_m128_seed3,11,11,x,49,214.4803595153366,0.9999963939404176,M_x (point stabilizer) idx=11 triv,r
aff11_wu100k_m128_seed3,11,11,x,50,204.97457357156898,0.9999958861633468,M_x (point stabilizer) idx=11 triv,r
aff11_wu100k_m128_seed3,11,11,x,51,152.2401911441378,0.9999967624829519,M_x (point stabilizer) idx=11 triv,r
aff11_wu100k_m128_seed3,11,11,x,52,214.40191989288599,0.9999962075121309,M_x (point stabilizer) idx=11 triv,r
aff11_wu100k_m128_seed3,11,11,x,53,235.90762344340055,0.9999955551411052,M_x (point stabilizer) idx=11 triv,r
aff11_wu100k_m128_seed3,11,11,x,54,220.84829682251743,0.9999968433654001,M_x (point stabilizer) idx=11 triv,r
aff11_wu100k_m128_seed3,11,11,x,55,240.16646788057187,0.9999965348065315,M_x (point stabilizer) idx=11 triv,r
aff11_wu100k_m128_seed3,11,11,x,56,160.85053267805515,0.9999959040540657,M_x (point stabilizer) idx=11 triv,r
aff11_wu100k_m128_seed3,11,11,x,58,208.69636630599123,0.9999945222711405,M_x (point stabilizer) idx=11 triv,r
aff11_wu100k_m128_seed3,11,11,x,59,233.89681968012445,0.9999961157542663,M_x (point stabilizer) idx=11 triv,r
aff11_wu100k_m128_seed3,11,11,x,60,181.20637637815332,0.9999968924374477,M_x (point stabilizer) idx=11 triv,r
aff11_wu100k_m128_seed3,11,11,x,61,145.15292624128185,0.999992263773457,M_x (point stabilizer) idx=11 triv,r
aff11_wu100k_m128_seed3,11,11,x,63,132.22857078603596,0.9999944234585564,M_x (point stabilizer) idx=11 triv,r
aff11_wu100k_m128_seed3,11,11,x,64,204.82271925208576,0.9999960516967455,M_x (point stabilizer) idx=11 triv,r
aff11_wu100k_m128_seed3,11,11,x,65,242.01162332966905,0.9999971934506742,M_x (point stabilizer) idx=11 triv,r
aff11_wu100k_m128_seed3,11,11,x,66,230.88914118725722,0.9999962819809974,M_x (point stabilizer) idx=11 triv,r
aff11_wu100k_m128_seed3,11,11,x,67,221.20579599734887,0.9999970756879452,M_x (point stabilizer) idx=11 triv,r
aff11_wu100k_m128_seed3,11,11,x,68,141.272422088788,0.9999940542674421,M_x (point stabilizer) idx=11 triv,r
aff11_wu100k_m128_seed3,11,11,x,69,249.00899881862676,0.9999972067070253,M_x (point stabilizer) idx=11 triv,r
aff11_wu100k_m128_seed3,11,11,x,70,176.2097971057847,0.9999942299551778,M_x (point stabilizer) idx=11 triv,r
aff11_wu100k_m128_seed3,11,11,x,71,196.8552012358945,0.9999982378673895,M_x (point stabilizer) idx=11 triv,r
aff11_wu100k_m128_seed3,11,11,x,72,222.6998299146324,0.9999969202725746,M_x (point stabilizer) idx=11 triv,r
aff11_wu100k_m128_seed3,11,11,x,73,174.38826991310725,0.999993661198647,M_x (point stabilizer) idx=11 triv,r
aff11_wu100k_m128_seed3,11,11,x,74,170.83634597430063,0.9999974263635034,M_x (point stabilizer) idx=11 triv,r
aff11_wu100k_m128_seed3,11,11,x,75,175.72788224667175,0.9999941108692915,M_x (point stabilizer) idx=11 triv,r
aff11_wu100k_m128_seed3,11,11,x,76,183.3839437556402,0.9999961482312705,M_x (point stabilizer) idx=11 triv,r
aff11_wu100k_m128_seed3,11,11,x,77,117.73317353163495,0.9999933428327377,M_x (point stabilizer) idx=11 triv,r
aff11_wu100k_m128_seed3,11,11,x,78,176.71312073790256,0.9999948334884813,M_x (point stabilizer) idx=11 triv,r
aff11_wu100k_m128_seed3,11,11,x,79,159.91925887600348,0.9999968281214112,M_x (point stabilizer) idx=11 triv,r
aff11_wu100k_m128_seed3,11,11,x,80,231.87122716707617,0.999995295414791,M_x (point stabilizer) idx=11 triv,r
aff11_wu100k_m128_seed3,11,11,x,81,133.87011364550233,0.9999931936251414,M_x (point stabilizer) idx=11 triv,r
aff11_wu100k_m128_seed3,11,11,x,82,179.2868729254141,0.9999965843793701,M_x (point stabilizer) idx=11 triv,r
aff11_wu100k_m128_seed3,11,11,x,84,148.14522099407193,0.9999957451906085,M_x (point stabilizer) idx=11 triv,r
aff11_wu100k_m128_seed3,11,11,x,86,180.9005075784377,0.9999945778129653,M_x (point stabilizer) idx=11 triv,r
aff11_wu100k_m128_seed3,11,11,x,87,217.4168289330317,0.9999965559529896,M_x (point stabilizer) idx=11 triv,r
aff11_wu100k_m128_seed3,11,11,x,88,151.07704374747166,0.9999935423840655,M_x (point stabilizer) idx=11 triv,r
aff11_wu100k_m128_seed3,11,11,x,89,193.31728784715503,0.9999967749827169,M_x (point stabilizer) idx=11 triv,r
aff11_wu100k_m128_seed3,11,11,x,90,198.0774395362673,0.9999940147953145,M_x (point stabilizer) idx=11 triv,r
aff11_wu100k_m128_seed3,11,11,x,91,164.5449564473685,0.9999964830347804,M_x (point stabilizer) idx=11 triv,r
aff11_wu100k_m128_seed3,11,11,x,92,184.41647162874378,0.9999929146311402,M_x (point stabilizer) idx=11 triv,r
aff11_wu100k_m128_seed3,11,11,x,93,224.2778958113623,0.9999955305604539,M_x (point stabilizer) idx=11 triv,r
aff11_wu100k_m128_seed3,11,11,x,94,245.093727098023,0.9999954658084592,M_x (point stabilizer) idx=11 triv,r
aff11_wu100k_m128_seed3,11,11,x,95,137.30429074281741,0.9999958941320023,M_x (point stabilizer) idx=11 triv,r
aff11_wu100k_m128_seed3,11,11,x,96,130.35967923554983,0.9999968896185949,M_x (point stabilizer) idx=11 triv,r
aff11_wu100k_m128_seed3,11,11,x,97,153.8061712754657,0.9999954245518932,M_x (point stabilizer) idx=11 triv,r
aff11_wu100k_m128_seed3,11,11,x,98,188.3457408139971,0.9999934980091231,M_x (point stabilizer) idx=11 triv,r
aff11_wu100k_m128_seed3,11,11,x,99,163.92620867797302,0.9999949877799731,M_x (point stabilizer) idx=11 triv,r
aff11_wu100k_m128_seed3,11,11,x,100,177.08417870233004,0.9999958894301639,M_x (point stabilizer) idx=11 triv,r
aff11_wu100k_m128_seed3,11,11,x,102,138.64261422658797,0.9999937509434015,M_x (point stabilizer) idx=11 triv,r
aff11_wu100k_m128_seed3,11,11,x,103,11.802404961193348,0.7373154017997435,M_x (point stabilizer) idx=11 char,l
aff11_wu100k_m128_seed3,11,11,x,105,182.6902943304646,0.9999941447550802,M_x (point stabilizer) idx=11 triv,r
aff11_wu100k_m128_seed3,11,11,x,107,183.33236121120294,0.9999962915104208,M_x (point stabilizer) idx=11 triv,r
aff11_wu100k_m128_seed3,11,11,x,109,197.42469673849413,0.9999939790399393,M_x (point stabilizer) idx=11 triv,r
aff11_wu100k_m128_seed3,11,11,x,110,141.8362483413617,0.999994873350042,M_x (point stabilizer) idx=11 triv,r
aff11_wu100k_m128_seed3,11,11,x,111,137.8837000204516,0.9999923552881399,M_x (point stabilizer) idx=11 triv,r
aff11_wu100k_m128_seed3,11,11,x,112,171.65822075763194,0.9999951246906505,M_x (point stabilizer) idx=11 triv,r
aff11_wu100k_m128_seed3,11,11,x,113,194.06749618864143,0.9999971547407642,M_x (point stabilizer) idx=11 triv,r
aff11_wu100k_m128_seed3,11,11,x,114,126.05879659139839,0.9999952123273425,M_x (point stabilizer) idx=11 triv,r
aff11_wu100k_m128_seed3,11,11,x,115,197.56055668889795,0.9999960658384334,M_x (point stabilizer) idx=11 triv,r
aff11_wu100k_m128_seed3,11,11,x,116,34.412093496613416,0.7247578985051729,M_x (point stabilizer) idx=11 char,l
aff11_wu100k_m128_seed3,11,11,x,117,205.93548508886553,0.9999953873422375,M_x (point stabilizer) idx=11 triv,r
aff11_wu100k_m128_seed3,11,11,x,118,207.124793794856,0.9999962844110719,M_x (point stabilizer) idx=11 triv,r
aff11_wu100k_m128_seed3,11,11,x,119,155.03563319987384,0.9999952314776388,M_x (point stabilizer) idx=11 triv,r
aff11_wu100k_m128_seed3,11,11,x,120,166.74204459173671,0.9999954737863194,M_x (point stabilizer) idx=11 triv,r
aff11_wu100k_m128_seed3,11,11,x,121,216.87663409434046,0.9999962410774121,M_x (point stabilizer) idx=11 triv,r
aff11_wu100k_m128_seed3,11,11,x,122,230.1927011677657,0.9999958295557149,M_x (point stabilizer) idx=11 triv,r
aff11_wu100k_m128_seed3,11,11,x,124,161.96778338655008,0.9999908312665469,M_x (point stabilizer) idx=11 triv,r
aff11_wu100k_m128_seed3,11,11,x,125,167.03943063887374,0.9999964352942002,M_x (point stabilizer) idx=11 triv,r
aff11_wu100k_m128_seed3,11,11,x,126,177.9651845227596,0.9999954319047599,M_x (point stabilizer) idx=11 triv,r
aff11_wu100k_m128_seed3,11,11,x,127,219.2397594760378,0.99999613132485,M_x (point stabilizer) idx=11 triv,r
aff11_wu100k_m128_seed3,11,11,y,0,167.30595463472548,0.9999968270097388,M_x (point stabilizer) idx=11 triv,l
aff11_wu100k_m128_seed3,11,11,y,1,167.7771509013086,0.9999943885595578,M_x (point stabilizer) idx=11 triv,l
aff11_wu100k_m128_seed3,11,11,y,2,159.44747559007956,0.9999945787397357,M_x (point stabilizer) idx=11 triv,l
aff11_wu100k_m128_seed3,11,11,y,3,259.3062800169722,0.9999964830519449,M_x (point stabilizer) idx=11 triv,l
aff11_wu100k_m128_seed3,11,11,y,4,217.85067829872418,0.9999964999538157,M_x (point stabilizer) idx=11 triv,l
aff11_wu100k_m128_seed3,11,11,y,5,169.4096556528529,0.9999913772255277,M_x (point stabilizer) idx=11 triv,l
aff11_wu100k_m128_seed3,11,11,y,6,6.100559987546398,0.832184692550454,M_x (point stabilizer) idx=11 triv,l
aff11_wu100k_m128_seed3,11,11,y,7,238.4558962375622,0.9999950928718643,M_x (point stabilizer) idx=11 triv,l
aff11_wu100k_m128_seed3,11,11,y,8,162.38447678045256,0.9999964230333019,M_x (point stabilizer) idx=11 triv,l
aff11_wu100k_m128_seed3,11,11,y,10,54.39490590737368,0.7412289869778375,M_x (point stabilizer) idx=11 char,r
aff11_wu100k_m128_seed3,11,11,y,11,178.20979314052616,0.9999956359260322,M_x (point stabilizer) idx=11 triv,l
aff11_wu100k_m128_seed3,11,11,y,12,218.90760540685778,0.9999950401643928,M_x (point stabilizer) idx=11 triv,l
aff11_wu100k_m128_seed3,11,11,y,13,177.99205969088183,0.9999946429485888,M_x (point stabilizer) idx=11 triv,l
aff11_wu100k_m128_seed3,11,11,y,14,179.1845185235861,0.999996159747962,M_x (point stabilizer) idx=11 triv,l
aff11_wu100k_m128_seed3,11,11,y,15,168.67731583636743,0.9999956974723407,M_x (point stabilizer) idx=11 triv,l
aff11_wu100k_m128_seed3,11,11,y,16,162.64939792658143,0.9999973866630388,M_x (point stabilizer) idx=11 triv,l
aff11_wu100k_m128_seed3,11,11,y,17,143.36708459585674,0.9999956514263342,M_x (point stabilizer) idx=11 triv,l
aff11_wu100k_m128_seed3,11,11,y,18,136.83003677206614,0.9999954229412241,M_x (point stabilizer) idx=11 triv,l
aff11_wu100k_m128_seed3,11,11,y,19,198.4267831440817,0.9999970052332787,M_x (point stabilizer) idx=11 triv,l
aff11_wu100k_m128_seed3,11,11,y,20,158.06266804668448,0.9999917581544878,M_x (point stabilizer) idx=11 triv,l
aff11_wu100k_m128_seed3,11,11,y,21,239.94524262983467,0.9999952018268519,M_x (point stabilizer) idx=11 triv,l
aff11_wu100k_m128_seed3,11,11,y,22,194.44999029794118,0.9999969093354747,M_x (point stabilizer) idx=11 triv,l
aff11_wu100k_m128_seed3,11,11,y,23,171.33056968132735,0.9999949578937652,M_x (point stabilizer) idx=11 triv,l
aff11_wu100k_m128_seed3,11,11,y,24,207.41649216259634,0.9999968342913625,M_x (point stabilizer) idx=11 triv,l
aff11_wu100k_m128_seed3,11,11,y,25,188.42199986529536,0.9999960271958755,M_x (point stabilizer) idx=11 triv,l
aff11_wu100k_m128_seed3,11,11,y,26,140.84964654169138,0.9999935480510913,M_x (point stabilizer) idx=11 triv,l
aff11_wu100k_m128_seed3,11,11,y,27,194.23583033422557,0.999992407090296,M_x (point stabilizer) idx=11 triv,l
aff11_wu100k_m128_seed3,11,11,y,28,237.44901422719767,0.9999961164249822,M_x (point stabilizer) idx=11 triv,l
aff11_wu100k_m128_seed3,11,11,y,29,245.51704510922934,0.9999947286306189,M_x (point stabilizer) idx=11 triv,l
aff11_wu100k_m128_seed3,11,11,y,30,195.66560027104666,0.9999929733069463,M_x (point stabilizer) idx=11 triv,l
aff11_wu100k_m128_seed3,11,11,y,31,241.08566104356012,0.9999970560125933,M_x (point stabilizer) idx=11 triv,l
aff11_wu100k_m128_seed3,11,11,y,32,222.31570216706945,0.9999951881862784,M_x (point stabilizer) idx=11 triv,l
aff11_wu100k_m128_seed3,11,11,y,33,200.57564438047325,0.9999961108484573,M_x (point stabilizer) idx=11 triv,l
aff11_wu100k_m128_seed3,11,11,y,34,170.86295088974936,0.9999945982284774,M_x (point stabilizer) idx=11 triv,l
aff11_wu100k_m128_seed3,11,11,y,35,208.37298334590045,0.9999960190834897,M_x (point stabilizer) idx=11 triv,l
aff11_wu100k_m128_seed3,11,11,y,36,190.96541476181804,0.9999958022371288,M_x (point stabilizer) idx=11 triv,l
aff11_wu100k_m128_seed3,11,11,y,37,120.30843168950425,0.9999951124030834,M_x (point stabilizer) idx=11 triv,l
aff11_wu100k_m128_seed3,11,11,y,38,174.28708167159243,0.9999941068807521,M_x (point stabilizer) idx=11 triv,l
aff11_wu100k_m128_seed3,11,11,y,39,187.11945384364373,0.9999937125535627,M_x (point stabilizer) idx=11 triv,l
aff11_wu100k_m128_seed3,11,11,y,40,160.22770628256995,0.999995607138716,M_x (point stabilizer) idx=11 triv,l
aff11_wu100k_m128_seed3,11,11,y,41,217.28009713531557,0.9999975977722303,M_x (point stabilizer) idx=11 triv,l
aff11_wu100k_m128_seed3,11,11,y,42,157.5039700613459,0.999994390683419,M_x (point stabilizer) idx=11 triv,l
aff11_wu100k_m128_seed3,11,11,y,44,162.40618977488882,0.9999937942971509,M_x (point stabilizer) idx=11 triv,l
aff11_wu100k_m128_seed3,11,11,y,46,223.79312195494225,0.9999947785981188,M_x (point stabilizer) idx=11 triv,l
aff11_wu100k_m128_seed3,11,11,y,47,203.22237527606052,0.9999964615586946,M_x (point stabilizer) idx=11 triv,l
aff11_wu100k_m128_seed3,11,11,y,48,187.9578633831528,0.9999948149677766,M_x (point stabilizer) idx=11 triv,l
aff11_wu100k_m128_seed3,11,11,y,49,214.86395512791262,0.9999968067917545,M_x (point stabilizer) idx=11 triv,l
aff11_wu100k_m128_seed3,11,11,y,50,205.97631906304687,0.9999965724534103,M_x (point stabilizer) idx=11 triv,l
aff11_wu100k_m128_seed3,11,11,y,51,152.62818898113852,0.9999957048610256,M_x (point stabilizer) idx=11 triv,l
aff11_wu100k_m128_seed3,11,11,y,52,214.3702808806055,0.9999959272993045,M_x (point stabilizer) idx=11 triv,l
aff11_wu100k_m128_seed3,11,11,y,53,236.68690338977814,0.9999946451341505,M_x (point stabilizer) idx=11 triv,l
aff11_wu100k_m128_seed3,11,11,y,54,221.26607202811556,0.9999960413021283,M_x (point stabilizer) idx=11 triv,l
aff11_wu100k_m128_seed3,11,11,y,55,240.93697425373296,0.9999936405779106,M_x (point stabilizer) idx=11 triv,l
aff11_wu100k_m128_seed3,11,11,y,56,161.0257179734791,0.999995918405821,M_x (point stabilizer) idx=11 triv,l
aff11_wu100k_m128_seed3,11,11,y,58,208.9532046479277,0.9999949669652232,M_x (point stabilizer) idx=11 triv,l
aff11_wu100k_m128_seed3,11,11,y,59,234.20386566261146,0.999997263333669,M_x (point stabilizer) idx=11 triv,l
aff11_wu100k_m128_seed3,11,11,y,60,181.84700251626512,0.9999960617223344,M_x (point stabilizer) idx=11 triv,l
aff11_wu100k_m128_seed3,11,11,y,61,145.30914332741506,0.9999928310228734,M_x (point stabilizer) idx=11 triv,l
aff11_wu100k_m128_seed3,11,11,y,63,133.26416220313374,0.9999948095078232,M_x (point stabilizer) idx=11 triv,l
aff11_wu100k_m128_seed3,11,11,y,64,205.02754369054648,0.9999954811730647,M_x (point stabilizer) idx=11 triv,l
aff11_wu100k_m128_seed3,11,11,y,65,243.0024959884783,0.9999967097463265,M_x (point stabilizer) idx=11 triv,l
aff11_wu100k_m128_seed3,11,11,y,66,231.39166558414823,0.9999947028426663,M_x (point stabilizer) idx=11 triv,l
aff11_wu100k_m128_seed3,11,11,y,67,221.6865039201204,0.9999953287789701,M_x (point stabilizer) idx=11 triv,l
aff11_wu100k_m128_seed3,11,11,y,68,141.5112012906022,0.9999958591879449,M_x (point stabilizer) idx=11 triv,l
aff11_wu100k_m128_seed3,11,11,y,69,249.81746058163384,0.9999961046835191,M_x (point stabilizer) idx=11 triv,l
aff11_wu100k_m128_seed3,11,11,y,70,177.20017970336693,0.9999959994647457,M_x (point stabilizer) idx=11 triv,l
aff11_wu100k_m128_seed3,11,11,y,71,198.13579927385157,0.9999948116947401,M_x (point stabilizer) idx=11 triv,l
aff11_wu100k_m128_seed3,11,11,y,72,223.58531425627712,0.9999944644833152,M_x (point stabilizer) idx=11 triv,l
aff11_wu100k_m128_seed3,11,11,y,73,174.98147973988307,0.9999961705751189,M_x (point stabilizer) idx=11 triv,l
aff11_wu100k_m128_seed3,11,11,y,74,171.5683071521305,0.9999948053569044,M_x (point stabilizer) idx=11 triv,l
aff11_wu100k_m128_seed3,11,11,y,75,176.5286523013409,0.999996230701073,M_x (point stabilizer) idx=11 triv,l
aff11_wu100k_m128_seed3,11,11,y,76,183.5133416753976,0.9999960534150913,M_x (point stabilizer) idx=11 triv,l
aff11_wu100k_m128_seed3,11,11,y,77,118.14211777515892,0.9999943366805513,M_x (point stabilizer) idx=11 triv,l
aff11_wu100k_m128_seed3,11,11,y,78,177.80346100434966,0.9999918819581475,M_x (point stabilizer) idx=11 triv,l
aff11_wu100k_m128_seed3,11,11,y,79,160.38014935335772,0.9999956852441484,M_x (point stabilizer) idx=11 triv,l
aff11_wu100k_m128_seed3,11,11,y,80,232.20123354304422,0.9999975905887425,M_x (point stabilizer) idx=11 triv,l
aff11_wu100k_m128_seed3,11,11,y,81,134.60772463886218,0.9999949006546653,M_x (point stabilizer) idx=11 triv,l
aff11_wu100k_m128_seed3,11,11,y,82,179.9948631360559,0.9999950086252879,M_x (point stabilizer) idx=11 triv,l
aff11_wu100k_m128_seed3,11,11,y,84,148.90151779861853,0.9999945749247562,M_x (point stabilizer) idx=11 triv,l
aff11_wu100k_m128_seed3,11,11,y,86,181.4141832982793,0.999995970233855,M_x (point stabilizer) idx=11 triv,l
aff11_wu100k_m128_seed3,11,11,y,87,218.00863301050157,0.9999969511184481,M_x (point stabilizer) idx=11 triv,l
aff11_wu100k_m128_seed3,11,11,y,88,151.96320619217818,0.999994193472588,M_x (point stabilizer) idx=11 triv,l
aff11_wu100k_m128_seed3,11,11,y,89,193.6674911549062,0.9999952885070225,M_x (point stabilizer) idx=11 triv,l
aff11_wu100k_m128_seed3,11,11,y,90,198.82493936337258,0.9999962832066771,M_x (point stabilizer) idx=11 triv,l
aff11_wu100k_m128_seed3,11,11,y,91,164.98229077891406,0.999994563944171,M_x (point stabilizer) idx=11 triv,l
aff11_wu100k_m128_seed3,11,11,y,92,185.56426599667023,0.9999964612304493,M_x (point stabilizer) idx=11 triv,l
aff11_wu100k_m128_seed3,11,11,y,93,225.2069978335388,0.9999951939066405,M_x (point stabilizer) idx=11 triv,l
aff11_wu100k_m128_seed3,11,11,y,94,246.2962312746973,0.9999964129193833,M_x (point stabilizer) idx=11 triv,l
aff11_wu100k_m128_seed3,11,11,y,95,137.7695478551779,0.9999938675962567,M_x (point stabilizer) idx=11 triv,l
aff11_wu100k_m128_seed3,11,11,y,96,130.62140575118758,0.9999913134247439,M_x (point stabilizer) idx=11 triv,l
aff11_wu100k_m128_seed3,11,11,y,97,154.26553549475594,0.9999944306635262,M_x (point stabilizer) idx=11 triv,l
aff11_wu100k_m128_seed3,11,11,y,98,188.2302760989684,0.999994635956297,M_x (point stabilizer) idx=11 triv,l
aff11_wu100k_m128_seed3,11,11,y,99,164.62709533866845,0.9999951901566808,M_x (point stabilizer) idx=11 triv,l
aff11_wu100k_m128_seed3,11,11,y,100,177.2627293575936,0.9999950996203364,M_x (point stabilizer) idx=11 triv,l
aff11_wu100k_m128_seed3,11,11,y,102,139.2484528989031,0.9999969365226549,M_x (point stabilizer) idx=11 triv,l
aff11_wu100k_m128_seed3,11,11,y,103,12.106446474442839,0.7369137360720099,M_x (point stabilizer) idx=11 char,r
aff11_wu100k_m128_seed3,11,11,y,105,183.47396664842944,0.9999948547208698,M_x (point stabilizer) idx=11 triv,l
aff11_wu100k_m128_seed3,11,11,y,107,184.22208895480438,0.9999942130240089,M_x (point stabilizer) idx=11 triv,l
aff11_wu100k_m128_seed3,11,11,y,109,198.4546779875112,0.9999963071148623,M_x (point stabilizer) idx=11 triv,l
aff11_wu100k_m128_seed3,11,11,y,110,141.33983672264293,0.9999971009779146,M_x (point stabilizer) idx=11 triv,l
aff11_wu100k_m128_seed3,11,11,y,111,138.34410773891358,0.9999928980421963,M_x (point stabilizer) idx=11 triv,l
aff11_wu100k_m128_seed3,11,11,y,112,172.39010210668522,0.9999917812096031,M_x (point stabilizer) idx=11 triv,l
aff11_wu100k_m128_seed3,11,11,y,113,194.54052885872053,0.9999957927285525,M_x (point stabilizer) idx=11 triv,l
aff11_wu100k_m128_seed3,11,11,y,114,126.17363952278707,0.9999895154998569,M_x (point stabilizer) idx=11 triv,l
aff11_wu100k_m128_seed3,11,11,y,115,198.07053409086112,0.999996150310259,M_x (point stabilizer) idx=11 triv,l
aff11_wu100k_m128_seed3,11,11,y,116,33.883549210959366,0.7305045893142087,M_x (point stabilizer) idx=11 char,r
aff11_wu100k_m128_seed3,11,11,y,117,206.48700521863523,0.9999934665693584,M_x (point stabilizer) idx=11 triv,l
aff11_wu100k_m128_seed3,11,11,y,118,207.8655620181008,0.9999965343543038,M_x (point stabilizer) idx=11 triv,l
aff11_wu100k_m128_seed3,11,11,y,119,154.7308474321976,0.9999862800153171,M_x (point stabilizer) idx=11 triv,l
aff11_wu100k_m128_seed3,11,11,y,120,166.6998227107489,0.9999958663925156,M_x (point stabilizer) idx=11 triv,l
aff11_wu100k_m128_seed3,11,11,y,121,217.60600368655483,0.9999954169491878,M_x (point stabilizer) idx=11 triv,l
aff11_wu100k_m128_seed3,11,11,y,122,230.9561199393688,0.9999964919123443,M_x (point stabilizer) idx=11 triv,l
aff11_wu100k_m128_seed3,11,11,y,124,162.75562271969392,0.9999946488643863,M_x (point stabilizer) idx=11 triv,l
aff11_wu100k_m128_seed3,11,11,y,125,167.60121069847852,0.9999943891207077,M_x (point stabilizer) idx=11 triv,l
aff11_wu100k_m128_seed3,11,11,y,126,178.8018969989729,0.9999945423412947,M_x (point stabilizer) idx=11 triv,l
aff11_wu100k_m128_seed3,11,11,y,127,219.41414255746574,0.9999969069438409,M_x (point stabilizer) idx=11 triv,l
aff11_wu100k_m128_seed4,11,11,x,0,149.08960938543817,0.9999965782982826,M_x (point stabilizer) idx=11 triv,r
aff11_wu100k_m128_seed4,11,11,x,1,134.3787717222358,0.9999963111442463,M_x (point stabilizer) idx=11 triv,r
aff11_wu100k_m128_seed4,11,11,x,2,175.36257994232608,0.999997010911869,M_x (point stabilizer) idx=11 triv,r
aff11_wu100k_m128_seed4,11,11,x,3,169.38094868936597,0.9999942271401923,M_x (point stabilizer) idx=11 triv,r
aff11_wu100k_m128_seed4,11,11,x,4,215.7399965590479,0.9999974289586714,M_x (point stabilizer) idx=11 triv,r
aff11_wu100k_m128_seed4,11,11,x,5,204.33169413107817,0.9999971065982642,M_x (point stabilizer) idx=11 triv,r
aff11_wu100k_m128_seed4,11,11,x,6,197.21878119242487,0.9999966250103781,M_x (point stabilizer) idx=11 triv,r
aff11_wu100k_m128_seed4,11,11,x,7,230.03976329469015,0.9999943801421827,M_x (point stabilizer) idx=11 triv,r
aff11_wu100k_m128_seed4,11,11,x,8,165.85464230226447,0.9999965614268999,M_x (point stabilizer) idx=11 triv,r
aff11_wu100k_m128_seed4,11,11,x,9,192.89614045469202,0.9999937286637149,M_x (point stabilizer) idx=11 triv,r
aff11_wu100k_m128_seed4,11,11,x,10,195.65622565774916,0.9999948799195955,M_x (point stabilizer) idx=11 triv,r
aff11_wu100k_m128_seed4,11,11,x,11,188.91422757016977,0.999996544255341,M_x (point stabilizer) idx=11 triv,r
aff11_wu100k_m128_seed4,11,11,x,12,152.75789309160967,0.9999957176710494,M_x (point stabilizer) idx=11 triv,r
aff11_wu100k_m128_seed4,11,11,x,13,180.3391412596642,0.9999961445531222,M_x (point stabilizer) idx=11 triv,r
aff11_wu100k_m128_seed4,11,11,x,14,175.70490566217205,0.9999950566741584,M_x (point stabilizer) idx=11 triv,r
aff11_wu100k_m128_seed4,11,11,x,15,198.56887203725515,0.9999966583575374,M_x (point stabilizer) idx=11 triv,r
aff11_wu100k_m128_seed4,11,11,x,16,232.24276740018234,0.9999964796005626,M_x (point stabilizer) idx=11 triv,r
aff11_wu100k_m128_seed4,11,11,x,17,197.23012265955822,0.9999963435078651,M_x (point stabilizer) idx=11 triv,r
aff11_wu100k_m128_seed4,11,11,x,18,163.47309840774113,0.9999925780630784,M_x (point stabilizer) idx=11 triv,r
aff11_wu100k_m128_seed4,11,11,x,19,205.51911043276777,0.9999970858805217,M_x (point stabilizer) idx=11 triv,r
aff11_wu100k_m128_seed4,11,11,x,20,161.98048509005645,0.9999946546427485,M_x (point stabilizer) idx=11 triv,r
aff11_wu100k_m128_seed4,11,11,x,21,195.33585651219732,0.9999970344229483,M_x (point stabilizer) idx=11 triv,r
aff11_wu100k_m128_seed4,11,11,x,22,189.6084736401221,0.9999950608058626,M_x (point stabilizer) idx=11 triv,r
aff11_wu100k_m128_seed4,11,11,x,23,134.81987357157118,0.9999965735767009,M_x (point stabilizer) idx=11 triv,r
aff11_wu100k_m128_seed4,11,11,x,24,199.88655695407266,0.9999971040846533,M_x (point stabilizer) idx=11 triv,r
aff11_wu100k_m128_seed4,11,11,x,25,196.41723262269795,0.9999952351434412,M_x (point stabilizer) idx=11 triv,r
aff11_wu100k_m128_seed4,11,11,x,26,174.50422781443837,0.999996303359036,M_x (point stabilizer) idx=11 triv,r
aff11_wu100k_m128_seed4,11,11,x,27,198.62122111073128,0.9999952990462064,M_x (point stabilizer) idx=11 triv,r
aff11_wu100k_m128_seed4,11,11,x,28,223.93962792294857,0.9999956168317681,M_x (point stabilizer) idx=11 triv,r
aff11_wu100k_m128_seed4,11,11,x,29,136.19553373659917,0.9999958736423865,M_x (point stabilizer) idx=11 triv,r
aff11_wu100k_m128_seed4,11,11,x,30,193.88226463256913,0.9999953402649624,M_x (point stabilizer) idx=11 triv,r
aff11_wu100k_m128_seed4,11,11,x,31,167.10059734688764,0.999991212297677,M_x (point stabilizer) idx=11 triv,r
aff11_wu100k_m128_seed4,11,11,x,32,148.31314530468183,0.9999944665063454,M_x (point stabilizer) idx=11 triv,r
aff11_wu100k_m128_seed4,11,11,x,34,177.12001039441867,0.9999968117145603,M_x (point stabilizer) idx=11 triv,r
aff11_wu100k_m128_seed4,11,11,x,35,233.6716046654348,0.9999968494953932,M_x (point stabilizer) idx=11 triv,r
aff11_wu100k_m128_seed4,11,11,x,36,174.01001819402856,0.9999969882936764,M_x (point stabilizer) idx=11 triv,r
aff11_wu100k_m128_seed4,11,11,x,37,246.94468042389545,0.9999960293998599,M_x (point stabilizer) idx=11 triv,r
aff11_wu100k_m128_seed4,11,11,x,38,168.98261118239054,0.9999967180021282,M_x (point stabilizer) idx=11 triv,r
aff11_wu100k_m128_seed4,11,11,x,40,170.20796036853386,0.9999966051536341,M_x (point stabilizer) idx=11 triv,r
aff11_wu100k_m128_seed4,11,11,x,42,168.65132576084594,0.9999966777300895,M_x (point stabilizer) idx=11 triv,r
aff11_wu100k_m128_seed4,11,11,x,43,181.1548428572458,0.9999960557382844,M_x (point stabilizer) idx=11 triv,r
aff11_wu100k_m128_seed4,11,11,x,44,200.7653021966899,0.9999963004444045,M_x (point stabilizer) idx=11 triv,r
aff11_wu100k_m128_seed4,11,11,x,46,186.10705111686642,0.9999954281561229,M_x (point stabilizer) idx=11 triv,r
aff11_wu100k_m128_seed4,11,11,x,47,196.2940244383427,0.9999971523071417,M_x (point stabilizer) idx=11 triv,r
aff11_wu100k_m128_seed4,11,11,x,48,166.24051591169973,0.9999966911390562,M_x (point stabilizer) idx=11 triv,r
aff11_wu100k_m128_seed4,11,11,x,49,197.70911375589628,0.9999969146557307,M_x (point stabilizer) idx=11 triv,r
aff11_wu100k_m128_seed4,11,11,x,50,138.2300954305983,0.9999925218477596,M_x (point stabilizer) idx=11 triv,r
aff11_wu100k_m128_seed4,11,11,x,51,174.24279773815732,0.9999943918432227,M_x (point stabilizer) idx=11 triv,r
aff11_wu100k_m128_seed4,11,11,x,52,174.17028407718013,0.9999967819514671,M_x (point stabilizer) idx=11 triv,r
aff11_wu100k_m128_seed4,11,11,x,53,159.5835346191637,0.9999958052918073,M_x (point stabilizer) idx=11 triv,r
aff11_wu100k_m128_seed4,11,11,x,54,218.6456267549645,0.9999972331531527,M_x (point stabilizer) idx=11 triv,r
aff11_wu100k_m128_seed4,11,11,x,56,166.78670416734616,0.9999964159418016,M_x (point stabilizer) idx=11 triv,r
aff11_wu100k_m128_seed4,11,11,x,57,177.12599960996238,0.9999953971086031,M_x (point stabilizer) idx=11 triv,r
aff11_wu100k_m128_seed4,11,11,x,58,178.21239739410402,0.9999964701701959,M_x (point stabilizer) idx=11 triv,r
aff11_wu100k_m128_seed4,11,11,x,59,210.36750243236446,0.9999971952032416,M_x (point stabilizer) idx=11 triv,r
aff11_wu100k_m128_seed4,11,11,x,60,174.1107671382074,0.9999974705638455,M_x (point stabilizer) idx=11 triv,r
aff11_wu100k_m128_seed4,11,11,x,61,162.00704775533418,0.9999966861555475,M_x (point stabilizer) idx=11 triv,r
aff11_wu100k_m128_seed4,11,11,x,62,244.14355797975938,0.9999962483335524,M_x (point stabilizer) idx=11 triv,r
aff11_wu100k_m128_seed4,11,11,x,63,171.76134962275808,0.9999959235414113,M_x (point stabilizer) idx=11 triv,r
aff11_wu100k_m128_seed4,11,11,x,64,223.77535565855,0.9999969657225801,M_x (point stabilizer) idx=11 triv,r
aff11_wu100k_m128_seed4,11,11,x,65,248.48159900328105,0.9999934473163961,M_x (point stabilizer) idx=11 triv,r
aff11_wu100k_m128_seed4,11,11,x,67,205.12374749527112,0.9999975482105103,M_x (point stabilizer) idx=11 triv,r
aff11_wu100k_m128_seed4,11,11,x,68,170.32634110844822,0.9999952620438666,M_x (point stabilizer) idx=11 triv,r
aff11_wu100k_m128_seed4,11,11,x,70,205.52543495941904,0.9999938419492219,M_x (point stabilizer) idx=11 triv,r
aff11_wu100k_m128_seed4,11,11,x,71,161.27590867378322,0.9999958307182891,M_x (point stabilizer) idx=11 triv,r
aff11_wu100k_m128_seed4,11,11,x,73,262.37801153639083,0.999998101374536,M_x (point stabilizer) idx=11 triv,r
aff11_wu100k_m128_seed4,11,11,x,74,148.9449283343271,0.9999916306193105,M_x (point stabilizer) idx=11 triv,r
aff11_wu100k_m128_seed4,11,11,x,75,173.85419320072685,0.9999942096436306,M_x (point stabilizer) idx=11 triv,r
aff11_wu100k_m128_seed4,11,11,x,76,162.722353317174,0.9999961163672599,M_x (point stabilizer) idx=11 triv,r
aff11_wu100k_m128_seed4,11,11,x,77,225.45858086602044,0.999996508044259,M_x (point stabilizer) idx=11 triv,r
aff11_wu100k_m128_seed4,11,11,x,78,156.17946808327954,0.9999966439345044,M_x (point stabilizer) idx=11 triv,r
aff11_wu100k_m128_seed4,11,11,x,79,151.01926830068652,0.9999881230357114,M_x (point stabilizer) idx=11 triv,r
aff11_wu100k_m128_seed4,11,11,x,80,201.91748206514814,0.9999957631276868,M_x (point stabilizer) idx=11 triv,r
aff11_wu100k_m128_seed4,11,11,x,81,171.86799289627427,0.9999963649384634,M_x (point stabilizer) idx=11 triv,r
aff11_wu100k_m128_seed4,11,11,x,82,144.25355229125424,0.9999963339908672,M_x (point stabilizer) idx=11 triv,r
aff11_wu100k_m128_seed4,11,11,x,83,162.96142898884838,0.9999965144289921,M_x (point stabilizer) idx=11 triv,r
aff11_wu100k_m128_seed4,11,11,x,84,151.228079789152,0.999996112802385,M_x (point stabilizer) idx=11 triv,r
aff11_wu100k_m128_seed4,11,11,x,85,167.9690806303366,0.9999940087936262,M_x (point stabilizer) idx=11 triv,r
aff11_wu100k_m128_seed4,11,11,x,86,184.5025372848142,0.999996778989928,M_x (point stabilizer) idx=11 triv,r
aff11_wu100k_m128_seed4,11,11,x,87,141.20421232943062,0.9999965271939711,M_x (point stabilizer) idx=11 triv,r
aff11_wu100k_m128_seed4,11,11,x,88,166.23022161760287,0.9999963877598029,M_x (point stabilizer) idx=11 triv,r
aff11_wu100k_m128_seed4,11,11,x,89,219.7440195131911,0.9999973722637064,M_x (point stabilizer) idx=11 triv,r
aff11_wu100k_m128_seed4,11,11,x,90,189.16210040040184,0.9999952731838556,M_x (point stabilizer) idx=11 triv,r
aff11_wu100k_m128_seed4,11,11,x,91,178.38542289789956,0.999996401295612,M_x (point stabilizer) idx=11 triv,r
aff11_wu100k_m128_seed4,11,11,x,92,160.98236439753424,0.9999943817557647,M_x (point stabilizer) idx=11 triv,r
aff11_wu100k_m128_seed4,11,11,x,93,187.07974825482174,0.9999971942251363,M_x (point stabilizer) idx=11 triv,r
aff11_wu100k_m128_seed4,11,11,x,94,146.2705087213837,0.9999957734363544,M_x (point stabilizer) idx=11 triv,r
aff11_wu100k_m128_seed4,11,11,x,95,223.5442831710188,0.999997435472384,M_x (point stabilizer) idx=11 triv,r
aff11_wu100k_m128_seed4,11,11,x,96,178.34464489687235,0.9999962463868218,M_x (point stabilizer) idx=11 triv,r
aff11_wu100k_m128_seed4,11,11,x,97,175.05080443769452,0.9999962001436891,M_x (point stabilizer) idx=11 triv,r
aff11_wu100k_m128_seed4,11,11,x,98,168.6662264518241,0.9999951856621548,M_x (point stabilizer) idx=11 triv,r
aff11_wu100k_m128_seed4,11,11,x,99,152.81762929288908,0.9999933454091467,M_x (point stabilizer) idx=11 triv,r
aff11_wu100k_m128_seed4,11,11,x,100,229.98742488646272,0.9999973297714213,M_x (point stabilizer) idx=11 triv,r
aff11_wu100k_m128_seed4,11,11,x,101,198.52463470540638,0.9999968822814438,M_x (point stabilizer) idx=11 triv,r
aff11_wu100k_m128_seed4,11,11,x,102,152.6740295405659,0.9999950589414435,M_x (point stabilizer) idx=11 triv,r
aff11_wu100k_m128_seed4,11,11,x,103,147.71823913636644,0.9999958905893904,M_x (point stabilizer) idx=11 triv,r
aff11_wu100k_m128_seed4,11,11,x,104,238.8314166430891,0.9999959353792857,M_x (point stabilizer) idx=11 triv,r
aff11_wu100k_m128_seed4,11,11,x,105,208.17191106365058,0.9999966701613908,M_x (point stabilizer) idx=11 triv,r
aff11_wu100k_m128_seed4,11,11,x,106,180.87196941252787,0.9999933873068646,M_x (point stabilizer) idx=11 triv,r
aff11_wu100k_m128_seed4,11,11,x,107,190.53781059631706,0.9999957485736362,M_x (point stabilizer) idx=11 triv,r
aff11_wu100k_m128_seed4,11,11,x,108,254.72728511277404,0.9999976867574178,M_x (point stabilizer) idx=11 triv,r
aff11_wu100k_m128_seed4,11,11,x,109,137.03667331461696,0.9999931468985499,M_x (point stabilizer) idx=11 triv,r
aff11_wu100k_m128_seed4,11,11,x,110,156.9672931921669,0.9999956832994001,M_x (point stabilizer) idx=11 triv,r
aff11_wu100k_m128_seed4,11,11,x,111,143.79665532179337,0.9999969691524909,M_x (point stabilizer) idx=11 triv,r
aff11_wu100k_m128_seed4,11,11,x,112,174.76653224944172,0.999997103442731,M_x (point stabilizer) idx=11 triv,r
aff11_wu100k_m128_seed4,11,11,x,113,198.00347194059944,0.99999671872614,M_x (point stabilizer) idx=11 triv,r
aff11_wu100k_m128_seed4,11,11,x,114,165.00755478776304,0.9999967575465343,M_x (point stabilizer) idx=11 triv,r
aff11_wu100k_m128_seed4,11,11,x,115,199.76901010123314,0.9999965345162761,M_x (point stabilizer) idx=11 triv,r
aff11_wu100k_m128_seed4,11,11,x,116,171.7455214213277,0.9999957042053353,M_x (point stabilizer) idx=11 triv,r
aff11_wu100k_m128_seed4,11,11,x,117,156.75643124286898,0.9999969717797277,M_x (point stabilizer) idx=11 triv,r
aff11_wu100k_m128_seed4,11,11,x,118,169.72453047704767,0.999994156443522,M_x (point stabilizer) idx=11 triv,r
aff11_wu100k_m128_seed4,11,11,x,119,190.52008681185282,0.9999962076586635,M_x (point stabilizer) idx=11 triv,r
aff11_wu100k_m128_seed4,11,11,x,120,247.59564100284723,0.9999963312200532,M_x (point stabilizer) idx=11 triv,r
aff11_wu100k_m128_seed4,11,11,x,121,162.82089611734693,0.9999922768254389,M_x (point stabilizer) idx=11 triv,r
aff11_wu100k_m128_seed4,11,11,x,122,239.32842584169018,0.9999977683413304,M_x (point stabilizer) idx=11 triv,r
aff11_wu100k_m128_seed4,11,11,x,123,174.03081450918788,0.9999952782506972,M_x (point stabilizer) idx=11 triv,r
aff11_wu100k_m128_seed4,11,11,x,124,142.54435716932772,0.9999956088416049,M_x (point stabilizer) idx=11 triv,r
aff11_wu100k_m128_seed4,11,11,x,125,195.10110876309116,0.9999967746511628,M_x (point stabilizer) idx=11 triv,r
aff11_wu100k_m128_seed4,11,11,x,126,156.1413232830597,0.9999974716815905,M_x (point stabilizer) idx=11 triv,r
aff11_wu100k_m128_seed4,11,11,y,0,149.26924486287606,0.9999952635780255,M_x (point stabilizer) idx=11 triv,l
aff11_wu100k_m128_seed4,11,11,y,1,134.21140943484625,0.9999928409223653,M_x (point stabilizer) idx=11 triv,l
aff11_wu100k_m128_seed4,11,11,y,2,175.91486820649777,0.9999949198606549,M_x (point stabilizer) idx=11 triv,l
aff11_wu100k_m128_seed4,11,11,y,3,170.15775571733073,0.999995920183608,M_x (point stabilizer) idx=11 triv,l
aff11_wu100k_m128_seed4,11,11,y,4,216.81240082616065,0.9999974248433113,M_x (point stabilizer) idx=11 triv,l
aff11_wu100k_m128_seed4,11,11,y,5,204.90719680881884,0.999996776565349,M_x (point stabilizer) idx=11 triv,l
aff11_wu100k_m128_seed4,11,11,y,6,197.6795756407991,0.9999969271611937,M_x (point stabilizer) idx=11 triv,l
aff11_wu100k_m128_seed4,11,11,y,7,230.02147629937386,0.9999967415593095,M_x (point stabilizer) idx=11 triv,l
aff11_wu100k_m128_seed4,11,11,y,8,166.40646462878843,0.9999958635326043,M_x (point stabilizer) idx=11 triv,l
aff11_wu100k_m128_seed4,11,11,y,9,194.1402204632959,0.9999945181066651,M_x (point stabilizer) idx=11 triv,l
aff11_wu100k_m128_seed4,11,11,y,10,196.33640914210542,0.9999958322524375,M_x (point stabilizer) idx=11 triv,l
aff11_wu100k_m128_seed4,11,11,y,11,190.0154559639623,0.9999966010787055,M_x (point stabilizer) idx=11 triv,l
aff11_wu100k_m128_seed4,11,11,y,12,154.03147835370694,0.9999958392674582,M_x (point stabilizer) idx=11 triv,l
aff11_wu100k_m128_seed4,11,11,y,13,181.65704384670838,0.9999953241752657,M_x (point stabilizer) idx=11 triv,l
aff11_wu100k_m128_seed4,11,11,y,14,175.8641362263531,0.9999899970792798,M_x (point stabilizer) idx=11 triv,l
aff11_wu100k_m128_seed4,11,11,y,15,199.26444823598928,0.9999967715715651,M_x (point stabilizer) idx=11 triv,l
aff11_wu100k_m128_seed4,11,11,y,16,232.42442307167505,0.9999958303122376,M_x (point stabilizer) idx=11 triv,l
aff11_wu100k_m128_seed4,11,11,y,17,197.59330564214287,0.9999957536180518,M_x (point stabilizer) idx=11 triv,l
aff11_wu100k_m128_seed4,11,11,y,18,164.30908747150062,0.9999967453041346,M_x (point stabilizer) idx=11 triv,l
aff11_wu100k_m128_seed4,11,11,y,19,206.41929959456817,0.9999957649069815,M_x (point stabilizer) idx=11 triv,l
aff11_wu100k_m128_seed4,11,11,y,20,162.9549063934258,0.9999954565039555,M_x (point stabilizer) idx=11 triv,l
aff11_wu100k_m128_seed4,11,11,y,21,195.63839712196395,0.9999954788648804,M_x (point stabilizer) idx=11 triv,l
aff11_wu100k_m128_seed4,11,11,y,22,190.29761716249428,0.9999940355578631,M_x (point stabilizer) idx=11 triv,l
aff11_wu100k_m128_seed4,11,11,y,23,134.91917904583795,0.9999952460251669,M_x (point stabilizer) idx=11 triv,l
aff11_wu100k_m128_seed4,11,11,y,24,200.6587600681336,0.9999939595968587,M_x (point stabilizer) idx=11 triv,l
aff11_wu100k_m128_seed4,11,11,y,25,196.64741050014933,0.9999951496666094,M_x (point stabilizer) idx=11 triv,l
aff11_wu100k_m128_seed4,11,11,y,26,174.32031049379796,0.9999968699807658,M_x (point stabilizer) idx=11 triv,l
aff11_wu100k_m128_seed4,11,11,y,27,199.19538380008947,0.9999939660340627,M_x (point stabilizer) idx=11 triv,l
aff11_wu100k_m128_seed4,11,11,y,28,224.8220859209772,0.9999972984467059,M_x (point stabilizer) idx=11 triv,l
aff11_wu100k_m128_seed4,11,11,y,29,136.30111668562915,0.999994947433028,M_x (point stabilizer) idx=11 triv,l
aff11_wu100k_m128_seed4,11,11,y,30,194.90099073049842,0.9999959162711692,M_x (point stabilizer) idx=11 triv,l
aff11_wu100k_m128_seed4,11,11,y,31,168.02796357967875,0.9999919019268159,M_x (point stabilizer) idx=11 triv,l
aff11_wu100k_m128_seed4,11,11,y,32,148.1997766701657,0.9999946253671725,M_x (point stabilizer) idx=11 triv,l
aff11_wu100k_m128_seed4,11,11,y,34,178.14221615643635,0.999995016272861,M_x (point stabilizer) idx=11 triv,l
aff11_wu100k_m128_seed4,11,11,y,35,233.84585480056714,0.9999958273870404,M_x (point stabilizer) idx=11 triv,l
aff11_wu100k_m128_seed4,11,11,y,36,173.8947686689493,0.99999688031422,M_x (point stabilizer) idx=11 triv,l
aff11_wu100k_m128_seed4,11,11,y,37,247.95165074366406,0.999996324222312,M_x (point stabilizer) idx=11 triv,l
aff11_wu100k_m128_seed4,11,11,y,38,169.04897573447985,0.9999957251483225,M_x (point stabilizer) idx=11 triv,l
aff11_wu100k_m128_seed4,11,11,y,40,170.61700868159377,0.9999953914331688,M_x (point stabilizer) idx=11 triv,l
aff11_wu100k_m128_seed4,11,11,y,42,168.39876759416552,0.999995904592629,M_x (point stabilizer) idx=11 triv,l
aff11_wu100k_m128_seed4,11,11,y,43,182.26490108332104,0.9999961700785929,M_x (point stabilizer) idx=11 triv,l
aff11_wu100k_m128_seed4,11,11,y,44,201.46454567992933,0.9999955304289214,M_x (point stabilizer) idx=11 triv,l
aff11_wu100k_m128_seed4,11,11,y,46,186.59441246840328,0.9999976419735402,M_x (point stabilizer) idx=11 triv,l
aff11_wu100k_m128_seed4,11,11,y,47,196.66075463043586,0.9999942983634954,M_x (point stabilizer) idx=11 triv,l
aff11_wu100k_m128_seed4,11,11,y,48,167.02281696867746,0.9999958651579298,M_x (point stabilizer) idx=11 triv,l
aff11_wu100k_m128_seed4,11,11,y,49,198.0236281324387,0.9999961338717415,M_x (point stabilizer) idx=11 triv,l
aff11_wu100k_m128_seed4,11,11,y,50,139.15198328547646,0.9999942102671053,M_x (point stabilizer) idx=11 triv,l
aff11_wu100k_m128_seed4,11,11,y,51,174.16988424163222,0.9999981182570035,M_x (point stabilizer) idx=11 triv,l
aff11_wu100k_m128_seed4,11,11,y,52,174.66520965613938,0.999995309049502,M_x (point stabilizer) idx=11 triv,l
aff11_wu100k_m128_seed4,11,11,y,53,160.20721616462365,0.9999962284947387,M_x (point stabilizer) idx=11 triv,l
aff11_wu100k_m128_seed4,11,11,y,54,219.44273506519798,0.9999965042262609,M_x (point stabilizer) idx=11 triv,l
aff11_wu100k_m128_seed4,11,11,y,56,167.4012752242337,0.9999939817956178,M_x (point stabilizer) idx=11 triv,l
aff11_wu100k_m128_seed4,11,11,y,57,177.7323987159127,0.9999954230902984,M_x (point stabilizer) idx=11 triv,l
aff11_wu100k_m128_seed4,11,11,y,58,178.70654779929976,0.9999950673441368,M_x (point stabilizer) idx=11 triv,l
aff11_wu100k_m128_seed4,11,11,y,59,211.32186397543492,0.9999975439621259,M_x (point stabilizer) idx=11 triv,l
aff11_wu100k_m128_seed4,11,11,y,60,174.11682562059568,0.9999944907060738,M_x (point stabilizer) idx=11 triv,l
aff11_wu100k_m128_seed4,11,11,y,61,162.02379493025177,0.9999957928056564,M_x (point stabilizer) idx=11 triv,l
aff11_wu100k_m128_seed4,11,11,y,62,245.316656934494,0.9999954743907804,M_x (point stabilizer) idx=11 triv,l
aff11_wu100k_m128_seed4,11,11,y,63,171.4607320301788,0.9999939512396481,M_x (point stabilizer) idx=11 triv,l
aff11_wu100k_m128_seed4,11,11,y,64,224.46637636296003,0.9999959528388733,M_x (point stabilizer) idx=11 triv,l
aff11_wu100k_m128_seed4,11,11,y,65,249.73678555710015,0.9999973044339175,M_x (point stabilizer) idx=11 triv,l
aff11_wu100k_m128_seed4,11,11,y,67,205.21188693433655,0.999995445017538,M_x (point stabilizer) idx=11 triv,l
aff11_wu100k_m128_seed4,11,11,y,68,171.35712690834913,0.9999959075970921,M_x (point stabilizer) idx=11 triv,l
aff11_wu100k_m128_seed4,11,11,y,70,205.40027321746902,0.9999965330643168,M_x (point stabilizer) idx=11 triv,l
aff11_wu100k_m128_seed4,11,11,y,71,162.22458261422668,0.9999943976722911,M_x (point stabilizer) idx=11 triv,l
aff11_wu100k_m128_seed4,11,11,y,73,262.63052489203375,0.9999975593160922,M_x (point stabilizer) idx=11 triv,l
aff11_wu100k_m128_seed4,11,11,y,74,148.6976441752592,0.9999951411810317,M_x (point stabilizer) idx=11 triv,l
aff11_wu100k_m128_seed4,11,11,y,75,173.81501616800662,0.9999954423704678,M_x (point stabilizer) idx=11 triv,l
aff11_wu100k_m128_seed4,11,11,y,76,162.9970802756327,0.9999966926397973,M_x (point stabilizer) idx=11 triv,l
aff11_wu100k_m128_seed4,11,11,y,77,226.41902325449237,0.999996666452213,M_x (point stabilizer) idx=11 triv,l
aff11_wu100k_m128_seed4,11,11,y,78,156.5922158665378,0.99999535529372,M_x (point stabilizer) idx=11 triv,l
aff11_wu100k_m128_seed4,11,11,y,79,151.6352687201911,0.9999947886512502,M_x (point stabilizer) idx=11 triv,l
aff11_wu100k_m128_seed4,11,11,y,80,202.97644871832776,0.9999955837092396,M_x (point stabilizer) idx=11 triv,l
aff11_wu100k_m128_seed4,11,11,y,81,172.5286640031128,0.9999975511797285,M_x (point stabilizer) idx=11 triv,l
aff11_wu100k_m128_seed4,11,11,y,82,144.50181502001982,0.9999950132501082,M_x (point stabilizer) idx=11 triv,l
aff11_wu100k_m128_seed4,11,11,y,83,163.97137911549095,0.9999945692493678,M_x (point stabilizer) idx=11 triv,l
aff11_wu100k_m128_seed4,11,11,y,84,151.50231212442264,0.9999965432497946,M_x (point stabilizer) idx=11 triv,l
aff11_wu100k_m128_seed4,11,11,y,85,168.5250295679585,0.9999936215147297,M_x (point stabilizer) idx=11 triv,l
aff11_wu100k_m128_seed4,11,11,y,86,184.4151410911237,0.9999965626809273,M_x (point stabilizer) idx=11 triv,l
aff11_wu100k_m128_seed4,11,11,y,87,141.6207721691838,0.9999963422462449,M_x (point stabilizer) idx=11 triv,l
aff11_wu100k_m128_seed4,11,11,y,88,167.29074620399115,0.9999966344886201,M_x (point stabilizer) idx=11 triv,l
aff11_wu100k_m128_seed4,11,11,y,89,220.3046943604183,0.9999966192334524,M_x (point stabilizer) idx=11 triv,l
aff11_wu100k_m128_seed4,11,11,y,90,190.50393024333238,0.9999949906926745,M_x (point stabilizer) idx=11 triv,l
aff11_wu100k_m128_seed4,11,11,y,91,179.09102324785718,0.999996072237543,M_x (point stabilizer) idx=11 triv,l
aff11_wu100k_m128_seed4,11,11,y,92,161.49473217934644,0.9999933583591829,M_x (point stabilizer) idx=11 triv,l
aff11_wu100k_m128_seed4,11,11,y,93,187.61056919391083,0.9999957491458588,M_x (point stabilizer) idx=11 triv,l
aff11_wu100k_m128_seed4,11,11,y,94,147.03652644036708,0.9999942145374426,M_x (point stabilizer) idx=11 triv,l
aff11_wu100k_m128_seed4,11,11,y,95,223.40068169952195,0.9999952744032716,M_x (point stabilizer) idx=11 triv,l
aff11_wu100k_m128_seed4,11,11,y,96,178.9309705851043,0.9999942320602708,M_x (point stabilizer) idx=11 triv,l
aff11_wu100k_m128_seed4,11,11,y,97,175.66082512493372,0.9999959109547053,M_x (point stabilizer) idx=11 triv,l
aff11_wu100k_m128_seed4,11,11,y,98,169.43632430306434,0.9999954530630616,M_x (point stabilizer) idx=11 triv,l
aff11_wu100k_m128_seed4,11,11,y,99,152.79697405885352,0.9999974867086998,M_x (point stabilizer) idx=11 triv,l
aff11_wu100k_m128_seed4,11,11,y,100,230.1568960923263,0.9999963724845733,M_x (point stabilizer) idx=11 triv,l
aff11_wu100k_m128_seed4,11,11,y,101,199.54091535697845,0.9999968556974096,M_x (point stabilizer) idx=11 triv,l
aff11_wu100k_m128_seed4,11,11,y,102,152.07901915773022,0.9999964554500107,M_x (point stabilizer) idx=11 triv,l
aff11_wu100k_m128_seed4,11,11,y,103,147.94295706647316,0.999994234715807,M_x (point stabilizer) idx=11 triv,l
aff11_wu100k_m128_seed4,11,11,y,104,239.57536309187432,0.9999966627053941,M_x (point stabilizer) idx=11 triv,l
aff11_wu100k_m128_seed4,11,11,y,105,207.82489872002066,0.9999967374943792,M_x (point stabilizer) idx=11 triv,l
aff11_wu100k_m128_seed4,11,11,y,106,181.2138682376976,0.9999931352238505,M_x (point stabilizer) idx=11 triv,l
aff11_wu100k_m128_seed4,11,11,y,107,190.93734691928444,0.9999956579206626,M_x (point stabilizer) idx=11 triv,l
aff11_wu100k_m128_seed4,11,11,y,108,254.89684299603755,0.9999966831221347,M_x (point stabilizer) idx=11 triv,l
aff11_wu100k_m128_seed4,11,11,y,109,137.72859199042134,0.9999955271054785,M_x (point stabilizer) idx=11 triv,l
aff11_wu100k_m128_seed4,11,11,y,110,157.6383021003879,0.9999931859036866,M_x (point stabilizer) idx=11 triv,l
aff11_wu100k_m128_seed4,11,11,y,111,143.76282399075956,0.9999935940589907,M_x (point stabilizer) idx=11 triv,l
aff11_wu100k_m128_seed4,11,11,y,112,174.2809884127241,0.9999949276415333,M_x (point stabilizer) idx=11 triv,l
aff11_wu100k_m128_seed4,11,11,y,113,198.66175874224496,0.9999947302342423,M_x (point stabilizer) idx=11 triv,l
aff11_wu100k_m128_seed4,11,11,y,114,165.91229178595609,0.9999970008109852,M_x (point stabilizer) idx=11 triv,l
aff11_wu100k_m128_seed4,11,11,y,115,199.9516532536023,0.9999970862603562,M_x (point stabilizer) idx=11 triv,l
aff11_wu100k_m128_seed4,11,11,y,116,172.59434538910693,0.9999958786928801,M_x (point stabilizer) idx=11 triv,l
aff11_wu100k_m128_seed4,11,11,y,117,156.38140867668855,0.9999943479167637,M_x (point stabilizer) idx=11 triv,l
aff11_wu100k_m128_seed4,11,11,y,118,170.72802158722095,0.9999960759942637,M_x (point stabilizer) idx=11 triv,l
aff11_wu100k_m128_seed4,11,11,y,119,191.52383144711698,0.9999931161189504,M_x (point stabilizer) idx=11 triv,l
aff11_wu100k_m128_seed4,11,11,y,120,248.1719837841672,0.9999965528355207,M_x (point stabilizer) idx=11 triv,l
aff11_wu100k_m128_seed4,11,11,y,121,164.0715815631292,0.999992424685274,M_x (point stabilizer) idx=11 triv,l
aff11_wu100k_m128_seed4,11,11,y,122,239.41140689582488,0.9999964281500282,M_x (point stabilizer) idx=11 triv,l
aff11_wu100k_m128_seed4,11,11,y,123,174.4187712673182,0.9999958303582259,M_x (point stabilizer) idx=11 triv,l
aff11_wu100k_m128_seed4,11,11,y,124,143.19539472170445,0.9999922906833791,M_x (point stabilizer) idx=11 triv,l
aff11_wu100k_m128_seed4,11,11,y,125,195.3504260295797,0.9999963147503709,M_x (point stabilizer) idx=11 triv,l
aff11_wu100k_m128_seed4,11,11,y,126,156.37235769314006,0.9999961997968789,M_x (point stabilizer) idx=11 triv,l
aff11_wu100k_m128_seed5,11,11,x,0,37.163839399978606,0.4149458238308259,M_x (point stabilizer) idx=11 char,l
aff11_wu100k_m128_seed5,11,11,x,1,223.734118871303,0.9999946014709835,M_x (point stabilizer) idx=11 triv,r
aff11_wu100k_m128_seed5,11,11,x,2,212.70870707636195,0.999994128525286,M_x (point stabilizer) idx=11 triv,r
aff11_wu100k_m128_seed5,11,11,x,3,175.56708552636124,0.9999970010180292,M_x (point stabilizer) idx=11 triv,r
aff11_wu100k_m128_seed5,11,11,x,4,200.79275868545008,0.999994831448286,M_x (point stabilizer) idx=11 triv,r
aff11_wu100k_m128_seed5,11,11,x,5,58.345749949558915,0.9999923738734952,M_x (point stabilizer) idx=11 triv,r
aff11_wu100k_m128_seed5,11,11,x,6,91.6973617219918,0.999990566067481,M_x (point stabilizer) idx=11 triv,r
aff11_wu100k_m128_seed5,11,11,x,7,208.28631181725694,0.9999929042494453,M_x (point stabilizer) idx=11 triv,r
aff11_wu100k_m128_seed5,11,11,x,8,179.92663180692583,0.9999907291740185,M_x (point stabilizer) idx=11 triv,r
aff11_wu100k_m128_seed5,11,11,x,10,84.71749766619179,0.9999783588792689,M_x (point stabilizer) idx=11 triv,r
aff11_wu100k_m128_seed5,11,11,x,11,207.8085439967931,0.9999942074291828,M_x (point stabilizer) idx=11 triv,r
aff11_wu100k_m128_seed5,11,11,x,13,227.76004386280826,0.9999936842392937,M_x (point stabilizer) idx=11 triv,r
aff11_wu100k_m128_seed5,11,11,x,14,81.11728586149998,0.9999883084573099,M_x (point stabilizer) idx=11 triv,r
aff11_wu100k_m128_seed5,11,11,x,15,194.2446927225529,0.9999919027352054,M_x (point stabilizer) idx=11 triv,r
aff11_wu100k_m128_seed5,11,11,x,16,224.36321532248326,0.9999925616881021,M_x (point stabilizer) idx=11 triv,r
aff11_wu100k_m128_seed5,11,11,x,17,198.32365176352508,0.999993953129533,M_x (point stabilizer) idx=11 triv,r
aff11_wu100k_m128_seed5,11,11,x,18,181.8995675397515,0.999995363236985,M_x (point stabilizer) idx=11 triv,r
aff11_wu100k_m128_seed5,11,11,x,19,196.56723673501008,0.9999946008589714,M_x (point stabilizer) idx=11 triv,r
aff11_wu100k_m128_seed5,11,11,x,20,221.8454146762931,0.9999934312739678,M_x (point stabilizer) idx=11 triv,r
aff11_wu100k_m128_seed5,11,11,x,21,231.7146343670861,0.9999964571956531,M_x (point stabilizer) idx=11 triv,r
aff11_wu100k_m128_seed5,11,11,x,22,198.09563201151423,0.9999900934363743,M_x (point stabilizer) idx=11 triv,r
aff11_wu100k_m128_seed5,11,11,x,23,181.80866646084,0.9999933088017801,M_x (point stabilizer) idx=11 triv,r
aff11_wu100k_m128_seed5,11,11,x,24,137.42154336601325,0.9999955754845932,M_x (point stabilizer) idx=11 triv,r
aff11_wu100k_m128_seed5,11,11,x,25,203.03783119237875,0.9999945607829693,M_x (point stabilizer) idx=11 triv,r
aff11_wu100k_m128_seed5,11,11,x,26,211.79869017147973,0.9999945084564775,M_x (point stabilizer) idx=11 triv,r
aff11_wu100k_m128_seed5,11,11,x,27,228.52919509256657,0.9999958877252175,M_x (point stabilizer) idx=11 triv,r
aff11_wu100k_m128_seed5,11,11,x,28,181.21488936820492,0.9999946521597866,M_x (point stabilizer) idx=11 triv,r
aff11_wu100k_m128_seed5,11,11,x,29,168.27571846266122,0.9999915593285839,M_x (point stabilizer) idx=11 triv,r
aff11_wu100k_m128_seed5,11,11,x,30,85.84364863017636,0.9999946799620721,M_x (point stabilizer) idx=11 triv,r
aff11_wu100k_m128_seed5,11,11,x,32,106.51878522385839,0.999988732405547,M_x (point stabilizer) idx=11 triv,r
aff11_wu100k_m128_seed5,11,11,x,34,125.40514861273766,0.9999862826015239,M_x (point stabilizer) idx=11 triv,r
aff11_wu100k_m128_seed5,11,11,x,35,218.6583884084006,0.9999937657338165,M_x (point stabilizer) idx=11 triv,r
aff11_wu100k_m128_seed5,11,11,x,36,228.02964140141097,0.999994789980451,M_x (point stabilizer) idx=11 triv,r
aff11_wu100k_m128_seed5,11,11,x,37,157.7732392468948,0.9999912061178856,M_x (point stabilizer) idx=11 triv,r
aff11_wu100k_m128_seed5,11,11,x,38,228.00466173916286,0.9999937185263927,M_x (point stabilizer) idx=11 triv,r
aff11_wu100k_m128_seed5,11,11,x,39,168.45832875163526,0.9999946987395432,M_x (point stabilizer) idx=11 triv,r
aff11_wu100k_m128_seed5,11,11,x,40,85.76708947797613,0.9999886330531392,M_x (point stabilizer) idx=11 triv,r
aff11_wu100k_m128_seed5,11,11,x,42,206.64328993746705,0.9999958785552369,M_x (point stabilizer) idx=11 triv,r
aff11_wu100k_m128_seed5,11,11,x,43,190.30391380078186,0.9999965109512183,M_x (point stabilizer) idx=11 triv,r
aff11_wu100k_m128_seed5,11,11,x,44,210.5432963237662,0.9999942356040226,M_x (point stabilizer) idx=11 triv,r
aff11_wu100k_m128_seed5,11,11,x,45,82.01558199509108,0.9999899806321818,M_x (point stabilizer) idx=11 triv,r
aff11_wu100k_m128_seed5,11,11,x,46,99.84860450787909,0.9999928303356742,M_x (point stabilizer) idx=11 triv,r
aff11_wu100k_m128_seed5,11,11,x,47,219.03507826336815,0.9999936458040009,M_x (point stabilizer) idx=11 triv,r
aff11_wu100k_m128_seed5,11,11,x,48,208.4475206440478,0.9999913992955319,M_x (point stabilizer) idx=11 triv,r
aff11_wu100k_m128_seed5,11,11,x,49,186.55455516118965,0.9999967417911216,M_x (point stabilizer) idx=11 triv,r
aff11_wu100k_m128_seed5,11,11,x,50,99.93815091942216,0.9999940743129843,M_x (point stabilizer) idx=11 triv,r
aff11_wu100k_m128_seed5,11,11,x,51,237.39538870456957,0.999995386885361,M_x (point stabilizer) idx=11 triv,r
aff11_wu100k_m128_seed5,11,11,x,52,116.49615626045596,0.9999912204073809,M_x (point stabilizer) idx=11 triv,r
aff11_wu100k_m128_seed5,11,11,x,53,174.04346837956047,0.9999928940073753,M_x (point stabilizer) idx=11 triv,r
aff11_wu100k_m128_seed5,11,11,x,54,203.1205229753478,0.9999955713209224,M_x (point stabilizer) idx=11 triv,r
aff11_wu100k_m128_seed5,11,11,x,55,199.89111120632097,0.9999937804400353,M_x (point stabilizer) idx=11 triv,r
aff11_wu100k_m128_seed5,11,11,x,57,211.86427705951937,0.9999948392241039,M_x (point stabilizer) idx=11 triv,r
aff11_wu100k_m128_seed5,11,11,x,58,234.8409297895039,0.9999937841390609,M_x (point stabilizer) idx=11 triv,r
aff11_wu100k_m128_seed5,11,11,x,59,152.31551641402783,0.9999913358106729,M_x (point stabilizer) idx=11 triv,r
aff11_wu100k_m128_seed5,11,11,x,60,233.36594335967615,0.9999947663672568,M_x (point stabilizer) idx=11 triv,r
aff11_wu100k_m128_seed5,11,11,x,61,209.07105646530803,0.9999955723806039,M_x (point stabilizer) idx=11 triv,r
aff11_wu100k_m128_seed5,11,11,x,63,99.88702693935896,0.9999871529376569,M_x (point stabilizer) idx=11 triv,r
aff11_wu100k_m128_seed5,11,11,x,64,242.80649526422974,0.9999900421663919,M_x (point stabilizer) idx=11 triv,r
aff11_wu100k_m128_seed5,11,11,x,65,97.87009857212755,0.9999959062688776,M_x (point stabilizer) idx=11 triv,r
aff11_wu100k_m128_seed5,11,11,x,67,214.4847900370769,0.99999307896163,M_x (point stabilizer) idx=11 triv,r
aff11_wu100k_m128_seed5,11,11,x,68,201.45797137582565,0.9999930603729748,M_x (point stabilizer) idx=11 triv,r
aff11_wu100k_m128_seed5,11,11,x,69,183.55109806603033,0.999996291260647,M_x (point stabilizer) idx=11 triv,r
aff11_wu100k_m128_seed5,11,11,x,70,219.3654509373658,0.9999955044583315,M_x (point stabilizer) idx=11 triv,r
aff11_wu100k_m128_seed5,11,11,x,71,41.48759453084287,0.9999867881936622,M_x (point stabilizer) idx=11 triv,r
aff11_wu100k_m128_seed5,11,11,x,72,217.82027565512936,0.9999930887678827,M_x (point stabilizer) idx=11 triv,r
aff11_wu100k_m128_seed5,11,11,x,73,217.72210623845876,0.9999956348349812,M_x (point stabilizer) idx=11 triv,r
aff11_wu100k_m128_seed5,11,11,x,74,30.72411285383971,0.4379555690862191,T⋊K |K|=1 idx=10 char,r
aff11_wu100k_m128_seed5,11,11,x,75,232.7965419186268,0.9999924102859677,M_x (point stabilizer) idx=11 triv,r
aff11_wu100k_m128_seed5,11,11,x,76,213.4284052725296,0.9999929110982171,M_x (point stabilizer) idx=11 triv,r
aff11_wu100k_m128_seed5,11,11,x,77,143.48700208265848,0.9999940310025475,M_x (point stabilizer) idx=11 triv,r
aff11_wu100k_m128_seed5,11,11,x,78,111.83376248365879,0.9999880782001508,M_x (point stabilizer) idx=11 triv,r
aff11_wu100k_m128_seed5,11,11,x,79,207.57132626087517,0.9999954018422492,M_x (point stabilizer) idx=11 triv,r
aff11_wu100k_m128_seed5,11,11,x,80,131.61128688757321,0.9999913440273759,M_x (point stabilizer) idx=11 triv,r
aff11_wu100k_m128_seed5,11,11,x,81,220.67662104262013,0.9999916389655796,M_x (point stabilizer) idx=11 triv,r
aff11_wu100k_m128_seed5,11,11,x,82,106.70859602218242,0.9999927900947047,M_x (point stabilizer) idx=11 triv,r
aff11_wu100k_m128_seed5,11,11,x,83,162.2299606080274,0.999995649266167,M_x (point stabilizer) idx=11 triv,r
aff11_wu100k_m128_seed5,11,11,x,84,196.75631187539412,0.9999886827686493,M_x (point stabilizer) idx=11 triv,r
aff11_wu100k_m128_seed5,11,11,x,85,81.15068003763058,0.999985211458881,M_x (point stabilizer) idx=11 triv,r
aff11_wu100k_m128_seed5,11,11,x,86,203.92354340343766,0.999995693884468,M_x (point stabilizer) idx=11 triv,r
aff11_wu100k_m128_seed5,11,11,x,88,201.13747142760553,0.9999918128050087,M_x (point stabilizer) idx=11 triv,r
aff11_wu100k_m128_seed5,11,11,x,89,196.92097504695607,0.9999934575607525,M_x (point stabilizer) idx=11 triv,r
aff11_wu100k_m128_seed5,11,11,x,90,213.8437857397948,0.9999932638357073,M_x (point stabilizer) idx=11 triv,r
aff11_wu100k_m128_seed5,11,11,x,92,182.1696628800973,0.9999933805860102,M_x (point stabilizer) idx=11 triv,r
aff11_wu100k_m128_seed5,11,11,x,93,234.90996329266693,0.9999942703502468,M_x (point stabilizer) idx=11 triv,r
aff11_wu100k_m128_seed5,11,11,x,95,87.72631989817322,0.9999883068825833,M_x (point stabilizer) idx=11 triv,r
aff11_wu100k_m128_seed5,11,11,x,96,208.16088676990793,0.9999915868774075,M_x (point stabilizer) idx=11 triv,r
aff11_wu100k_m128_seed5,11,11,x,97,214.91505053374595,0.9999963131031605,M_x (point stabilizer) idx=11 triv,r
aff11_wu100k_m128_seed5,11,11,x,98,87.14290175457957,0.9999942592722798,M_x (point stabilizer) idx=11 triv,r
aff11_wu100k_m128_seed5,11,11,x,99,212.69562542860578,0.9999952652225504,M_x (point stabilizer) idx=11 triv,r
aff11_wu100k_m128_seed5,11,11,x,100,205.83458549333355,0.9999935956047784,M_x (point stabilizer) idx=11 triv,r
aff11_wu100k_m128_seed5,11,11,x,101,183.00708819660986,0.9999947616913962,M_x (point stabilizer) idx=11 triv,r
aff11_wu100k_m128_seed5,11,11,x,102,226.37214148112966,0.9999956914437875,M_x (point stabilizer) idx=11 triv,r
aff11_wu100k_m128_seed5,11,11,x,103,31.375596183597978,0.41993363716750326,M_x (point stabilizer) idx=11 char,l
aff11_wu100k_m128_seed5,11,11,x,104,90.24824047338333,0.9999912628582344,M_x (point stabilizer) idx=11 triv,r
aff11_wu100k_m128_seed5,11,11,x,105,174.2180867293596,0.9999945838465926,M_x (point stabilizer) idx=11 triv,r
aff11_wu100k_m128_seed5,11,11,x,106,216.90728694031375,0.9999960981645561,M_x (point stabilizer) idx=11 triv,r
aff11_wu100k_m128_seed5,11,11,x,107,107.01097056743392,0.9999922495541231,M_x (point stabilizer) idx=11 triv,r
aff11_wu100k_m128_seed5,11,11,x,108,120.32761202096452,0.9999954683504628,M_x (point stabilizer) idx=11 triv,r
aff11_wu100k_m128_seed5,11,11,x,109,191.2028005868845,0.9999889849532322,M_x (point stabilizer) idx=11 triv,r
aff11_wu100k_m128_seed5,11,11,x,110,133.20434795131845,0.9999962203278671,M_x (point stabilizer) idx=11 triv,r
aff11_wu100k_m128_seed5,11,11,x,111,235.70757493733726,0.9999949015208408,M_x (point stabilizer) idx=11 triv,r
aff11_wu100k_m128_seed5,11,11,x,112,193.94280400083238,0.9999942855069978,M_x (point stabilizer) idx=11 triv,r
aff11_wu100k_m128_seed5,11,11,x,113,187.27131630653219,0.9999938418271854,M_x (point stabilizer) idx=11 triv,r
aff11_wu100k_m128_seed5,11,11,x,114,213.38494946642797,0.9999954039490381,M_x (point stabilizer) idx=11 triv,r
aff11_wu100k_m128_seed5,11,11,x,115,200.44191346132993,0.9999935641999526,M_x (point stabilizer) idx=11 triv,r
aff11_wu100k_m128_seed5,11,11,x,116,222.2666535968444,0.9999944030210004,M_x (point stabilizer) idx=11 triv,r
aff11_wu100k_m128_seed5,11,11,x,117,242.26882114003763,0.9999958334156681,M_x (point stabilizer) idx=11 triv,r
aff11_wu100k_m128_seed5,11,11,x,119,226.29902427534088,0.9999949758869754,M_x (point stabilizer) idx=11 triv,r
aff11_wu100k_m128_seed5,11,11,x,120,171.54827140898664,0.9999895818384096,M_x (point stabilizer) idx=11 triv,r
aff11_wu100k_m128_seed5,11,11,x,121,231.90778320959325,0.999994844724326,M_x (point stabilizer) idx=11 triv,r
aff11_wu100k_m128_seed5,11,11,x,122,80.94029087499143,0.9999811817229238,M_x (point stabilizer) idx=11 triv,r
aff11_wu100k_m128_seed5,11,11,x,123,96.39019987046392,0.9999919998760661,M_x (point stabilizer) idx=11 triv,r
aff11_wu100k_m128_seed5,11,11,x,124,170.76533046233865,0.9999886017103033,M_x (point stabilizer) idx=11 triv,r
aff11_wu100k_m128_seed5,11,11,x,125,111.0540162539345,0.9999943576106451,M_x (point stabilizer) idx=11 triv,r
aff11_wu100k_m128_seed5,11,11,x,126,181.63158001970598,0.9999929784323981,M_x (point stabilizer) idx=11 triv,r
aff11_wu100k_m128_seed5,11,11,y,0,65.91866630464955,0.4150927854970691,M_x (point stabilizer) idx=11 char,r
aff11_wu100k_m128_seed5,11,11,y,1,224.68340384499734,0.9999943666548822,M_x (point stabilizer) idx=11 triv,l
aff11_wu100k_m128_seed5,11,11,y,2,212.6251169565364,0.9999931801381637,M_x (point stabilizer) idx=11 triv,l
aff11_wu100k_m128_seed5,11,11,y,3,175.43825291516706,0.999993894763595,M_x (point stabilizer) idx=11 triv,l
aff11_wu100k_m128_seed5,11,11,y,4,201.66536868551822,0.999993379788582,M_x (point stabilizer) idx=11 triv,l
aff11_wu100k_m128_seed5,11,11,y,5,58.37174537194118,0.9999754033040823,M_x (point stabilizer) idx=11 triv,l
aff11_wu100k_m128_seed5,11,11,y,6,92.13761702902711,0.9999859291956681,M_x (point stabilizer) idx=11 triv,l
aff11_wu100k_m128_seed5,11,11,y,7,209.32138354648805,0.9999958025159855,M_x (point stabilizer) idx=11 triv,l
aff11_wu100k_m128_seed5,11,11,y,8,180.9289662181975,0.9999942729566897,M_x (point stabilizer) idx=11 triv,l
aff11_wu100k_m128_seed5,11,11,y,10,84.32786841621918,0.9999851188703345,M_x (point stabilizer) idx=11 triv,l
aff11_wu100k_m128_seed5,11,11,y,11,208.6267176898897,0.9999965434593362,M_x (point stabilizer) idx=11 triv,l
aff11_wu100k_m128_seed5,11,11,y,13,229.00877668199,0.9999932047821982,M_x (point stabilizer) idx=11 triv,l
aff11_wu100k_m128_seed5,11,11,y,14,81.14519923182718,0.9999921816063645,M_x (point stabilizer) idx=11 triv,l
aff11_wu100k_m128_seed5,11,11,y,15,195.05994623809727,0.9999934791847953,M_x (point stabilizer) idx=11 triv,l
aff11_wu100k_m128_seed5,11,11,y,16,224.84245079823808,0.9999921512133216,M_x (point stabilizer) idx=11 triv,l
aff11_wu100k_m128_seed5,11,11,y,17,199.46253242541354,0.9999945512897512,M_x (point stabilizer) idx=11 triv,l
aff11_wu100k_m128_seed5,11,11,y,18,182.87823521935297,0.9999928330280631,M_x (point stabilizer) idx=11 triv,l
aff11_wu100k_m128_seed5,11,11,y,19,196.62705499303453,0.9999945503950463,M_x (point stabilizer) idx=11 triv,l
aff11_wu100k_m128_seed5,11,11,y,20,222.48204164156408,0.9999928317734497,M_x (point stabilizer) idx=11 triv,l
aff11_wu100k_m128_seed5,11,11,y,21,232.26388515829066,0.9999948459406159,M_x (point stabilizer) idx=11 triv,l
aff11_wu100k_m128_seed5,11,11,y,22,198.29576909818766,0.9999967373186234,M_x (point stabilizer) idx=11 triv,l
aff11_wu100k_m128_seed5,11,11,y,23,183.0732698205865,0.9999947015771262,M_x (point stabilizer) idx=11 triv,l
aff11_wu100k_m128_seed5,11,11,y,24,137.7397964790772,0.999993698025983,M_x (point stabilizer) idx=11 triv,l
aff11_wu100k_m128_seed5,11,11,y,25,203.64752952395492,0.9999952599744132,M_x (point stabilizer) idx=11 triv,l
aff11_wu100k_m128_seed5,11,11,y,26,211.95441922265152,0.9999946197898298,M_x (point stabilizer) idx=11 triv,l
aff11_wu100k_m128_seed5,11,11,y,27,228.9905291546473,0.9999945081461203,M_x (point stabilizer) idx=11 triv,l
aff11_wu100k_m128_seed5,11,11,y,28,181.80847227408665,0.9999962041539209,M_x (point stabilizer) idx=11 triv,l
aff11_wu100k_m128_seed5,11,11,y,29,168.6252354722361,0.9999949906437336,M_x (point stabilizer) idx=11 triv,l
aff11_wu100k_m128_seed5,11,11,y,30,86.21902575903923,0.9999957447119123,M_x (point stabilizer) idx=11 triv,l
aff11_wu100k_m128_seed5,11,11,y,32,106.91463732499255,0.9999951215778665,M_x (point stabilizer) idx=11 triv,l
aff11_wu100k_m128_seed5,11,11,y,34,126.59274031876816,0.9999932040365686,M_x (point stabilizer) idx=11 triv,l
aff11_wu100k_m128_seed5,11,11,y,35,219.26864942091902,0.9999942328536037,M_x (point stabilizer) idx=11 triv,l
aff11_wu100k_m128_seed5,11,11,y,36,228.666219838209,0.9999955729224894,M_x (point stabilizer) idx=11 triv,l
aff11_wu100k_m128_seed5,11,11,y,37,157.92907784614403,0.999990038439173,M_x (point stabilizer) idx=11 triv,l
aff11_wu100k_m128_seed5,11,11,y,38,228.4656991454676,0.9999955773295102,M_x (point stabilizer) idx=11 triv,l
aff11_wu100k_m128_seed5,11,11,y,39,168.30489862103101,0.9999939733449015,M_x (point stabilizer) idx=11 triv,l
aff11_wu100k_m128_seed5,11,11,y,40,85.86701471389256,0.9999916019911034,M_x (point stabilizer) idx=11 triv,l
aff11_wu100k_m128_seed5,11,11,y,42,206.91185332299588,0.9999959176296002,M_x (point stabilizer) idx=11 triv,l
aff11_wu100k_m128_seed5,11,11,y,43,190.7728639834126,0.999993638936059,M_x (point stabilizer) idx=11 triv,l
aff11_wu100k_m128_seed5,11,11,y,44,211.1660482085357,0.9999922951344847,M_x (point stabilizer) idx=11 triv,l
aff11_wu100k_m128_seed5,11,11,y,45,82.14819610449148,0.9999802970783438,M_x (point stabilizer) idx=11 triv,l
aff11_wu100k_m128_seed5,11,11,y,46,100.33516417359351,0.9999887159755786,M_x (point stabilizer) idx=11 triv,l
aff11_wu100k_m128_seed5,11,11,y,47,219.88882185876807,0.9999940065097921,M_x (point stabilizer) idx=11 triv,l
aff11_wu100k_m128_seed5,11,11,y,48,208.85303101003925,0.9999946538264781,M_x (point stabilizer) idx=11 triv,l
aff11_wu100k_m128_seed5,11,11,y,49,187.4536524369314,0.9999948570354181,M_x (point stabilizer) idx=11 triv,l
aff11_wu100k_m128_seed5,11,11,y,50,100.47395275837337,0.999993057265565,M_x (point stabilizer) idx=11 triv,l
aff11_wu100k_m128_seed5,11,11,y,51,238.0116960471633,0.999993935500626,M_x (point stabilizer) idx=11 triv,l
aff11_wu100k_m128_seed5,11,11,y,52,116.54669635760017,0.9999814943932435,M_x (point stabilizer) idx=11 triv,l
aff11_wu100k_m128_seed5,11,11,y,53,174.1856478566873,0.9999907760829635,M_x (point stabilizer) idx=11 triv,l
aff11_wu100k_m128_seed5,11,11,y,54,203.55843693160523,0.999995510782247,M_x (point stabilizer) idx=11 triv,l
aff11_wu100k_m128_seed5,11,11,y,55,200.7775206642638,0.9999950439710447,M_x (point stabilizer) idx=11 triv,l
aff11_wu100k_m128_seed5,11,11,y,57,212.50404642436763,0.9999933033670072,M_x (point stabilizer) idx=11 triv,l
aff11_wu100k_m128_seed5,11,11,y,58,235.73732916459429,0.9999942925347063,M_x (point stabilizer) idx=11 triv,l
aff11_wu100k_m128_seed5,11,11,y,59,152.81108050503946,0.9999950787192061,M_x (point stabilizer) idx=11 triv,l
aff11_wu100k_m128_seed5,11,11,y,60,233.44111626223895,0.9999940858947542,M_x (point stabilizer) idx=11 triv,l
aff11_wu100k_m128_seed5,11,11,y,61,209.58785732673394,0.9999956060031688,M_x (point stabilizer) idx=11 triv,l
aff11_wu100k_m128_seed5,11,11,y,63,100.7768618751662,0.9999865095875852,M_x (point stabilizer) idx=11 triv,l
aff11_wu100k_m128_seed5,11,11,y,64,243.2149495852641,0.9999932482978395,M_x (point stabilizer) idx=11 triv,l
aff11_wu100k_m128_seed5,11,11,y,65,98.65325328002422,0.9999942249558225,M_x (point stabilizer) idx=11 triv,l
aff11_wu100k_m128_seed5,11,11,y,67,215.82101657445412,0.9999932571267661,M_x (point stabilizer) idx=11 triv,l
aff11_wu100k_m128_seed5,11,11,y,68,201.88331166442606,0.999995574604691,M_x (point stabilizer) idx=11 triv,l
aff11_wu100k_m128_seed5,11,11,y,69,183.4319482848415,0.9999943552188809,M_x (point stabilizer) idx=11 triv,l
aff11_wu100k_m128_seed5,11,11,y,70,220.37087685707883,0.9999970520733299,M_x (point stabilizer) idx=11 triv,l
aff11_wu100k_m128_seed5,11,11,y,71,41.39467026368796,0.9999861429681863,M_x (point stabilizer) idx=11 triv,l
aff11_wu100k_m128_seed5,11,11,y,72,218.4180451168092,0.9999935185339982,M_x (point stabilizer) idx=11 triv,l
aff11_wu100k_m128_seed5,11,11,y,73,218.67888135686755,0.9999952779927486,M_x (point stabilizer) idx=11 triv,l
aff11_wu100k_m128_seed5,11,11,y,74,45.340433143221475,0.9568070739822725,M_x (point stabilizer) idx=11 triv,l
aff11_wu100k_m128_seed5,11,11,y,75,233.72197975395403,0.999992908813798,M_x (point stabilizer) idx=11 triv,l
aff11_wu100k_m128_seed5,11,11,y,76,214.43357863007526,0.9999978044393094,M_x (point stabilizer) idx=11 triv,l
aff11_wu100k_m128_seed5,11,11,y,77,143.61406115363258,0.9999932892048397,M_x (point stabilizer) idx=11 triv,l
aff11_wu100k_m128_seed5,11,11,y,78,111.95180881379741,0.9999878970956089,M_x (point stabilizer) idx=11 triv,l
aff11_wu100k_m128_seed5,11,11,y,79,207.9111598798484,0.9999955318547624,M_x (point stabilizer) idx=11 triv,l
aff11_wu100k_m128_seed5,11,11,y,80,131.7089425943442,0.9999927835293757,M_x (point stabilizer) idx=11 triv,l
aff11_wu100k_m128_seed5,11,11,y,81,221.10063405327054,0.9999929040663829,M_x (point stabilizer) idx=11 triv,l
aff11_wu100k_m128_seed5,11,11,y,82,106.85782332276938,0.9999952691606732,M_x (point stabilizer) idx=11 triv,l
aff11_wu100k_m128_seed5,11,11,y,83,162.4355185464336,0.9999944028243754,M_x (point stabilizer) idx=11 triv,l
aff11_wu100k_m128_seed5,11,11,y,84,197.48790547720816,0.9999893364274389,M_x (point stabilizer) idx=11 triv,l
aff11_wu100k_m128_seed5,11,11,y,85,80.7897959515495,0.9999789135880767,M_x (point stabilizer) idx=11 triv,l
aff11_wu100k_m128_seed5,11,11,y,86,204.72323247682579,0.9999952901920085,M_x (point stabilizer) idx=11 triv,l
aff11_wu100k_m128_seed5,11,11,y,88,201.7674581870914,0.999994888816232,M_x (point stabilizer) idx=11 triv,l
aff11_wu100k_m128_seed5,11,11,y,89,197.71767157965016,0.999992740658977,M_x (point stabilizer) idx=11 triv,l
aff11_wu100k_m128_seed5,11,11,y,90,214.55112626780314,0.999995312004789,M_x (point stabilizer) idx=11 triv,l
aff11_wu100k_m128_seed5,11,11,y,92,182.78947834562322,0.9999951025734222,M_x (point stabilizer) idx=11 triv,l
aff11_wu100k_m128_seed5,11,11,y,93,235.49093567006176,0.9999935707086621,M_x (point stabilizer) idx=11 triv,l
aff11_wu100k_m128_seed5,11,11,y,95,87.91512073980819,0.9999913871518089,M_x (point stabilizer) idx=11 triv,l
aff11_wu100k_m128_seed5,11,11,y,96,208.32138844570517,0.9999960848477407,M_x (point stabilizer) idx=11 triv,l
aff11_wu100k_m128_seed5,11,11,y,97,215.36797250145796,0.9999954422697086,M_x (point stabilizer) idx=11 triv,l
aff11_wu100k_m128_seed5,11,11,y,98,87.50235940194834,0.9999941087678726,M_x (point stabilizer) idx=11 triv,l
aff11_wu100k_m128_seed5,11,11,y,99,213.3685112160355,0.9999946063461994,M_x (point stabilizer) idx=11 triv,l
aff11_wu100k_m128_seed5,11,11,y,100,206.5597288528423,0.999994441331839,M_x (point stabilizer) idx=11 triv,l
aff11_wu100k_m128_seed5,11,11,y,101,183.83783178148602,0.9999932293026773,M_x (point stabilizer) idx=11 triv,l
aff11_wu100k_m128_seed5,11,11,y,102,227.42872074318146,0.9999965441457108,M_x (point stabilizer) idx=11 triv,l
aff11_wu100k_m128_seed5,11,11,y,103,58.11527816885011,0.6778539277564535,M_x (point stabilizer) idx=11 triv,l
aff11_wu100k_m128_seed5,11,11,y,104,90.71356707973985,0.999989041801567,M_x (point stabilizer) idx=11 triv,l
aff11_wu100k_m128_seed5,11,11,y,105,175.7292975290174,0.999991921017322,M_x (point stabilizer) idx=11 triv,l
aff11_wu100k_m128_seed5,11,11,y,106,217.5984381613898,0.9999937804283695,M_x (point stabilizer) idx=11 triv,l
aff11_wu100k_m128_seed5,11,11,y,107,107.67869553290312,0.9999954128703489,M_x (point stabilizer) idx=11 triv,l
aff11_wu100k_m128_seed5,11,11,y,108,120.09941767454043,0.9999910738160649,M_x (point stabilizer) idx=11 triv,l
aff11_wu100k_m128_seed5,11,11,y,109,191.6878915207889,0.9999964222459208,M_x (point stabilizer) idx=11 triv,l
aff11_wu100k_m128_seed5,11,11,y,110,134.13548015774975,0.9999934435251644,M_x (point stabilizer) idx=11 triv,l
aff11_wu100k_m128_seed5,11,11,y,111,236.54132086985985,0.9999937656100293,M_x (point stabilizer) idx=11 triv,l
aff11_wu100k_m128_seed5,11,11,y,112,194.68084999119353,0.9999947436774395,M_x (point stabilizer) idx=11 triv,l
aff11_wu100k_m128_seed5,11,11,y,113,187.79639650312438,0.9999951495191128,M_x (point stabilizer) idx=11 triv,l
aff11_wu100k_m128_seed5,11,11,y,114,213.65260933022455,0.9999953787917572,M_x (point stabilizer) idx=11 triv,l
aff11_wu100k_m128_seed5,11,11,y,115,201.3873453858643,0.9999923805243358,M_x (point stabilizer) idx=11 triv,l
aff11_wu100k_m128_seed5,11,11,y,116,223.76268333218124,0.9999927195755823,M_x (point stabilizer) idx=11 triv,l
aff11_wu100k_m128_seed5,11,11,y,117,242.81226820110956,0.9999962462991857,M_x (point stabilizer) idx=11 triv,l
aff11_wu100k_m128_seed5,11,11,y,119,227.33827397588038,0.9999951908471868,M_x (point stabilizer) idx=11 triv,l
aff11_wu100k_m128_seed5,11,11,y,120,172.2576856218273,0.9999947578697286,M_x (point stabilizer) idx=11 triv,l
aff11_wu100k_m128_seed5,11,11,y,121,232.77881971888328,0.9999962697997662,M_x (point stabilizer) idx=11 triv,l
aff11_wu100k_m128_seed5,11,11,y,122,80.88091055008515,0.999979095827094,M_x (point stabilizer) idx=11 triv,l
aff11_wu100k_m128_seed5,11,11,y,123,96.66217704565443,0.9999895710968811,M_x (point stabilizer) idx=11 triv,l
aff11_wu100k_m128_seed5,11,11,y,124,171.19234406471475,0.9999942888968874,M_x (point stabilizer) idx=11 triv,l
aff11_wu100k_m128_seed5,11,11,y,125,111.14333031375061,0.9999873924246896,M_x (point stabilizer) idx=11 triv,l
aff11_wu100k_m128_seed5,11,11,y,126,182.18198305126919,0.9999959663163401,M_x (point stabilizer) idx=11 triv,l
aff11_wu_m128_seed2,11,11,x,0,229.64463969408416,0.9999888859820717,M_x (point stabilizer) idx=11 triv,r
aff11_wu_m128_seed2,11,11,x,1,116.4562630144669,0.9999758707216624,M_x (point stabilizer) idx=11 triv,r
aff11_wu_m128_seed2,11,11,x,2,154.030851198659,0.9999919865178911,M_x (point stabilizer) idx=11 triv,r
aff11_wu_m128_seed2,11,11,x,3,265.1604316575291,0.9999893498796437,M_x (point stabilizer) idx=11 triv,r
aff11_wu_m128_seed2,11,11,x,4,171.02260785976722,0.9999855535174018,M_x (point stabilizer) idx=11 triv,r
aff11_wu_m128_seed2,11,11,x,5,164.29266892226065,0.9999842319327271,M_x (point stabilizer) idx=11 triv,r
aff11_wu_m128_seed2,11,11,x,6,230.4363351776711,0.9999897291425218,M_x (point stabilizer) idx=11 triv,r
aff11_wu_m128_seed2,11,11,x,7,17.955685046109842,0.5919425149416948,M_x (point stabilizer) idx=11 triv,r
aff11_wu_m128_seed2,11,11,x,8,247.48444948102528,0.9999843535217373,M_x (point stabilizer) idx=11 triv,r
aff11_wu_m128_seed2,11,11,x,9,265.8256300476954,0.9999916384467614,M_x (point stabilizer) idx=11 triv,r
aff11_wu_m128_seed2,11,11,x,10,174.06635852257725,0.9999893774716182,M_x (point stabilizer) idx=11 triv,r
aff11_wu_m128_seed2,11,11,x,11,237.63985344163814,0.9999865550576622,M_x (point stabilizer) idx=11 triv,r
aff11_wu_m128_seed2,11,11,x,12,226.43409896032028,0.9999865041416469,M_x (point stabilizer) idx=11 triv,r
aff11_wu_m128_seed2,11,11,x,13,230.2211310799906,0.999990771309209,M_x (point stabilizer) idx=11 triv,r
aff11_wu_m128_seed2,11,11,x,14,155.51497663911493,0.9999825636113705,M_x (point stabilizer) idx=11 triv,r
aff11_wu_m128_seed2,11,11,x,15,239.78920871941065,0.9999796320224279,M_x (point stabilizer) idx=11 triv,r
aff11_wu_m128_seed2,11,11,x,17,215.86346492917934,0.9999881574240299,M_x (point stabilizer) idx=11 triv,r
aff11_wu_m128_seed2,11,11,x,18,256.9749587039056,0.9999915026179245,M_x (point stabilizer) idx=11 triv,r
aff11_wu_m128_seed2,11,11,x,19,199.53779643991538,0.9999783287210833,M_x (point stabilizer) idx=11 triv,r
aff11_wu_m128_seed2,11,11,x,20,218.01822947918592,0.9999884987887304,M_x (point stabilizer) idx=11 triv,r
aff11_wu_m128_seed2,11,11,x,21,224.73716643102952,0.9999892658386623,M_x (point stabilizer) idx=11 triv,r
aff11_wu_m128_seed2,11,11,x,22,247.2790023205442,0.999988019488091,M_x (point stabilizer) idx=11 triv,r
aff11_wu_m128_seed2,11,11,x,23,52.91280097402544,0.48892448563822066,M_x (point stabilizer) idx=11 triv,r
aff11_wu_m128_seed2,11,11,x,24,220.10059015903883,0.9999921114012837,M_x (point stabilizer) idx=11 triv,r
aff11_wu_m128_seed2,11,11,x,25,236.131335060557,0.9999889514961365,M_x (point stabilizer) idx=11 triv,r
aff11_wu_m128_seed2,11,11,x,26,159.33290261516746,0.999986260813077,M_x (point stabilizer) idx=11 triv,r
aff11_wu_m128_seed2,11,11,x,27,103.85360948137185,0.9999856731854916,M_x (point stabilizer) idx=11 triv,r
aff11_wu_m128_seed2,11,11,x,28,152.9564729850005,0.9999876721110346,M_x (point stabilizer) idx=11 triv,r
aff11_wu_m128_seed2,11,11,x,29,262.2933851080005,0.99999337388848,M_x (point stabilizer) idx=11 triv,r
aff11_wu_m128_seed2,11,11,x,30,164.3745693072101,0.9999893350310948,M_x (point stabilizer) idx=11 triv,r
aff11_wu_m128_seed2,11,11,x,32,220.0673020337604,0.9999883352181571,M_x (point stabilizer) idx=11 triv,r
aff11_wu_m128_seed2,11,11,x,33,253.61069520375477,0.9999907456164377,M_x (point stabilizer) idx=11 triv,r
aff11_wu_m128_seed2,11,11,x,34,232.38780004726775,0.999989187634421,M_x (point stabilizer) idx=11 triv,r
aff11_wu_m128_seed2,11,11,x,35,22.61276599924098,0.46173793790963524,M_x (point stabilizer) idx=11 char,l
aff11_wu_m128_seed2,11,11,x,36,155.4151034593218,0.9999895377268475,M_x (point stabilizer) idx=11 triv,r
aff11_wu_m128_seed2,11,11,x,37,239.60537876093767,0.9999836928220331,M_x (point stabilizer) idx=11 triv,r
aff11_wu_m128_seed2,11,11,x,38,206.16868112789558,0.9999862293741412,M_x (point stabilizer) idx=11 triv,r
aff11_wu_m128_seed2,11,11,x,39,163.38751033252694,0.9999898232792476,M_x (point stabilizer) idx=11 triv,r
aff11_wu_m128_seed2,11,11,x,40,151.86631666809262,0.9999846368420968,M_x (point stabilizer) idx=11 triv,r
aff11_wu_m128_seed2,11,11,x,41,215.05080498301055,0.9999923707549658,M_x (point stabilizer) idx=11 triv,r
aff11_wu_m128_seed2,11,11,x,42,218.83510127455014,0.999992640999546,M_x (point stabilizer) idx=11 triv,r
aff11_wu_m128_seed2,11,11,x,43,217.07167554602353,0.9999887437836346,M_x (point stabilizer) idx=11 triv,r
aff11_wu_m128_seed2,11,11,x,44,138.66728555338923,0.9999907555345432,M_x (point stabilizer) idx=11 triv,r
aff11_wu_m128_seed2,11,11,x,45,223.74393622875593,0.9999900659083455,M_x (point stabilizer) idx=11 triv,r
aff11_wu_m128_seed2,11,11,x,46,233.14999018082443,0.9999886665867079,M_x (point stabilizer) idx=11 triv,r
aff11_wu_m128_seed2,11,11,x,48,224.43784879071765,0.9999870375583776,M_x (point stabilizer) idx=11 triv,r
aff11_wu_m128_seed2,11,11,x,49,110.48074551323072,0.9999810085218025,M_x (point stabilizer) idx=11 triv,r
aff11_wu_m128_seed2,11,11,x,50,239.09442932102638,0.999984696656614,M_x (point stabilizer) idx=11 triv,r
aff11_wu_m128_seed2,11,11,x,51,162.84078684406012,0.9999867383830779,M_x (point stabilizer) idx=11 triv,r
aff11_wu_m128_seed2,11,11,x,52,226.3628684428486,0.999991135805433,M_x (point stabilizer) idx=11 triv,r
aff11_wu_m128_seed2,11,11,x,53,252.294305808804,0.9999940207339236,M_x (point stabilizer) idx=11 triv,r
aff11_wu_m128_seed2,11,11,x,54,27.91207048083145,0.45434222321651047,M_x (point stabilizer) idx=11 char,l
aff11_wu_m128_seed2,11,11,x,56,218.00784563552398,0.999989922812813,M_x (point stabilizer) idx=11 triv,r
aff11_wu_m128_seed2,11,11,x,57,123.36560800201295,0.9999906468194363,M_x (point stabilizer) idx=11 triv,r
aff11_wu_m128_seed2,11,11,x,58,175.78361065359448,0.9999830616630918,M_x (point stabilizer) idx=11 triv,r
aff11_wu_m128_seed2,11,11,x,60,209.19204685190974,0.9999906525526868,M_x (point stabilizer) idx=11 triv,r
aff11_wu_m128_seed2,11,11,x,61,112.52408664289395,0.9999823044110712,M_x (point stabilizer) idx=11 triv,r
aff11_wu_m128_seed2,11,11,x,62,230.89141823233894,0.9999837167011968,M_x (point stabilizer) idx=11 triv,r
aff11_wu_m128_seed2,11,11,x,63,247.8266493209138,0.9999847683970619,M_x (point stabilizer) idx=11 triv,r
aff11_wu_m128_seed2,11,11,x,64,241.9663868931414,0.9999809273081097,M_x (point stabilizer) idx=11 triv,r
aff11_wu_m128_seed2,11,11,x,65,115.89576299449476,0.9999790905774357,M_x (point stabilizer) idx=11 triv,r
aff11_wu_m128_seed2,11,11,x,66,103.83944294097778,0.9999865806550565,M_x (point stabilizer) idx=11 triv,r
aff11_wu_m128_seed2,11,11,x,67,130.758879411284,0.9999870547083778,M_x (point stabilizer) idx=11 triv,r
aff11_wu_m128_seed2,11,11,x,68,241.1575632899401,0.9999871365908749,M_x (point stabilizer) idx=11 triv,r
aff11_wu_m128_seed2,11,11,x,69,174.6036061679757,0.9999896027988442,M_x (point stabilizer) idx=11 triv,r
aff11_wu_m128_seed2,11,11,x,70,244.57751912852,0.9999897741755442,M_x (point stabilizer) idx=11 triv,r
aff11_wu_m128_seed2,11,11,x,71,169.88435327050865,0.9999897576484028,M_x (point stabilizer) idx=11 triv,r
aff11_wu_m128_seed2,11,11,x,72,112.37380907394679,0.9999818002631444,M_x (point stabilizer) idx=11 triv,r
aff11_wu_m128_seed2,11,11,x,73,118.88390841541676,0.9999703668598406,M_x (point stabilizer) idx=11 triv,r
aff11_wu_m128_seed2,11,11,x,74,220.72085748139017,0.9999909259234836,M_x (point stabilizer) idx=11 triv,r
aff11_wu_m128_seed2,11,11,x,76,156.08037471723514,0.9999790912805564,M_x (point stabilizer) idx=11 triv,r
aff11_wu_m128_seed2,11,11,x,77,143.55811263410968,0.9999840628024381,M_x (point stabilizer) idx=11 triv,r
aff11_wu_m128_seed2,11,11,x,78,234.34017288450752,0.9999918726698509,M_x (point stabilizer) idx=11 triv,r
aff11_wu_m128_seed2,11,11,x,79,129.2055486529215,0.9999847603045818,M_x (point stabilizer) idx=11 triv,r
aff11_wu_m128_seed2,11,11,x,80,125.30280862094354,0.9999880140714363,M_x (point stabilizer) idx=11 triv,r
aff11_wu_m128_seed2,11,11,x,81,263.4616233743297,0.9999923230733175,M_x (point stabilizer) idx=11 triv,r
aff11_wu_m128_seed2,11,11,x,83,229.07286562395717,0.999988873449797,M_x (point stabilizer) idx=11 triv,r
aff11_wu_m128_seed2,11,11,x,84,214.32189611503154,0.9999919502879289,M_x (point stabilizer) idx=11 triv,r
aff11_wu_m128_seed2,11,11,x,85,114.17379119955875,0.9999770957716492,M_x (point stabilizer) idx=11 triv,r
aff11_wu_m128_seed2,11,11,x,86,93.20779892594892,0.9999629111301708,M_x (point stabilizer) idx=11 triv,r
aff11_wu_m128_seed2,11,11,x,87,102.41681471310676,0.9999771192905526,M_x (point stabilizer) idx=11 triv,r
aff11_wu_m128_seed2,11,11,x,88,252.5949043072981,0.9999883821512432,M_x (point stabilizer) idx=11 triv,r
aff11_wu_m128_seed2,11,11,x,89,224.78171349809483,0.9999887676569458,M_x (point stabilizer) idx=11 triv,r
aff11_wu_m128_seed2,11,11,x,91,285.81996296219046,0.9999915598417731,M_x (point stabilizer) idx=11 triv,r
aff11_wu_m128_seed2,11,11,x,92,238.62833690121906,0.9999892239361825,M_x (point stabilizer) idx=11 triv,r
aff11_wu_m128_seed2,11,11,x,93,121.40867998406475,0.9999817506740094,M_x (point stabilizer) idx=11 triv,r
aff11_wu_m128_seed2,11,11,x,94,211.80917869046155,0.9999885590334878,M_x (point stabilizer) idx=11 triv,r
aff11_wu_m128_seed2,11,11,x,95,224.53710919465817,0.9999832779583523,M_x (point stabilizer) idx=11 triv,r
aff11_wu_m128_seed2,11,11,x,96,236.80279150271068,0.9999843579022719,M_x (point stabilizer) idx=11 triv,r
aff11_wu_m128_seed2,11,11,x,97,92.34341706883146,0.9999718284182176,M_x (point stabilizer) idx=11 triv,r
aff11_wu_m128_seed2,11,11,x,98,219.62524677742013,0.999990447396338,M_x (point stabilizer) idx=11 triv,r
aff11_wu_m128_seed2,11,11,x,99,216.0389603712935,0.9999844092364459,M_x (point stabilizer) idx=11 triv,r
aff11_wu_m128_seed2,11,11,x,100,236.02704714401995,0.9999889130382801,M_x (point stabilizer) idx=11 triv,r
aff11_wu_m128_seed2,11,11,x,101,221.25321631290853,0.9999889189698816,M_x (point stabilizer) idx=11 triv,r
aff11_wu_m128_seed2,11,11,x,102,245.85974735351414,0.9999876148436839,M_x (point stabilizer) idx=11 triv,r
aff11_wu_m128_seed2,11,11,x,103,229.29958200274956,0.9999739909038495,M_x (point stabilizer) idx=11 triv,r
aff11_wu_m128_seed2,11,11,x,104,248.36336985705847,0.9999893820713959,M_x (point stabilizer) idx=11 triv,r
aff11_wu_m128_seed2,11,11,x,105,234.29756397998653,0.9999887010056796,M_x (point stabilizer) idx=11 triv,r
aff11_wu_m128_seed2,11,11,x,106,224.03849647900685,0.999992867697576,M_x (point stabilizer) idx=11 triv,r
aff11_wu_m128_seed2,11,11,x,107,201.6369276162843,0.9999820591955997,M_x (point stabilizer) idx=11 triv,r
aff11_wu_m128_seed2,11,11,x,108,240.44760548554424,0.9999890521423688,M_x (point stabilizer) idx=11 triv,r
aff11_wu_m128_seed2,11,11,x,109,246.94643676125972,0.9999864951230399,M_x (point stabilizer) idx=11 triv,r
aff11_wu_m128_seed2,11,11,x,110,189.33711466210897,0.9999916253289135,M_x (point stabilizer) idx=11 triv,r
aff11_wu_m128_seed2,11,11,x,111,292.25254028092917,0.9999879256893411,M_x (point stabilizer) idx=11 triv,r
aff11_wu_m128_seed2,11,11,x,112,150.43756853933044,0.9999683319344592,M_x (point stabilizer) idx=11 triv,r
aff11_wu_m128_seed2,11,11,x,113,146.1957803633984,0.9999830544854178,M_x (point stabilizer) idx=11 triv,r
aff11_wu_m128_seed2,11,11,x,114,116.99883396673688,0.9999778487608726,M_x (point stabilizer) idx=11 triv,r
aff11_wu_m128_seed2,11,11,x,115,216.37706505073132,0.9999903027170768,M_x (point stabilizer) idx=11 triv,r
aff11_wu_m128_seed2,11,11,x,116,234.5202889558456,0.9999870330310184,M_x (point stabilizer) idx=11 triv,r
aff11_wu_m128_seed2,11,11,x,117,166.2993603157733,0.9999867235914742,M_x (point stabilizer) idx=11 triv,r
aff11_wu_m128_seed2,11,11,x,119,96.72266884274627,0.9999585247323287,M_x (point stabilizer) idx=11 triv,r
aff11_wu_m128_seed2,11,11,x,120,250.9139120759211,0.9999890341063736,M_x (point stabilizer) idx=11 triv,r
aff11_wu_m128_seed2,11,11,x,121,147.40887864417567,0.9999851614867655,M_x (point stabilizer) idx=11 triv,r
aff11_wu_m128_seed2,11,11,x,122,205.24166572822134,0.999987481812818,M_x (point stabilizer) idx=11 triv,r
aff11_wu_m128_seed2,11,11,x,123,249.6520788359996,0.9999837846530041,M_x (point stabilizer) idx=11 triv,r
aff11_wu_m128_seed2,11,11,x,124,176.7558606346991,0.9999879496797652,M_x (point stabilizer) idx=11 triv,r
aff11_wu_m128_seed2,11,11,x,125,14.134116151629692,0.7250717658358876,M_x (point stabilizer) idx=11 char,r
aff11_wu_m128_seed2,11,11,x,126,205.98107117398996,0.9999869683825098,M_x (point stabilizer) idx=11 triv,r
aff11_wu_m128_seed2,11,11,x,127,178.34313441016468,0.9999902411164262,M_x (point stabilizer) idx=11 triv,r
aff11_wu_m128_seed2,11,11,y,0,228.85920423885443,0.9999849950791334,M_x (point stabilizer) idx=11 triv,l
aff11_wu_m128_seed2,11,11,y,1,117.63790249346015,0.9999728929936121,M_x (point stabilizer) idx=11 triv,l
aff11_wu_m128_seed2,11,11,y,2,154.81087605491084,0.9999874484715258,M_x (point stabilizer) idx=11 triv,l
aff11_wu_m128_seed2,11,11,y,3,265.0824570567602,0.9999869339494586,M_x (point stabilizer) idx=11 triv,l
aff11_wu_m128_seed2,11,11,y,4,171.45298324216512,0.9999933737067853,M_x (point stabilizer) idx=11 triv,l
aff11_wu_m128_seed2,11,11,y,5,164.10203554301756,0.9999890798391178,M_x (point stabilizer) idx=11 triv,l
aff11_wu_m128_seed2,11,11,y,6,231.03148077791556,0.9999903471719926,M_x (point stabilizer) idx=11 triv,l
aff11_wu_m128_seed2,11,11,y,7,17.668057774612553,0.671381057844244,M_x (point stabilizer) idx=11 triv,l
aff11_wu_m128_seed2,11,11,y,8,247.8636448094149,0.9999926251379826,M_x (point stabilizer) idx=11 triv,l
aff11_wu_m128_seed2,11,11,y,9,265.26323777827736,0.9999919857617425,M_x (point stabilizer) idx=11 triv,l
aff11_wu_m128_seed2,11,11,y,10,175.00651680592406,0.9999895724709963,M_x (point stabilizer) idx=11 triv,l
aff11_wu_m128_seed2,11,11,y,11,236.36745436417723,0.9999869610389054,M_x (point stabilizer) idx=11 triv,l
aff11_wu_m128_seed2,11,11,y,12,226.54804727426833,0.9999938276623307,M_x (point stabilizer) idx=11 triv,l
aff11_wu_m128_seed2,11,11,y,13,229.6350630316437,0.9999938535906486,M_x (point stabilizer) idx=11 triv,l
aff11_wu_m128_seed2,11,11,y,14,155.37881912672103,0.9999847935498942,M_x (point stabilizer) idx=11 triv,l
aff11_wu_m128_seed2,11,11,y,15,239.74849521326547,0.9999892090404304,M_x (point stabilizer) idx=11 triv,l
aff11_wu_m128_seed2,11,11,y,17,214.96283435383216,0.9999875413944503,M_x (point stabilizer) idx=11 triv,l
aff11_wu_m128_seed2,11,11,y,18,256.701194494136,0.9999880555221267,M_x (point stabilizer) idx=11 triv,l
aff11_wu_m128_seed2,11,11,y,19,198.74433987137033,0.9999914232224348,M_x (point stabilizer) idx=11 triv,l
aff11_wu_m128_seed2,11,11,y,20,217.09142054300293,0.999988521630691,M_x (point stabilizer) idx=11 triv,l
aff11_wu_m128_seed2,11,11,y,21,225.27319728955342,0.9999873756142108,M_x (point stabilizer) idx=11 triv,l
aff11_wu_m128_seed2,11,11,y,22,246.87958421403113,0.9999880110561794,M_x (point stabilizer) idx=11 triv,l
aff11_wu_m128_seed2,11,11,y,23,42.516462926741944,0.4545627532578787,M_x (point stabilizer) idx=11 char,r
aff11_wu_m128_seed2,11,11,y,24,218.921382119361,0.9999907816321117,M_x (point stabilizer) idx=11 triv,l
aff11_wu_m128_seed2,11,11,y,25,235.90954489370264,0.9999920705662182,M_x (point stabilizer) idx=11 triv,l
aff11_wu_m128_seed2,11,11,y,26,159.1754568144707,0.9999921722765402,M_x (point stabilizer) idx=11 triv,l
aff11_wu_m128_seed2,11,11,y,27,103.13828609202965,0.999969499827358,M_x (point stabilizer) idx=11 triv,l
aff11_wu_m128_seed2,11,11,y,28,153.9188445335354,0.999985016322262,M_x (point stabilizer) idx=11 triv,l
aff11_wu_m128_seed2,11,11,y,29,261.93684062698003,0.9999866701877043,M_x (point stabilizer) idx=11 triv,l
aff11_wu_m128_seed2,11,11,y,30,164.15044126827075,0.9999833009251005,M_x (point stabilizer) idx=11 triv,l
aff11_wu_m128_seed2,11,11,y,32,219.22682368128181,0.9999881463790137,M_x (point stabilizer) idx=11 triv,l
aff11_wu_m128_seed2,11,11,y,33,252.64836825503,0.9999820822498113,M_x (point stabilizer) idx=11 triv,l
aff11_wu_m128_seed2,11,11,y,34,232.7986402415793,0.9999917536278101,M_x (point stabilizer) idx=11 triv,l
aff11_wu_m128_seed2,11,11,y,35,18.894923256179773,0.65283362836703,M_x (point stabilizer) idx=11 char,l
aff11_wu_m128_seed2,11,11,y,36,155.97242383756745,0.999970029247553,M_x (point stabilizer) idx=11 triv,l
aff11_wu_m128_seed2,11,11,y,37,240.93912756576086,0.9999904703752681,M_x (point stabilizer) idx=11 triv,l
aff11_wu_m128_seed2,11,11,y,38,206.29433292986243,0.999984866877816,M_x (point stabilizer) idx=11 triv,l
aff11_wu_m128_seed2,11,11,y,39,163.20627955795308,0.9999845890111235,M_x (point stabilizer) idx=11 triv,l
aff11_wu_m128_seed2,11,11,y,40,152.43459950947667,0.9999755684817977,M_x (point stabilizer) idx=11 triv,l
aff11_wu_m128_seed2,11,11,y,41,214.60741618216838,0.999988456761119,M_x (point stabilizer) idx=11 triv,l
aff11_wu_m128_seed2,11,11,y,42,218.92220332532338,0.999990218075073,M_x (point stabilizer) idx=11 triv,l
aff11_wu_m128_seed2,11,11,y,43,217.94117604171458,0.999990039028618,M_x (point stabilizer) idx=11 triv,l
aff11_wu_m128_seed2,11,11,y,44,137.9587543492336,0.999987524926521,M_x (point stabilizer) idx=11 triv,l
aff11_wu_m128_seed2,11,11,y,45,224.4277886023939,0.9999876787936417,M_x (point stabilizer) idx=11 triv,l
aff11_wu_m128_seed2,11,11,y,46,232.39585097360728,0.9999840578060839,M_x (point stabilizer) idx=11 triv,l
aff11_wu_m128_seed2,11,11,y,48,224.2828076399917,0.9999896027853441,M_x (point stabilizer) idx=11 triv,l
aff11_wu_m128_seed2,11,11,y,49,110.695411754322,0.9999699763273974,M_x (point stabilizer) idx=11 triv,l
aff11_wu_m128_seed2,11,11,y,50,238.53785030395878,0.9999903564962153,M_x (point stabilizer) idx=11 triv,l
aff11_wu_m128_seed2,11,11,y,51,162.5704245177018,0.9999858400047866,M_x (point stabilizer) idx=11 triv,l
aff11_wu_m128_seed2,11,11,y,52,226.43683995412047,0.9999882384217141,M_x (point stabilizer) idx=11 triv,l
aff11_wu_m128_seed2,11,11,y,53,251.90345969037287,0.9999892220987321,M_x (point stabilizer) idx=11 triv,l
aff11_wu_m128_seed2,11,11,y,54,20.48164484146839,0.4535164380718133,M_x (point stabilizer) idx=11 char,r
aff11_wu_m128_seed2,11,11,y,56,219.02377117928702,0.999992323727544,M_x (point stabilizer) idx=11 triv,l
aff11_wu_m128_seed2,11,11,y,57,123.17245506381109,0.9999910369826602,M_x (point stabilizer) idx=11 triv,l
aff11_wu_m128_seed2,11,11,y,58,175.92231862635828,0.9999911880638843,M_x (point stabilizer) idx=11 triv,l
aff11_wu_m128_seed2,11,11,y,60,207.387534770988,0.9999869617592022,M_x (point stabilizer) idx=11 triv,l
aff11_wu_m128_seed2,11,11,y,61,113.41280051879954,0.9999726592933849,M_x (point stabilizer) idx=11 triv,l
aff11_wu_m128_seed2,11,11,y,62,230.1616216015598,0.9999827749338401,M_x (point stabilizer) idx=11 triv,l
aff11_wu_m128_seed2,11,11,y,63,247.89850653983876,0.9999917682729693,M_x (point stabilizer) idx=11 triv,l
aff11_wu_m128_seed2,11,11,y,64,240.85808631195727,0.9999888733424489,M_x (point stabilizer) idx=11 triv,l
aff11_wu_m128_seed2,11,11,y,65,116.39786705484444,0.9999914166110545,M_x (point stabilizer) idx=11 triv,l
aff11_wu_m128_seed2,11,11,y,66,103.19252408648313,0.9999781175468787,M_x (point stabilizer) idx=11 triv,l
aff11_wu_m128_seed2,11,11,y,67,130.13977145811154,0.999973237345546,M_x (point stabilizer) idx=11 triv,l
aff11_wu_m128_seed2,11,11,y,68,240.13946834779426,0.9999919013032168,M_x (point stabilizer) idx=11 triv,l
aff11_wu_m128_seed2,11,11,y,69,175.3101495368525,0.99998845170932,M_x (point stabilizer) idx=11 triv,l
aff11_wu_m128_seed2,11,11,y,70,243.77131993303945,0.999987696559209,M_x (point stabilizer) idx=11 triv,l
aff11_wu_m128_seed2,11,11,y,71,170.52089116169333,0.9999901425665291,M_x (point stabilizer) idx=11 triv,l
aff11_wu_m128_seed2,11,11,y,72,111.5052195541842,0.9999742094544521,M_x (point stabilizer) idx=11 triv,l
aff11_wu_m128_seed2,11,11,y,73,120.08097849970507,0.9999865840143473,M_x (point stabilizer) idx=11 triv,l
aff11_wu_m128_seed2,11,11,y,74,219.6339933456695,0.9999881347307529,M_x (point stabilizer) idx=11 triv,l
aff11_wu_m128_seed2,11,11,y,76,156.14326840552397,0.9999771906992071,M_x (point stabilizer) idx=11 triv,l
aff11_wu_m128_seed2,11,11,y,77,143.58788500751086,0.9999836053012342,M_x (point stabilizer) idx=11 triv,l
aff11_wu_m128_seed2,11,11,y,78,233.77812922353988,0.999983394359503,M_x (point stabilizer) idx=11 triv,l
aff11_wu_m128_seed2,11,11,y,79,128.56025048851507,0.9999758219846189,M_x (point stabilizer) idx=11 triv,l
aff11_wu_m128_seed2,11,11,y,80,125.03199539244362,0.9999868125138838,M_x (point stabilizer) idx=11 triv,l
aff11_wu_m128_seed2,11,11,y,81,263.65563772872775,0.9999892505457612,M_x (point stabilizer) idx=11 triv,l
aff11_wu_m128_seed2,11,11,y,83,229.82463414630746,0.9999937558275549,M_x (point stabilizer) idx=11 triv,l
aff11_wu_m128_seed2,11,11,y,84,214.33049039636725,0.9999897241315185,M_x (point stabilizer) idx=11 triv,l
aff11_wu_m128_seed2,11,11,y,85,114.12524550284624,0.9999610806269525,M_x (point stabilizer) idx=11 triv,l
aff11_wu_m128_seed2,11,11,y,86,94.00092544028855,0.9999910569281699,M_x (point stabilizer) idx=11 triv,l
aff11_wu_m128_seed2,11,11,y,87,101.97743361984124,0.9999809721723538,M_x (point stabilizer) idx=11 triv,l
aff11_wu_m128_seed2,11,11,y,88,252.48144797263453,0.9999905401178173,M_x (point stabilizer) idx=11 triv,l
aff11_wu_m128_seed2,11,11,y,89,224.8873662024335,0.9999897405232219,M_x (point stabilizer) idx=11 triv,l
aff11_wu_m128_seed2,11,11,y,91,284.68957309775817,0.9999926214751943,M_x (point stabilizer) idx=11 triv,l
aff11_wu_m128_seed2,11,11,y,92,237.51401763901092,0.9999850225418108,M_x (point stabilizer) idx=11 triv,l
aff11_wu_m128_seed2,11,11,y,93,121.70619365513703,0.9999810758280714,M_x (point stabilizer) idx=11 triv,l
aff11_wu_m128_seed2,11,11,y,94,211.390908185708,0.999990455017478,M_x (point stabilizer) idx=11 triv,l
aff11_wu_m128_seed2,11,11,y,95,224.7834236222705,0.999987292133501,M_x (point stabilizer) idx=11 triv,l
aff11_wu_m128_seed2,11,11,y,96,236.35331656313585,0.9999930059624106,M_x (point stabilizer) idx=11 triv,l
aff11_wu_m128_seed2,11,11,y,97,92.56900321590754,0.9999666633019657,M_x (point stabilizer) idx=11 triv,l
aff11_wu_m128_seed2,11,11,y,98,218.76000507787532,0.9999867214768705,M_x (point stabilizer) idx=11 triv,l
aff11_wu_m128_seed2,11,11,y,99,213.7831516553916,0.9999862890335908,M_x (point stabilizer) idx=11 triv,l
aff11_wu_m128_seed2,11,11,y,100,236.62138285138144,0.9999910112825454,M_x (point stabilizer) idx=11 triv,l
aff11_wu_m128_seed2,11,11,y,101,220.67454680935413,0.9999898208456974,M_x (point stabilizer) idx=11 triv,l
aff11_wu_m128_seed2,11,11,y,102,245.597735051677,0.9999880049705594,M_x (point stabilizer) idx=11 triv,l
aff11_wu_m128_seed2,11,11,y,103,229.23243751515815,0.9999861649921106,M_x (point stabilizer) idx=11 triv,l
aff11_wu_m128_seed2,11,11,y,104,247.46939851746527,0.9999885810418169,M_x (point stabilizer) idx=11 triv,l
aff11_wu_m128_seed2,11,11,y,105,234.48013526321154,0.9999924623820337,M_x (point stabilizer) idx=11 triv,l
aff11_wu_m128_seed2,11,11,y,106,224.03106509992358,0.9999914134860979,M_x (point stabilizer) idx=11 triv,l
aff11_wu_m128_seed2,11,11,y,107,200.40257957449322,0.9999822565585108,M_x (point stabilizer) idx=11 triv,l
aff11_wu_m128_seed2,11,11,y,108,239.7369927419148,0.9999896888976855,M_x (point stabilizer) idx=11 triv,l
aff11_wu_m128_seed2,11,11,y,109,246.48188395641728,0.999986031685236,M_x (point stabilizer) idx=11 triv,l
aff11_wu_m128_seed2,11,11,y,110,189.16301524828114,0.9999914215597443,M_x (point stabilizer) idx=11 triv,l
aff11_wu_m128_seed2,11,11,y,111,291.553932221079,0.9999925666068906,M_x (point stabilizer) idx=11 triv,l
aff11_wu_m128_seed2,11,11,y,112,150.44896648909747,0.9999808354462583,M_x (point stabilizer) idx=11 triv,l
aff11_wu_m128_seed2,11,11,y,113,146.5668666909635,0.9999783542550909,M_x (point stabilizer) idx=11 triv,l
aff11_wu_m128_seed2,11,11,y,114,117.01479797925582,0.9999822887526217,M_x (point stabilizer) idx=11 triv,l
aff11_wu_m128_seed2,11,11,y,115,216.6021308004847,0.999990799810945,M_x (point stabilizer) idx=11 triv,l
aff11_wu_m128_seed2,11,11,y,116,234.82673123950798,0.9999868352239779,M_x (point stabilizer) idx=11 triv,l
aff11_wu_m128_seed2,11,11,y,117,166.66238976814844,0.9999880748884932,M_x (point stabilizer) idx=11 triv,l
aff11_wu_m128_seed2,11,11,y,119,96.32391789276609,0.9999697689140508,M_x (point stabilizer) idx=11 triv,l
aff11_wu_m128_seed2,11,11,y,120,250.88431900803954,0.9999909326950398,M_x (point stabilizer) idx=11 triv,l
aff11_wu_m128_seed2,11,11,y,121,147.87991461182946,0.9999797210493209,M_x (point stabilizer) idx=11 triv,l
aff11_wu_m128_seed2,11,11,y,122,205.72212650822317,0.9999900368708569,M_x (point stabilizer) idx=11 triv,l
aff11_wu_m128_seed2,11,11,y,123,248.87941275539703,0.99997859582665,M_x (point stabilizer) idx=11 triv,l
aff11_wu_m128_seed2,11,11,y,124,176.4940370476736,0.9999834576100475,M_x (point stabilizer) idx=11 triv,l
aff11_wu_m128_seed2,11,11,y,125,14.319641731240443,0.7308519635321795,M_x (point stabilizer) idx=11 char,l
aff11_wu_m128_seed2,11,11,y,126,205.35880855692304,0.9999873038129345,M_x (point stabilizer) idx=11 triv,l
aff11_wu_m128_seed2,11,11,y,127,178.6421529190965,0.9999891829002185,M_x (point stabilizer) idx=11 triv,l
aff15_chughtai_m128_seed1,15,5β,x,0,646.197504839016,0.9999944977348526,other |H|=12 units=4 transl=5Z idx=10 char,r
aff15_chughtai_m128_seed1,15,5β,x,1,491.52781068550615,0.999996289237469,other |H|=12 units=4 transl=5Z idx=10 char,r
aff15_chughtai_m128_seed1,15,5β,x,2,714.2686189100016,0.9999951374264933,other |H|=12 units=4 transl=5Z idx=10 char,r
aff15_chughtai_m128_seed1,15,5β,x,5,873.0089486557047,0.9999875314445115,other |H|=12 units=4 transl=5Z idx=10 char,r
aff15_chughtai_m128_seed1,15,5β,x,6,904.4511140563575,0.9999979106797031,other |H|=12 units=4 transl=5Z idx=10 char,r
aff15_chughtai_m128_seed1,15,5β,x,8,808.944274579617,0.9999967188461133,other |H|=12 units=4 transl=5Z idx=10 char,r
aff15_chughtai_m128_seed1,15,5β,x,9,330.61520049918107,0.9999991926133771,other |H|=12 units=4 transl=5Z idx=10 char,r
aff15_chughtai_m128_seed1,15,5β,x,10,727.0139749440604,0.9999967615959653,other |H|=12 units=4 transl=5Z idx=10 char,r
aff15_chughtai_m128_seed1,15,5β,x,11,924.87923144512,0.9999605564148137,M_x (point stabilizer) idx=15 char,l
aff15_chughtai_m128_seed1,15,5β,x,12,471.02996616082385,0.9999987828240706,other |H|=12 units=4 transl=5Z idx=10 char,r
aff15_chughtai_m128_seed1,15,5β,x,14,658.0824210322862,0.9999978852122419,other |H|=12 units=4 transl=5Z idx=10 char,r
aff15_chughtai_m128_seed1,15,5β,x,15,556.9679612863849,0.9999986853006476,other |H|=12 units=4 transl=5Z idx=10 char,r
aff15_chughtai_m128_seed1,15,5β,x,17,768.8362055940028,0.9999944954386188,other |H|=12 units=4 transl=5Z idx=10 char,r
aff15_chughtai_m128_seed1,15,5β,x,18,664.9141578302476,0.9999504713592654,other |H|=12 units=4 transl=5Z idx=10 char,l
aff15_chughtai_m128_seed1,15,5β,x,19,627.9371848350743,0.999998369954968,other |H|=12 units=4 transl=5Z idx=10 char,r
aff15_chughtai_m128_seed1,15,5β,x,20,1079.003022819296,0.9999490111088484,other |H|=12 units=4 transl=5Z idx=10 char,l
aff15_chughtai_m128_seed1,15,5β,x,21,986.0768101966299,0.9999599096473113,M_x (point stabilizer) idx=15 char,l
aff15_chughtai_m128_seed1,15,5β,x,26,732.762594650309,0.9999984149830017,other |H|=12 units=4 transl=5Z idx=10 char,r
aff15_chughtai_m128_seed1,15,5β,x,27,1090.6797815322575,0.9999750880992605,other |H|=12 units=4 transl=5Z idx=10 char,r
aff15_chughtai_m128_seed1,15,5β,x,28,557.5554012679822,0.9999748395893041,other |H|=12 units=4 transl=5Z idx=10 char,r
aff15_chughtai_m128_seed1,15,5β,x,29,330.62247170897945,0.9999991899196653,other |H|=12 units=4 transl=5Z idx=10 char,r
aff15_chughtai_m128_seed1,15,5β,x,31,925.4718989353239,0.9999777627818655,other |H|=12 units=4 transl=5Z idx=10 char,r
aff15_chughtai_m128_seed1,15,5β,x,33,99.92317605624814,0.9999972255189726,other |H|=12 units=4 transl=5Z idx=10 char,r
aff15_chughtai_m128_seed1,15,5β,x,34,825.2465222548752,0.9999613668015681,M_x (point stabilizer) idx=15 char,l
aff15_chughtai_m128_seed1,15,5β,x,35,484.2426301894931,0.9999980469329729,other |H|=12 units=4 transl=5Z idx=10 char,r
aff15_chughtai_m128_seed1,15,5β,x,36,728.6476935895889,0.9999423128712738,M_x (point stabilizer) idx=15 char,l
aff15_chughtai_m128_seed1,15,5β,x,37,545.0031895112056,0.9999989807223528,other |H|=12 units=4 transl=5Z idx=10 char,r
aff15_chughtai_m128_seed1,15,5β,x,38,280.558910207344,0.9999964546778657,other |H|=12 units=4 transl=5Z idx=10 char,r
aff15_chughtai_m128_seed1,15,5β,x,39,1076.9551622526571,0.9999945766433036,other |H|=12 units=4 transl=5Z idx=10 char,r
aff15_chughtai_m128_seed1,15,5β,x,40,943.9459797506654,0.9999139704681568,M_x (point stabilizer) idx=15 char,l
aff15_chughtai_m128_seed1,15,5β,x,41,793.0507101694321,0.9999954145128165,other |H|=12 units=4 transl=5Z idx=10 char,r
aff15_chughtai_m128_seed1,15,5β,x,46,783.7051505597077,0.9999964342564229,other |H|=12 units=4 transl=5Z idx=10 char,r
aff15_chughtai_m128_seed1,15,5β,x,47,948.3349551582514,0.9999976231714112,other |H|=12 units=4 transl=5Z idx=10 char,r
aff15_chughtai_m128_seed1,15,5β,x,48,574.855759300104,0.9999978853743622,other |H|=12 units=4 transl=5Z idx=10 char,r
aff15_chughtai_m128_seed1,15,5β,x,49,839.420917653232,0.999970391643822,other |H|=12 units=4 transl=5Z idx=10 char,r
aff15_chughtai_m128_seed1,15,5β,x,52,834.337400099194,0.9999701533237311,"S_x,5 (stabilizer mod 5) idx=5 char",l
aff15_chughtai_m128_seed1,15,5β,x,55,829.5748620303564,0.9999554225174845,"S_x,5 (stabilizer mod 5) idx=5 char",l
aff15_chughtai_m128_seed1,15,5β,x,56,725.3398892156895,0.9999978929447647,"S_x,5 (stabilizer mod 5) idx=5 char",r
aff15_chughtai_m128_seed1,15,5β,x,57,343.6137122153074,0.9999832204035752,other |H|=12 units=4 transl=5Z idx=10 char,r
aff15_chughtai_m128_seed1,15,5β,x,59,683.0668624620388,0.9999891280848123,other |H|=12 units=4 transl=5Z idx=10 char,r
aff15_chughtai_m128_seed1,15,5β,x,60,736.8856460742082,0.9999946880059656,other |H|=12 units=4 transl=5Z idx=10 char,r
aff15_chughtai_m128_seed1,15,5β,x,62,1059.3605734390128,0.9999505146568561,M_x (point stabilizer) idx=15 char,l
aff15_chughtai_m128_seed1,15,5β,x,66,288.0070894893548,0.9999766019986823,other |H|=12 units=4 transl=5Z idx=10 char,r
aff15_chughtai_m128_seed1,15,5β,x,71,410.662922649084,0.9999989368268696,other |H|=12 units=4 transl=5Z idx=10 char,r
aff15_chughtai_m128_seed1,15,5β,x,72,1018.7790397724609,0.9999957584200226,other |H|=12 units=4 transl=5Z idx=10 char,r
aff15_chughtai_m128_seed1,15,5β,x,74,818.8322363947703,0.9999400960117654,"S_x,5 (stabilizer mod 5) idx=5 char",l
aff15_chughtai_m128_seed1,15,5β,x,75,1003.785693017106,0.9999482791317259,other |H|=12 units=4 transl=5Z idx=10 char,l
aff15_chughtai_m128_seed1,15,5β,x,76,865.5378631432891,0.9999522684167894,"S_x,5 (stabilizer mod 5) idx=5 char",l
aff15_chughtai_m128_seed1,15,5β,x,80,736.3849810579649,0.9999961053418114,other |H|=12 units=4 transl=5Z idx=10 char,r
aff15_chughtai_m128_seed1,15,5β,x,81,843.6469533328323,0.9999952241249522,"S_x,5 (stabilizer mod 5) idx=5 char",r
aff15_chughtai_m128_seed1,15,5β,x,82,495.6224969929626,0.9999497849687599,other |H|=12 units=4 transl=5Z idx=10 char,l
aff15_chughtai_m128_seed1,15,5β,x,83,625.8759301407736,0.9999950432337924,other |H|=12 units=4 transl=5Z idx=10 char,r
aff15_chughtai_m128_seed1,15,5β,x,84,343.61257300169166,0.9999831692408068,other |H|=12 units=4 transl=5Z idx=10 char,r
aff15_chughtai_m128_seed1,15,5β,x,86,782.54240550622,0.9999981892925276,other |H|=12 units=4 transl=5Z idx=10 char,r
aff15_chughtai_m128_seed1,15,5β,x,87,917.3645149360132,0.9999935798411534,other |H|=12 units=4 transl=5Z idx=10 char,r
aff15_chughtai_m128_seed1,15,5β,x,88,522.8913325370827,0.9999961175741152,other |H|=12 units=4 transl=5Z idx=10 char,r
aff15_chughtai_m128_seed1,15,5β,x,89,737.2666825489839,0.999988707227247,other |H|=12 units=4 transl=5Z idx=10 char,r
aff15_chughtai_m128_seed1,15,5β,x,90,526.8942188373323,0.9999953532282847,other |H|=12 units=4 transl=5Z idx=10 char,r
aff15_chughtai_m128_seed1,15,5β,x,91,697.9417818894001,0.9990643283945131,M_x (point stabilizer) idx=15 char,l
aff15_chughtai_m128_seed1,15,5β,x,92,661.155323183352,0.9999985785840512,other |H|=12 units=4 transl=5Z idx=10 char,r
aff15_chughtai_m128_seed1,15,5β,x,93,1196.3615565213263,0.9999581674458276,M_x (point stabilizer) idx=15 char,l
aff15_chughtai_m128_seed1,15,5β,x,94,759.3810239896778,0.9999855857877151,other |H|=12 units=4 transl=5Z idx=10 char,r
aff15_chughtai_m128_seed1,15,5β,x,96,566.1238364731036,0.9999981856553805,other |H|=12 units=4 transl=5Z idx=10 char,r
aff15_chughtai_m128_seed1,15,5β,x,97,786.5459304709597,0.9999993587229971,"S_x,5 (stabilizer mod 5) idx=5 char",r
aff15_chughtai_m128_seed1,15,5β,x,98,687.419982142611,0.9999673044460272,other |H|=12 units=4 transl=5Z idx=10 char,l
aff15_chughtai_m128_seed1,15,5β,x,99,747.1377415982054,0.999962074160092,"S_x,5 (stabilizer mod 5) idx=5 char",l
aff15_chughtai_m128_seed1,15,5β,x,100,870.0332129498609,0.9999969815694467,"S_x,5 (stabilizer mod 5) idx=5 char",r
aff15_chughtai_m128_seed1,15,5β,x,103,669.2086456050948,0.9999977131220001,other |H|=12 units=4 transl=5Z idx=10 char,r
aff15_chughtai_m128_seed1,15,5β,x,104,808.3857420076032,0.999998166882257,other |H|=12 units=4 transl=5Z idx=10 char,r
aff15_chughtai_m128_seed1,15,5β,x,106,662.7659028864105,0.9999954441934523,other |H|=12 units=4 transl=5Z idx=10 char,r
aff15_chughtai_m128_seed1,15,5β,x,107,929.3108718234887,0.9999945385515606,other |H|=12 units=4 transl=5Z idx=10 char,r
aff15_chughtai_m128_seed1,15,5β,x,108,869.2185868059069,0.9999971575433876,other |H|=12 units=4 transl=5Z idx=10 char,r
aff15_chughtai_m128_seed1,15,5β,x,109,882.7144484074843,0.9999930532830884,other |H|=12 units=4 transl=5Z idx=10 char,r
aff15_chughtai_m128_seed1,15,5β,x,110,638.9237532756588,0.9999976768971961,other |H|=12 units=4 transl=5Z idx=10 char,r
aff15_chughtai_m128_seed1,15,5β,x,111,912.4906475650445,0.9999987504909893,other |H|=12 units=4 transl=5Z idx=10 char,r
aff15_chughtai_m128_seed1,15,5β,x,112,565.8640226909869,0.9999978608333645,"S_x,5 (stabilizer mod 5) idx=5 char",r
aff15_chughtai_m128_seed1,15,5β,x,115,64.31968733232677,0.999998106177389,other |H|=12 units=4 transl=5Z idx=10 char,r
aff15_chughtai_m128_seed1,15,5β,x,117,981.0069989033417,0.9999951090561815,other |H|=12 units=4 transl=5Z idx=10 char,r
aff15_chughtai_m128_seed1,15,5β,x,119,997.9418347425243,0.9999501494712388,M_x (point stabilizer) idx=15 char,l
aff15_chughtai_m128_seed1,15,5β,x,120,820.6098946520514,0.9999981203707814,other |H|=12 units=4 transl=5Z idx=10 char,r
aff15_chughtai_m128_seed1,15,5β,x,121,829.3729702184143,0.9999929052934532,other |H|=12 units=4 transl=5Z idx=10 char,r
aff15_chughtai_m128_seed1,15,5β,x,122,610.2090490648969,0.9999634064960972,"S_x,5 (stabilizer mod 5) idx=5 char",l
aff15_chughtai_m128_seed1,15,5β,x,126,720.4001097649233,0.9999964520217428,other |H|=12 units=4 transl=5Z idx=10 char,r
aff15_chughtai_m128_seed1,15,5β,y,0,645.9348140286089,0.9999642069169368,M_x (point stabilizer) idx=15 char,r
aff15_chughtai_m128_seed1,15,5β,y,1,491.50820780952336,0.999965811428876,other |H|=12 units=4 transl=5Z idx=10 char,l
aff15_chughtai_m128_seed1,15,5β,y,2,713.7896596019989,0.9999760919645435,other |H|=12 units=4 transl=5Z idx=10 char,l
aff15_chughtai_m128_seed1,15,5β,y,5,874.2779410783395,0.9999973168254283,"S_x,5 (stabilizer mod 5) idx=5 char",l
aff15_chughtai_m128_seed1,15,5β,y,6,904.2646118990402,0.9999989628334165,other |H|=12 units=4 transl=5Z idx=10 char,l
aff15_chughtai_m128_seed1,15,5β,y,8,808.9508804317256,0.99999718524866,other |H|=12 units=4 transl=5Z idx=10 char,l
aff15_chughtai_m128_seed1,15,5β,y,9,330.67413111379295,0.9999996728036621,other |H|=12 units=4 transl=5Z idx=10 char,l
aff15_chughtai_m128_seed1,15,5β,y,10,726.690885768831,0.9999985966250555,other |H|=12 units=4 transl=5Z idx=10 char,l
aff15_chughtai_m128_seed1,15,5β,y,11,923.4924543418648,0.9999969950173061,"S_x,5 (stabilizer mod 5) idx=5 char",l
aff15_chughtai_m128_seed1,15,5β,y,12,471.2131460408456,0.9999991440907913,other |H|=12 units=4 transl=5Z idx=10 char,l
aff15_chughtai_m128_seed1,15,5β,y,14,658.8748741525529,0.9999958103194229,other |H|=12 units=4 transl=5Z idx=10 char,l
aff15_chughtai_m128_seed1,15,5β,y,15,557.0681656635664,0.9999985613454079,other |H|=12 units=4 transl=5Z idx=10 char,l
aff15_chughtai_m128_seed1,15,5β,y,17,768.6502193568477,0.9999981251869398,other |H|=12 units=4 transl=5Z idx=10 char,l
aff15_chughtai_m128_seed1,15,5β,y,18,664.8372860716164,0.9999619957773305,other |H|=12 units=4 transl=5Z idx=10 char,r
aff15_chughtai_m128_seed1,15,5β,y,19,627.9705367195919,0.999999463906983,other |H|=12 units=4 transl=5Z idx=10 char,l
aff15_chughtai_m128_seed1,15,5β,y,20,1077.699576639667,0.9999875621469274,other |H|=12 units=4 transl=5Z idx=10 char,l
aff15_chughtai_m128_seed1,15,5β,y,21,983.2537921930747,0.9999948333371445,other |H|=12 units=4 transl=5Z idx=10 char,l
aff15_chughtai_m128_seed1,15,5β,y,26,731.9560273642331,0.9999964424631808,other |H|=12 units=4 transl=5Z idx=10 char,l
aff15_chughtai_m128_seed1,15,5β,y,27,1090.0052155814312,0.9999939957714645,other |H|=12 units=4 transl=5Z idx=10 char,l
aff15_chughtai_m128_seed1,15,5β,y,28,557.5756670764033,0.9999962441393924,other |H|=12 units=4 transl=5Z idx=10 char,l
aff15_chughtai_m128_seed1,15,5β,y,29,330.6747171180851,0.9999996733303789,other |H|=12 units=4 transl=5Z idx=10 char,l
aff15_chughtai_m128_seed1,15,5β,y,31,906.4437481987483,0.9999316558751498,M_x (point stabilizer) idx=15 char,r
aff15_chughtai_m128_seed1,15,5β,y,33,99.96947352935453,0.9999977733788575,other |H|=12 units=4 transl=5Z idx=10 char,l
aff15_chughtai_m128_seed1,15,5β,y,34,825.4470652802244,0.999958100077062,"S_x,5 (stabilizer mod 5) idx=5 char",r
aff15_chughtai_m128_seed1,15,5β,y,35,484.281618536541,0.9999986091258121,other |H|=12 units=4 transl=5Z idx=10 char,l
aff15_chughtai_m128_seed1,15,5β,y,36,728.333149079456,0.9999530600596167,"S_x,5 (stabilizer mod 5) idx=5 char",r
aff15_chughtai_m128_seed1,15,5β,y,37,544.8698748058312,0.9999981319086849,other |H|=12 units=4 transl=5Z idx=10 char,l
aff15_chughtai_m128_seed1,15,5β,y,38,280.4632705663492,0.9999990442486348,other |H|=12 units=4 transl=5Z idx=10 char,l
aff15_chughtai_m128_seed1,15,5β,y,39,1076.6723333790385,0.9999637060847182,"S_x,5 (stabilizer mod 5) idx=5 char",r
aff15_chughtai_m128_seed1,15,5β,y,40,930.3340985424385,0.9999638985431699,other |H|=12 units=4 transl=5Z idx=10 char,r
aff15_chughtai_m128_seed1,15,5β,y,41,793.0881680435401,0.9999610164948273,other |H|=12 units=4 transl=5Z idx=10 char,l
aff15_chughtai_m128_seed1,15,5β,y,46,784.5062134398812,0.9999853983948664,other |H|=12 units=4 transl=5Z idx=10 char,l
aff15_chughtai_m128_seed1,15,5β,y,47,948.1046900090819,0.9999974555266001,other |H|=12 units=4 transl=5Z idx=10 char,l
aff15_chughtai_m128_seed1,15,5β,y,48,574.0942944511937,0.9999509194963723,"S_x,5 (stabilizer mod 5) idx=5 char",r
aff15_chughtai_m128_seed1,15,5β,y,49,839.9832415708341,0.9999958022217649,other |H|=12 units=4 transl=5Z idx=10 char,l
aff15_chughtai_m128_seed1,15,5β,y,52,832.8121405492182,0.999996394224445,other |H|=12 units=4 transl=5Z idx=10 char,l
aff15_chughtai_m128_seed1,15,5β,y,55,831.2063376457917,0.9999915176080899,other |H|=12 units=4 transl=5Z idx=10 char,l
aff15_chughtai_m128_seed1,15,5β,y,56,725.1342740274267,0.9999993759525118,"S_x,5 (stabilizer mod 5) idx=5 char",l
aff15_chughtai_m128_seed1,15,5β,y,57,343.81441218734165,0.9999973662850601,other |H|=12 units=4 transl=5Z idx=10 char,l
aff15_chughtai_m128_seed1,15,5β,y,59,681.9927779257739,0.9999620750380396,other |H|=12 units=4 transl=5Z idx=10 char,r
aff15_chughtai_m128_seed1,15,5β,y,60,736.5919756987543,0.9999515260047839,"S_x,5 (stabilizer mod 5) idx=5 char",r
aff15_chughtai_m128_seed1,15,5β,y,62,1058.7596677278377,0.9999912453339471,other |H|=12 units=4 transl=5Z idx=10 char,l
aff15_chughtai_m128_seed1,15,5β,y,66,281.1435030524209,0.9999423120186685,other |H|=12 units=4 transl=5Z idx=10 char,r
aff15_chughtai_m128_seed1,15,5β,y,71,410.49402524643557,0.9999974822808085,"S_x,5 (stabilizer mod 5) idx=5 char",l
aff15_chughtai_m128_seed1,15,5β,y,72,1019.8742390587299,0.9999591148517988,M_x (point stabilizer) idx=15 char,r
aff15_chughtai_m128_seed1,15,5β,y,74,818.868521896474,0.9999387183121142,M_x (point stabilizer) idx=15 char,r
aff15_chughtai_m128_seed1,15,5β,y,75,1004.4543190707819,0.9999960258671772,other |H|=12 units=4 transl=5Z idx=10 char,l
aff15_chughtai_m128_seed1,15,5β,y,76,865.9025370591739,0.9999926974254514,other |H|=12 units=4 transl=5Z idx=10 char,l
aff15_chughtai_m128_seed1,15,5β,y,80,736.1539916385065,0.9999977165488062,"S_x,5 (stabilizer mod 5) idx=5 char",l
aff15_chughtai_m128_seed1,15,5β,y,81,844.094979174619,0.9999924005940428,other |H|=12 units=4 transl=5Z idx=10 char,l
aff15_chughtai_m128_seed1,15,5β,y,82,495.7726894244029,0.9999967856263765,other |H|=12 units=4 transl=5Z idx=10 char,l
aff15_chughtai_m128_seed1,15,5β,y,83,626.3469504691199,0.9999981736838381,"S_x,5 (stabilizer mod 5) idx=5 char",l
aff15_chughtai_m128_seed1,15,5β,y,84,343.8220882342637,0.9999973618540393,other |H|=12 units=4 transl=5Z idx=10 char,l
aff15_chughtai_m128_seed1,15,5β,y,86,782.4501266661778,0.9999991446071498,other |H|=12 units=4 transl=5Z idx=10 char,l
aff15_chughtai_m128_seed1,15,5β,y,87,915.8634140572344,0.9999940172211038,other |H|=12 units=4 transl=5Z idx=10 char,l
aff15_chughtai_m128_seed1,15,5β,y,88,523.0928018391836,0.9999984371984209,other |H|=12 units=4 transl=5Z idx=10 char,l
aff15_chughtai_m128_seed1,15,5β,y,89,736.9000599478031,0.9999960003280535,other |H|=12 units=4 transl=5Z idx=10 char,l
aff15_chughtai_m128_seed1,15,5β,y,90,526.5102760867239,0.9999964256098527,"S_x,5 (stabilizer mod 5) idx=5 char",l
aff15_chughtai_m128_seed1,15,5β,y,91,700.0043979811803,0.9995245753854985,other |H|=12 units=4 transl=5Z idx=10 char,r
aff15_chughtai_m128_seed1,15,5β,y,92,660.8900399842317,0.9999944077209563,"S_x,5 (stabilizer mod 5) idx=5 char",l
aff15_chughtai_m128_seed1,15,5β,y,93,1195.8770508287096,0.9999936256785328,other |H|=12 units=4 transl=5Z idx=10 char,l
aff15_chughtai_m128_seed1,15,5β,y,94,759.7529050470378,0.9999553030991308,"S_x,5 (stabilizer mod 5) idx=5 char",r
aff15_chughtai_m128_seed1,15,5β,y,96,566.5650245210361,0.9999920784940131,other |H|=12 units=4 transl=5Z idx=10 char,l
aff15_chughtai_m128_seed1,15,5β,y,97,786.3204067804542,0.9999992271085734,"S_x,5 (stabilizer mod 5) idx=5 char",l
aff15_chughtai_m128_seed1,15,5β,y,98,693.9838148024364,0.9999714302321848,other |H|=12 units=4 transl=5Z idx=10 char,r
aff15_chughtai_m128_seed1,15,5β,y,99,746.421277337356,0.9999974464048937,other |H|=12 units=4 transl=5Z idx=10 char,l
aff15_chughtai_m128_seed1,15,5β,y,100,869.9880752354641,0.9999954368067,other |H|=12 units=4 transl=5Z idx=10 char,l
aff15_chughtai_m128_seed1,15,5β,y,103,669.5859813463344,0.9999618579651572,other |H|=12 units=4 transl=5Z idx=10 char,l
aff15_chughtai_m128_seed1,15,5β,y,104,808.7498802958144,0.9999975767064374,other |H|=12 units=4 transl=5Z idx=10 char,l
aff15_chughtai_m128_seed1,15,5β,y,106,662.5376928653185,0.9999572869230486,"S_x,5 (stabilizer mod 5) idx=5 char",r
aff15_chughtai_m128_seed1,15,5β,y,107,929.2127357569436,0.9999598723848822,M_x (point stabilizer) idx=15 char,r
aff15_chughtai_m128_seed1,15,5β,y,108,869.5939338277258,0.9999988798883759,other |H|=12 units=4 transl=5Z idx=10 char,l
aff15_chughtai_m128_seed1,15,5β,y,109,883.0572247337927,0.9999976844385876,other |H|=12 units=4 transl=5Z idx=10 char,l
aff15_chughtai_m128_seed1,15,5β,y,110,638.7502221404767,0.999998818812043,other |H|=12 units=4 transl=5Z idx=10 char,l
aff15_chughtai_m128_seed1,15,5β,y,111,912.9613563660656,0.9999974052282499,other |H|=12 units=4 transl=5Z idx=10 char,l
aff15_chughtai_m128_seed1,15,5β,y,112,565.9003526830942,0.99999976870051,"S_x,5 (stabilizer mod 5) idx=5 char",l
aff15_chughtai_m128_seed1,15,5β,y,115,64.3310693592849,0.9999982599953438,other |H|=12 units=4 transl=5Z idx=10 char,l
aff15_chughtai_m128_seed1,15,5β,y,117,980.4585266159224,0.9999985665124764,other |H|=12 units=4 transl=5Z idx=10 char,l
aff15_chughtai_m128_seed1,15,5β,y,119,997.4597701277985,0.9999921900887263,other |H|=12 units=4 transl=5Z idx=10 char,l
aff15_chughtai_m128_seed1,15,5β,y,120,820.615511055224,0.9999990165921557,other |H|=12 units=4 transl=5Z idx=10 char,l
aff15_chughtai_m128_seed1,15,5β,y,121,829.6928429991117,0.9999969597902589,other |H|=12 units=4 transl=5Z idx=10 char,l
aff15_chughtai_m128_seed1,15,5β,y,122,609.8887622907167,0.999959871330131,"S_x,5 (stabilizer mod 5) idx=5 char",r
aff15_chughtai_m128_seed1,15,5β,y,126,720.6605001255588,0.9999968416368398,other |H|=12 units=4 transl=5Z idx=10 char,l
aff15_chughtai_m128_seed2,15,5,x,2,474.84930171742997,0.9999999931366191,"S_x,5 (stabilizer mod 5) idx=5 triv",r
aff15_chughtai_m128_seed2,15,5,x,3,466.8531253746461,0.9999999943817477,"S_x,5 (stabilizer mod 5) idx=5 triv",r
aff15_chughtai_m128_seed2,15,5,x,4,841.9666778209554,0.9999999945853333,"S_x,5 (stabilizer mod 5) idx=5 triv",r
aff15_chughtai_m128_seed2,15,5,x,10,878.6661653216553,0.9999999917736845,"S_x,5 (stabilizer mod 5) idx=5 triv",r
aff15_chughtai_m128_seed2,15,5,x,12,525.9245919445657,0.9999999929432278,"S_x,5 (stabilizer mod 5) idx=5 triv",r
aff15_chughtai_m128_seed2,15,5,x,14,1355.2509490993443,0.9999999940519425,"S_x,5 (stabilizer mod 5) idx=5 triv",r
aff15_chughtai_m128_seed2,15,5,x,16,1282.3675135168053,0.9999999930701481,"S_x,5 (stabilizer mod 5) idx=5 triv",r
aff15_chughtai_m128_seed2,15,5,x,19,435.5127816008029,0.9999999922367089,"S_x,5 (stabilizer mod 5) idx=5 triv",r
aff15_chughtai_m128_seed2,15,5,x,20,765.8350347140729,0.99999999142935,"S_x,5 (stabilizer mod 5) idx=5 triv",r
aff15_chughtai_m128_seed2,15,5,x,21,749.7796257925122,0.9999999944661186,"S_x,5 (stabilizer mod 5) idx=5 triv",r
aff15_chughtai_m128_seed2,15,5,x,22,512.4701444552786,0.999999991940185,"S_x,5 (stabilizer mod 5) idx=5 triv",r
aff15_chughtai_m128_seed2,15,5,x,24,749.8992940288977,0.9999999943499148,"S_x,5 (stabilizer mod 5) idx=5 triv",r
aff15_chughtai_m128_seed2,15,5,x,30,783.9987877049848,0.999999993365987,"S_x,5 (stabilizer mod 5) idx=5 triv",r
aff15_chughtai_m128_seed2,15,5,x,33,1277.3322974164282,0.999999994584845,"S_x,5 (stabilizer mod 5) idx=5 triv",r
aff15_chughtai_m128_seed2,15,5,x,35,832.5070553615576,0.9999999914778085,"S_x,5 (stabilizer mod 5) idx=5 triv",r
aff15_chughtai_m128_seed2,15,5,x,37,1317.976602168683,0.9999999946338916,"S_x,5 (stabilizer mod 5) idx=5 triv",r
aff15_chughtai_m128_seed2,15,5,x,42,847.4523998440761,0.9999999938692259,"S_x,5 (stabilizer mod 5) idx=5 triv",r
aff15_chughtai_m128_seed2,15,5,x,43,474.6482479482079,0.9999999950775585,"S_x,5 (stabilizer mod 5) idx=5 triv",r
aff15_chughtai_m128_seed2,15,5,x,45,936.8062517625865,0.9999999951925108,"S_x,5 (stabilizer mod 5) idx=5 triv",r
aff15_chughtai_m128_seed2,15,5,x,46,736.224690192811,0.9999999947563855,"S_x,5 (stabilizer mod 5) idx=5 triv",r
aff15_chughtai_m128_seed2,15,5,x,49,1354.655009080986,0.999999994956883,"S_x,5 (stabilizer mod 5) idx=5 triv",r
aff15_chughtai_m128_seed2,15,5,x,54,1442.8280964050198,0.9999999942074832,"S_x,5 (stabilizer mod 5) idx=5 triv",r
aff15_chughtai_m128_seed2,15,5,x,55,511.66651571948574,0.9999999909122088,"S_x,5 (stabilizer mod 5) idx=5 triv",r
aff15_chughtai_m128_seed2,15,5,x,57,436.05754456130984,0.9999999917476398,"S_x,5 (stabilizer mod 5) idx=5 triv",r
aff15_chughtai_m128_seed2,15,5,x,58,744.9817829668777,0.9999999908602241,"S_x,5 (stabilizer mod 5) idx=5 triv",r
aff15_chughtai_m128_seed2,15,5,x,60,781.2972961098103,0.9999999949401114,"S_x,5 (stabilizer mod 5) idx=5 triv",r
aff15_chughtai_m128_seed2,15,5,x,63,1449.4106878145978,0.9999999939479526,"S_x,5 (stabilizer mod 5) idx=5 triv",r
aff15_chughtai_m128_seed2,15,5,x,64,722.0078637811819,0.9999999910917134,"S_x,5 (stabilizer mod 5) idx=5 triv",r
aff15_chughtai_m128_seed2,15,5,x,66,853.9042687973928,0.9999999927827051,"S_x,5 (stabilizer mod 5) idx=5 triv",r
aff15_chughtai_m128_seed2,15,5,x,68,1278.945232993102,0.9999999948030153,"S_x,5 (stabilizer mod 5) idx=5 triv",r
aff15_chughtai_m128_seed2,15,5,x,69,745.5686663375619,0.9999999936808459,"S_x,5 (stabilizer mod 5) idx=5 triv",r
aff15_chughtai_m128_seed2,15,5,x,72,913.199202248173,0.9999999955069802,"S_x,5 (stabilizer mod 5) idx=5 triv",r
aff15_chughtai_m128_seed2,15,5,x,73,461.38012791874115,0.9999999936289617,"S_x,5 (stabilizer mod 5) idx=5 triv",r
aff15_chughtai_m128_seed2,15,5,x,74,512.6587844261973,0.9999999915176997,"S_x,5 (stabilizer mod 5) idx=5 triv",r
aff15_chughtai_m128_seed2,15,5,x,75,761.9888081804866,0.9999999925110362,"S_x,5 (stabilizer mod 5) idx=5 triv",r
aff15_chughtai_m128_seed2,15,5,x,76,1346.7400655027059,0.9999999941345724,"S_x,5 (stabilizer mod 5) idx=5 triv",r
aff15_chughtai_m128_seed2,15,5,x,77,1320.1170805835593,0.9999999935873033,"S_x,5 (stabilizer mod 5) idx=5 triv",r
aff15_chughtai_m128_seed2,15,5,x,79,525.4557978175847,0.9999999948043993,"S_x,5 (stabilizer mod 5) idx=5 triv",r
aff15_chughtai_m128_seed2,15,5,x,81,1289.9279669682846,0.999999992929161,"S_x,5 (stabilizer mod 5) idx=5 triv",r
aff15_chughtai_m128_seed2,15,5,x,82,24.29156880864312,0.9999999762556857,other |H|=12 units=4 transl=5Z idx=10 triv,r
aff15_chughtai_m128_seed2,15,5,x,83,939.7721841177367,0.9999999956092868,"S_x,5 (stabilizer mod 5) idx=5 triv",r
aff15_chughtai_m128_seed2,15,5,x,85,1636.9131641910828,0.9999999926294061,"S_x,5 (stabilizer mod 5) idx=5 triv",r
aff15_chughtai_m128_seed2,15,5,x,90,467.3341197133868,0.9999999940315959,"S_x,5 (stabilizer mod 5) idx=5 triv",r
aff15_chughtai_m128_seed2,15,5,x,93,1331.4868574879893,0.9999999919213485,"S_x,5 (stabilizer mod 5) idx=5 triv",r
aff15_chughtai_m128_seed2,15,5,x,94,1327.6143953443982,0.9999999938198764,"S_x,5 (stabilizer mod 5) idx=5 triv",r
aff15_chughtai_m128_seed2,15,5,x,96,951.1357896640517,0.999999992579321,"S_x,5 (stabilizer mod 5) idx=5 triv",r
aff15_chughtai_m128_seed2,15,5,x,99,1222.4302723022975,0.9999999936473573,"S_x,5 (stabilizer mod 5) idx=5 triv",r
aff15_chughtai_m128_seed2,15,5,x,100,763.1879785690445,0.999999991899117,"S_x,5 (stabilizer mod 5) idx=5 triv",r
aff15_chughtai_m128_seed2,15,5,x,102,962.9495632518323,0.9999999956352212,"S_x,5 (stabilizer mod 5) idx=5 triv",r
aff15_chughtai_m128_seed2,15,5,x,103,855.1400405880795,0.999999991706425,"S_x,5 (stabilizer mod 5) idx=5 triv",r
aff15_chughtai_m128_seed2,15,5,x,106,920.156650772293,0.9999999931163681,"S_x,5 (stabilizer mod 5) idx=5 triv",r
aff15_chughtai_m128_seed2,15,5,x,108,768.3304099181291,0.9999999918921195,"S_x,5 (stabilizer mod 5) idx=5 triv",r
aff15_chughtai_m128_seed2,15,5,x,111,855.2413066702518,0.999999992680829,"S_x,5 (stabilizer mod 5) idx=5 triv",r
aff15_chughtai_m128_seed2,15,5,x,112,27.225326071706345,0.9999999485047805,other |H|=12 units=4 transl=5Z idx=10 triv,r
aff15_chughtai_m128_seed2,15,5,x,115,878.2790530102545,0.9999999923596518,"S_x,5 (stabilizer mod 5) idx=5 triv",r
aff15_chughtai_m128_seed2,15,5,x,116,762.8765844540867,0.9999999948474648,"S_x,5 (stabilizer mod 5) idx=5 triv",r
aff15_chughtai_m128_seed2,15,5,x,117,964.9617608135591,0.9999999941478249,"S_x,5 (stabilizer mod 5) idx=5 triv",r
aff15_chughtai_m128_seed2,15,5,x,118,1652.6107915725383,0.9999999922602871,"S_x,5 (stabilizer mod 5) idx=5 triv",r
aff15_chughtai_m128_seed2,15,5,x,121,844.1180225039835,0.9999999949194994,"S_x,5 (stabilizer mod 5) idx=5 triv",r
aff15_chughtai_m128_seed2,15,5,x,123,460.37326373799186,0.9999999937494899,"S_x,5 (stabilizer mod 5) idx=5 triv",r
aff15_chughtai_m128_seed2,15,5,x,125,1348.2156198456269,0.9999999925134546,"S_x,5 (stabilizer mod 5) idx=5 triv",r
aff15_chughtai_m128_seed2,15,5,y,2,474.86509474207134,0.9999999925717433,"S_x,5 (stabilizer mod 5) idx=5 triv",l
aff15_chughtai_m128_seed2,15,5,y,3,466.8452097467104,0.9999999912506545,"S_x,5 (stabilizer mod 5) idx=5 triv",l
aff15_chughtai_m128_seed2,15,5,y,4,841.8305793293719,0.9999999932566606,"S_x,5 (stabilizer mod 5) idx=5 triv",l
aff15_chughtai_m128_seed2,15,5,y,10,878.6358188534457,0.9999999922401676,"S_x,5 (stabilizer mod 5) idx=5 triv",l
aff15_chughtai_m128_seed2,15,5,y,12,525.7932756863365,0.9999999917282361,"S_x,5 (stabilizer mod 5) idx=5 triv",l
aff15_chughtai_m128_seed2,15,5,y,14,1355.0826922991898,0.9999999930317521,"S_x,5 (stabilizer mod 5) idx=5 triv",l
aff15_chughtai_m128_seed2,15,5,y,16,1282.2247487060918,0.9999999904892091,"S_x,5 (stabilizer mod 5) idx=5 triv",l
aff15_chughtai_m128_seed2,15,5,y,19,435.51241075976685,0.9999999918868322,"S_x,5 (stabilizer mod 5) idx=5 triv",l
aff15_chughtai_m128_seed2,15,5,y,20,765.7790585673426,0.9999999878390318,"S_x,5 (stabilizer mod 5) idx=5 triv",l
aff15_chughtai_m128_seed2,15,5,y,21,749.7829016766292,0.9999999935738105,"S_x,5 (stabilizer mod 5) idx=5 triv",l
aff15_chughtai_m128_seed2,15,5,y,22,512.391256038544,0.9999999931552731,"S_x,5 (stabilizer mod 5) idx=5 triv",l
aff15_chughtai_m128_seed2,15,5,y,24,749.9108646163941,0.9999999934028173,"S_x,5 (stabilizer mod 5) idx=5 triv",l
aff15_chughtai_m128_seed2,15,5,y,30,783.9780849941824,0.9999999886509826,"S_x,5 (stabilizer mod 5) idx=5 triv",l
aff15_chughtai_m128_seed2,15,5,y,33,1276.9912712041908,0.9999999907388578,"S_x,5 (stabilizer mod 5) idx=5 triv",l
aff15_chughtai_m128_seed2,15,5,y,35,832.4903828064552,0.9999999916233268,"S_x,5 (stabilizer mod 5) idx=5 triv",l
aff15_chughtai_m128_seed2,15,5,y,37,1317.758034369179,0.9999999938411903,"S_x,5 (stabilizer mod 5) idx=5 triv",l
aff15_chughtai_m128_seed2,15,5,y,42,847.337004165928,0.9999999910935109,"S_x,5 (stabilizer mod 5) idx=5 triv",l
aff15_chughtai_m128_seed2,15,5,y,43,474.5826083454611,0.9999999931134763,"S_x,5 (stabilizer mod 5) idx=5 triv",l
aff15_chughtai_m128_seed2,15,5,y,45,936.9330960312138,0.999999992999869,"S_x,5 (stabilizer mod 5) idx=5 triv",l
aff15_chughtai_m128_seed2,15,5,y,46,735.9309007796596,0.999999989411981,"S_x,5 (stabilizer mod 5) idx=5 triv",l
aff15_chughtai_m128_seed2,15,5,y,49,1354.5343816947625,0.9999999939983505,"S_x,5 (stabilizer mod 5) idx=5 triv",l
aff15_chughtai_m128_seed2,15,5,y,54,1442.48798741619,0.9999999883046612,"S_x,5 (stabilizer mod 5) idx=5 triv",l
aff15_chughtai_m128_seed2,15,5,y,55,511.7006829177676,0.9999999925096964,"S_x,5 (stabilizer mod 5) idx=5 triv",l
aff15_chughtai_m128_seed2,15,5,y,57,435.99415536626566,0.9999999882919091,"S_x,5 (stabilizer mod 5) idx=5 triv",l
aff15_chughtai_m128_seed2,15,5,y,58,744.9281168722283,0.9999999892164165,"S_x,5 (stabilizer mod 5) idx=5 triv",l
aff15_chughtai_m128_seed2,15,5,y,60,781.1449060600848,0.999999993234741,"S_x,5 (stabilizer mod 5) idx=5 triv",l
aff15_chughtai_m128_seed2,15,5,y,63,1449.5216515145735,0.9999999878126572,"S_x,5 (stabilizer mod 5) idx=5 triv",l
aff15_chughtai_m128_seed2,15,5,y,64,721.8623142027108,0.9999999880806983,"S_x,5 (stabilizer mod 5) idx=5 triv",l
aff15_chughtai_m128_seed2,15,5,y,66,853.8554206318221,0.999999992867116,"S_x,5 (stabilizer mod 5) idx=5 triv",l
aff15_chughtai_m128_seed2,15,5,y,68,1278.8175275148546,0.9999999920706167,"S_x,5 (stabilizer mod 5) idx=5 triv",l
aff15_chughtai_m128_seed2,15,5,y,69,745.4494521806415,0.999999991101806,"S_x,5 (stabilizer mod 5) idx=5 triv",l
aff15_chughtai_m128_seed2,15,5,y,72,913.1891921053722,0.9999999941626471,"S_x,5 (stabilizer mod 5) idx=5 triv",l
aff15_chughtai_m128_seed2,15,5,y,73,461.21877480996994,0.9999999925563123,"S_x,5 (stabilizer mod 5) idx=5 triv",l
aff15_chughtai_m128_seed2,15,5,y,74,512.5340995381058,0.9999999928074311,"S_x,5 (stabilizer mod 5) idx=5 triv",l
aff15_chughtai_m128_seed2,15,5,y,75,761.8563256356107,0.9999999919784804,"S_x,5 (stabilizer mod 5) idx=5 triv",l
aff15_chughtai_m128_seed2,15,5,y,76,1346.454717767904,0.9999999912124479,"S_x,5 (stabilizer mod 5) idx=5 triv",l
aff15_chughtai_m128_seed2,15,5,y,77,1319.7998698106428,0.9999999904396915,"S_x,5 (stabilizer mod 5) idx=5 triv",l
aff15_chughtai_m128_seed2,15,5,y,79,525.2895049178546,0.9999999923816956,"S_x,5 (stabilizer mod 5) idx=5 triv",l
aff15_chughtai_m128_seed2,15,5,y,81,1289.87660480522,0.9999999936023248,"S_x,5 (stabilizer mod 5) idx=5 triv",l
aff15_chughtai_m128_seed2,15,5,y,82,24.289364839063275,0.9999999582356306,other |H|=12 units=4 transl=5Z idx=10 triv,l
aff15_chughtai_m128_seed2,15,5,y,83,940.0084195730874,0.9999999945400642,"S_x,5 (stabilizer mod 5) idx=5 triv",l
aff15_chughtai_m128_seed2,15,5,y,85,1636.670486593515,0.9999999914730845,"S_x,5 (stabilizer mod 5) idx=5 triv",l
aff15_chughtai_m128_seed2,15,5,y,90,467.3199912601881,0.9999999913912959,"S_x,5 (stabilizer mod 5) idx=5 triv",l
aff15_chughtai_m128_seed2,15,5,y,93,1331.3401101385252,0.9999999890507937,"S_x,5 (stabilizer mod 5) idx=5 triv",l
aff15_chughtai_m128_seed2,15,5,y,94,1327.6931740167322,0.9999999920811654,"S_x,5 (stabilizer mod 5) idx=5 triv",l
aff15_chughtai_m128_seed2,15,5,y,96,951.0290317887046,0.9999999944723698,"S_x,5 (stabilizer mod 5) idx=5 triv",l
aff15_chughtai_m128_seed2,15,5,y,99,1222.2586666211287,0.9999999879154253,"S_x,5 (stabilizer mod 5) idx=5 triv",l
aff15_chughtai_m128_seed2,15,5,y,100,763.0693755941065,0.9999999906294599,"S_x,5 (stabilizer mod 5) idx=5 triv",l
aff15_chughtai_m128_seed2,15,5,y,102,962.771991750442,0.9999999917560345,"S_x,5 (stabilizer mod 5) idx=5 triv",l
aff15_chughtai_m128_seed2,15,5,y,103,854.9889636233673,0.9999999935389462,"S_x,5 (stabilizer mod 5) idx=5 triv",l
aff15_chughtai_m128_seed2,15,5,y,106,919.8957026510938,0.9999999920460607,"S_x,5 (stabilizer mod 5) idx=5 triv",l
aff15_chughtai_m128_seed2,15,5,y,108,768.3327904694667,0.9999999899757858,"S_x,5 (stabilizer mod 5) idx=5 triv",l
aff15_chughtai_m128_seed2,15,5,y,111,855.2040912855574,0.9999999935373439,"S_x,5 (stabilizer mod 5) idx=5 triv",l
aff15_chughtai_m128_seed2,15,5,y,112,27.22736455238109,0.9999999111804891,other |H|=12 units=4 transl=5Z idx=10 triv,l
aff15_chughtai_m128_seed2,15,5,y,115,878.2391996783923,0.9999999913126797,"S_x,5 (stabilizer mod 5) idx=5 triv",l
aff15_chughtai_m128_seed2,15,5,y,116,762.8003078561883,0.9999999864855277,"S_x,5 (stabilizer mod 5) idx=5 triv",l
aff15_chughtai_m128_seed2,15,5,y,117,964.8249090859459,0.9999999925702656,"S_x,5 (stabilizer mod 5) idx=5 triv",l
aff15_chughtai_m128_seed2,15,5,y,118,1652.2889794453536,0.9999999937068131,"S_x,5 (stabilizer mod 5) idx=5 triv",l
aff15_chughtai_m128_seed2,15,5,y,121,843.9681937501484,0.9999999908690488,"S_x,5 (stabilizer mod 5) idx=5 triv",l
aff15_chughtai_m128_seed2,15,5,y,123,460.20570564775227,0.9999999915399079,"S_x,5 (stabilizer mod 5) idx=5 triv",l
aff15_chughtai_m128_seed2,15,5,y,125,1348.0090756117681,0.9999999924257728,"S_x,5 (stabilizer mod 5) idx=5 triv",l
aff15_chughtai_m128_seed3,15,5,x,0,528.3219662379586,0.9999999862082092,"S_x,5 (stabilizer mod 5) idx=5 triv",r
aff15_chughtai_m128_seed3,15,5,x,1,533.2351944756642,0.9999999960997913,"S_x,5 (stabilizer mod 5) idx=5 triv",r
aff15_chughtai_m128_seed3,15,5,x,4,529.4377488027095,0.9999999951373076,"S_x,5 (stabilizer mod 5) idx=5 triv",r
aff15_chughtai_m128_seed3,15,5,x,5,858.854947298007,0.999999997767629,"S_x,5 (stabilizer mod 5) idx=5 triv",r
aff15_chughtai_m128_seed3,15,5,x,8,378.5850502459332,0.9999999946032584,"S_x,5 (stabilizer mod 5) idx=5 triv",r
aff15_chughtai_m128_seed3,15,5,x,9,225.93495624718474,0.9999999962497909,"S_x,5 (stabilizer mod 5) idx=5 triv",r
aff15_chughtai_m128_seed3,15,5,x,11,539.6351282367208,0.9999999950747591,"S_x,5 (stabilizer mod 5) idx=5 triv",r
aff15_chughtai_m128_seed3,15,5,x,13,848.5875206589056,0.9999999962085435,"S_x,5 (stabilizer mod 5) idx=5 triv",r
aff15_chughtai_m128_seed3,15,5,x,15,917.8412964986227,0.9999999867346431,"S_x,5 (stabilizer mod 5) idx=5 triv",r
aff15_chughtai_m128_seed3,15,5,x,16,522.4212374362462,0.9999999958687276,"S_x,5 (stabilizer mod 5) idx=5 triv",r
aff15_chughtai_m128_seed3,15,5,x,17,370.96915391461783,0.999999991053838,"S_x,5 (stabilizer mod 5) idx=5 triv",r
aff15_chughtai_m128_seed3,15,5,x,18,821.8847056704238,0.999999995814904,"S_x,5 (stabilizer mod 5) idx=5 triv",r
aff15_chughtai_m128_seed3,15,5,x,19,946.7860527854544,0.9999999931193846,"S_x,5 (stabilizer mod 5) idx=5 triv",r
aff15_chughtai_m128_seed3,15,5,x,20,508.50605914563005,0.9999999948316747,"S_x,5 (stabilizer mod 5) idx=5 triv",r
aff15_chughtai_m128_seed3,15,5,x,22,944.2583011860094,0.9999999947651521,"S_x,5 (stabilizer mod 5) idx=5 triv",r
aff15_chughtai_m128_seed3,15,5,x,23,539.7325644299518,0.9999999902242768,"S_x,5 (stabilizer mod 5) idx=5 triv",r
aff15_chughtai_m128_seed3,15,5,x,24,954.1833023390154,0.9999999962291888,"S_x,5 (stabilizer mod 5) idx=5 triv",r
aff15_chughtai_m128_seed3,15,5,x,26,225.76876754318388,0.9999999965721247,"S_x,5 (stabilizer mod 5) idx=5 triv",r
aff15_chughtai_m128_seed3,15,5,x,29,535.9698772946556,0.9999999924956473,"S_x,5 (stabilizer mod 5) idx=5 triv",r
aff15_chughtai_m128_seed3,15,5,x,32,528.5178775313146,0.9999999939185876,"S_x,5 (stabilizer mod 5) idx=5 triv",r
aff15_chughtai_m128_seed3,15,5,x,33,534.214116441187,0.9999999954492966,"S_x,5 (stabilizer mod 5) idx=5 triv",r
aff15_chughtai_m128_seed3,15,5,x,35,550.8411618676686,0.9999999889654072,"S_x,5 (stabilizer mod 5) idx=5 triv",r
aff15_chughtai_m128_seed3,15,5,x,36,522.8461796859414,0.9999999964970171,"S_x,5 (stabilizer mod 5) idx=5 triv",r
aff15_chughtai_m128_seed3,15,5,x,39,876.9634858404532,0.9999999910317608,"S_x,5 (stabilizer mod 5) idx=5 triv",r
aff15_chughtai_m128_seed3,15,5,x,43,891.2910818630518,0.9999999964552244,"S_x,5 (stabilizer mod 5) idx=5 triv",r
aff15_chughtai_m128_seed3,15,5,x,44,871.4733444288419,0.9999999970793894,"S_x,5 (stabilizer mod 5) idx=5 triv",r
aff15_chughtai_m128_seed3,15,5,x,45,532.3768341682165,0.999999992093204,"S_x,5 (stabilizer mod 5) idx=5 triv",r
aff15_chughtai_m128_seed3,15,5,x,46,904.0288088046437,0.9999999961062047,"S_x,5 (stabilizer mod 5) idx=5 triv",r
aff15_chughtai_m128_seed3,15,5,x,49,522.6552013003949,0.9999999894807277,"S_x,5 (stabilizer mod 5) idx=5 triv",r
aff15_chughtai_m128_seed3,15,5,x,51,225.2921774006382,0.9999999956167803,"S_x,5 (stabilizer mod 5) idx=5 triv",r
aff15_chughtai_m128_seed3,15,5,x,52,903.913145610529,0.9999999938858004,"S_x,5 (stabilizer mod 5) idx=5 triv",r
aff15_chughtai_m128_seed3,15,5,x,53,533.2441127360872,0.9999999958552935,"S_x,5 (stabilizer mod 5) idx=5 triv",r
aff15_chughtai_m128_seed3,15,5,x,54,949.7088113819763,0.9999999963839717,"S_x,5 (stabilizer mod 5) idx=5 triv",r
aff15_chughtai_m128_seed3,15,5,x,56,974.1947329014089,0.9999999971319153,"S_x,5 (stabilizer mod 5) idx=5 triv",r
aff15_chughtai_m128_seed3,15,5,x,57,546.2421058612217,0.9999999835686021,"S_x,5 (stabilizer mod 5) idx=5 triv",r
aff15_chughtai_m128_seed3,15,5,x,59,519.6981517243337,0.9999999953328147,"S_x,5 (stabilizer mod 5) idx=5 triv",r
aff15_chughtai_m128_seed3,15,5,x,60,932.9579494677231,0.9999999958578092,"S_x,5 (stabilizer mod 5) idx=5 triv",r
aff15_chughtai_m128_seed3,15,5,x,61,378.6209256885718,0.9999999898894124,"S_x,5 (stabilizer mod 5) idx=5 triv",r
aff15_chughtai_m128_seed3,15,5,x,62,529.5115955573214,0.9999999928770661,"S_x,5 (stabilizer mod 5) idx=5 triv",r
aff15_chughtai_m128_seed3,15,5,x,63,935.3101343782895,0.9999999959862422,"S_x,5 (stabilizer mod 5) idx=5 triv",r
aff15_chughtai_m128_seed3,15,5,x,66,909.981513811308,0.9999999905241742,"S_x,5 (stabilizer mod 5) idx=5 triv",r
aff15_chughtai_m128_seed3,15,5,x,69,540.1111984214145,0.9999999938869739,"S_x,5 (stabilizer mod 5) idx=5 triv",r
aff15_chughtai_m128_seed3,15,5,x,72,961.3017078849093,0.9999999937233527,"S_x,5 (stabilizer mod 5) idx=5 triv",r
aff15_chughtai_m128_seed3,15,5,x,76,868.2921967566455,0.999999995851759,"S_x,5 (stabilizer mod 5) idx=5 triv",r
aff15_chughtai_m128_seed3,15,5,x,77,542.2471587965441,0.9999999940609903,"S_x,5 (stabilizer mod 5) idx=5 triv",r
aff15_chughtai_m128_seed3,15,5,x,80,225.85026378262313,0.9999999969236139,"S_x,5 (stabilizer mod 5) idx=5 triv",r
aff15_chughtai_m128_seed3,15,5,x,82,540.7494086143388,0.9999999920723396,"S_x,5 (stabilizer mod 5) idx=5 triv",r
aff15_chughtai_m128_seed3,15,5,x,84,534.6140757861663,0.9999999976871957,"S_x,5 (stabilizer mod 5) idx=5 triv",r
aff15_chughtai_m128_seed3,15,5,x,85,893.1140872144047,0.9999999967780914,"S_x,5 (stabilizer mod 5) idx=5 triv",r
aff15_chughtai_m128_seed3,15,5,x,86,495.7620112988524,0.9999999957982503,"S_x,5 (stabilizer mod 5) idx=5 triv",r
aff15_chughtai_m128_seed3,15,5,x,87,371.42751939638504,0.9999999838402427,"S_x,5 (stabilizer mod 5) idx=5 triv",r
aff15_chughtai_m128_seed3,15,5,x,89,942.3175210696288,0.9999999915028144,"S_x,5 (stabilizer mod 5) idx=5 triv",r
aff15_chughtai_m128_seed3,15,5,x,90,860.4303263834761,0.9999999940125156,"S_x,5 (stabilizer mod 5) idx=5 triv",r
aff15_chughtai_m128_seed3,15,5,x,93,948.9924626649049,0.999999996200328,"S_x,5 (stabilizer mod 5) idx=5 triv",r
aff15_chughtai_m128_seed3,15,5,x,94,946.1331918435009,0.9999999967505779,"S_x,5 (stabilizer mod 5) idx=5 triv",r
aff15_chughtai_m128_seed3,15,5,x,96,509.53307629019014,0.9999999913536419,"S_x,5 (stabilizer mod 5) idx=5 triv",r
aff15_chughtai_m128_seed3,15,5,x,102,869.6997366809486,0.9999999877735476,"S_x,5 (stabilizer mod 5) idx=5 triv",r
aff15_chughtai_m128_seed3,15,5,x,103,932.5395233177055,0.9999999926521846,"S_x,5 (stabilizer mod 5) idx=5 triv",r
aff15_chughtai_m128_seed3,15,5,x,104,378.9511959661017,0.999999994227388,"S_x,5 (stabilizer mod 5) idx=5 triv",r
aff15_chughtai_m128_seed3,15,5,x,106,494.48561606346635,0.9999999830018895,"S_x,5 (stabilizer mod 5) idx=5 triv",r
aff15_chughtai_m128_seed3,15,5,x,107,518.8915711772777,0.999999974998497,"S_x,5 (stabilizer mod 5) idx=5 triv",r
aff15_chughtai_m128_seed3,15,5,x,108,545.8271240779892,0.9999999955774519,"S_x,5 (stabilizer mod 5) idx=5 triv",r
aff15_chughtai_m128_seed3,15,5,x,110,854.8433419943607,0.9999999924378804,"S_x,5 (stabilizer mod 5) idx=5 triv",r
aff15_chughtai_m128_seed3,15,5,x,111,854.4335145543497,0.9999999936228514,"S_x,5 (stabilizer mod 5) idx=5 triv",r
aff15_chughtai_m128_seed3,15,5,x,113,869.0512636757994,0.9999999951948865,"S_x,5 (stabilizer mod 5) idx=5 triv",r
aff15_chughtai_m128_seed3,15,5,x,114,891.8108901188132,0.9999999940143816,"S_x,5 (stabilizer mod 5) idx=5 triv",r
aff15_chughtai_m128_seed3,15,5,x,115,541.0264540634961,0.9999999875433924,"S_x,5 (stabilizer mod 5) idx=5 triv",r
aff15_chughtai_m128_seed3,15,5,x,116,522.6760543947718,0.99999998737208,"S_x,5 (stabilizer mod 5) idx=5 triv",r
aff15_chughtai_m128_seed3,15,5,x,119,550.0550370633882,0.9999999952950063,"S_x,5 (stabilizer mod 5) idx=5 triv",r
aff15_chughtai_m128_seed3,15,5,x,120,863.3694686709271,0.9999999918979405,"S_x,5 (stabilizer mod 5) idx=5 triv",r
aff15_chughtai_m128_seed3,15,5,x,121,533.1319014847365,0.999999979344347,"S_x,5 (stabilizer mod 5) idx=5 triv",r
aff15_chughtai_m128_seed3,15,5,x,123,535.6347045754039,0.9999999846136151,"S_x,5 (stabilizer mod 5) idx=5 triv",r
aff15_chughtai_m128_seed3,15,5,x,125,370.64755925608654,0.9999999919929458,"S_x,5 (stabilizer mod 5) idx=5 triv",r
aff15_chughtai_m128_seed3,15,5,x,126,225.41458455501697,0.9999999820160582,"S_x,5 (stabilizer mod 5) idx=5 triv",r
aff15_chughtai_m128_seed3,15,5,y,0,528.2393559859379,0.9999999917298753,"S_x,5 (stabilizer mod 5) idx=5 triv",l
aff15_chughtai_m128_seed3,15,5,y,1,533.3333476163817,0.9999999940546279,"S_x,5 (stabilizer mod 5) idx=5 triv",l
aff15_chughtai_m128_seed3,15,5,y,4,529.4089754737627,0.9999999958089248,"S_x,5 (stabilizer mod 5) idx=5 triv",l
aff15_chughtai_m128_seed3,15,5,y,5,858.855030198494,0.9999999953806464,"S_x,5 (stabilizer mod 5) idx=5 triv",l
aff15_chughtai_m128_seed3,15,5,y,8,378.57035699158905,0.9999999956378245,"S_x,5 (stabilizer mod 5) idx=5 triv",l
aff15_chughtai_m128_seed3,15,5,y,9,225.94056445419315,0.9999999927866869,"S_x,5 (stabilizer mod 5) idx=5 triv",l
aff15_chughtai_m128_seed3,15,5,y,11,539.6220154071251,0.9999999945026992,"S_x,5 (stabilizer mod 5) idx=5 triv",l
aff15_chughtai_m128_seed3,15,5,y,13,848.5813475523935,0.9999999946377598,"S_x,5 (stabilizer mod 5) idx=5 triv",l
aff15_chughtai_m128_seed3,15,5,y,15,917.9354339778498,0.9999999905762116,"S_x,5 (stabilizer mod 5) idx=5 triv",l
aff15_chughtai_m128_seed3,15,5,y,16,522.4784031957169,0.9999999931370814,"S_x,5 (stabilizer mod 5) idx=5 triv",l
aff15_chughtai_m128_seed3,15,5,y,17,370.88441060406285,0.9999999883755852,"S_x,5 (stabilizer mod 5) idx=5 triv",l
aff15_chughtai_m128_seed3,15,5,y,18,821.8850331502449,0.9999999963822671,"S_x,5 (stabilizer mod 5) idx=5 triv",l
aff15_chughtai_m128_seed3,15,5,y,19,946.8611655985759,0.9999999961054188,"S_x,5 (stabilizer mod 5) idx=5 triv",l
aff15_chughtai_m128_seed3,15,5,y,20,508.44071150722243,0.9999999932460323,"S_x,5 (stabilizer mod 5) idx=5 triv",l
aff15_chughtai_m128_seed3,15,5,y,22,944.2807536177296,0.9999999960410954,"S_x,5 (stabilizer mod 5) idx=5 triv",l
aff15_chughtai_m128_seed3,15,5,y,23,539.5947175880764,0.9999999883516546,"S_x,5 (stabilizer mod 5) idx=5 triv",l
aff15_chughtai_m128_seed3,15,5,y,24,954.2163471872166,0.9999999924840963,"S_x,5 (stabilizer mod 5) idx=5 triv",l
aff15_chughtai_m128_seed3,15,5,y,26,225.77020596615978,0.9999999913270489,"S_x,5 (stabilizer mod 5) idx=5 triv",l
aff15_chughtai_m128_seed3,15,5,y,29,535.951786866134,0.9999999948356282,"S_x,5 (stabilizer mod 5) idx=5 triv",l
aff15_chughtai_m128_seed3,15,5,y,32,528.4722908648046,0.9999999913528471,"S_x,5 (stabilizer mod 5) idx=5 triv",l
aff15_chughtai_m128_seed3,15,5,y,33,534.1625593943372,0.9999999958507195,"S_x,5 (stabilizer mod 5) idx=5 triv",l
aff15_chughtai_m128_seed3,15,5,y,35,550.7287368876514,0.9999999937258286,"S_x,5 (stabilizer mod 5) idx=5 triv",l
aff15_chughtai_m128_seed3,15,5,y,36,522.95963862808,0.999999995534174,"S_x,5 (stabilizer mod 5) idx=5 triv",l
aff15_chughtai_m128_seed3,15,5,y,39,876.9601283494927,0.9999999954615084,"S_x,5 (stabilizer mod 5) idx=5 triv",l
aff15_chughtai_m128_seed3,15,5,y,43,891.2475967297607,0.9999999960860947,"S_x,5 (stabilizer mod 5) idx=5 triv",l
aff15_chughtai_m128_seed3,15,5,y,44,871.3138823873087,0.9999999966022246,"S_x,5 (stabilizer mod 5) idx=5 triv",l
aff15_chughtai_m128_seed3,15,5,y,45,532.4923113517401,0.9999999969156764,"S_x,5 (stabilizer mod 5) idx=5 triv",l
aff15_chughtai_m128_seed3,15,5,y,46,903.8071913624532,0.9999999935633886,"S_x,5 (stabilizer mod 5) idx=5 triv",l
aff15_chughtai_m128_seed3,15,5,y,49,522.7311399545745,0.9999999947717579,"S_x,5 (stabilizer mod 5) idx=5 triv",l
aff15_chughtai_m128_seed3,15,5,y,51,225.30942211505015,0.9999999939401504,"S_x,5 (stabilizer mod 5) idx=5 triv",l
aff15_chughtai_m128_seed3,15,5,y,52,903.9369034261016,0.999999994723097,"S_x,5 (stabilizer mod 5) idx=5 triv",l
aff15_chughtai_m128_seed3,15,5,y,53,533.2625503981833,0.9999999875377187,"S_x,5 (stabilizer mod 5) idx=5 triv",l
aff15_chughtai_m128_seed3,15,5,y,54,949.7137538119969,0.9999999974884303,"S_x,5 (stabilizer mod 5) idx=5 triv",l
aff15_chughtai_m128_seed3,15,5,y,56,974.3344640289565,0.999999992093543,"S_x,5 (stabilizer mod 5) idx=5 triv",l
aff15_chughtai_m128_seed3,15,5,y,57,546.3161332468259,0.9999999898920297,"S_x,5 (stabilizer mod 5) idx=5 triv",l
aff15_chughtai_m128_seed3,15,5,y,59,519.6475866404018,0.9999999943368857,"S_x,5 (stabilizer mod 5) idx=5 triv",l
aff15_chughtai_m128_seed3,15,5,y,60,932.9861950700475,0.9999999961826004,"S_x,5 (stabilizer mod 5) idx=5 triv",l
aff15_chughtai_m128_seed3,15,5,y,61,378.5771596647155,0.9999999954050984,"S_x,5 (stabilizer mod 5) idx=5 triv",l
aff15_chughtai_m128_seed3,15,5,y,62,529.442364698268,0.9999999967139072,"S_x,5 (stabilizer mod 5) idx=5 triv",l
aff15_chughtai_m128_seed3,15,5,y,63,935.3189280265178,0.999999991575629,"S_x,5 (stabilizer mod 5) idx=5 triv",l
aff15_chughtai_m128_seed3,15,5,y,66,910.0322826859584,0.9999999952482829,"S_x,5 (stabilizer mod 5) idx=5 triv",l
aff15_chughtai_m128_seed3,15,5,y,69,540.0825105508169,0.9999999937045884,"S_x,5 (stabilizer mod 5) idx=5 triv",l
aff15_chughtai_m128_seed3,15,5,y,72,961.3837303966416,0.9999999892232115,"S_x,5 (stabilizer mod 5) idx=5 triv",l
aff15_chughtai_m128_seed3,15,5,y,76,868.1039425108715,0.9999999955442331,"S_x,5 (stabilizer mod 5) idx=5 triv",l
aff15_chughtai_m128_seed3,15,5,y,77,542.2043499623301,0.9999999915544122,"S_x,5 (stabilizer mod 5) idx=5 triv",l
aff15_chughtai_m128_seed3,15,5,y,80,225.8596495394483,0.9999999905689513,"S_x,5 (stabilizer mod 5) idx=5 triv",l
aff15_chughtai_m128_seed3,15,5,y,82,540.6165161338565,0.9999999906545511,"S_x,5 (stabilizer mod 5) idx=5 triv",l
aff15_chughtai_m128_seed3,15,5,y,84,534.5605468044463,0.9999999935394702,"S_x,5 (stabilizer mod 5) idx=5 triv",l
aff15_chughtai_m128_seed3,15,5,y,85,893.0286449005264,0.9999999928944345,"S_x,5 (stabilizer mod 5) idx=5 triv",l
aff15_chughtai_m128_seed3,15,5,y,86,495.7261647259077,0.9999999877439644,"S_x,5 (stabilizer mod 5) idx=5 triv",l
aff15_chughtai_m128_seed3,15,5,y,87,371.3692644369857,0.9999999886057794,"S_x,5 (stabilizer mod 5) idx=5 triv",l
aff15_chughtai_m128_seed3,15,5,y,89,942.2991002619448,0.9999999956682446,"S_x,5 (stabilizer mod 5) idx=5 triv",l
aff15_chughtai_m128_seed3,15,5,y,90,860.4227944303929,0.9999999957289735,"S_x,5 (stabilizer mod 5) idx=5 triv",l
aff15_chughtai_m128_seed3,15,5,y,93,948.960473354632,0.999999995130484,"S_x,5 (stabilizer mod 5) idx=5 triv",l
aff15_chughtai_m128_seed3,15,5,y,94,946.0417832821747,0.9999999965168502,"S_x,5 (stabilizer mod 5) idx=5 triv",l
aff15_chughtai_m128_seed3,15,5,y,96,509.4774316670717,0.9999999962481511,"S_x,5 (stabilizer mod 5) idx=5 triv",l
aff15_chughtai_m128_seed3,15,5,y,102,869.7477494026414,0.9999999933529047,"S_x,5 (stabilizer mod 5) idx=5 triv",l
aff15_chughtai_m128_seed3,15,5,y,103,932.3782915704392,0.9999999926414689,"S_x,5 (stabilizer mod 5) idx=5 triv",l
aff15_chughtai_m128_seed3,15,5,y,104,378.94562508185504,0.999999995239717,"S_x,5 (stabilizer mod 5) idx=5 triv",l
aff15_chughtai_m128_seed3,15,5,y,106,494.5034706419031,0.9999999954674338,"S_x,5 (stabilizer mod 5) idx=5 triv",l
aff15_chughtai_m128_seed3,15,5,y,107,518.8761572930188,0.9999999971398151,"S_x,5 (stabilizer mod 5) idx=5 triv",l
aff15_chughtai_m128_seed3,15,5,y,108,545.8367603145156,0.9999999835227675,"S_x,5 (stabilizer mod 5) idx=5 triv",l
aff15_chughtai_m128_seed3,15,5,y,110,854.838480706802,0.9999999929599468,"S_x,5 (stabilizer mod 5) idx=5 triv",l
aff15_chughtai_m128_seed3,15,5,y,111,854.2849446645889,0.9999999883301008,"S_x,5 (stabilizer mod 5) idx=5 triv",l
aff15_chughtai_m128_seed3,15,5,y,113,868.8719420667103,0.9999999963139435,"S_x,5 (stabilizer mod 5) idx=5 triv",l
aff15_chughtai_m128_seed3,15,5,y,114,891.7601897569984,0.9999999946228587,"S_x,5 (stabilizer mod 5) idx=5 triv",l
aff15_chughtai_m128_seed3,15,5,y,115,541.0077434025495,0.9999999941377063,"S_x,5 (stabilizer mod 5) idx=5 triv",l
aff15_chughtai_m128_seed3,15,5,y,116,522.6034737903012,0.999999995997013,"S_x,5 (stabilizer mod 5) idx=5 triv",l
aff15_chughtai_m128_seed3,15,5,y,119,549.9788472614317,0.9999999966122431,"S_x,5 (stabilizer mod 5) idx=5 triv",l
aff15_chughtai_m128_seed3,15,5,y,120,863.321184897237,0.9999999953392555,"S_x,5 (stabilizer mod 5) idx=5 triv",l
aff15_chughtai_m128_seed3,15,5,y,121,533.0809608293375,0.9999999966328279,"S_x,5 (stabilizer mod 5) idx=5 triv",l
aff15_chughtai_m128_seed3,15,5,y,123,535.6088226507095,0.9999999954470299,"S_x,5 (stabilizer mod 5) idx=5 triv",l
aff15_chughtai_m128_seed3,15,5,y,125,370.62179405537637,0.9999999900083006,"S_x,5 (stabilizer mod 5) idx=5 triv",l
aff15_chughtai_m128_seed3,15,5,y,126,225.48044775718813,0.9999999928486942,"S_x,5 (stabilizer mod 5) idx=5 triv",l
aff15_chughtai_m128_seed4,15,5,x,1,481.3517257757556,0.9999999892281024,"S_x,5 (stabilizer mod 5) idx=5 triv",r
aff15_chughtai_m128_seed4,15,5,x,5,1648.105123874966,0.9999999924518933,"S_x,5 (stabilizer mod 5) idx=5 triv",r
aff15_chughtai_m128_seed4,15,5,x,6,370.9082900071282,0.9999999929770813,"S_x,5 (stabilizer mod 5) idx=5 triv",r
aff15_chughtai_m128_seed4,15,5,x,8,332.2827836367701,0.9999999932981166,"S_x,5 (stabilizer mod 5) idx=5 triv",r
aff15_chughtai_m128_seed4,15,5,x,9,1696.5723295841449,0.9999999912655541,"S_x,5 (stabilizer mod 5) idx=5 triv",r
aff15_chughtai_m128_seed4,15,5,x,10,651.5937251583239,0.9999999917051243,"S_x,5 (stabilizer mod 5) idx=5 triv",r
aff15_chughtai_m128_seed4,15,5,x,12,382.37858544115164,0.9999999926958413,"S_x,5 (stabilizer mod 5) idx=5 triv",r
aff15_chughtai_m128_seed4,15,5,x,13,592.1139282637897,0.999999991849383,"S_x,5 (stabilizer mod 5) idx=5 triv",r
aff15_chughtai_m128_seed4,15,5,x,14,578.7602924521041,0.9999999899714753,"S_x,5 (stabilizer mod 5) idx=5 triv",r
aff15_chughtai_m128_seed4,15,5,x,17,458.50111646249337,0.9999999928875747,"S_x,5 (stabilizer mod 5) idx=5 triv",r
aff15_chughtai_m128_seed4,15,5,x,18,411.53691735925037,0.999999992238608,"S_x,5 (stabilizer mod 5) idx=5 triv",r
aff15_chughtai_m128_seed4,15,5,x,20,291.7599313045489,0.9999999931131004,"S_x,5 (stabilizer mod 5) idx=5 triv",r
aff15_chughtai_m128_seed4,15,5,x,24,782.4003421355918,0.9999999935862676,"S_x,5 (stabilizer mod 5) idx=5 triv",r
aff15_chughtai_m128_seed4,15,5,x,25,591.6991236673933,0.9999999928011473,"S_x,5 (stabilizer mod 5) idx=5 triv",r
aff15_chughtai_m128_seed4,15,5,x,26,53.01861708120138,0.9999999315908782,other |H|=12 units=4 transl=5Z idx=10 triv,r
aff15_chughtai_m128_seed4,15,5,x,27,332.3952842719102,0.9999999932027996,"S_x,5 (stabilizer mod 5) idx=5 triv",r
aff15_chughtai_m128_seed4,15,5,x,28,292.1392139751681,0.9999999940975164,"S_x,5 (stabilizer mod 5) idx=5 triv",r
aff15_chughtai_m128_seed4,15,5,x,29,1433.8600475454737,0.9999999919106591,"S_x,5 (stabilizer mod 5) idx=5 triv",r
aff15_chughtai_m128_seed4,15,5,x,30,435.0352000101736,0.9999999920954619,"S_x,5 (stabilizer mod 5) idx=5 triv",r
aff15_chughtai_m128_seed4,15,5,x,34,1714.476444582386,0.9999999921562568,"S_x,5 (stabilizer mod 5) idx=5 triv",r
aff15_chughtai_m128_seed4,15,5,x,36,780.8791837286852,0.9999999936548079,"S_x,5 (stabilizer mod 5) idx=5 triv",r
aff15_chughtai_m128_seed4,15,5,x,37,760.7571010718042,0.9999999943985202,"S_x,5 (stabilizer mod 5) idx=5 triv",r
aff15_chughtai_m128_seed4,15,5,x,38,783.2033335424605,0.9999999942801381,"S_x,5 (stabilizer mod 5) idx=5 triv",r
aff15_chughtai_m128_seed4,15,5,x,40,458.09910724168793,0.9999999926483734,"S_x,5 (stabilizer mod 5) idx=5 triv",r
aff15_chughtai_m128_seed4,15,5,x,43,720.8471275270095,0.9999999950776214,"S_x,5 (stabilizer mod 5) idx=5 triv",r
aff15_chughtai_m128_seed4,15,5,x,46,1680.139266634295,0.9999999938142383,"S_x,5 (stabilizer mod 5) idx=5 triv",r
aff15_chughtai_m128_seed4,15,5,x,47,292.16345551061556,0.9999999928515417,"S_x,5 (stabilizer mod 5) idx=5 triv",r
aff15_chughtai_m128_seed4,15,5,x,48,410.797408427879,0.9999999921907654,"S_x,5 (stabilizer mod 5) idx=5 triv",r
aff15_chughtai_m128_seed4,15,5,x,50,774.987959860824,0.9999999937488947,"S_x,5 (stabilizer mod 5) idx=5 triv",r
aff15_chughtai_m128_seed4,15,5,x,51,1723.7405339761738,0.9999999952604742,"S_x,5 (stabilizer mod 5) idx=5 triv",r
aff15_chughtai_m128_seed4,15,5,x,52,136.60004263885887,0.9999998702444557,other |H|=12 units=4 transl=5Z idx=10 triv,r
aff15_chughtai_m128_seed4,15,5,x,53,777.9081855956924,0.999999993578088,"S_x,5 (stabilizer mod 5) idx=5 triv",r
aff15_chughtai_m128_seed4,15,5,x,56,717.6625572926829,0.999999993131929,"S_x,5 (stabilizer mod 5) idx=5 triv",r
aff15_chughtai_m128_seed4,15,5,x,57,605.0066904710278,0.9999999930968569,"S_x,5 (stabilizer mod 5) idx=5 triv",r
aff15_chughtai_m128_seed4,15,5,x,59,1449.995148775108,0.9999999926458762,"S_x,5 (stabilizer mod 5) idx=5 triv",r
aff15_chughtai_m128_seed4,15,5,x,60,627.8969279883114,0.9999999931832606,"S_x,5 (stabilizer mod 5) idx=5 triv",r
aff15_chughtai_m128_seed4,15,5,x,61,591.8011232638111,0.9999999933635759,"S_x,5 (stabilizer mod 5) idx=5 triv",r
aff15_chughtai_m128_seed4,15,5,x,63,411.7127286575449,0.9999999919472798,"S_x,5 (stabilizer mod 5) idx=5 triv",r
aff15_chughtai_m128_seed4,15,5,x,64,458.57385645209666,0.9999999937173267,"S_x,5 (stabilizer mod 5) idx=5 triv",r
aff15_chughtai_m128_seed4,15,5,x,67,331.9065332655929,0.9999999914055927,"S_x,5 (stabilizer mod 5) idx=5 triv",r
aff15_chughtai_m128_seed4,15,5,x,68,434.376355728118,0.9999999913532389,"S_x,5 (stabilizer mod 5) idx=5 triv",r
aff15_chughtai_m128_seed4,15,5,x,69,580.0061055942009,0.9999999932109448,"S_x,5 (stabilizer mod 5) idx=5 triv",r
aff15_chughtai_m128_seed4,15,5,x,72,411.33281475061534,0.999999990151122,"S_x,5 (stabilizer mod 5) idx=5 triv",r
aff15_chughtai_m128_seed4,15,5,x,73,412.04565786515803,0.9999999924548794,"S_x,5 (stabilizer mod 5) idx=5 triv",r
aff15_chughtai_m128_seed4,15,5,x,74,411.59615951678927,0.9999999910077685,"S_x,5 (stabilizer mod 5) idx=5 triv",r
aff15_chughtai_m128_seed4,15,5,x,75,580.1284631573744,0.9999999916950986,"S_x,5 (stabilizer mod 5) idx=5 triv",r
aff15_chughtai_m128_seed4,15,5,x,76,763.4491177594689,0.9999999922081988,"S_x,5 (stabilizer mod 5) idx=5 triv",r
aff15_chughtai_m128_seed4,15,5,x,77,412.6219509797015,0.9999999903942004,"S_x,5 (stabilizer mod 5) idx=5 triv",r
aff15_chughtai_m128_seed4,15,5,x,80,650.5430176492312,0.9999999919576984,"S_x,5 (stabilizer mod 5) idx=5 triv",r
aff15_chughtai_m128_seed4,15,5,x,81,689.4355418447727,0.9999999946530407,"S_x,5 (stabilizer mod 5) idx=5 triv",r
aff15_chughtai_m128_seed4,15,5,x,82,369.64755582288,0.9999999925075331,"S_x,5 (stabilizer mod 5) idx=5 triv",r
aff15_chughtai_m128_seed4,15,5,x,84,545.9120313789597,0.9999999908850312,"S_x,5 (stabilizer mod 5) idx=5 triv",r
aff15_chughtai_m128_seed4,15,5,x,88,777.8514132160388,0.9999999919977682,"S_x,5 (stabilizer mod 5) idx=5 triv",r
aff15_chughtai_m128_seed4,15,5,x,92,1428.016330475506,0.9999999913217968,"S_x,5 (stabilizer mod 5) idx=5 triv",r
aff15_chughtai_m128_seed4,15,5,x,93,787.7283942910968,0.9999999922054295,"S_x,5 (stabilizer mod 5) idx=5 triv",r
aff15_chughtai_m128_seed4,15,5,x,94,1389.4028893274135,0.9999999937179174,"S_x,5 (stabilizer mod 5) idx=5 triv",r
aff15_chughtai_m128_seed4,15,5,x,95,60.155160289820955,0.9999999401446573,other |H|=12 units=4 transl=5Z idx=10 triv,r
aff15_chughtai_m128_seed4,15,5,x,96,779.7394544276586,0.999999994039745,"S_x,5 (stabilizer mod 5) idx=5 triv",r
aff15_chughtai_m128_seed4,15,5,x,97,788.0939618434255,0.9999999940821637,"S_x,5 (stabilizer mod 5) idx=5 triv",r
aff15_chughtai_m128_seed4,15,5,x,99,688.46500330491,0.9999999906357648,"S_x,5 (stabilizer mod 5) idx=5 triv",r
aff15_chughtai_m128_seed4,15,5,x,100,1408.596516915367,0.9999999932291163,"S_x,5 (stabilizer mod 5) idx=5 triv",r
aff15_chughtai_m128_seed4,15,5,x,101,762.7426987600218,0.9999999930300767,"S_x,5 (stabilizer mod 5) idx=5 triv",r
aff15_chughtai_m128_seed4,15,5,x,102,590.8127387379055,0.9999999905913544,"S_x,5 (stabilizer mod 5) idx=5 triv",r
aff15_chughtai_m128_seed4,15,5,x,104,603.8393847620054,0.99999999262507,"S_x,5 (stabilizer mod 5) idx=5 triv",r
aff15_chughtai_m128_seed4,15,5,x,105,382.2525751206479,0.9999999907010321,"S_x,5 (stabilizer mod 5) idx=5 triv",r
aff15_chughtai_m128_seed4,15,5,x,107,148.1598523336729,0.9999998903832564,other |H|=12 units=4 transl=5Z idx=10 triv,r
aff15_chughtai_m128_seed4,15,5,x,108,544.1127111908933,0.9999999913963297,"S_x,5 (stabilizer mod 5) idx=5 triv",r
aff15_chughtai_m128_seed4,15,5,x,110,634.277165254018,0.9999999945621929,"S_x,5 (stabilizer mod 5) idx=5 triv",r
aff15_chughtai_m128_seed4,15,5,x,112,624.2427783210853,0.9999999951824752,"S_x,5 (stabilizer mod 5) idx=5 triv",r
aff15_chughtai_m128_seed4,15,5,x,113,604.616624113108,0.9999999946500656,"S_x,5 (stabilizer mod 5) idx=5 triv",r
aff15_chughtai_m128_seed4,15,5,x,114,332.61844442473284,0.9999999915303517,"S_x,5 (stabilizer mod 5) idx=5 triv",r
aff15_chughtai_m128_seed4,15,5,x,115,458.12343400873056,0.9999999924108933,"S_x,5 (stabilizer mod 5) idx=5 triv",r
aff15_chughtai_m128_seed4,15,5,x,120,332.77744539797504,0.9999999924625514,"S_x,5 (stabilizer mod 5) idx=5 triv",r
aff15_chughtai_m128_seed4,15,5,x,121,1470.2024405173458,0.999999990255162,"S_x,5 (stabilizer mod 5) idx=5 triv",r
aff15_chughtai_m128_seed4,15,5,x,122,778.7228009211001,0.9999999924518215,"S_x,5 (stabilizer mod 5) idx=5 triv",r
aff15_chughtai_m128_seed4,15,5,x,124,642.5659882610549,0.9999999925375326,"S_x,5 (stabilizer mod 5) idx=5 triv",r
aff15_chughtai_m128_seed4,15,5,x,125,411.7225496343254,0.9999999939451366,"S_x,5 (stabilizer mod 5) idx=5 triv",r
aff15_chughtai_m128_seed4,15,5,x,126,545.0499587729289,0.9999999907736385,"S_x,5 (stabilizer mod 5) idx=5 triv",r
aff15_chughtai_m128_seed4,15,5,y,1,481.1952599555399,0.999999990645387,"S_x,5 (stabilizer mod 5) idx=5 triv",l
aff15_chughtai_m128_seed4,15,5,y,5,1647.7146921262513,0.9999999955085014,"S_x,5 (stabilizer mod 5) idx=5 triv",l
aff15_chughtai_m128_seed4,15,5,y,6,370.8474819030481,0.9999999938272858,"S_x,5 (stabilizer mod 5) idx=5 triv",l
aff15_chughtai_m128_seed4,15,5,y,8,332.20531534710364,0.9999999943265002,"S_x,5 (stabilizer mod 5) idx=5 triv",l
aff15_chughtai_m128_seed4,15,5,y,9,1696.1000194291812,0.9999999925311299,"S_x,5 (stabilizer mod 5) idx=5 triv",l
aff15_chughtai_m128_seed4,15,5,y,10,651.4777004562175,0.9999999947893937,"S_x,5 (stabilizer mod 5) idx=5 triv",l
aff15_chughtai_m128_seed4,15,5,y,12,382.2981712986644,0.9999999927251082,"S_x,5 (stabilizer mod 5) idx=5 triv",l
aff15_chughtai_m128_seed4,15,5,y,13,592.0925458873442,0.9999999917840324,"S_x,5 (stabilizer mod 5) idx=5 triv",l
aff15_chughtai_m128_seed4,15,5,y,14,578.6425323753969,0.9999999903298329,"S_x,5 (stabilizer mod 5) idx=5 triv",l
aff15_chughtai_m128_seed4,15,5,y,17,458.4623482352046,0.9999999934407507,"S_x,5 (stabilizer mod 5) idx=5 triv",l
aff15_chughtai_m128_seed4,15,5,y,18,411.5812749296164,0.9999999910542476,"S_x,5 (stabilizer mod 5) idx=5 triv",l
aff15_chughtai_m128_seed4,15,5,y,20,291.77594982570395,0.9999999923076106,"S_x,5 (stabilizer mod 5) idx=5 triv",l
aff15_chughtai_m128_seed4,15,5,y,24,782.2026697092848,0.999999993440492,"S_x,5 (stabilizer mod 5) idx=5 triv",l
aff15_chughtai_m128_seed4,15,5,y,25,591.5179351484192,0.9999999916011035,"S_x,5 (stabilizer mod 5) idx=5 triv",l
aff15_chughtai_m128_seed4,15,5,y,26,53.01271751201972,0.9999999595332622,other |H|=12 units=4 transl=5Z idx=10 triv,l
aff15_chughtai_m128_seed4,15,5,y,27,332.3281839939424,0.9999999951076181,"S_x,5 (stabilizer mod 5) idx=5 triv",l
aff15_chughtai_m128_seed4,15,5,y,28,292.01543736077093,0.9999999931275982,"S_x,5 (stabilizer mod 5) idx=5 triv",l
aff15_chughtai_m128_seed4,15,5,y,29,1433.5924334153335,0.9999999912280427,"S_x,5 (stabilizer mod 5) idx=5 triv",l
aff15_chughtai_m128_seed4,15,5,y,30,434.85329788272236,0.9999999940372166,"S_x,5 (stabilizer mod 5) idx=5 triv",l
aff15_chughtai_m128_seed4,15,5,y,34,1714.0871348973042,0.9999999945998469,"S_x,5 (stabilizer mod 5) idx=5 triv",l
aff15_chughtai_m128_seed4,15,5,y,36,780.7875922637809,0.9999999945197984,"S_x,5 (stabilizer mod 5) idx=5 triv",l
aff15_chughtai_m128_seed4,15,5,y,37,760.6615381998596,0.9999999946462161,"S_x,5 (stabilizer mod 5) idx=5 triv",l
aff15_chughtai_m128_seed4,15,5,y,38,782.9366028772167,0.9999999940633311,"S_x,5 (stabilizer mod 5) idx=5 triv",l
aff15_chughtai_m128_seed4,15,5,y,40,458.01534629289284,0.9999999928708969,"S_x,5 (stabilizer mod 5) idx=5 triv",l
aff15_chughtai_m128_seed4,15,5,y,43,720.7488402514299,0.9999999922966816,"S_x,5 (stabilizer mod 5) idx=5 triv",l
aff15_chughtai_m128_seed4,15,5,y,46,1679.5834678733813,0.9999999939686556,"S_x,5 (stabilizer mod 5) idx=5 triv",l
aff15_chughtai_m128_seed4,15,5,y,47,292.1334142741626,0.9999999935444636,"S_x,5 (stabilizer mod 5) idx=5 triv",l
aff15_chughtai_m128_seed4,15,5,y,48,410.73407437495996,0.9999999940824529,"S_x,5 (stabilizer mod 5) idx=5 triv",l
aff15_chughtai_m128_seed4,15,5,y,50,774.8273031650845,0.9999999951899163,"S_x,5 (stabilizer mod 5) idx=5 triv",l
aff15_chughtai_m128_seed4,15,5,y,51,1723.4083324977341,0.999999995033282,"S_x,5 (stabilizer mod 5) idx=5 triv",l
aff15_chughtai_m128_seed4,15,5,y,52,136.58862122634787,0.9999999295747862,other |H|=12 units=4 transl=5Z idx=10 triv,l
aff15_chughtai_m128_seed4,15,5,y,53,777.6652593507414,0.9999999956219973,"S_x,5 (stabilizer mod 5) idx=5 triv",l
aff15_chughtai_m128_seed4,15,5,y,56,717.6191945796186,0.9999999953087026,"S_x,5 (stabilizer mod 5) idx=5 triv",l
aff15_chughtai_m128_seed4,15,5,y,57,604.8770183439863,0.99999999154776,"S_x,5 (stabilizer mod 5) idx=5 triv",l
aff15_chughtai_m128_seed4,15,5,y,59,1449.8583739516143,0.9999999936729411,"S_x,5 (stabilizer mod 5) idx=5 triv",l
aff15_chughtai_m128_seed4,15,5,y,60,627.8416370690857,0.9999999932508575,"S_x,5 (stabilizer mod 5) idx=5 triv",l
aff15_chughtai_m128_seed4,15,5,y,61,591.6534553587877,0.9999999917104041,"S_x,5 (stabilizer mod 5) idx=5 triv",l
aff15_chughtai_m128_seed4,15,5,y,63,411.657835336998,0.999999992408247,"S_x,5 (stabilizer mod 5) idx=5 triv",l
aff15_chughtai_m128_seed4,15,5,y,64,458.49374799865706,0.9999999939694731,"S_x,5 (stabilizer mod 5) idx=5 triv",l
aff15_chughtai_m128_seed4,15,5,y,67,331.9142460487421,0.9999999935700109,"S_x,5 (stabilizer mod 5) idx=5 triv",l
aff15_chughtai_m128_seed4,15,5,y,68,434.3562608310062,0.999999993339033,"S_x,5 (stabilizer mod 5) idx=5 triv",l
aff15_chughtai_m128_seed4,15,5,y,69,579.8293759122618,0.9999999908180343,"S_x,5 (stabilizer mod 5) idx=5 triv",l
aff15_chughtai_m128_seed4,15,5,y,72,411.2471087824904,0.9999999927380998,"S_x,5 (stabilizer mod 5) idx=5 triv",l
aff15_chughtai_m128_seed4,15,5,y,73,411.8653038653208,0.9999999920850314,"S_x,5 (stabilizer mod 5) idx=5 triv",l
aff15_chughtai_m128_seed4,15,5,y,74,411.63736211263205,0.9999999917614932,"S_x,5 (stabilizer mod 5) idx=5 triv",l
aff15_chughtai_m128_seed4,15,5,y,75,580.1597153306446,0.9999999918270819,"S_x,5 (stabilizer mod 5) idx=5 triv",l
aff15_chughtai_m128_seed4,15,5,y,76,763.2681134892174,0.9999999932999071,"S_x,5 (stabilizer mod 5) idx=5 triv",l
aff15_chughtai_m128_seed4,15,5,y,77,412.49884767416165,0.999999993338627,"S_x,5 (stabilizer mod 5) idx=5 triv",l
aff15_chughtai_m128_seed4,15,5,y,80,650.4868007933667,0.9999999944674759,"S_x,5 (stabilizer mod 5) idx=5 triv",l
aff15_chughtai_m128_seed4,15,5,y,81,689.5243516107179,0.9999999925578771,"S_x,5 (stabilizer mod 5) idx=5 triv",l
aff15_chughtai_m128_seed4,15,5,y,82,369.595163219266,0.9999999946438817,"S_x,5 (stabilizer mod 5) idx=5 triv",l
aff15_chughtai_m128_seed4,15,5,y,84,545.9956981556746,0.9999999934506031,"S_x,5 (stabilizer mod 5) idx=5 triv",l
aff15_chughtai_m128_seed4,15,5,y,88,777.7425936725383,0.9999999934978657,"S_x,5 (stabilizer mod 5) idx=5 triv",l
aff15_chughtai_m128_seed4,15,5,y,92,1427.8157807392574,0.9999999943456701,"S_x,5 (stabilizer mod 5) idx=5 triv",l
aff15_chughtai_m128_seed4,15,5,y,93,787.6133031782643,0.9999999928954117,"S_x,5 (stabilizer mod 5) idx=5 triv",l
aff15_chughtai_m128_seed4,15,5,y,94,1389.0979720437292,0.9999999939040171,"S_x,5 (stabilizer mod 5) idx=5 triv",l
aff15_chughtai_m128_seed4,15,5,y,95,60.14841368277431,0.9999999529417055,other |H|=12 units=4 transl=5Z idx=10 triv,l
aff15_chughtai_m128_seed4,15,5,y,96,779.8432005652775,0.9999999946508878,"S_x,5 (stabilizer mod 5) idx=5 triv",l
aff15_chughtai_m128_seed4,15,5,y,97,788.0508278736971,0.9999999936007561,"S_x,5 (stabilizer mod 5) idx=5 triv",l
aff15_chughtai_m128_seed4,15,5,y,99,688.4355727865167,0.9999999931990676,"S_x,5 (stabilizer mod 5) idx=5 triv",l
aff15_chughtai_m128_seed4,15,5,y,100,1408.3344594069285,0.99999999378642,"S_x,5 (stabilizer mod 5) idx=5 triv",l
aff15_chughtai_m128_seed4,15,5,y,101,762.4834519221615,0.9999999926233923,"S_x,5 (stabilizer mod 5) idx=5 triv",l
aff15_chughtai_m128_seed4,15,5,y,102,590.704350321834,0.9999999946678183,"S_x,5 (stabilizer mod 5) idx=5 triv",l
aff15_chughtai_m128_seed4,15,5,y,104,603.6304261236215,0.9999999927319764,"S_x,5 (stabilizer mod 5) idx=5 triv",l
aff15_chughtai_m128_seed4,15,5,y,105,382.27467517147556,0.9999999919289717,"S_x,5 (stabilizer mod 5) idx=5 triv",l
aff15_chughtai_m128_seed4,15,5,y,107,148.1210200561312,0.9999998413828094,other |H|=12 units=4 transl=5Z idx=10 triv,l
aff15_chughtai_m128_seed4,15,5,y,108,543.9645084463574,0.9999999935369658,"S_x,5 (stabilizer mod 5) idx=5 triv",l
aff15_chughtai_m128_seed4,15,5,y,110,634.1253503355512,0.9999999941329704,"S_x,5 (stabilizer mod 5) idx=5 triv",l
aff15_chughtai_m128_seed4,15,5,y,112,624.1020926135752,0.999999992287297,"S_x,5 (stabilizer mod 5) idx=5 triv",l
aff15_chughtai_m128_seed4,15,5,y,113,604.4974586319314,0.9999999912221038,"S_x,5 (stabilizer mod 5) idx=5 triv",l
aff15_chughtai_m128_seed4,15,5,y,114,332.57052862939577,0.9999999950970666,"S_x,5 (stabilizer mod 5) idx=5 triv",l
aff15_chughtai_m128_seed4,15,5,y,115,458.03463829584814,0.9999999939248652,"S_x,5 (stabilizer mod 5) idx=5 triv",l
aff15_chughtai_m128_seed4,15,5,y,120,332.778599932966,0.9999999942824815,"S_x,5 (stabilizer mod 5) idx=5 triv",l
aff15_chughtai_m128_seed4,15,5,y,121,1470.0720652825735,0.9999999942333349,"S_x,5 (stabilizer mod 5) idx=5 triv",l
aff15_chughtai_m128_seed4,15,5,y,122,778.5686791703312,0.9999999949276983,"S_x,5 (stabilizer mod 5) idx=5 triv",l
aff15_chughtai_m128_seed4,15,5,y,124,642.4700031449202,0.9999999937762312,"S_x,5 (stabilizer mod 5) idx=5 triv",l
aff15_chughtai_m128_seed4,15,5,y,125,411.64012530536456,0.9999999929783808,"S_x,5 (stabilizer mod 5) idx=5 triv",l
aff15_chughtai_m128_seed4,15,5,y,126,544.9119602382317,0.9999999931625131,"S_x,5 (stabilizer mod 5) idx=5 triv",l
aff15_chughtai_m128_seed5,15,5,x,0,1949.2619384358427,0.9999997549281062,"S_x,5 (stabilizer mod 5) idx=5 triv",r
aff15_chughtai_m128_seed5,15,5,x,2,731.6131043806885,0.9999999478281368,"S_x,5 (stabilizer mod 5) idx=5 triv",r
aff15_chughtai_m128_seed5,15,5,x,7,1921.760133807793,0.9999998490742236,"S_x,5 (stabilizer mod 5) idx=5 triv",r
aff15_chughtai_m128_seed5,15,5,x,23,1985.946084345075,0.9999998434694028,"S_x,5 (stabilizer mod 5) idx=5 triv",r
aff15_chughtai_m128_seed5,15,5,x,28,1927.9188804346875,0.9999999269797358,"S_x,5 (stabilizer mod 5) idx=5 triv",r
aff15_chughtai_m128_seed5,15,5,x,31,1970.5127786396654,0.9999998967668481,"S_x,5 (stabilizer mod 5) idx=5 triv",r
aff15_chughtai_m128_seed5,15,5,x,36,1938.5898525061414,0.9999997212119163,"S_x,5 (stabilizer mod 5) idx=5 triv",r
aff15_chughtai_m128_seed5,15,5,x,37,1078.9762520065224,0.9999999387353152,"S_x,5 (stabilizer mod 5) idx=5 triv",r
aff15_chughtai_m128_seed5,15,5,x,40,1036.1154550221354,0.9999997527614198,"S_x,5 (stabilizer mod 5) idx=5 triv",r
aff15_chughtai_m128_seed5,15,5,x,41,1996.7164307347414,0.9999999065049764,"S_x,5 (stabilizer mod 5) idx=5 triv",r
aff15_chughtai_m128_seed5,15,5,x,42,708.3175267266578,0.9999998936608145,"S_x,5 (stabilizer mod 5) idx=5 triv",r
aff15_chughtai_m128_seed5,15,5,x,43,731.88405373301,0.9999999482030724,"S_x,5 (stabilizer mod 5) idx=5 triv",r
aff15_chughtai_m128_seed5,15,5,x,45,1973.1860868342085,0.9999998342870081,"S_x,5 (stabilizer mod 5) idx=5 triv",r
aff15_chughtai_m128_seed5,15,5,x,53,1078.777541947536,0.999999939236999,"S_x,5 (stabilizer mod 5) idx=5 triv",r
aff15_chughtai_m128_seed5,15,5,x,54,731.9359973400906,0.9999999472601456,"S_x,5 (stabilizer mod 5) idx=5 triv",r
aff15_chughtai_m128_seed5,15,5,x,55,1089.4333445211832,0.9999999015311877,"S_x,5 (stabilizer mod 5) idx=5 triv",r
aff15_chughtai_m128_seed5,15,5,x,60,1926.408012494412,0.999999927164887,"S_x,5 (stabilizer mod 5) idx=5 triv",r
aff15_chughtai_m128_seed5,15,5,x,64,1045.916549601152,0.9999998714735623,"S_x,5 (stabilizer mod 5) idx=5 triv",r
aff15_chughtai_m128_seed5,15,5,x,75,706.5284593298421,0.9999998908061648,"S_x,5 (stabilizer mod 5) idx=5 triv",r
aff15_chughtai_m128_seed5,15,5,x,84,1046.1275357244135,0.9999998665992359,"S_x,5 (stabilizer mod 5) idx=5 triv",r
aff15_chughtai_m128_seed5,15,5,x,96,1944.281268830062,0.9999998620618312,"S_x,5 (stabilizer mod 5) idx=5 triv",r
aff15_chughtai_m128_seed5,15,5,x,99,1088.9894392053575,0.99999990380954,"S_x,5 (stabilizer mod 5) idx=5 triv",r
aff15_chughtai_m128_seed5,15,5,x,105,1965.1442762519994,0.9999998830335745,"S_x,5 (stabilizer mod 5) idx=5 triv",r
aff15_chughtai_m128_seed5,15,5,x,107,1980.6376955452035,0.9999999291593409,"S_x,5 (stabilizer mod 5) idx=5 triv",r
aff15_chughtai_m128_seed5,15,5,x,111,1037.35403107075,0.9999997447104947,"S_x,5 (stabilizer mod 5) idx=5 triv",r
aff15_chughtai_m128_seed5,15,5,x,117,1964.1443023078325,0.9999998782160917,"S_x,5 (stabilizer mod 5) idx=5 triv",r
aff15_chughtai_m128_seed5,15,5,x,122,1074.328131277318,0.999999855444149,"S_x,5 (stabilizer mod 5) idx=5 triv",r
aff15_chughtai_m128_seed5,15,5,x,124,1075.0208414064198,0.9999998517817124,"S_x,5 (stabilizer mod 5) idx=5 triv",r
aff15_chughtai_m128_seed5,15,5,x,127,707.6547887678014,0.9999998888805023,"S_x,5 (stabilizer mod 5) idx=5 triv",r
aff15_chughtai_m128_seed5,15,5,y,0,1949.7295888893127,0.9999997017874357,"S_x,5 (stabilizer mod 5) idx=5 triv",l
aff15_chughtai_m128_seed5,15,5,y,2,731.6197782194668,0.9999997862736868,"S_x,5 (stabilizer mod 5) idx=5 triv",l
aff15_chughtai_m128_seed5,15,5,y,7,1921.9278848193105,0.9999997249374493,"S_x,5 (stabilizer mod 5) idx=5 triv",l
aff15_chughtai_m128_seed5,15,5,y,23,1986.1899882633072,0.9999997516943743,"S_x,5 (stabilizer mod 5) idx=5 triv",l
aff15_chughtai_m128_seed5,15,5,y,28,1928.0384978024508,0.9999997410367529,"S_x,5 (stabilizer mod 5) idx=5 triv",l
aff15_chughtai_m128_seed5,15,5,y,31,1970.6435431585896,0.9999997733646135,"S_x,5 (stabilizer mod 5) idx=5 triv",l
aff15_chughtai_m128_seed5,15,5,y,36,1938.5931770971501,0.9999997674363963,"S_x,5 (stabilizer mod 5) idx=5 triv",l
aff15_chughtai_m128_seed5,15,5,y,37,1079.1279261089933,0.9999997558926501,"S_x,5 (stabilizer mod 5) idx=5 triv",l
aff15_chughtai_m128_seed5,15,5,y,40,1036.2491181451767,0.9999997126251733,"S_x,5 (stabilizer mod 5) idx=5 triv",l
aff15_chughtai_m128_seed5,15,5,y,41,1996.5492372351705,0.9999997699369609,"S_x,5 (stabilizer mod 5) idx=5 triv",l
aff15_chughtai_m128_seed5,15,5,y,42,708.4731122618576,0.9999997781732108,"S_x,5 (stabilizer mod 5) idx=5 triv",l
aff15_chughtai_m128_seed5,15,5,y,43,731.8683594043092,0.9999997857535943,"S_x,5 (stabilizer mod 5) idx=5 triv",l
aff15_chughtai_m128_seed5,15,5,y,45,1973.1860303435792,0.9999998128274172,"S_x,5 (stabilizer mod 5) idx=5 triv",l
aff15_chughtai_m128_seed5,15,5,y,53,1078.9277425510945,0.9999997560044449,"S_x,5 (stabilizer mod 5) idx=5 triv",l
aff15_chughtai_m128_seed5,15,5,y,54,731.9324559982815,0.9999997843044875,"S_x,5 (stabilizer mod 5) idx=5 triv",l
aff15_chughtai_m128_seed5,15,5,y,55,1089.4761835265856,0.9999996386137754,"S_x,5 (stabilizer mod 5) idx=5 triv",l
aff15_chughtai_m128_seed5,15,5,y,60,1926.7489809655503,0.9999997569492456,"S_x,5 (stabilizer mod 5) idx=5 triv",l
aff15_chughtai_m128_seed5,15,5,y,64,1045.950988987272,0.999999797466112,"S_x,5 (stabilizer mod 5) idx=5 triv",l
aff15_chughtai_m128_seed5,15,5,y,75,706.6016429656379,0.9999997825510875,"S_x,5 (stabilizer mod 5) idx=5 triv",l
aff15_chughtai_m128_seed5,15,5,y,84,1046.2621125424714,0.999999799980986,"S_x,5 (stabilizer mod 5) idx=5 triv",l
aff15_chughtai_m128_seed5,15,5,y,96,1944.67342282762,0.9999996650303303,"S_x,5 (stabilizer mod 5) idx=5 triv",l
aff15_chughtai_m128_seed5,15,5,y,99,1089.009750478899,0.9999996360414861,"S_x,5 (stabilizer mod 5) idx=5 triv",l
aff15_chughtai_m128_seed5,15,5,y,105,1965.470579917504,0.9999997081953594,"S_x,5 (stabilizer mod 5) idx=5 triv",l
aff15_chughtai_m128_seed5,15,5,y,107,1980.6906249275364,0.999999776178505,"S_x,5 (stabilizer mod 5) idx=5 triv",l
aff15_chughtai_m128_seed5,15,5,y,111,1037.3347943098684,0.9999997143498823,"S_x,5 (stabilizer mod 5) idx=5 triv",l
aff15_chughtai_m128_seed5,15,5,y,117,1964.2663871945545,0.9999997933549997,"S_x,5 (stabilizer mod 5) idx=5 triv",l
aff15_chughtai_m128_seed5,15,5,y,122,1074.3662231338665,0.9999996538423969,"S_x,5 (stabilizer mod 5) idx=5 triv",l
aff15_chughtai_m128_seed5,15,5,y,124,1075.1512176790955,0.9999996560495295,"S_x,5 (stabilizer mod 5) idx=5 triv",l
aff15_chughtai_m128_seed5,15,5,y,127,707.7196302899428,0.9999997831120251,"S_x,5 (stabilizer mod 5) idx=5 triv",l
aff15_chughtai_m128_seed5,15,5β,x,1,184.48971418230394,0.9993527610510253,other |H|=12 units=4 transl=5Z idx=10 char,r
aff15_chughtai_m128_seed5,15,5β,x,3,389.3491418322398,0.9991396996667667,other |H|=12 units=4 transl=5Z idx=10 char,r
aff15_chughtai_m128_seed5,15,5β,x,4,200.75423005582869,0.9990686110982211,other |H|=12 units=4 transl=5Z idx=10 char,r
aff15_chughtai_m128_seed5,15,5β,x,8,380.2980387428724,0.9996981749605778,other |H|=12 units=4 transl=5Z idx=10 char,r
aff15_chughtai_m128_seed5,15,5β,x,9,227.4552524668306,0.9993635554155669,other |H|=12 units=4 transl=5Z idx=10 char,r
aff15_chughtai_m128_seed5,15,5β,x,10,238.09463648258745,0.998430302032996,other |H|=12 units=4 transl=5Z idx=10 char,r
aff15_chughtai_m128_seed5,15,5β,x,11,348.1090186842605,0.9993087680860921,other |H|=12 units=4 transl=5Z idx=10 char,r
aff15_chughtai_m128_seed5,15,5β,x,14,491.944338525814,0.9994949623047734,other |H|=12 units=4 transl=5Z idx=10 char,r
aff15_chughtai_m128_seed5,15,5β,x,16,417.8747594919202,0.9995847382398046,other |H|=12 units=4 transl=5Z idx=10 char,r
aff15_chughtai_m128_seed5,15,5β,x,17,468.38415639420066,0.9991089516666112,other |H|=12 units=4 transl=5Z idx=10 char,r
aff15_chughtai_m128_seed5,15,5β,x,18,293.50045791079935,0.999629801995533,M_x (point stabilizer) idx=15 char,r
aff15_chughtai_m128_seed5,15,5β,x,20,338.6349455685305,0.9996804739650949,other |H|=12 units=4 transl=5Z idx=10 char,r
aff15_chughtai_m128_seed5,15,5β,x,22,208.93378302774263,0.9955218828743733,other |H|=12 units=4 transl=5Z idx=10 char,r
aff15_chughtai_m128_seed5,15,5β,x,30,417.9155601769561,0.9992602482001413,other |H|=12 units=4 transl=5Z idx=10 char,r
aff15_chughtai_m128_seed5,15,5β,x,38,476.68962631373455,0.9994204267134861,other |H|=12 units=4 transl=5Z idx=10 char,r
aff15_chughtai_m128_seed5,15,5β,x,39,230.60345133754853,0.9990055446556549,other |H|=12 units=4 transl=5Z idx=10 char,r
aff15_chughtai_m128_seed5,15,5β,x,46,469.75064338820255,0.9996631982770137,other |H|=12 units=4 transl=5Z idx=10 char,r
aff15_chughtai_m128_seed5,15,5β,x,50,488.42857934278317,0.9995276352197225,other |H|=12 units=4 transl=5Z idx=10 char,r
aff15_chughtai_m128_seed5,15,5β,x,51,206.45704208140677,0.9986067262707577,other |H|=12 units=4 transl=5Z idx=10 char,r
aff15_chughtai_m128_seed5,15,5β,x,57,170.4344926660708,0.9781246606178505,other |H|=12 units=4 transl=5Z idx=10 char,r
aff15_chughtai_m128_seed5,15,5β,x,58,167.62008346809134,0.9994461718215553,other |H|=12 units=4 transl=5Z idx=10 char,r
aff15_chughtai_m128_seed5,15,5β,x,61,267.22612945675996,0.9994350659146503,other |H|=12 units=4 transl=5Z idx=10 char,r
aff15_chughtai_m128_seed5,15,5β,x,62,282.96430557964817,0.9994694785890829,other |H|=12 units=4 transl=5Z idx=10 char,r
aff15_chughtai_m128_seed5,15,5β,x,63,214.44274185303865,0.9948118050712782,other |H|=12 units=4 transl=5Z idx=10 char,r
aff15_chughtai_m128_seed5,15,5β,x,65,264.22564925391197,0.9991551935126189,other |H|=12 units=4 transl=5Z idx=10 char,r
aff15_chughtai_m128_seed5,15,5β,x,69,129.9976554171132,0.9727239318715845,other |H|=12 units=4 transl=5Z idx=10 char,r
aff15_chughtai_m128_seed5,15,5β,x,71,297.5977410803207,0.9993455162319059,other |H|=12 units=4 transl=5Z idx=10 triv,r
aff15_chughtai_m128_seed5,15,5β,x,72,279.921775376678,0.9953098269818572,other |H|=12 units=4 transl=5Z idx=10 char,r
aff15_chughtai_m128_seed5,15,5β,x,73,204.61641337814604,0.9992036151329171,other |H|=12 units=4 transl=5Z idx=10 char,r
aff15_chughtai_m128_seed5,15,5β,x,76,254.4405558946371,0.9990015460050921,other |H|=12 units=4 transl=5Z idx=10 char,r
aff15_chughtai_m128_seed5,15,5β,x,77,205.7773823571755,0.9993946141912571,other |H|=12 units=4 transl=5Z idx=10 char,r
aff15_chughtai_m128_seed5,15,5β,x,80,174.4935823940523,0.9995587280455284,other |H|=12 units=4 transl=5Z idx=10 char,r
aff15_chughtai_m128_seed5,15,5β,x,81,200.7469068413274,0.998528730298164,other |H|=12 units=4 transl=5Z idx=10 char,r
aff15_chughtai_m128_seed5,15,5β,x,83,275.3137196790038,0.9991866476525126,other |H|=12 units=4 transl=5Z idx=10 triv,r
aff15_chughtai_m128_seed5,15,5β,x,85,333.41560776052194,0.9995712322582083,other |H|=12 units=4 transl=5Z idx=10 char,r
aff15_chughtai_m128_seed5,15,5β,x,88,314.7046078766543,0.9994462224633195,other |H|=12 units=4 transl=5Z idx=10 triv,r
aff15_chughtai_m128_seed5,15,5β,x,91,299.9495994288979,0.9995162468353574,other |H|=12 units=4 transl=5Z idx=10 char,r
aff15_chughtai_m128_seed5,15,5β,x,92,227.13382534234782,0.9995064600047389,other |H|=12 units=4 transl=5Z idx=10 char,r
aff15_chughtai_m128_seed5,15,5β,x,93,192.05941335579902,0.999700230030934,other |H|=12 units=4 transl=5Z idx=10 char,r
aff15_chughtai_m128_seed5,15,5β,x,94,150.47691904704567,0.9953896000122185,other |H|=12 units=4 transl=5Z idx=10 char,r
aff15_chughtai_m128_seed5,15,5β,x,95,227.45047956349072,0.9993636634960047,other |H|=12 units=4 transl=5Z idx=10 char,r
aff15_chughtai_m128_seed5,15,5β,x,98,145.78756331737728,0.9918918976120483,other |H|=12 units=4 transl=5Z idx=10 char,r
aff15_chughtai_m128_seed5,15,5β,x,100,282.96244477327144,0.9994693167299404,other |H|=12 units=4 transl=5Z idx=10 char,r
aff15_chughtai_m128_seed5,15,5β,x,101,481.98802329966634,0.9996282264761639,other |H|=12 units=4 transl=5Z idx=10 char,r
aff15_chughtai_m128_seed5,15,5β,x,102,499.8130217249214,0.9990595598450823,other |H|=12 units=4 transl=5Z idx=10 char,r
aff15_chughtai_m128_seed5,15,5β,x,108,267.4880454046005,0.9996187952201497,other |H|=12 units=4 transl=5Z idx=10 char,r
aff15_chughtai_m128_seed5,15,5β,x,110,237.0925243265636,0.9980100809552133,other |H|=12 units=4 transl=5Z idx=10 char,r
aff15_chughtai_m128_seed5,15,5β,x,112,147.48297583131938,0.9969795023525253,other |H|=12 units=4 transl=5Z idx=10 char,r
aff15_chughtai_m128_seed5,15,5β,x,113,460.64824732250815,0.9992453412207777,other |H|=12 units=4 transl=5Z idx=10 char,r
aff15_chughtai_m128_seed5,15,5β,x,116,318.9297098554363,0.9993026456962462,other |H|=12 units=4 transl=5Z idx=10 char,r
aff15_chughtai_m128_seed5,15,5β,x,121,192.0584413637195,0.9997003423331693,other |H|=12 units=4 transl=5Z idx=10 char,r
aff15_chughtai_m128_seed5,15,5β,x,123,270.74854519427277,0.9993422975486327,other |H|=12 units=4 transl=5Z idx=10 char,r
aff15_chughtai_m128_seed5,15,5β,x,125,467.86474906125363,0.9993156871087985,other |H|=12 units=4 transl=5Z idx=10 char,r
aff15_chughtai_m128_seed5,15,5β,y,1,216.94739418988365,0.9976804877380241,other |H|=12 units=4 transl=5Z idx=10 char,l
aff15_chughtai_m128_seed5,15,5β,y,3,468.6483238063814,0.9693208543114498,other |H|=12 units=4 transl=5Z idx=10 char,l
aff15_chughtai_m128_seed5,15,5β,y,4,239.89860861225873,0.9978446235493078,other |H|=12 units=4 transl=5Z idx=10 char,l
aff15_chughtai_m128_seed5,15,5β,y,8,443.33449933300153,0.9745694883998023,other |H|=12 units=4 transl=5Z idx=10 char,l
aff15_chughtai_m128_seed5,15,5β,y,9,260.4941112969992,0.9774360523405842,other |H|=12 units=4 transl=5Z idx=10 char,l
aff15_chughtai_m128_seed5,15,5β,y,10,294.522352141084,0.9978990592593053,other |H|=12 units=4 transl=5Z idx=10 char,l
aff15_chughtai_m128_seed5,15,5β,y,11,408.3578158588677,0.9743832383904655,other |H|=12 units=4 transl=5Z idx=10 char,l
aff15_chughtai_m128_seed5,15,5β,y,14,586.7724170277218,0.970210772822617,other |H|=12 units=4 transl=5Z idx=10 char,l
aff15_chughtai_m128_seed5,15,5β,y,16,488.0118642290443,0.9750127324608805,other |H|=12 units=4 transl=5Z idx=10 char,l
aff15_chughtai_m128_seed5,15,5β,y,17,545.7290152186357,0.9719580684442239,other |H|=12 units=4 transl=5Z idx=10 char,l
aff15_chughtai_m128_seed5,15,5β,y,18,345.4942021508876,0.9742348433064254,other |H|=12 units=4 transl=5Z idx=10 char,l
aff15_chughtai_m128_seed5,15,5β,y,20,401.54333224869765,0.9739469133088137,other |H|=12 units=4 transl=5Z idx=10 char,l
aff15_chughtai_m128_seed5,15,5β,y,22,185.1297421120587,0.994634614957644,other |H|=12 units=4 transl=5Z idx=10 char,l
aff15_chughtai_m128_seed5,15,5β,y,30,483.7163072747286,0.9746902642508085,other |H|=12 units=4 transl=5Z idx=10 char,l
aff15_chughtai_m128_seed5,15,5β,y,38,558.1790992270476,0.9738977852336833,other |H|=12 units=4 transl=5Z idx=10 char,l
aff15_chughtai_m128_seed5,15,5β,y,39,278.43259328226026,0.9982090867511132,other |H|=12 units=4 transl=5Z idx=10 char,l
aff15_chughtai_m128_seed5,15,5β,y,46,557.8657405386426,0.9712839393776176,other |H|=12 units=4 transl=5Z idx=10 char,l
aff15_chughtai_m128_seed5,15,5β,y,50,572.3473535761036,0.9720401637507943,other |H|=12 units=4 transl=5Z idx=10 char,l
aff15_chughtai_m128_seed5,15,5β,y,51,242.11531075636904,0.996818119114894,other |H|=12 units=4 transl=5Z idx=10 char,l
aff15_chughtai_m128_seed5,15,5β,y,58,194.28936614114565,0.9980762620752855,other |H|=12 units=4 transl=5Z idx=10 char,l
aff15_chughtai_m128_seed5,15,5β,y,61,303.6515414214683,0.9981511828875375,other |H|=12 units=4 transl=5Z idx=10 char,l
aff15_chughtai_m128_seed5,15,5β,y,62,330.1180116478564,0.9712803925601171,other |H|=12 units=4 transl=5Z idx=10 char,l
aff15_chughtai_m128_seed5,15,5β,y,63,252.27583633633088,0.9952307528243152,other |H|=12 units=4 transl=5Z idx=10 char,l
aff15_chughtai_m128_seed5,15,5β,y,65,307.312859563378,0.9745984512822549,other |H|=12 units=4 transl=5Z idx=10 char,l
aff15_chughtai_m128_seed5,15,5β,y,71,343.0468638079009,0.9762066880005384,other |H|=12 units=4 transl=5Z idx=10 char,l
aff15_chughtai_m128_seed5,15,5β,y,72,265.33498894523757,0.996278698994873,other |H|=12 units=4 transl=5Z idx=10 char,l
aff15_chughtai_m128_seed5,15,5β,y,73,241.11891659100823,0.9981581862322673,other |H|=12 units=4 transl=5Z idx=10 char,l
aff15_chughtai_m128_seed5,15,5β,y,76,293.39752072811575,0.9981615892678157,other |H|=12 units=4 transl=5Z idx=10 char,l
aff15_chughtai_m128_seed5,15,5β,y,77,239.8811328202571,0.9978830176241956,other |H|=12 units=4 transl=5Z idx=10 char,l
aff15_chughtai_m128_seed5,15,5β,y,80,203.96156100245386,0.9977435625152449,other |H|=12 units=4 transl=5Z idx=10 char,l
aff15_chughtai_m128_seed5,15,5β,y,81,243.11780533602288,0.9966391331459875,other |H|=12 units=4 transl=5Z idx=10 char,l
aff15_chughtai_m128_seed5,15,5β,y,83,320.51979247595074,0.9764454470948085,other |H|=12 units=4 transl=5Z idx=10 char,l
aff15_chughtai_m128_seed5,15,5β,y,85,390.9326623004819,0.9759757212481845,other |H|=12 units=4 transl=5Z idx=10 char,l
aff15_chughtai_m128_seed5,15,5β,y,88,372.3027923510333,0.9735094357331492,other |H|=12 units=4 transl=5Z idx=10 char,l
aff15_chughtai_m128_seed5,15,5β,y,91,349.89663533211115,0.9738762427560234,other |H|=12 units=4 transl=5Z idx=10 char,l
aff15_chughtai_m128_seed5,15,5β,y,92,260.25041439914065,0.9981650141154852,other |H|=12 units=4 transl=5Z idx=10 char,l
aff15_chughtai_m128_seed5,15,5β,y,93,223.90584708877458,0.9740580453896774,other |H|=12 units=4 transl=5Z idx=10 char,l
aff15_chughtai_m128_seed5,15,5β,y,94,145.2577310641037,0.9791491756512533,other |H|=12 units=4 transl=5Z idx=10 char,r
aff15_chughtai_m128_seed5,15,5β,y,95,260.5008351021371,0.9774351952205834,other |H|=12 units=4 transl=5Z idx=10 char,l
aff15_chughtai_m128_seed5,15,5β,y,100,330.1128436921635,0.9712804620407426,other |H|=12 units=4 transl=5Z idx=10 char,l
aff15_chughtai_m128_seed5,15,5β,y,101,560.5768918357038,0.9723010720885957,other |H|=12 units=4 transl=5Z idx=10 char,l
aff15_chughtai_m128_seed5,15,5β,y,102,580.546244172565,0.9720876485616489,other |H|=12 units=4 transl=5Z idx=10 char,l
aff15_chughtai_m128_seed5,15,5β,y,108,314.0085803309673,0.9707635238485843,other |H|=12 units=4 transl=5Z idx=10 char,l
aff15_chughtai_m128_seed5,15,5β,y,110,284.4113880659122,0.9973738675951058,other |H|=12 units=4 transl=5Z idx=10 char,l
aff15_chughtai_m128_seed5,15,5β,y,112,154.16138765950615,0.9808491583239496,other |H|=12 units=4 transl=5Z idx=10 char,r
aff15_chughtai_m128_seed5,15,5β,y,113,530.1654306746099,0.9761396108574572,other |H|=12 units=4 transl=5Z idx=10 char,l
aff15_chughtai_m128_seed5,15,5β,y,116,362.4117417758006,0.9981718158990839,other |H|=12 units=4 transl=5Z idx=10 char,l
aff15_chughtai_m128_seed5,15,5β,y,121,223.90729006084285,0.9740584520311129,other |H|=12 units=4 transl=5Z idx=10 char,l
aff15_chughtai_m128_seed5,15,5β,y,123,321.8413288007886,0.9704922702842971,other |H|=12 units=4 transl=5Z idx=10 char,l
aff15_chughtai_m128_seed5,15,5β,y,125,564.4366563091253,0.9683707493649166,other |H|=12 units=4 transl=5Z idx=10 char,l
aff15_wu_m128_seed1,15,5,x,2,46.962254323151605,0.9999887964620744,other |H|=12 units=4 transl=5Z idx=10 triv,r
aff15_wu_m128_seed1,15,5,x,7,445.49458179518,0.9999938029966433,other |H|=12 units=4 transl=5Z idx=10 triv,r
aff15_wu_m128_seed1,15,5,x,11,443.340684409764,0.9999935210134687,other |H|=12 units=4 transl=5Z idx=10 triv,r
aff15_wu_m128_seed1,15,5,x,13,444.8325901635589,0.999994157387923,M_x (point stabilizer) idx=15 triv,r
aff15_wu_m128_seed1,15,5,x,18,47.64575482369449,0.9999818787166974,M_x (point stabilizer) idx=15 triv,r
aff15_wu_m128_seed1,15,5,x,19,440.43515754484315,0.9999925652278004,"S_x,5 (stabilizer mod 5) idx=5 triv",r
aff15_wu_m128_seed1,15,5,x,23,61.42440176047983,0.999981391471744,M_x (point stabilizer) idx=15 triv,r
aff15_wu_m128_seed1,15,5,x,28,58.41217991778134,0.9999693977060004,"S_x,5 (stabilizer mod 5) idx=5 triv",r
aff15_wu_m128_seed1,15,5,x,30,55.36660987089281,0.9999865629146671,M_x (point stabilizer) idx=15 triv,r
aff15_wu_m128_seed1,15,5,x,31,53.81091838193954,0.9999798499762854,"S_x,5 (stabilizer mod 5) idx=5 triv",r
aff15_wu_m128_seed1,15,5,x,33,42.57682148096755,0.9999775863266883,other |H|=12 units=4 transl=5Z idx=10 triv,r
aff15_wu_m128_seed1,15,5,x,35,0.0014047482514631076,0.9533716092999978,other |H|=12 units=4 transl=5Z idx=10 char,r
aff15_wu_m128_seed1,15,5,x,36,5.294185979839166e-05,0.8683929092203423,other |H|=12 units=4 transl=5Z idx=10 char,l
aff15_wu_m128_seed1,15,5,x,37,444.0959544042617,0.999994642642924,M_x (point stabilizer) idx=15 triv,r
aff15_wu_m128_seed1,15,5,x,38,446.17231857615786,0.9999909171555775,"S_x,5 (stabilizer mod 5) idx=5 triv",r
aff15_wu_m128_seed1,15,5,x,41,0.0008299928678258926,0.9304412247969572,other |H|=12 units=4 transl=5Z idx=10 char,r
aff15_wu_m128_seed1,15,5,x,43,60.20437864967474,0.9999760144716424,other |H|=12 units=4 transl=5Z idx=10 triv,r
aff15_wu_m128_seed1,15,5,x,44,49.04852278929329,0.9999863157973036,other |H|=12 units=4 transl=5Z idx=10 triv,r
aff15_wu_m128_seed1,15,5,x,51,51.33859126907863,0.9999890354194867,M_x (point stabilizer) idx=15 triv,r
aff15_wu_m128_seed1,15,5,x,56,54.506064306115015,0.9999889074196767,other |H|=12 units=4 transl=5Z idx=10 triv,r
aff15_wu_m128_seed1,15,5,x,57,449.98338778740214,0.9999905746909578,M_x (point stabilizer) idx=15 triv,r
aff15_wu_m128_seed1,15,5,x,58,441.7039260703104,0.9999914523987955,M_x (point stabilizer) idx=15 triv,r
aff15_wu_m128_seed1,15,5,x,59,440.32145539685644,0.9999927527830046,M_x (point stabilizer) idx=15 triv,r
aff15_wu_m128_seed1,15,5,x,60,57.94671346252328,0.9999821999065663,other |H|=12 units=4 transl=5Z idx=10 triv,r
aff15_wu_m128_seed1,15,5,x,62,47.77806205075771,0.9999719481718152,other |H|=12 units=4 transl=5Z idx=10 triv,r
aff15_wu_m128_seed1,15,5,x,64,445.7462193436088,0.9999937770485822,other |H|=12 units=4 transl=5Z idx=10 triv,r
aff15_wu_m128_seed1,15,5,x,65,50.43757637558592,0.9999693207158337,other |H|=12 units=4 transl=5Z idx=10 triv,r
aff15_wu_m128_seed1,15,5,x,68,55.83622252068654,0.9999813110396388,M_x (point stabilizer) idx=15 triv,r
aff15_wu_m128_seed1,15,5,x,69,337.96288228666424,0.9999946344748782,M_x (point stabilizer) idx=15 triv,r
aff15_wu_m128_seed1,15,5,x,71,50.84639907327009,0.9999797746109014,M_x (point stabilizer) idx=15 triv,r
aff15_wu_m128_seed1,15,5,x,72,445.5052772964978,0.9999939258211257,"S_x,5 (stabilizer mod 5) idx=5 triv",r
aff15_wu_m128_seed1,15,5,x,77,56.62142151298497,0.999988829090823,other |H|=12 units=4 transl=5Z idx=10 triv,r
aff15_wu_m128_seed1,15,5,x,79,50.560467716258565,0.9999642950152235,other |H|=12 units=4 transl=5Z idx=10 triv,r
aff15_wu_m128_seed1,15,5,x,82,451.95464306909935,0.9999931312197892,M_x (point stabilizer) idx=15 triv,r
aff15_wu_m128_seed1,15,5,x,84,449.12730507666964,0.9999916399462361,"S_x,5 (stabilizer mod 5) idx=5 triv",r
aff15_wu_m128_seed1,15,5,x,97,60.67099534682375,0.9999681901976206,M_x (point stabilizer) idx=15 triv,r
aff15_wu_m128_seed1,15,5,x,98,50.6385425057996,0.999991084960903,other |H|=12 units=4 transl=5Z idx=10 triv,r
aff15_wu_m128_seed1,15,5,x,99,448.78285653145815,0.9999934783413723,M_x (point stabilizer) idx=15 triv,r
aff15_wu_m128_seed1,15,5,x,100,443.56797398517773,0.9999926792077093,"S_x,5 (stabilizer mod 5) idx=5 triv",r
aff15_wu_m128_seed1,15,5,x,101,56.12897572488549,0.999986465657195,"S_x,5 (stabilizer mod 5) idx=5 triv",r
aff15_wu_m128_seed1,15,5,x,102,443.51681124856196,0.9999917627391721,"S_x,5 (stabilizer mod 5) idx=5 triv",r
aff15_wu_m128_seed1,15,5,x,104,0.0002509665036599129,0.8552401444761456,other |H|=12 units=4 transl=5Z idx=10 char,l
aff15_wu_m128_seed1,15,5,x,106,440.6438143366439,0.9999931753062649,M_x (point stabilizer) idx=15 triv,r
aff15_wu_m128_seed1,15,5,x,107,443.4437919833872,0.9999936882601372,M_x (point stabilizer) idx=15 triv,r
aff15_wu_m128_seed1,15,5,x,109,442.5739045890095,0.9999955888306749,M_x (point stabilizer) idx=15 triv,r
aff15_wu_m128_seed1,15,5,x,110,108.97322109863633,0.9999874619363983,M_x (point stabilizer) idx=15 triv,r
aff15_wu_m128_seed1,15,5,x,112,445.47993944087796,0.9999947803634847,other |H|=12 units=4 transl=5Z idx=10 triv,r
aff15_wu_m128_seed1,15,5,x,114,443.28063238154186,0.9999945251529058,M_x (point stabilizer) idx=15 triv,r
aff15_wu_m128_seed1,15,5,x,115,47.290966440930006,0.9999854098093428,other |H|=12 units=4 transl=5Z idx=10 triv,r
aff15_wu_m128_seed1,15,5,x,116,53.170262152199,0.9999744026303409,M_x (point stabilizer) idx=15 triv,r
aff15_wu_m128_seed1,15,5,x,119,443.7208139676884,0.9999931687255662,"S_x,5 (stabilizer mod 5) idx=5 triv",r
aff15_wu_m128_seed1,15,5,x,120,442.7466225211369,0.9999938672990313,M_x (point stabilizer) idx=15 triv,r
aff15_wu_m128_seed1,15,5,x,124,58.91501951639697,0.9999785179477648,M_x (point stabilizer) idx=15 triv,r
aff15_wu_m128_seed1,15,5,x,125,447.58777102175446,0.9999935729924261,other |H|=12 units=4 transl=5Z idx=10 triv,r
aff15_wu_m128_seed1,15,5,y,2,46.46793790443036,0.9999800647185251,other |H|=12 units=4 transl=5Z idx=10 triv,l
aff15_wu_m128_seed1,15,5,y,7,441.6747494875869,0.999994302475088,other |H|=12 units=4 transl=5Z idx=10 triv,l
aff15_wu_m128_seed1,15,5,y,11,439.2125270492938,0.999993477357561,"S_x,5 (stabilizer mod 5) idx=5 triv",l
aff15_wu_m128_seed1,15,5,y,13,441.023374240888,0.9999949786071171,M_x (point stabilizer) idx=15 triv,l
aff15_wu_m128_seed1,15,5,y,16,0.0014168731210062672,0.8624022694792439,other |H|=12 units=4 transl=5Z idx=10 char,r
aff15_wu_m128_seed1,15,5,y,18,46.548970435335875,0.9999854793426953,M_x (point stabilizer) idx=15 triv,l
aff15_wu_m128_seed1,15,5,y,19,435.89812978676,0.9999925596904611,"S_x,5 (stabilizer mod 5) idx=5 triv",l
aff15_wu_m128_seed1,15,5,y,23,61.24676649469233,0.9999935752358954,other |H|=12 units=4 transl=5Z idx=10 triv,l
aff15_wu_m128_seed1,15,5,y,28,57.27483565609223,0.9999882368742602,other |H|=12 units=4 transl=5Z idx=10 triv,l
aff15_wu_m128_seed1,15,5,y,30,55.09199115888319,0.9999865844476609,M_x (point stabilizer) idx=15 triv,l
aff15_wu_m128_seed1,15,5,y,31,52.795962571529664,0.9999805107304811,M_x (point stabilizer) idx=15 triv,l
aff15_wu_m128_seed1,15,5,y,33,42.2434032590873,0.9999666986832908,M_x (point stabilizer) idx=15 triv,l
aff15_wu_m128_seed1,15,5,y,35,0.0018594729545226985,0.8278865293642154,other |H|=12 units=4 transl=5Z idx=10 char,r
aff15_wu_m128_seed1,15,5,y,37,440.72226413727276,0.9999939185290435,other |H|=12 units=4 transl=5Z idx=10 triv,l
aff15_wu_m128_seed1,15,5,y,38,441.46621612588814,0.9999934519922042,"S_x,5 (stabilizer mod 5) idx=5 triv",l
aff15_wu_m128_seed1,15,5,y,43,59.19995591821126,0.9999783814114628,other |H|=12 units=4 transl=5Z idx=10 triv,l
aff15_wu_m128_seed1,15,5,y,44,48.28240951946273,0.9999819834319255,other |H|=12 units=4 transl=5Z idx=10 triv,l
aff15_wu_m128_seed1,15,5,y,51,50.059298688024626,0.9999856813960037,M_x (point stabilizer) idx=15 triv,l
aff15_wu_m128_seed1,15,5,y,54,0.0018906406717236932,0.8911273912811994,other |H|=12 units=4 transl=5Z idx=10 char,l
aff15_wu_m128_seed1,15,5,y,56,54.46968019673585,0.9999769229908055,other |H|=12 units=4 transl=5Z idx=10 triv,l
aff15_wu_m128_seed1,15,5,y,57,446.1809178033172,0.9999925237995455,other |H|=12 units=4 transl=5Z idx=10 triv,l
aff15_wu_m128_seed1,15,5,y,58,437.50078134183843,0.9999903585897395,"S_x,5 (stabilizer mod 5) idx=5 triv",l
aff15_wu_m128_seed1,15,5,y,59,435.5616454718351,0.9999914536369898,"S_x,5 (stabilizer mod 5) idx=5 triv",l
aff15_wu_m128_seed1,15,5,y,60,56.94730685698814,0.9999717385234432,other |H|=12 units=4 transl=5Z idx=10 triv,l
aff15_wu_m128_seed1,15,5,y,62,47.3841298026685,0.9999829322442472,other |H|=12 units=4 transl=5Z idx=10 triv,l
aff15_wu_m128_seed1,15,5,y,64,441.05803724179583,0.9999937550494276,other |H|=12 units=4 transl=5Z idx=10 triv,l
aff15_wu_m128_seed1,15,5,y,65,49.5740109910963,0.9999793624031985,M_x (point stabilizer) idx=15 triv,l
aff15_wu_m128_seed1,15,5,y,68,54.98527370372669,0.9999906233953252,M_x (point stabilizer) idx=15 triv,l
aff15_wu_m128_seed1,15,5,y,69,333.20196090251795,0.9999924961372055,"S_x,5 (stabilizer mod 5) idx=5 triv",l
aff15_wu_m128_seed1,15,5,y,71,50.074556652722855,0.9999761133855662,M_x (point stabilizer) idx=15 triv,l
aff15_wu_m128_seed1,15,5,y,72,440.7011900250354,0.9999940802106279,"S_x,5 (stabilizer mod 5) idx=5 triv",l
aff15_wu_m128_seed1,15,5,y,77,56.71101044115799,0.9999933027908237,"S_x,5 (stabilizer mod 5) idx=5 triv",l
aff15_wu_m128_seed1,15,5,y,78,0.00015780234245900022,0.840986035334235,other |H|=12 units=4 transl=5Z idx=10 char,r
aff15_wu_m128_seed1,15,5,y,79,49.532744513750295,0.9999854711289781,M_x (point stabilizer) idx=15 triv,l
aff15_wu_m128_seed1,15,5,y,82,446.96047731480314,0.9999926666982156,"S_x,5 (stabilizer mod 5) idx=5 triv",l
aff15_wu_m128_seed1,15,5,y,84,444.85442911537405,0.9999926862838566,other |H|=12 units=4 transl=5Z idx=10 triv,l
aff15_wu_m128_seed1,15,5,y,94,0.0007585958295271249,0.9537057286031969,M_x (point stabilizer) idx=15 triv,l
aff15_wu_m128_seed1,15,5,y,97,59.86988696852279,0.9999823975568053,M_x (point stabilizer) idx=15 triv,l
aff15_wu_m128_seed1,15,5,y,98,49.63575950044792,0.9999744410147396,other |H|=12 units=4 transl=5Z idx=10 triv,l
aff15_wu_m128_seed1,15,5,y,99,444.8317322082176,0.9999921076819333,"S_x,5 (stabilizer mod 5) idx=5 triv",l
aff15_wu_m128_seed1,15,5,y,100,439.29265317180324,0.9999941775172942,M_x (point stabilizer) idx=15 triv,l
aff15_wu_m128_seed1,15,5,y,101,55.142825072720704,0.9999825172497261,other |H|=12 units=4 transl=5Z idx=10 triv,l
aff15_wu_m128_seed1,15,5,y,102,438.82443676117686,0.9999942206851035,other |H|=12 units=4 transl=5Z idx=10 triv,l
aff15_wu_m128_seed1,15,5,y,106,436.5129171845714,0.9999917572349718,other |H|=12 units=4 transl=5Z idx=10 triv,l
aff15_wu_m128_seed1,15,5,y,107,438.3616172817222,0.9999932606959904,"S_x,5 (stabilizer mod 5) idx=5 triv",l
aff15_wu_m128_seed1,15,5,y,109,436.8317648893938,0.9999925672679528,"S_x,5 (stabilizer mod 5) idx=5 triv",l
aff15_wu_m128_seed1,15,5,y,110,107.9036023360114,0.9999892444741899,M_x (point stabilizer) idx=15 triv,l
aff15_wu_m128_seed1,15,5,y,112,440.55599131110523,0.9999940417026162,"S_x,5 (stabilizer mod 5) idx=5 triv",l
aff15_wu_m128_seed1,15,5,y,114,437.9666610184536,0.9999928573963249,"S_x,5 (stabilizer mod 5) idx=5 triv",l
aff15_wu_m128_seed1,15,5,y,115,46.15632160345472,0.9999850084815616,M_x (point stabilizer) idx=15 triv,l
aff15_wu_m128_seed1,15,5,y,116,52.82196080997473,0.999988764157528,M_x (point stabilizer) idx=15 triv,l
aff15_wu_m128_seed1,15,5,y,119,439.0095165397158,0.9999925207087027,"S_x,5 (stabilizer mod 5) idx=5 triv",l
aff15_wu_m128_seed1,15,5,y,120,437.99567999739634,0.999992467891379,"S_x,5 (stabilizer mod 5) idx=5 triv",l
aff15_wu_m128_seed1,15,5,y,124,58.41045539273818,0.9999798987870536,other |H|=12 units=4 transl=5Z idx=10 triv,l
aff15_wu_m128_seed1,15,5,y,125,443.28026507205436,0.9999920647636604,other |H|=12 units=4 transl=5Z idx=10 triv,l
aff15_wu_m128_seed2,15,5,x,0,505.23989273258803,0.9999944934652949,other |H|=12 units=4 transl=5Z idx=10 triv,r
aff15_wu_m128_seed2,15,5,x,8,0.0003373617663574638,0.8696471479137335,other |H|=12 units=4 transl=5Z idx=10 char,l
aff15_wu_m128_seed2,15,5,x,11,288.44108849393854,0.9999828901491368,other |H|=12 units=4 transl=5Z idx=10 triv,r
aff15_wu_m128_seed2,15,5,x,12,495.364770067701,0.9999926857157677,"S_x,5 (stabilizer mod 5) idx=5 triv",r
aff15_wu_m128_seed2,15,5,x,14,476.30140466419493,0.9999917395022793,other |H|=12 units=4 transl=5Z idx=10 triv,r
aff15_wu_m128_seed2,15,5,x,16,192.06351327786751,0.9999898891863658,other |H|=12 units=4 transl=5Z idx=10 triv,r
aff15_wu_m128_seed2,15,5,x,26,483.742518477239,0.9999909913272121,other |H|=12 units=4 transl=5Z idx=10 triv,r
aff15_wu_m128_seed2,15,5,x,29,502.95472021549824,0.999994147131833,other |H|=12 units=4 transl=5Z idx=10 triv,r
aff15_wu_m128_seed2,15,5,x,30,480.7590307511434,0.9999923730326726,other |H|=12 units=4 transl=5Z idx=10 triv,r
aff15_wu_m128_seed2,15,5,x,37,485.2073306968564,0.9999935687855032,other |H|=12 units=4 transl=5Z idx=10 triv,r
aff15_wu_m128_seed2,15,5,x,39,502.37678990780046,0.9999946479659768,other |H|=12 units=4 transl=5Z idx=10 triv,r
aff15_wu_m128_seed2,15,5,x,40,480.3865371965031,0.9999900142789793,other |H|=12 units=4 transl=5Z idx=10 triv,r
aff15_wu_m128_seed2,15,5,x,41,504.07470514066114,0.9999930781317359,other |H|=12 units=4 transl=5Z idx=10 triv,r
aff15_wu_m128_seed2,15,5,x,49,489.289909783571,0.9999940952914012,other |H|=12 units=4 transl=5Z idx=10 triv,r
aff15_wu_m128_seed2,15,5,x,52,340.20150219453274,0.9999946035422054,other |H|=12 units=4 transl=5Z idx=10 triv,r
aff15_wu_m128_seed2,15,5,x,53,471.19818025393533,0.999992175478377,other |H|=12 units=4 transl=5Z idx=10 triv,r
aff15_wu_m128_seed2,15,5,x,55,282.51332053519064,0.9999924854764519,other |H|=12 units=4 transl=5Z idx=10 triv,r
aff15_wu_m128_seed2,15,5,x,60,489.88392522440944,0.9999931988845406,"S_x,5 (stabilizer mod 5) idx=5 triv",r
aff15_wu_m128_seed2,15,5,x,72,169.68711702072875,0.9999898697338475,other |H|=12 units=4 transl=5Z idx=10 triv,r
aff15_wu_m128_seed2,15,5,x,73,495.3338044536541,0.9999943219402301,other |H|=12 units=4 transl=5Z idx=10 triv,r
aff15_wu_m128_seed2,15,5,x,81,500.7626467368499,0.9999937366822267,other |H|=12 units=4 transl=5Z idx=10 triv,r
aff15_wu_m128_seed2,15,5,x,82,477.37562913938194,0.9999945898471422,other |H|=12 units=4 transl=5Z idx=10 triv,r
aff15_wu_m128_seed2,15,5,x,83,471.9495953375067,0.9999915757475276,other |H|=12 units=4 transl=5Z idx=10 triv,r
aff15_wu_m128_seed2,15,5,x,84,0.00035249223887194884,0.905853383270326,other |H|=12 units=4 transl=5Z idx=10 triv,r
aff15_wu_m128_seed2,15,5,x,86,506.8622637644444,0.9999941597653553,other |H|=12 units=4 transl=5Z idx=10 triv,r
aff15_wu_m128_seed2,15,5,x,93,493.64376332459403,0.9999941189345791,"S_x,5 (stabilizer mod 5) idx=5 triv",r
aff15_wu_m128_seed2,15,5,x,97,490.0500005658854,0.9999944594811521,other |H|=12 units=4 transl=5Z idx=10 triv,r
aff15_wu_m128_seed2,15,5,x,104,473.3281083717018,0.9999890041817354,other |H|=12 units=4 transl=5Z idx=10 triv,r
aff15_wu_m128_seed2,15,5,x,106,493.5104348088008,0.9999940414534154,other |H|=12 units=4 transl=5Z idx=10 triv,r
aff15_wu_m128_seed2,15,5,x,107,505.7925727647145,0.9999958559653311,other |H|=12 units=4 transl=5Z idx=10 triv,r
aff15_wu_m128_seed2,15,5,x,111,497.493714858301,0.9999926489305693,other |H|=12 units=4 transl=5Z idx=10 triv,r
aff15_wu_m128_seed2,15,5,x,113,185.6689849456649,0.9999917261608399,other |H|=12 units=4 transl=5Z idx=10 triv,r
aff15_wu_m128_seed2,15,5,x,117,496.31232104611985,0.9999952931373445,other |H|=12 units=4 transl=5Z idx=10 triv,r
aff15_wu_m128_seed2,15,5,x,121,489.1904869643771,0.9999939331491703,"S_x,5 (stabilizer mod 5) idx=5 triv",r
aff15_wu_m128_seed2,15,5,x,127,497.81885551527887,0.9999949193905765,other |H|=12 units=4 transl=5Z idx=10 triv,r
aff15_wu_m128_seed2,15,5,y,0,507.44279348478267,0.9999916559157891,other |H|=12 units=4 transl=5Z idx=10 triv,l
aff15_wu_m128_seed2,15,5,y,11,289.7329788234125,0.9999911910076995,"S_x,5 (stabilizer mod 5) idx=5 triv",l
aff15_wu_m128_seed2,15,5,y,12,496.3763589740725,0.99998984936767,"S_x,5 (stabilizer mod 5) idx=5 triv",l
aff15_wu_m128_seed2,15,5,y,14,479.6988391660451,0.9999890113839761,other |H|=12 units=4 transl=5Z idx=10 triv,l
aff15_wu_m128_seed2,15,5,y,16,193.89823697498682,0.9999902154200512,other |H|=12 units=4 transl=5Z idx=10 triv,l
aff15_wu_m128_seed2,15,5,y,26,485.7646691091047,0.999991208801571,"S_x,5 (stabilizer mod 5) idx=5 triv",l
aff15_wu_m128_seed2,15,5,y,29,504.7975175413767,0.999990723022788,other |H|=12 units=4 transl=5Z idx=10 triv,l
aff15_wu_m128_seed2,15,5,y,30,482.6071445469513,0.9999877850555827,other |H|=12 units=4 transl=5Z idx=10 triv,l
aff15_wu_m128_seed2,15,5,y,37,487.54534490608194,0.9999899745344701,other |H|=12 units=4 transl=5Z idx=10 triv,l
aff15_wu_m128_seed2,15,5,y,39,504.7647404583116,0.9999897849804885,M_x (point stabilizer) idx=15 triv,l
aff15_wu_m128_seed2,15,5,y,40,481.56225936015665,0.9999918262237366,other |H|=12 units=4 transl=5Z idx=10 triv,l
aff15_wu_m128_seed2,15,5,y,41,506.58557151252256,0.9999903215655739,"S_x,5 (stabilizer mod 5) idx=5 triv",l
aff15_wu_m128_seed2,15,5,y,49,491.5260926839819,0.9999891057446595,M_x (point stabilizer) idx=15 triv,l
aff15_wu_m128_seed2,15,5,y,52,342.7339825829496,0.9999888460466058,"S_x,5 (stabilizer mod 5) idx=5 triv",l
aff15_wu_m128_seed2,15,5,y,53,473.55687404650376,0.9999924558116381,other |H|=12 units=4 transl=5Z idx=10 triv,l
aff15_wu_m128_seed2,15,5,y,55,283.9926230772749,0.9999909161027717,other |H|=12 units=4 transl=5Z idx=10 triv,l
aff15_wu_m128_seed2,15,5,y,60,491.3732115533253,0.9999868939513346,M_x (point stabilizer) idx=15 triv,l
aff15_wu_m128_seed2,15,5,y,63,0.0013965243629373793,0.9184430848082992,other |H|=12 units=4 transl=5Z idx=10 char,l
aff15_wu_m128_seed2,15,5,y,72,170.41680146578764,0.9999902737512638,other |H|=12 units=4 transl=5Z idx=10 triv,l
aff15_wu_m128_seed2,15,5,y,73,496.85302990740723,0.9999893285134739,"S_x,5 (stabilizer mod 5) idx=5 triv",l
aff15_wu_m128_seed2,15,5,y,81,502.78210484745176,0.9999895144332583,M_x (point stabilizer) idx=15 triv,l
aff15_wu_m128_seed2,15,5,y,82,478.78352601568645,0.9999893740795538,other |H|=12 units=4 transl=5Z idx=10 triv,l
aff15_wu_m128_seed2,15,5,y,83,473.41095535971596,0.9999891268813341,other |H|=12 units=4 transl=5Z idx=10 triv,l
aff15_wu_m128_seed2,15,5,y,86,509.6052511748429,0.9999889610456605,M_x (point stabilizer) idx=15 triv,l
aff15_wu_m128_seed2,15,5,y,93,493.008263102177,0.9999875769291616,M_x (point stabilizer) idx=15 triv,l
aff15_wu_m128_seed2,15,5,y,97,492.57725345180546,0.9999920168783741,other |H|=12 units=4 transl=5Z idx=10 triv,l
aff15_wu_m128_seed2,15,5,y,104,474.3531768014567,0.9999895749569458,other |H|=12 units=4 transl=5Z idx=10 triv,l
aff15_wu_m128_seed2,15,5,y,106,493.81857052248813,0.9999870066132993,M_x (point stabilizer) idx=15 triv,l
aff15_wu_m128_seed2,15,5,y,107,508.466696431495,0.9999904329798179,other |H|=12 units=4 transl=5Z idx=10 triv,l
aff15_wu_m128_seed2,15,5,y,111,499.4240797767913,0.9999877041651827,other |H|=12 units=4 transl=5Z idx=10 triv,l
aff15_wu_m128_seed2,15,5,y,113,186.60803702607015,0.9999804025585961,"S_x,5 (stabilizer mod 5) idx=5 triv",l
aff15_wu_m128_seed2,15,5,y,117,497.8622249713569,0.9999865006930589,other |H|=12 units=4 transl=5Z idx=10 triv,l
aff15_wu_m128_seed2,15,5,y,121,490.42188027490533,0.9999873212541867,"S_x,5 (stabilizer mod 5) idx=5 triv",l
aff15_wu_m128_seed2,15,5,y,127,500.0527688685427,0.9999917414674991,other |H|=12 units=4 transl=5Z idx=10 triv,l
aff15_wu_m128_seed3,15,5,x,0,442.01184035894266,0.9999918500334976,M_x (point stabilizer) idx=15 triv,r
aff15_wu_m128_seed3,15,5,x,2,53.79514776748825,0.9999788587671858,other |H|=12 units=4 transl=5Z idx=10 triv,r
aff15_wu_m128_seed3,15,5,x,3,62.3794599506283,0.9999889752470357,M_x (point stabilizer) idx=15 triv,r
aff15_wu_m128_seed3,15,5,x,4,444.27096902104284,0.999991691781186,other |H|=12 units=4 transl=5Z idx=10 triv,r
aff15_wu_m128_seed3,15,5,x,6,452.1842022611204,0.9999905362753111,other |H|=12 units=4 transl=5Z idx=10 triv,r
aff15_wu_m128_seed3,15,5,x,9,440.9763758273182,0.999991875419694,M_x (point stabilizer) idx=15 triv,r
aff15_wu_m128_seed3,15,5,x,13,449.8399949580294,0.9999886640792287,other |H|=12 units=4 transl=5Z idx=10 triv,r
aff15_wu_m128_seed3,15,5,x,17,446.98853664314424,0.9999907007007351,other |H|=12 units=4 transl=5Z idx=10 triv,r
aff15_wu_m128_seed3,15,5,x,18,64.26006636218457,0.99997950157164,other |H|=12 units=4 transl=5Z idx=10 triv,r
aff15_wu_m128_seed3,15,5,x,20,446.91501117169474,0.9999917916254856,M_x (point stabilizer) idx=15 triv,r
aff15_wu_m128_seed3,15,5,x,24,58.847065895020435,0.9999724371448118,M_x (point stabilizer) idx=15 triv,r
aff15_wu_m128_seed3,15,5,x,26,0.0008395940176682786,0.8687660986226153,other |H|=12 units=4 transl=5Z idx=10 char,l
aff15_wu_m128_seed3,15,5,x,28,449.60424346315943,0.9999899334564352,M_x (point stabilizer) idx=15 triv,r
aff15_wu_m128_seed3,15,5,x,29,53.94763816742082,0.9999709351291156,M_x (point stabilizer) idx=15 triv,r
aff15_wu_m128_seed3,15,5,x,30,55.8180033762689,0.999989850640494,M_x (point stabilizer) idx=15 triv,r
aff15_wu_m128_seed3,15,5,x,33,64.23535605238865,0.999988261740564,M_x (point stabilizer) idx=15 triv,r
aff15_wu_m128_seed3,15,5,x,39,57.44845553844316,0.9999868725001803,other |H|=12 units=4 transl=5Z idx=10 triv,r
aff15_wu_m128_seed3,15,5,x,42,445.2723083320861,0.9999931672651773,other |H|=12 units=4 transl=5Z idx=10 triv,r
aff15_wu_m128_seed3,15,5,x,43,66.73888079102285,0.9999761495449884,M_x (point stabilizer) idx=15 triv,r
aff15_wu_m128_seed3,15,5,x,44,451.82188958611493,0.9999931408059435,M_x (point stabilizer) idx=15 triv,r
aff15_wu_m128_seed3,15,5,x,49,456.88650799830833,0.9999858744236811,other |H|=12 units=4 transl=5Z idx=10 triv,r
aff15_wu_m128_seed3,15,5,x,50,440.312094403113,0.9999904511462281,other |H|=12 units=4 transl=5Z idx=10 triv,r
aff15_wu_m128_seed3,15,5,x,54,448.11791015093235,0.9999927880727693,M_x (point stabilizer) idx=15 triv,r
aff15_wu_m128_seed3,15,5,x,60,444.57698187781574,0.9999888691140475,"S_x,5 (stabilizer mod 5) idx=5 triv",r
aff15_wu_m128_seed3,15,5,x,63,448.38493933243114,0.9999918040199733,"S_x,5 (stabilizer mod 5) idx=5 triv",r
aff15_wu_m128_seed3,15,5,x,64,449.85880528078025,0.9999905497553954,"S_x,5 (stabilizer mod 5) idx=5 triv",r
aff15_wu_m128_seed3,15,5,x,66,61.921713567127654,0.9999783377318179,M_x (point stabilizer) idx=15 triv,r
aff15_wu_m128_seed3,15,5,x,74,0.0003355031559868394,0.9127965062666206,other |H|=12 units=4 transl=5Z idx=10 char,r
aff15_wu_m128_seed3,15,5,x,78,57.86940323598947,0.9999847419429256,M_x (point stabilizer) idx=15 triv,r
aff15_wu_m128_seed3,15,5,x,79,55.05066362496521,0.9999892499237221,other |H|=12 units=4 transl=5Z idx=10 triv,r
aff15_wu_m128_seed3,15,5,x,81,436.2384324985972,0.9999891674602578,other |H|=12 units=4 transl=5Z idx=10 triv,r
aff15_wu_m128_seed3,15,5,x,84,447.69902545535604,0.9999899700904525,M_x (point stabilizer) idx=15 triv,r
aff15_wu_m128_seed3,15,5,x,85,0.0026247022897082756,0.8753222533951335,other |H|=12 units=4 transl=5Z idx=10 char,r
aff15_wu_m128_seed3,15,5,x,86,58.92004502486454,0.9999830589720293,other |H|=12 units=4 transl=5Z idx=10 triv,r
aff15_wu_m128_seed3,15,5,x,89,451.7097680103979,0.9999892347818935,M_x (point stabilizer) idx=15 triv,r
aff15_wu_m128_seed3,15,5,x,91,448.4837275664093,0.9999895879020824,"S_x,5 (stabilizer mod 5) idx=5 triv",r
aff15_wu_m128_seed3,15,5,x,92,63.29780748898814,0.9999881525552292,M_x (point stabilizer) idx=15 triv,r
aff15_wu_m128_seed3,15,5,x,94,454.8640171016511,0.9999904116416789,M_x (point stabilizer) idx=15 triv,r
aff15_wu_m128_seed3,15,5,x,97,52.90240628220453,0.9999768049493208,M_x (point stabilizer) idx=15 triv,r
aff15_wu_m128_seed3,15,5,x,99,56.094633727899065,0.9999817261203701,other |H|=12 units=4 transl=5Z idx=10 triv,r
aff15_wu_m128_seed3,15,5,x,100,60.18526679078676,0.9999916240740695,M_x (point stabilizer) idx=15 triv,r
aff15_wu_m128_seed3,15,5,x,102,442.388260880725,0.9999876853155644,"S_x,5 (stabilizer mod 5) idx=5 triv",r
aff15_wu_m128_seed3,15,5,x,103,0.0006201938646276873,0.9240949894325837,M_x (point stabilizer) idx=15 triv,r
aff15_wu_m128_seed3,15,5,x,105,58.12171170069919,0.9999841894801845,other |H|=12 units=4 transl=5Z idx=10 triv,r
aff15_wu_m128_seed3,15,5,x,107,52.8939580936213,0.9999875661805866,M_x (point stabilizer) idx=15 triv,r
aff15_wu_m128_seed3,15,5,x,110,56.87316318368026,0.999987421724618,M_x (point stabilizer) idx=15 triv,r
aff15_wu_m128_seed3,15,5,x,111,54.693219862755335,0.9999732773800981,other |H|=12 units=4 transl=5Z idx=10 triv,r
aff15_wu_m128_seed3,15,5,x,113,64.04429622227114,0.9999740437567148,M_x (point stabilizer) idx=15 triv,r
aff15_wu_m128_seed3,15,5,x,115,447.8931462744941,0.9999896636986367,M_x (point stabilizer) idx=15 triv,r
aff15_wu_m128_seed3,15,5,x,116,452.3077503087746,0.9999937017311304,other |H|=12 units=4 transl=5Z idx=10 triv,r
aff15_wu_m128_seed3,15,5,x,120,48.44659519727991,0.9999687463027647,M_x (point stabilizer) idx=15 triv,r
aff15_wu_m128_seed3,15,5,x,121,445.448817418066,0.999991277592723,other |H|=12 units=4 transl=5Z idx=10 triv,r
aff15_wu_m128_seed3,15,5,x,122,58.68302349889906,0.999957657993824,other |H|=12 units=4 transl=5Z idx=10 triv,r
aff15_wu_m128_seed3,15,5,x,123,0.0008900531809862839,0.9243480975942067,other |H|=12 units=4 transl=5Z idx=10 char,l
aff15_wu_m128_seed3,15,5,y,0,446.0431695588309,0.9999917527800838,"S_x,5 (stabilizer mod 5) idx=5 triv",l
aff15_wu_m128_seed3,15,5,y,2,54.55785699860914,0.9999886365325447,M_x (point stabilizer) idx=15 triv,l
aff15_wu_m128_seed3,15,5,y,3,63.429855813184155,0.9999843861752145,M_x (point stabilizer) idx=15 triv,l
aff15_wu_m128_seed3,15,5,y,4,446.7894996185906,0.999992422600095,other |H|=12 units=4 transl=5Z idx=10 triv,l
aff15_wu_m128_seed3,15,5,y,6,455.18891783267975,0.9999912249064603,M_x (point stabilizer) idx=15 triv,l
aff15_wu_m128_seed3,15,5,y,9,443.15804456833723,0.9999916032787634,M_x (point stabilizer) idx=15 triv,l
aff15_wu_m128_seed3,15,5,y,13,451.5824574037622,0.9999901687400579,M_x (point stabilizer) idx=15 triv,l
aff15_wu_m128_seed3,15,5,y,17,449.09427828256986,0.9999921571182024,M_x (point stabilizer) idx=15 triv,l
aff15_wu_m128_seed3,15,5,y,18,65.67797398509225,0.9999758225597796,M_x (point stabilizer) idx=15 triv,l
aff15_wu_m128_seed3,15,5,y,20,451.02009820875276,0.9999881493682936,other |H|=12 units=4 transl=5Z idx=10 triv,l
aff15_wu_m128_seed3,15,5,y,21,9.172932831294839e-05,0.9073019672093289,other |H|=12 units=4 transl=5Z idx=10 char,r
aff15_wu_m128_seed3,15,5,y,24,59.608436526472566,0.9999861194735666,other |H|=12 units=4 transl=5Z idx=10 triv,l
aff15_wu_m128_seed3,15,5,y,28,451.9184728972914,0.999992057610219,"S_x,5 (stabilizer mod 5) idx=5 triv",l
aff15_wu_m128_seed3,15,5,y,29,54.33255471508621,0.9999875575511632,other |H|=12 units=4 transl=5Z idx=10 triv,l
aff15_wu_m128_seed3,15,5,y,30,56.64344951068257,0.999989652411011,M_x (point stabilizer) idx=15 triv,l
aff15_wu_m128_seed3,15,5,y,33,65.53851187024121,0.9999895558048639,other |H|=12 units=4 transl=5Z idx=10 triv,l
aff15_wu_m128_seed3,15,5,y,35,4.522318377907859e-05,0.9116200823566653,other |H|=12 units=4 transl=5Z idx=10 triv,l
aff15_wu_m128_seed3,15,5,y,39,57.95652852930439,0.9999773261957013,other |H|=12 units=4 transl=5Z idx=10 triv,l
aff15_wu_m128_seed3,15,5,y,42,448.00907360314903,0.9999921879646892,other |H|=12 units=4 transl=5Z idx=10 triv,l
aff15_wu_m128_seed3,15,5,y,43,67.37540694622987,0.9999795386822402,M_x (point stabilizer) idx=15 triv,l
aff15_wu_m128_seed3,15,5,y,44,452.1796821736688,0.9999862623535004,"S_x,5 (stabilizer mod 5) idx=5 triv",l
aff15_wu_m128_seed3,15,5,y,49,459.7770196187707,0.9999882959672451,"S_x,5 (stabilizer mod 5) idx=5 triv",l
aff15_wu_m128_seed3,15,5,y,50,444.80952619054534,0.9999930063081769,M_x (point stabilizer) idx=15 triv,l
aff15_wu_m128_seed3,15,5,y,54,449.54203567844735,0.9999914695384379,"S_x,5 (stabilizer mod 5) idx=5 triv",l
aff15_wu_m128_seed3,15,5,y,60,446.0954948554223,0.9999899787789891,"S_x,5 (stabilizer mod 5) idx=5 triv",l
aff15_wu_m128_seed3,15,5,y,63,449.8560589735708,0.9999900074414818,"S_x,5 (stabilizer mod 5) idx=5 triv",l
aff15_wu_m128_seed3,15,5,y,64,450.87434826568455,0.9999896640573535,other |H|=12 units=4 transl=5Z idx=10 triv,l
aff15_wu_m128_seed3,15,5,y,66,61.861134768669366,0.9999872948768489,other |H|=12 units=4 transl=5Z idx=10 triv,l
aff15_wu_m128_seed3,15,5,y,78,59.079228274873884,0.9999639685113129,other |H|=12 units=4 transl=5Z idx=10 triv,l
aff15_wu_m128_seed3,15,5,y,79,56.145241984111436,0.9999892521706607,"S_x,5 (stabilizer mod 5) idx=5 triv",l
aff15_wu_m128_seed3,15,5,y,80,0.0033518265487189865,0.9851640257884146,other |H|=12 units=4 transl=5Z idx=10 triv,l
aff15_wu_m128_seed3,15,5,y,81,440.20811001025567,0.9999927223272423,"S_x,5 (stabilizer mod 5) idx=5 triv",l
aff15_wu_m128_seed3,15,5,y,84,450.24353387042487,0.9999921950031853,M_x (point stabilizer) idx=15 triv,l
aff15_wu_m128_seed3,15,5,y,85,0.0015009268111349405,0.8743010535437696,other |H|=12 units=4 transl=5Z idx=10 char,r
aff15_wu_m128_seed3,15,5,y,86,59.372885604740404,0.9999803498916305,other |H|=12 units=4 transl=5Z idx=10 triv,l
aff15_wu_m128_seed3,15,5,y,89,454.2795354362563,0.9999902862650324,M_x (point stabilizer) idx=15 triv,l
aff15_wu_m128_seed3,15,5,y,91,450.8306282203167,0.9999881970854828,other |H|=12 units=4 transl=5Z idx=10 triv,l
aff15_wu_m128_seed3,15,5,y,92,62.54950779613104,0.9999828412393502,other |H|=12 units=4 transl=5Z idx=10 triv,l
aff15_wu_m128_seed3,15,5,y,94,458.6504720108112,0.9999925770917667,"S_x,5 (stabilizer mod 5) idx=5 triv",l
aff15_wu_m128_seed3,15,5,y,97,53.43335252676899,0.9999784523407292,M_x (point stabilizer) idx=15 triv,l
aff15_wu_m128_seed3,15,5,y,99,56.10210784782996,0.999983137772947,M_x (point stabilizer) idx=15 triv,l
aff15_wu_m128_seed3,15,5,y,100,60.971005350492085,0.9999865521939705,"S_x,5 (stabilizer mod 5) idx=5 triv",l
aff15_wu_m128_seed3,15,5,y,102,444.2721073190275,0.9999925966775252,M_x (point stabilizer) idx=15 triv,l
aff15_wu_m128_seed3,15,5,y,105,59.162131192815664,0.9999850055534357,other |H|=12 units=4 transl=5Z idx=10 triv,l
aff15_wu_m128_seed3,15,5,y,107,53.58122875241804,0.9999699832522774,M_x (point stabilizer) idx=15 triv,l
aff15_wu_m128_seed3,15,5,y,108,8.991556431319751e-05,0.9122855109282769,other |H|=12 units=4 transl=5Z idx=10 char,l
aff15_wu_m128_seed3,15,5,y,110,57.075392444089374,0.9999919125528285,M_x (point stabilizer) idx=15 triv,l
aff15_wu_m128_seed3,15,5,y,111,54.894858539099204,0.9999891197182171,other |H|=12 units=4 transl=5Z idx=10 triv,l
aff15_wu_m128_seed3,15,5,y,113,64.66388473766018,0.9999857218511613,other |H|=12 units=4 transl=5Z idx=10 triv,l
aff15_wu_m128_seed3,15,5,y,115,451.3062077889598,0.9999915753468209,other |H|=12 units=4 transl=5Z idx=10 triv,l
aff15_wu_m128_seed3,15,5,y,116,455.4127214468611,0.9999907973552391,other |H|=12 units=4 transl=5Z idx=10 triv,l
aff15_wu_m128_seed3,15,5,y,120,49.063771885928844,0.9999660504205301,other |H|=12 units=4 transl=5Z idx=10 triv,l
aff15_wu_m128_seed3,15,5,y,121,449.80586132970035,0.999986707086843,"S_x,5 (stabilizer mod 5) idx=5 triv",l
aff15_wu_m128_seed3,15,5,y,122,59.29635303688526,0.9999738339522835,M_x (point stabilizer) idx=15 triv,l
aff15_wu_m128_seed3,15,5,y,127,0.0010361953336091487,0.869298333489049,other |H|=12 units=4 transl=5Z idx=10 char,r
aff15_wu_m128_seed4,15,5,x,1,489.66570365814346,0.9999949251894837,M_x (point stabilizer) idx=15 triv,r
aff15_wu_m128_seed4,15,5,x,5,485.6236755911158,0.999995885025146,M_x (point stabilizer) idx=15 triv,r
aff15_wu_m128_seed4,15,5,x,6,31.88958383604394,0.9999899330070026,M_x (point stabilizer) idx=15 triv,r
aff15_wu_m128_seed4,15,5,x,10,228.56949393773746,0.9999954311055423,"S_x,5 (stabilizer mod 5) idx=5 triv",r
aff15_wu_m128_seed4,15,5,x,12,40.57241278491487,0.99999237877185,M_x (point stabilizer) idx=15 triv,r
aff15_wu_m128_seed4,15,5,x,13,39.06946315624838,0.9999857404384511,M_x (point stabilizer) idx=15 triv,r
aff15_wu_m128_seed4,15,5,x,15,0.0002711232248603402,0.8564553380137759,other |H|=12 units=4 transl=5Z idx=10 triv,r
aff15_wu_m128_seed4,15,5,x,16,489.53973861978454,0.9999951151045657,M_x (point stabilizer) idx=15 triv,r
aff15_wu_m128_seed4,15,5,x,17,487.22192018291497,0.9999961174023222,other |H|=12 units=4 transl=5Z idx=10 triv,r
aff15_wu_m128_seed4,15,5,x,21,33.020924713201744,0.9999863101369222,other |H|=12 units=4 transl=5Z idx=10 triv,r
aff15_wu_m128_seed4,15,5,x,24,0.00010286171204237147,0.8830312184248594,other |H|=12 units=4 transl=5Z idx=10 char,r
aff15_wu_m128_seed4,15,5,x,25,48.473701370438974,0.9999935765322154,other |H|=12 units=4 transl=5Z idx=10 triv,r
aff15_wu_m128_seed4,15,5,x,26,486.36512580053034,0.9999947060330127,M_x (point stabilizer) idx=15 triv,r
aff15_wu_m128_seed4,15,5,x,27,31.121555951997482,0.99999150952282,M_x (point stabilizer) idx=15 triv,r
aff15_wu_m128_seed4,15,5,x,28,30.112892667101665,0.9999914325664215,other |H|=12 units=4 transl=5Z idx=10 triv,r
aff15_wu_m128_seed4,15,5,x,30,45.78241409381447,0.9999865917142289,M_x (point stabilizer) idx=15 triv,r
aff15_wu_m128_seed4,15,5,x,31,448.9024462817575,0.9999953773041621,"S_x,5 (stabilizer mod 5) idx=5 triv",r
aff15_wu_m128_seed4,15,5,x,34,0.0007229086251802304,0.8507507712325354,other |H|=12 units=4 transl=5Z idx=10 char,r
aff15_wu_m128_seed4,15,5,x,35,294.2289235551456,0.9999966082237146,M_x (point stabilizer) idx=15 triv,r
aff15_wu_m128_seed4,15,5,x,37,487.2478769190475,0.9999963699936575,M_x (point stabilizer) idx=15 triv,r
aff15_wu_m128_seed4,15,5,x,38,2.55400810296351e-05,0.8337166954287454,other |H|=12 units=4 transl=5Z idx=10 triv,r
aff15_wu_m128_seed4,15,5,x,51,484.08014351973117,0.9999949204959874,M_x (point stabilizer) idx=15 triv,r
aff15_wu_m128_seed4,15,5,x,53,38.767126082673734,0.9999864510338021,other |H|=12 units=4 transl=5Z idx=10 triv,r
aff15_wu_m128_seed4,15,5,x,56,483.89965360446047,0.9999961122571082,M_x (point stabilizer) idx=15 triv,r
aff15_wu_m128_seed4,15,5,x,58,264.9749169999614,0.9999955592011708,"S_x,5 (stabilizer mod 5) idx=5 triv",r
aff15_wu_m128_seed4,15,5,x,59,0.0008717808162162641,0.8844120739442348,other |H|=12 units=4 transl=5Z idx=10 triv,r
aff15_wu_m128_seed4,15,5,x,60,488.5624366371493,0.9999965525136355,M_x (point stabilizer) idx=15 triv,r
aff15_wu_m128_seed4,15,5,x,61,486.74868162946404,0.999995842124358,M_x (point stabilizer) idx=15 triv,r
aff15_wu_m128_seed4,15,5,x,62,24.415880701906598,0.9999776603800452,M_x (point stabilizer) idx=15 triv,r
aff15_wu_m128_seed4,15,5,x,63,0.0009188202053326605,0.8161460433767492,other |H|=12 units=4 transl=5Z idx=10 char,r
aff15_wu_m128_seed4,15,5,x,64,0.0001399229059205625,0.9091737146113802,other |H|=12 units=4 transl=5Z idx=10 triv,r
aff15_wu_m128_seed4,15,5,x,67,483.4043115697868,0.9999940469408658,"S_x,5 (stabilizer mod 5) idx=5 triv",r
aff15_wu_m128_seed4,15,5,x,68,487.08327377310064,0.9999960034093567,M_x (point stabilizer) idx=15 triv,r
aff15_wu_m128_seed4,15,5,x,70,35.51255760078035,0.9999929983566553,other |H|=12 units=4 transl=5Z idx=10 triv,r
aff15_wu_m128_seed4,15,5,x,71,44.824561938127296,0.9999948355209848,M_x (point stabilizer) idx=15 triv,r
aff15_wu_m128_seed4,15,5,x,73,41.26917740568559,0.9999908405844409,other |H|=12 units=4 transl=5Z idx=10 triv,r
aff15_wu_m128_seed4,15,5,x,75,0.0003537537515535124,0.8961564607362478,other |H|=12 units=4 transl=5Z idx=10 char,r
aff15_wu_m128_seed4,15,5,x,77,485.51110233857776,0.9999959377846941,"S_x,5 (stabilizer mod 5) idx=5 triv",r
aff15_wu_m128_seed4,15,5,x,80,488.58593581321395,0.9999963857857534,M_x (point stabilizer) idx=15 triv,r
aff15_wu_m128_seed4,15,5,x,81,50.38705542008166,0.9999913436010678,M_x (point stabilizer) idx=15 triv,r
aff15_wu_m128_seed4,15,5,x,82,31.292563096481206,0.999981107793678,other |H|=12 units=4 transl=5Z idx=10 triv,r
aff15_wu_m128_seed4,15,5,x,83,193.6096344394279,0.9999955228892164,M_x (point stabilizer) idx=15 triv,r
aff15_wu_m128_seed4,15,5,x,85,0.0006983741966393184,0.9179182717928431,other |H|=12 units=4 transl=5Z idx=10 char,r
aff15_wu_m128_seed4,15,5,x,86,486.8634541648651,0.9999936178213106,"S_x,5 (stabilizer mod 5) idx=5 triv",r
aff15_wu_m128_seed4,15,5,x,88,485.528611557527,0.9999949525431976,"S_x,5 (stabilizer mod 5) idx=5 triv",r
aff15_wu_m128_seed4,15,5,x,89,480.2715721554778,0.9999948998156262,"S_x,5 (stabilizer mod 5) idx=5 triv",r
aff15_wu_m128_seed4,15,5,x,92,0.00010101039153095776,0.8631317984984006,other |H|=12 units=4 transl=5Z idx=10 triv,r
aff15_wu_m128_seed4,15,5,x,96,484.894626860672,0.9999956007311441,M_x (point stabilizer) idx=15 triv,r
aff15_wu_m128_seed4,15,5,x,97,28.693155617676137,0.999981463106026,M_x (point stabilizer) idx=15 triv,r
aff15_wu_m128_seed4,15,5,x,99,487.7384855840196,0.9999958563962015,"S_x,5 (stabilizer mod 5) idx=5 triv",r
aff15_wu_m128_seed4,15,5,x,101,47.54637790778191,0.9999909845929915,M_x (point stabilizer) idx=15 triv,r
aff15_wu_m128_seed4,15,5,x,106,30.594024929378556,0.9999854209814535,M_x (point stabilizer) idx=15 triv,r
aff15_wu_m128_seed4,15,5,x,107,486.18027274129884,0.9999949564482757,"S_x,5 (stabilizer mod 5) idx=5 triv",r
aff15_wu_m128_seed4,15,5,x,108,42.93205674355222,0.9999912709318677,M_x (point stabilizer) idx=15 triv,r
aff15_wu_m128_seed4,15,5,x,113,32.01767402929448,0.9999919705328314,M_x (point stabilizer) idx=15 triv,r
aff15_wu_m128_seed4,15,5,x,114,36.179761002923094,0.9999923379897143,M_x (point stabilizer) idx=15 triv,r
aff15_wu_m128_seed4,15,5,x,117,481.34244156438325,0.9999926279542869,M_x (point stabilizer) idx=15 triv,r
aff15_wu_m128_seed4,15,5,x,120,487.088698674479,0.9999956722322522,"S_x,5 (stabilizer mod 5) idx=5 triv",r
aff15_wu_m128_seed4,15,5,x,121,35.85280490146162,0.9999829017789429,M_x (point stabilizer) idx=15 triv,r
aff15_wu_m128_seed4,15,5,x,124,39.15024292593989,0.9999821755562123,M_x (point stabilizer) idx=15 triv,r
aff15_wu_m128_seed4,15,5,x,125,44.29915938587857,0.9999902219047255,M_x (point stabilizer) idx=15 triv,r
aff15_wu_m128_seed4,15,5,y,1,493.63486978568847,0.999995289780329,"S_x,5 (stabilizer mod 5) idx=5 triv",l
aff15_wu_m128_seed4,15,5,y,5,488.39480707082515,0.9999949573676837,"S_x,5 (stabilizer mod 5) idx=5 triv",l
aff15_wu_m128_seed4,15,5,y,6,31.890160001113383,0.9999826702654375,M_x (point stabilizer) idx=15 triv,l
aff15_wu_m128_seed4,15,5,y,10,231.0399664900438,0.9999957174689874,M_x (point stabilizer) idx=15 triv,l
aff15_wu_m128_seed4,15,5,y,12,40.99090732405637,0.9999804656199371,M_x (point stabilizer) idx=15 triv,l
aff15_wu_m128_seed4,15,5,y,13,39.368912694927495,0.9999877959356349,other |H|=12 units=4 transl=5Z idx=10 triv,l
aff15_wu_m128_seed4,15,5,y,16,493.31301569608985,0.9999950421738555,"S_x,5 (stabilizer mod 5) idx=5 triv",l
aff15_wu_m128_seed4,15,5,y,17,491.0648161429011,0.9999946138976932,M_x (point stabilizer) idx=15 triv,l
aff15_wu_m128_seed4,15,5,y,21,32.93731134546141,0.9999919614576107,M_x (point stabilizer) idx=15 triv,l
aff15_wu_m128_seed4,15,5,y,24,0.00020961896753759633,0.8596926330399286,other |H|=12 units=4 transl=5Z idx=10 char,l
aff15_wu_m128_seed4,15,5,y,25,49.15158116632877,0.9999939623969603,M_x (point stabilizer) idx=15 triv,l
aff15_wu_m128_seed4,15,5,y,26,491.4403652652645,0.9999931570225151,"S_x,5 (stabilizer mod 5) idx=5 triv",l
aff15_wu_m128_seed4,15,5,y,27,31.64918449717961,0.9999945274242391,M_x (point stabilizer) idx=15 triv,l
aff15_wu_m128_seed4,15,5,y,28,30.809797239313514,0.9999683087233482,M_x (point stabilizer) idx=15 triv,l
aff15_wu_m128_seed4,15,5,y,30,46.5217201357727,0.9999737916258798,other |H|=12 units=4 transl=5Z idx=10 triv,l
aff15_wu_m128_seed4,15,5,y,31,451.0193333280842,0.9999943875759023,M_x (point stabilizer) idx=15 triv,l
aff15_wu_m128_seed4,15,5,y,35,297.4947361130897,0.9999924345850767,"S_x,5 (stabilizer mod 5) idx=5 triv",l
aff15_wu_m128_seed4,15,5,y,37,491.7888737825387,0.9999955387588653,"S_x,5 (stabilizer mod 5) idx=5 triv",l
aff15_wu_m128_seed4,15,5,y,51,488.2739647659035,0.9999953153049779,"S_x,5 (stabilizer mod 5) idx=5 triv",l
aff15_wu_m128_seed4,15,5,y,53,39.47165611103291,0.9999729928719986,other |H|=12 units=4 transl=5Z idx=10 triv,l
aff15_wu_m128_seed4,15,5,y,56,487.7363307786283,0.9999952737459825,M_x (point stabilizer) idx=15 triv,l
aff15_wu_m128_seed4,15,5,y,58,267.7435614763955,0.9999947903506168,M_x (point stabilizer) idx=15 triv,l
aff15_wu_m128_seed4,15,5,y,60,494.0873713766755,0.9999966702784592,M_x (point stabilizer) idx=15 triv,l
aff15_wu_m128_seed4,15,5,y,61,490.5836133600426,0.9999944213056339,"S_x,5 (stabilizer mod 5) idx=5 triv",l
aff15_wu_m128_seed4,15,5,y,62,24.671174069892743,0.9999779023720462,other |H|=12 units=4 transl=5Z idx=10 triv,l
aff15_wu_m128_seed4,15,5,y,63,0.0011536679310599977,0.8896081075443947,other |H|=12 units=4 transl=5Z idx=10 char,l
aff15_wu_m128_seed4,15,5,y,67,488.0614985255528,0.9999960891226165,M_x (point stabilizer) idx=15 triv,l
aff15_wu_m128_seed4,15,5,y,68,491.63342080464184,0.9999952732773255,"S_x,5 (stabilizer mod 5) idx=5 triv",l
aff15_wu_m128_seed4,15,5,y,70,35.869073746069446,0.9999790147313828,M_x (point stabilizer) idx=15 triv,l
aff15_wu_m128_seed4,15,5,y,71,45.69764440506327,0.9999807080516707,other |H|=12 units=4 transl=5Z idx=10 triv,l
aff15_wu_m128_seed4,15,5,y,73,42.19989452707995,0.9999852129482355,M_x (point stabilizer) idx=15 triv,l
aff15_wu_m128_seed4,15,5,y,77,489.74892945319215,0.9999941501560371,other |H|=12 units=4 transl=5Z idx=10 triv,l
aff15_wu_m128_seed4,15,5,y,80,493.39781980547497,0.9999945559227541,"S_x,5 (stabilizer mod 5) idx=5 triv",l
aff15_wu_m128_seed4,15,5,y,81,51.37813182314616,0.9999938677386122,other |H|=12 units=4 transl=5Z idx=10 triv,l
aff15_wu_m128_seed4,15,5,y,82,31.72365367093308,0.9999925689196244,M_x (point stabilizer) idx=15 triv,l
aff15_wu_m128_seed4,15,5,y,83,195.42771822293355,0.9999919416464721,other |H|=12 units=4 transl=5Z idx=10 triv,l
aff15_wu_m128_seed4,15,5,y,86,490.6047125919024,0.9999957147167874,M_x (point stabilizer) idx=15 triv,l
aff15_wu_m128_seed4,15,5,y,88,490.2008628831804,0.9999936598542902,"S_x,5 (stabilizer mod 5) idx=5 triv",l
aff15_wu_m128_seed4,15,5,y,89,483.40482128436065,0.9999943548930028,M_x (point stabilizer) idx=15 triv,l
aff15_wu_m128_seed4,15,5,y,96,488.69505115969355,0.9999942565630532,other |H|=12 units=4 transl=5Z idx=10 triv,l
aff15_wu_m128_seed4,15,5,y,97,28.52934972948516,0.9999883938903601,M_x (point stabilizer) idx=15 triv,l
aff15_wu_m128_seed4,15,5,y,99,491.2756937014575,0.999992447178527,"S_x,5 (stabilizer mod 5) idx=5 triv",l
aff15_wu_m128_seed4,15,5,y,101,48.43390420605997,0.999983389101385,other |H|=12 units=4 transl=5Z idx=10 triv,l
aff15_wu_m128_seed4,15,5,y,106,31.0859664253053,0.9999797429078484,other |H|=12 units=4 transl=5Z idx=10 triv,l
aff15_wu_m128_seed4,15,5,y,107,488.27313211333734,0.9999946605283496,other |H|=12 units=4 transl=5Z idx=10 triv,l
aff15_wu_m128_seed4,15,5,y,108,43.48693788864095,0.9999916838986277,M_x (point stabilizer) idx=15 triv,l
aff15_wu_m128_seed4,15,5,y,113,32.767531947940824,0.9999910821700382,M_x (point stabilizer) idx=15 triv,l
aff15_wu_m128_seed4,15,5,y,114,36.59949323898117,0.9999900856596812,M_x (point stabilizer) idx=15 triv,l
aff15_wu_m128_seed4,15,5,y,115,0.002433451816855006,0.8308169764728167,other |H|=12 units=4 transl=5Z idx=10 char,r
aff15_wu_m128_seed4,15,5,y,117,484.5384686550561,0.9999954724967216,M_x (point stabilizer) idx=15 triv,l
aff15_wu_m128_seed4,15,5,y,119,0.0020385481236878523,0.8519500159460539,other |H|=12 units=4 transl=5Z idx=10 char,l
aff15_wu_m128_seed4,15,5,y,120,490.4819896544908,0.9999940926609047,"S_x,5 (stabilizer mod 5) idx=5 triv",l
aff15_wu_m128_seed4,15,5,y,121,36.13258737377887,0.9999815055046725,M_x (point stabilizer) idx=15 triv,l
aff15_wu_m128_seed4,15,5,y,124,39.88944636221983,0.9999883115045023,M_x (point stabilizer) idx=15 triv,l
aff15_wu_m128_seed4,15,5,y,125,44.93834457865796,0.9999851980604839,M_x (point stabilizer) idx=15 triv,l
aff15_wu_m128_seed4,15,5,y,126,0.000864513692863823,0.9262246829605317,other |H|=12 units=4 transl=5Z idx=10 char,l
aff15_wu_m128_seed5,15,5β,x,0,307.9322060188636,0.999992000829157,other |H|=12 units=4 transl=5Z idx=10 char,r
aff15_wu_m128_seed5,15,5β,x,2,0.008745737051558938,0.9714959875403497,other |H|=12 units=4 transl=5Z idx=10 char,r
aff15_wu_m128_seed5,15,5β,x,4,311.1464747645212,0.9999907611189446,"S_x,5 (stabilizer mod 5) idx=5 char",r
aff15_wu_m128_seed5,15,5β,x,5,17.27594793023367,0.9999849611514182,M_x (point stabilizer) idx=15 char,r
aff15_wu_m128_seed5,15,5β,x,6,319.14458108623955,0.9999897540934655,M_x (point stabilizer) idx=15 char,r
aff15_wu_m128_seed5,15,5β,x,7,305.1060384683514,0.9999931009823134,other |H|=12 units=4 transl=5Z idx=10 char,r
aff15_wu_m128_seed5,15,5β,x,9,10.056730336163639,0.9999702829657394,M_x (point stabilizer) idx=15 char,r
aff15_wu_m128_seed5,15,5β,x,10,318.40268139740726,0.9999898276477294,other |H|=12 units=4 transl=5Z idx=10 char,r
aff15_wu_m128_seed5,15,5β,x,14,309.1867117169289,0.9999913286363332,other |H|=12 units=4 transl=5Z idx=10 char,r
aff15_wu_m128_seed5,15,5β,x,15,317.26318551669675,0.9999934253842534,"S_x,5 (stabilizer mod 5) idx=5 char",r
aff15_wu_m128_seed5,15,5β,x,16,95.26758780240074,0.9999858418722409,other |H|=12 units=4 transl=5Z idx=10 char,r
aff15_wu_m128_seed5,15,5β,x,20,306.0349098656892,0.9999890476408884,"S_x,5 (stabilizer mod 5) idx=5 char",r
aff15_wu_m128_seed5,15,5β,x,22,0.00027986094047203125,0.950953593552407,other |H|=12 units=4 transl=5Z idx=10 char,r
aff15_wu_m128_seed5,15,5β,x,23,318.45593593909916,0.9999928095559378,other |H|=12 units=4 transl=5Z idx=10 char,r
aff15_wu_m128_seed5,15,5β,x,27,314.9286379267988,0.9999937302371911,other |H|=12 units=4 transl=5Z idx=10 char,r
aff15_wu_m128_seed5,15,5β,x,30,313.4836335417341,0.9999904297962272,other |H|=12 units=4 transl=5Z idx=10 char,r
aff15_wu_m128_seed5,15,5β,x,31,321.5700610537057,0.9999922224049577,other |H|=12 units=4 transl=5Z idx=10 char,r
aff15_wu_m128_seed5,15,5β,x,34,309.1408490264003,0.9999927869065621,"S_x,5 (stabilizer mod 5) idx=5 char",r
aff15_wu_m128_seed5,15,5β,x,36,313.3538310627263,0.9999919289728627,other |H|=12 units=4 transl=5Z idx=10 char,r
aff15_wu_m128_seed5,15,5β,x,37,311.26785472204756,0.9999877139258299,M_x (point stabilizer) idx=15 char,r
aff15_wu_m128_seed5,15,5β,x,38,299.5233233208301,0.9999900218388893,"S_x,5 (stabilizer mod 5) idx=5 char",r
aff15_wu_m128_seed5,15,5β,x,39,9.798383495507982,0.9999318600062624,other |H|=12 units=4 transl=5Z idx=10 char,r
aff15_wu_m128_seed5,15,5β,x,41,308.809945813834,0.9999897318175361,"S_x,5 (stabilizer mod 5) idx=5 char",r
aff15_wu_m128_seed5,15,5β,x,44,0.0028454563005840075,0.9131307045024063,other |H|=12 units=4 transl=5Z idx=10 char,l
aff15_wu_m128_seed5,15,5β,x,45,304.1073488517065,0.9999935692991241,M_x (point stabilizer) idx=15 char,r
aff15_wu_m128_seed5,15,5β,x,46,11.572435592374328,0.999949318283535,other |H|=12 units=4 transl=5Z idx=10 char,r
aff15_wu_m128_seed5,15,5β,x,47,314.83811149564457,0.9999926292662108,"S_x,5 (stabilizer mod 5) idx=5 char",r
aff15_wu_m128_seed5,15,5β,x,50,322.5858701167211,0.9999902972109453,other |H|=12 units=4 transl=5Z idx=10 char,r
aff15_wu_m128_seed5,15,5β,x,51,315.8469306366204,0.99999209969574,other |H|=12 units=4 transl=5Z idx=10 char,r
aff15_wu_m128_seed5,15,5β,x,52,308.0998153754328,0.9999943030233278,M_x (point stabilizer) idx=15 char,r
aff15_wu_m128_seed5,15,5β,x,53,14.911568497322126,0.9999571063162225,other |H|=12 units=4 transl=5Z idx=10 char,r
aff15_wu_m128_seed5,15,5β,x,54,303.27090575039745,0.999991970548623,other |H|=12 units=4 transl=5Z idx=10 char,r
aff15_wu_m128_seed5,15,5β,x,56,308.17867664628466,0.9999925437650944,other |H|=12 units=4 transl=5Z idx=10 char,r
aff15_wu_m128_seed5,15,5β,x,57,10.808555983961433,0.9999707699044038,M_x (point stabilizer) idx=15 char,r
aff15_wu_m128_seed5,15,5β,x,58,207.03109685905778,0.9999945749579928,other |H|=12 units=4 transl=5Z idx=10 char,r
aff15_wu_m128_seed5,15,5β,x,59,311.06995089509894,0.9999936168499038,M_x (point stabilizer) idx=15 char,r
aff15_wu_m128_seed5,15,5β,x,60,309.2738785538784,0.999989610254154,M_x (point stabilizer) idx=15 char,r
aff15_wu_m128_seed5,15,5β,x,62,310.55331288564525,0.9999927124587101,"S_x,5 (stabilizer mod 5) idx=5 char",r
aff15_wu_m128_seed5,15,5β,x,67,305.4692688135977,0.9999922765430816,"S_x,5 (stabilizer mod 5) idx=5 char",r
aff15_wu_m128_seed5,15,5β,x,68,300.3687467016289,0.9999900275125572,"S_x,5 (stabilizer mod 5) idx=5 char",r
aff15_wu_m128_seed5,15,5β,x,70,307.29763688899044,0.999990654222179,M_x (point stabilizer) idx=15 char,r
aff15_wu_m128_seed5,15,5β,x,72,309.3335698680466,0.9999870914980643,"S_x,5 (stabilizer mod 5) idx=5 char",r
aff15_wu_m128_seed5,15,5β,x,75,0.0005275694731611527,0.8787264188431211,other |H|=12 units=4 transl=5Z idx=10 char,r
aff15_wu_m128_seed5,15,5β,x,77,303.3937744587265,0.9999893868896635,other |H|=12 units=4 transl=5Z idx=10 char,r
aff15_wu_m128_seed5,15,5β,x,80,0.00693263547751437,0.9189767777962669,other |H|=12 units=4 transl=5Z idx=10 char,r
aff15_wu_m128_seed5,15,5β,x,81,316.91546920269843,0.9999943078942382,"S_x,5 (stabilizer mod 5) idx=5 char",r
aff15_wu_m128_seed5,15,5β,x,82,10.385231213167826,0.9999574265815755,other |H|=12 units=4 transl=5Z idx=10 char,r
aff15_wu_m128_seed5,15,5β,x,83,314.554050788595,0.9999907994770804,other |H|=12 units=4 transl=5Z idx=10 char,r
aff15_wu_m128_seed5,15,5β,x,84,310.45889029012704,0.9999935185072346,other |H|=12 units=4 transl=5Z idx=10 char,r
aff15_wu_m128_seed5,15,5β,x,90,313.84489849631274,0.9999907377814462,other |H|=12 units=4 transl=5Z idx=10 char,r
aff15_wu_m128_seed5,15,5β,x,91,310.61887706845056,0.9999930231223262,M_x (point stabilizer) idx=15 char,r
aff15_wu_m128_seed5,15,5β,x,95,317.25520789554,0.9999866393481628,"S_x,5 (stabilizer mod 5) idx=5 char",r
aff15_wu_m128_seed5,15,5β,x,96,297.94303849033815,0.9999938375485017,"S_x,5 (stabilizer mod 5) idx=5 char",r
aff15_wu_m128_seed5,15,5β,x,102,318.5172599104326,0.999988999949643,M_x (point stabilizer) idx=15 char,r
aff15_wu_m128_seed5,15,5β,x,108,10.641736599909324,0.9999327297049573,other |H|=12 units=4 transl=5Z idx=10 char,r
aff15_wu_m128_seed5,15,5β,x,109,0.00015895607584588564,0.8894122288921247,other |H|=12 units=4 transl=5Z idx=10 char,r
aff15_wu_m128_seed5,15,5β,x,110,19.011524159456183,0.9999396249673697,other |H|=12 units=4 transl=5Z idx=10 char,r
aff15_wu_m128_seed5,15,5β,x,111,321.17826860773044,0.9999900325403084,M_x (point stabilizer) idx=15 char,r
aff15_wu_m128_seed5,15,5β,x,112,299.5788867202107,0.9999873963417999,M_x (point stabilizer) idx=15 char,r
aff15_wu_m128_seed5,15,5β,x,114,313.4494267027203,0.9999907737663979,other |H|=12 units=4 transl=5Z idx=10 char,r
aff15_wu_m128_seed5,15,5β,x,116,26.74645865129782,0.9999858914005411,"S_x,5 (stabilizer mod 5) idx=5 char",r
aff15_wu_m128_seed5,15,5β,x,117,317.5059574997127,0.9999888077998048,other |H|=12 units=4 transl=5Z idx=10 char,r
aff15_wu_m128_seed5,15,5β,x,118,19.137592660611897,0.9999591937919932,other |H|=12 units=4 transl=5Z idx=10 char,r
aff15_wu_m128_seed5,15,5β,x,120,322.7957818971776,0.9999933286880321,"S_x,5 (stabilizer mod 5) idx=5 char",r
aff15_wu_m128_seed5,15,5β,x,121,3.6824632098519725,0.9999557807277865,other |H|=12 units=4 transl=5Z idx=10 char,r
aff15_wu_m128_seed5,15,5β,x,122,308.39944760486077,0.9999894511863755,"S_x,5 (stabilizer mod 5) idx=5 char",r
aff15_wu_m128_seed5,15,5β,x,124,317.63889248036213,0.9999906848689449,"S_x,5 (stabilizer mod 5) idx=5 char",r
aff15_wu_m128_seed5,15,5β,x,126,305.21956635772517,0.9999843668199995,other |H|=12 units=4 transl=5Z idx=10 char,r
aff15_wu_m128_seed5,15,5β,x,127,309.3056007667957,0.9999905270487592,other |H|=12 units=4 transl=5Z idx=10 char,r
aff15_wu_m128_seed5,15,5β,y,0,308.5574924036922,0.9999911839236452,"S_x,5 (stabilizer mod 5) idx=5 char",l
aff15_wu_m128_seed5,15,5β,y,4,313.59301360997443,0.9999937554490194,other |H|=12 units=4 transl=5Z idx=10 char,l
aff15_wu_m128_seed5,15,5β,y,5,17.085777234947734,0.99997077132491,other |H|=12 units=4 transl=5Z idx=10 char,l
aff15_wu_m128_seed5,15,5β,y,6,321.8864615422928,0.9999933000236175,"S_x,5 (stabilizer mod 5) idx=5 char",l
aff15_wu_m128_seed5,15,5β,y,7,306.9067241916409,0.9999878704770957,other |H|=12 units=4 transl=5Z idx=10 char,l
aff15_wu_m128_seed5,15,5β,y,9,9.717957074126895,0.9999886856821738,other |H|=12 units=4 transl=5Z idx=10 char,l
aff15_wu_m128_seed5,15,5β,y,10,321.9194454280182,0.9999961110235037,"S_x,5 (stabilizer mod 5) idx=5 char",l
aff15_wu_m128_seed5,15,5β,y,12,0.0016609031415282822,0.8988018996590692,other |H|=12 units=4 transl=5Z idx=10 char,r
aff15_wu_m128_seed5,15,5β,y,14,311.91048412350176,0.9999889610474276,"S_x,5 (stabilizer mod 5) idx=5 char",l
aff15_wu_m128_seed5,15,5β,y,15,318.596012883916,0.9999922242198467,other |H|=12 units=4 transl=5Z idx=10 char,l
aff15_wu_m128_seed5,15,5β,y,16,95.62313523138543,0.9999889569098197,"S_x,5 (stabilizer mod 5) idx=5 char",l
aff15_wu_m128_seed5,15,5β,y,19,0.0003883264962498394,0.8764476448907317,other |H|=12 units=4 transl=5Z idx=10 char,l
aff15_wu_m128_seed5,15,5β,y,20,309.05615164630876,0.9999967554615828,"S_x,5 (stabilizer mod 5) idx=5 char",l
aff15_wu_m128_seed5,15,5β,y,23,320.98343621230174,0.9999937525188332,other |H|=12 units=4 transl=5Z idx=10 char,l
aff15_wu_m128_seed5,15,5β,y,27,318.8047282313328,0.9999907286369848,other |H|=12 units=4 transl=5Z idx=10 char,l
aff15_wu_m128_seed5,15,5β,y,30,316.0751115781092,0.9999892329894686,"S_x,5 (stabilizer mod 5) idx=5 char",l
aff15_wu_m128_seed5,15,5β,y,31,322.9983170746615,0.9999936695352649,"S_x,5 (stabilizer mod 5) idx=5 char",l
aff15_wu_m128_seed5,15,5β,y,34,310.867051247239,0.9999948241546371,"S_x,5 (stabilizer mod 5) idx=5 char",l
aff15_wu_m128_seed5,15,5β,y,36,314.5597016830183,0.9999926636087076,"S_x,5 (stabilizer mod 5) idx=5 char",l
aff15_wu_m128_seed5,15,5β,y,37,313.9162891095127,0.9999908942780854,"S_x,5 (stabilizer mod 5) idx=5 char",l
aff15_wu_m128_seed5,15,5β,y,38,302.46339773327117,0.999992091145202,"S_x,5 (stabilizer mod 5) idx=5 char",l
aff15_wu_m128_seed5,15,5β,y,39,10.02191617433897,0.9999114926145346,other |H|=12 units=4 transl=5Z idx=10 char,l
aff15_wu_m128_seed5,15,5β,y,41,312.2248820458034,0.999996768495351,"S_x,5 (stabilizer mod 5) idx=5 char",l
aff15_wu_m128_seed5,15,5β,y,43,0.003313586133251473,0.9236941225732773,other |H|=12 units=4 transl=5Z idx=10 char,r
aff15_wu_m128_seed5,15,5β,y,45,305.23147648549036,0.9999952516007824,other |H|=12 units=4 transl=5Z idx=10 char,l
aff15_wu_m128_seed5,15,5β,y,46,11.655551223689844,0.9999743028797209,other |H|=12 units=4 transl=5Z idx=10 char,l
aff15_wu_m128_seed5,15,5β,y,47,317.72494934618936,0.9999945184236956,"S_x,5 (stabilizer mod 5) idx=5 char",l
aff15_wu_m128_seed5,15,5β,y,50,325.27155273443634,0.9999940465863136,"S_x,5 (stabilizer mod 5) idx=5 char",l
aff15_wu_m128_seed5,15,5β,y,51,318.17486975394974,0.9999880375392103,other |H|=12 units=4 transl=5Z idx=10 char,l
aff15_wu_m128_seed5,15,5β,y,52,310.80952335742694,0.9999903664748468,"S_x,5 (stabilizer mod 5) idx=5 char",l
aff15_wu_m128_seed5,15,5β,y,53,14.602565221637775,0.9999372885192245,other |H|=12 units=4 transl=5Z idx=10 char,l
aff15_wu_m128_seed5,15,5β,y,54,306.6106125359313,0.9999870800895436,"S_x,5 (stabilizer mod 5) idx=5 char",l
aff15_wu_m128_seed5,15,5β,y,56,309.58045043376814,0.9999959474004098,"S_x,5 (stabilizer mod 5) idx=5 char",l
aff15_wu_m128_seed5,15,5β,y,57,11.20663850388908,0.9999211731149548,other |H|=12 units=4 transl=5Z idx=10 char,l
aff15_wu_m128_seed5,15,5β,y,58,207.3349489901256,0.9999868266375032,other |H|=12 units=4 transl=5Z idx=10 char,l
aff15_wu_m128_seed5,15,5β,y,59,313.11077463133574,0.9999925265541483,"S_x,5 (stabilizer mod 5) idx=5 char",l
aff15_wu_m128_seed5,15,5β,y,60,312.19169579767225,0.9999927117113308,"S_x,5 (stabilizer mod 5) idx=5 char",l
aff15_wu_m128_seed5,15,5β,y,62,314.49298234608545,0.9999956059583245,other |H|=12 units=4 transl=5Z idx=10 char,l
aff15_wu_m128_seed5,15,5β,y,67,309.1852051953069,0.9999955812427039,"S_x,5 (stabilizer mod 5) idx=5 char",l
aff15_wu_m128_seed5,15,5β,y,68,301.8570426148745,0.9999901351397884,"S_x,5 (stabilizer mod 5) idx=5 char",l
aff15_wu_m128_seed5,15,5β,y,69,0.00011590609804792542,0.9378211225855356,other |H|=12 units=4 transl=5Z idx=10 char,l
aff15_wu_m128_seed5,15,5β,y,70,308.3301925935752,0.9999902670610441,"S_x,5 (stabilizer mod 5) idx=5 char",l
aff15_wu_m128_seed5,15,5β,y,72,311.9532204964222,0.9999907533960228,other |H|=12 units=4 transl=5Z idx=10 char,l
aff15_wu_m128_seed5,15,5β,y,73,0.00375932828062729,0.9385823774780672,other |H|=12 units=4 transl=5Z idx=10 char,l
aff15_wu_m128_seed5,15,5β,y,75,0.0010673479795279565,0.9345086584743807,other |H|=12 units=4 transl=5Z idx=10 char,r
aff15_wu_m128_seed5,15,5β,y,77,307.1085779737908,0.999994997096659,other |H|=12 units=4 transl=5Z idx=10 char,l
aff15_wu_m128_seed5,15,5β,y,81,318.6790086545229,0.9999921763901721,other |H|=12 units=4 transl=5Z idx=10 char,l
aff15_wu_m128_seed5,15,5β,y,82,10.841445849123163,0.9999384495295015,other |H|=12 units=4 transl=5Z idx=10 char,l
aff15_wu_m128_seed5,15,5β,y,83,318.16354419775257,0.999993903248955,"S_x,5 (stabilizer mod 5) idx=5 char",l
aff15_wu_m128_seed5,15,5β,y,84,312.25080691207387,0.9999959088291405,"S_x,5 (stabilizer mod 5) idx=5 char",l
aff15_wu_m128_seed5,15,5β,y,90,317.1657155233815,0.9999926756957913,"S_x,5 (stabilizer mod 5) idx=5 char",l
aff15_wu_m128_seed5,15,5β,y,91,311.26662110229927,0.9999859832671141,"S_x,5 (stabilizer mod 5) idx=5 char",l
aff15_wu_m128_seed5,15,5β,y,95,319.61137254988574,0.9999952644457233,"S_x,5 (stabilizer mod 5) idx=5 char",l
aff15_wu_m128_seed5,15,5β,y,96,298.5384347123224,0.9999936683661316,"S_x,5 (stabilizer mod 5) idx=5 char",l
aff15_wu_m128_seed5,15,5β,y,100,0.0007395684077174738,0.9134609862462747,other |H|=12 units=4 transl=5Z idx=10 char,r
aff15_wu_m128_seed5,15,5β,y,102,319.7223707252661,0.9999926912961664,"S_x,5 (stabilizer mod 5) idx=5 char",l
aff15_wu_m128_seed5,15,5β,y,104,0.0018799083280442964,0.932006199900105,other |H|=12 units=4 transl=5Z idx=10 char,l
aff15_wu_m128_seed5,15,5β,y,108,10.892133499651374,0.9999605922021138,other |H|=12 units=4 transl=5Z idx=10 char,l
aff15_wu_m128_seed5,15,5β,y,110,18.910967780781874,0.9999790871278129,other |H|=12 units=4 transl=5Z idx=10 char,l
aff15_wu_m128_seed5,15,5β,y,111,323.37852120473065,0.9999928351421565,"S_x,5 (stabilizer mod 5) idx=5 char",l
aff15_wu_m128_seed5,15,5β,y,112,302.98532837526113,0.9999926482353199,"S_x,5 (stabilizer mod 5) idx=5 char",l
aff15_wu_m128_seed5,15,5β,y,114,314.7611404867104,0.9999924613558956,"S_x,5 (stabilizer mod 5) idx=5 char",l
aff15_wu_m128_seed5,15,5β,y,116,27.14705017505314,0.9999783584539884,"S_x,5 (stabilizer mod 5) idx=5 char",l
aff15_wu_m128_seed5,15,5β,y,117,319.3005985657728,0.9999920748519492,"S_x,5 (stabilizer mod 5) idx=5 char",l
aff15_wu_m128_seed5,15,5β,y,118,19.40987076463677,0.9999827500907622,other |H|=12 units=4 transl=5Z idx=10 char,l
aff15_wu_m128_seed5,15,5β,y,120,326.29085790003967,0.999994981213608,other |H|=12 units=4 transl=5Z idx=10 char,l
aff15_wu_m128_seed5,15,5β,y,121,3.5694808987448616,0.9998743505234206,other |H|=12 units=4 transl=5Z idx=10 char,l
aff15_wu_m128_seed5,15,5β,y,122,311.7306129745892,0.9999935628627435,"S_x,5 (stabilizer mod 5) idx=5 char",l
aff15_wu_m128_seed5,15,5β,y,124,320.85150223749275,0.9999922478495951,"S_x,5 (stabilizer mod 5) idx=5 char",l
aff15_wu_m128_seed5,15,5β,y,126,308.80756188122945,0.9999903121560655,"S_x,5 (stabilizer mod 5) idx=5 char",l
aff15_wu_m128_seed5,15,5β,y,127,312.41285738451194,0.9999894694828523,"S_x,5 (stabilizer mod 5) idx=5 char",l
aff15_wu_m512_seed1,15,5,x,0,236.71783224008897,0.9999955951197844,"S_x,5 (stabilizer mod 5) idx=5 triv",r
aff15_wu_m512_seed1,15,5,x,4,223.5009599696657,0.9999933272839989,"S_x,5 (stabilizer mod 5) idx=5 triv",r
aff15_wu_m512_seed1,15,5,x,6,235.4812370815011,0.9999945396116171,M_x (point stabilizer) idx=15 triv,r
aff15_wu_m512_seed1,15,5,x,12,225.2155458131737,0.9999957949043184,"S_x,5 (stabilizer mod 5) idx=5 triv",r
aff15_wu_m512_seed1,15,5,x,17,227.95993239899127,0.9999952859848859,other |H|=12 units=4 transl=5Z idx=10 triv,r
aff15_wu_m512_seed1,15,5,x,32,0.0015356843934066758,0.9302350838009505,other |H|=12 units=4 transl=5Z idx=10 char,r
aff15_wu_m512_seed1,15,5,x,40,229.1218289508266,0.9999937567729899,other |H|=12 units=4 transl=5Z idx=10 triv,r
aff15_wu_m512_seed1,15,5,x,41,0.0020410335327267735,0.9344075710375933,other |H|=12 units=4 transl=5Z idx=10 triv,r
aff15_wu_m512_seed1,15,5,x,43,229.76334474010437,0.9999955368825773,M_x (point stabilizer) idx=15 triv,r
aff15_wu_m512_seed1,15,5,x,51,0.0006431458704263198,0.9005198392248188,other |H|=12 units=4 transl=5Z idx=10 triv,r
aff15_wu_m512_seed1,15,5,x,56,0.00011215858471216171,0.9531217917107471,other |H|=12 units=4 transl=5Z idx=10 char,r
aff15_wu_m512_seed1,15,5,x,59,0.000736974248584771,0.9124664819117725,other |H|=12 units=4 transl=5Z idx=10 char,r
aff15_wu_m512_seed1,15,5,x,61,239.24203733024865,0.9999943871563866,M_x (point stabilizer) idx=15 triv,r
aff15_wu_m512_seed1,15,5,x,67,223.39968193121524,0.9999931633888712,other |H|=12 units=4 transl=5Z idx=10 triv,r
aff15_wu_m512_seed1,15,5,x,70,0.000606810309815201,0.9130333618616174,M_x (point stabilizer) idx=15 triv,r
aff15_wu_m512_seed1,15,5,x,79,221.43713349553764,0.9999946878899275,M_x (point stabilizer) idx=15 triv,r
aff15_wu_m512_seed1,15,5,x,83,234.97308309587194,0.9999943650457783,"S_x,5 (stabilizer mod 5) idx=5 triv",r
aff15_wu_m512_seed1,15,5,x,94,0.0010158535482597006,0.8739893245790465,other |H|=12 units=4 transl=5Z idx=10 triv,r
aff15_wu_m512_seed1,15,5,x,102,240.40076228294032,0.9999954936325709,M_x (point stabilizer) idx=15 triv,r
aff15_wu_m512_seed1,15,5,x,106,0.0008301546125658039,0.9625864901396955,other |H|=12 units=4 transl=5Z idx=10 char,r
aff15_wu_m512_seed1,15,5,x,111,225.6572590316294,0.9999941309519281,other |H|=12 units=4 transl=5Z idx=10 triv,r
aff15_wu_m512_seed1,15,5,x,119,226.05426626944916,0.9999927556134915,other |H|=12 units=4 transl=5Z idx=10 triv,r
aff15_wu_m512_seed1,15,5,x,120,0.01065293672159413,0.946879627014545,other |H|=12 units=4 transl=5Z idx=10 char,r
aff15_wu_m512_seed1,15,5,x,125,0.002182565755398514,0.8500398086902272,other |H|=12 units=4 transl=5Z idx=10 char,l
aff15_wu_m512_seed1,15,5,x,131,235.94260723208322,0.9999905889326542,M_x (point stabilizer) idx=15 triv,r
aff15_wu_m512_seed1,15,5,x,142,0.0006646690780043254,0.94345851462943,other |H|=12 units=4 transl=5Z idx=10 triv,r
aff15_wu_m512_seed1,15,5,x,146,0.00043749358308017513,0.906600121679314,other |H|=12 units=4 transl=5Z idx=10 char,r
aff15_wu_m512_seed1,15,5,x,149,3.6793589875489164e-05,0.9200982494563578,other |H|=12 units=4 transl=5Z idx=10 triv,r
aff15_wu_m512_seed1,15,5,x,152,0.002591000299362796,0.9388525439300683,other |H|=12 units=4 transl=5Z idx=10 triv,r
aff15_wu_m512_seed1,15,5,x,153,0.0001739034828905558,0.952208529443252,other |H|=12 units=4 transl=5Z idx=10 triv,r
aff15_wu_m512_seed1,15,5,x,161,0.00015108927355499425,0.9475903069115017,other |H|=12 units=4 transl=5Z idx=10 triv,r
aff15_wu_m512_seed1,15,5,x,170,226.1249186712569,0.9999924878820221,"S_x,5 (stabilizer mod 5) idx=5 triv",r
aff15_wu_m512_seed1,15,5,x,173,238.31524179785654,0.9999963049097529,M_x (point stabilizer) idx=15 triv,r
aff15_wu_m512_seed1,15,5,x,176,236.88287629581066,0.9999959105253989,other |H|=12 units=4 transl=5Z idx=10 triv,r
aff15_wu_m512_seed1,15,5,x,185,222.1537792766194,0.9999948149737408,other |H|=12 units=4 transl=5Z idx=10 triv,r
aff15_wu_m512_seed1,15,5,x,189,225.63485723950538,0.9999956227088617,other |H|=12 units=4 transl=5Z idx=10 triv,r
aff15_wu_m512_seed1,15,5,x,191,238.87315087385394,0.9999940985270993,M_x (point stabilizer) idx=15 triv,r
aff15_wu_m512_seed1,15,5,x,194,0.00021404780032714286,0.8590989492124851,other |H|=12 units=4 transl=5Z idx=10 char,l
aff15_wu_m512_seed1,15,5,x,210,0.00011893756721192316,0.8580536629301151,other |H|=12 units=4 transl=5Z idx=10 char,l
aff15_wu_m512_seed1,15,5,x,223,0.00022479653629722544,0.8749003204324154,other |H|=12 units=4 transl=5Z idx=10 triv,r
aff15_wu_m512_seed1,15,5,x,230,199.71308448744372,0.9999935642643538,"S_x,5 (stabilizer mod 5) idx=5 triv",r
aff15_wu_m512_seed1,15,5,x,231,238.89389428326336,0.999994695979279,M_x (point stabilizer) idx=15 triv,r
aff15_wu_m512_seed1,15,5,x,235,33.16890083213368,0.9999918221515615,M_x (point stabilizer) idx=15 triv,r
aff15_wu_m512_seed1,15,5,x,247,240.12163998242735,0.9999962080793806,"S_x,5 (stabilizer mod 5) idx=5 triv",r
aff15_wu_m512_seed1,15,5,x,261,0.0024026279508757116,0.8919295809035241,other |H|=12 units=4 transl=5Z idx=10 char,l
aff15_wu_m512_seed1,15,5,x,266,0.0006795592180769477,0.9029663329377949,other |H|=12 units=4 transl=5Z idx=10 char,l
aff15_wu_m512_seed1,15,5,x,269,0.0001207182338412835,0.94965732642486,M_x (point stabilizer) idx=15 triv,r
aff15_wu_m512_seed1,15,5,x,271,0.00040346005166569263,0.9030147950370349,other |H|=12 units=4 transl=5Z idx=10 triv,r
aff15_wu_m512_seed1,15,5,x,278,237.66308997687065,0.9999938960464135,"S_x,5 (stabilizer mod 5) idx=5 triv",r
aff15_wu_m512_seed1,15,5,x,279,223.50031010122663,0.9999967124297511,M_x (point stabilizer) idx=15 triv,r
aff15_wu_m512_seed1,15,5,x,280,237.07098712468806,0.9999940438162129,"S_x,5 (stabilizer mod 5) idx=5 triv",r
aff15_wu_m512_seed1,15,5,x,282,148.3807411193554,0.9999945466854694,"S_x,5 (stabilizer mod 5) idx=5 triv",r
aff15_wu_m512_seed1,15,5,x,292,0.00011404429249924651,0.9260138644369349,other |H|=12 units=4 transl=5Z idx=10 char,r
aff15_wu_m512_seed1,15,5,x,296,88.23925798392665,0.9999949087729959,M_x (point stabilizer) idx=15 triv,r
aff15_wu_m512_seed1,15,5,x,298,221.10625812492398,0.9999938532449394,M_x (point stabilizer) idx=15 triv,r
aff15_wu_m512_seed1,15,5,x,299,0.010265916553528598,0.8974548861104686,other |H|=12 units=4 transl=5Z idx=10 char,r
aff15_wu_m512_seed1,15,5,x,303,221.69399617953113,0.9999937565886535,M_x (point stabilizer) idx=15 triv,r
aff15_wu_m512_seed1,15,5,x,311,222.944719128977,0.9999940097207654,other |H|=12 units=4 transl=5Z idx=10 triv,r
aff15_wu_m512_seed1,15,5,x,313,0.00011416199794389344,0.9392405569950141,other |H|=12 units=4 transl=5Z idx=10 char,r
aff15_wu_m512_seed1,15,5,x,325,5.6141627026086e-05,0.8389975957841664,other |H|=12 units=4 transl=5Z idx=10 char,l
aff15_wu_m512_seed1,15,5,x,330,234.41884115767334,0.9999959372149373,M_x (point stabilizer) idx=15 triv,r
aff15_wu_m512_seed1,15,5,x,334,0.00048674268479670564,0.8575487183379423,other |H|=12 units=4 transl=5Z idx=10 char,l
aff15_wu_m512_seed1,15,5,x,339,0.00040903410528850883,0.9429918503923714,other |H|=12 units=4 transl=5Z idx=10 triv,r
aff15_wu_m512_seed1,15,5,x,341,5.128733720126582e-05,0.8629442333050861,other |H|=12 units=4 transl=5Z idx=10 char,l
aff15_wu_m512_seed1,15,5,x,345,236.44930597401722,0.9999956778222653,"S_x,5 (stabilizer mod 5) idx=5 triv",r
aff15_wu_m512_seed1,15,5,x,357,0.00018427832034140278,0.963464131085426,other |H|=12 units=4 transl=5Z idx=10 char,r
aff15_wu_m512_seed1,15,5,x,360,0.0005354809950797229,0.9130492443009506,other |H|=12 units=4 transl=5Z idx=10 triv,r
aff15_wu_m512_seed1,15,5,x,369,237.32151596882892,0.9999931602703216,other |H|=12 units=4 transl=5Z idx=10 triv,r
aff15_wu_m512_seed1,15,5,x,373,9.122847552991842e-05,0.9178363031172625,other |H|=12 units=4 transl=5Z idx=10 char,r
aff15_wu_m512_seed1,15,5,x,379,0.0007022401310865992,0.850715992206055,other |H|=12 units=4 transl=5Z idx=10 char,r
aff15_wu_m512_seed1,15,5,x,380,238.80627500733883,0.9999956394294863,"S_x,5 (stabilizer mod 5) idx=5 triv",r
aff15_wu_m512_seed1,15,5,x,382,240.2488484063316,0.9999946943308634,M_x (point stabilizer) idx=15 triv,r
aff15_wu_m512_seed1,15,5,x,389,0.0003256655537601978,0.8505206107563918,other |H|=12 units=4 transl=5Z idx=10 char,l
aff15_wu_m512_seed1,15,5,x,393,0.0005090292351927522,0.8582340330504262,other |H|=12 units=4 transl=5Z idx=10 char,l
aff15_wu_m512_seed1,15,5,x,402,0.0018241044386014362,0.8434185608391978,other |H|=12 units=4 transl=5Z idx=10 char,l
aff15_wu_m512_seed1,15,5,x,409,226.92155591340045,0.9999959528894976,other |H|=12 units=4 transl=5Z idx=10 triv,r
aff15_wu_m512_seed1,15,5,x,410,227.68939457190334,0.9999953572267954,M_x (point stabilizer) idx=15 triv,r
aff15_wu_m512_seed1,15,5,x,412,0.00024570399845445,0.9360234793765595,other |H|=12 units=4 transl=5Z idx=10 char,r
aff15_wu_m512_seed1,15,5,x,422,235.19361764808343,0.9999955857865285,"S_x,5 (stabilizer mod 5) idx=5 triv",r
aff15_wu_m512_seed1,15,5,x,429,222.8618748889648,0.9999957958230387,M_x (point stabilizer) idx=15 triv,r
aff15_wu_m512_seed1,15,5,x,430,6.282076957861545e-05,0.8530711905304441,other |H|=12 units=4 transl=5Z idx=10 char,l
aff15_wu_m512_seed1,15,5,x,434,223.77195119733815,0.9999935327751939,"S_x,5 (stabilizer mod 5) idx=5 triv",r
aff15_wu_m512_seed1,15,5,x,435,0.0018899900533681862,0.8453635070894107,other |H|=12 units=4 transl=5Z idx=10 char,r
aff15_wu_m512_seed1,15,5,x,437,225.9284054169951,0.9999963985236032,"S_x,5 (stabilizer mod 5) idx=5 triv",r
aff15_wu_m512_seed1,15,5,x,438,226.36328931125044,0.9999924232888381,M_x (point stabilizer) idx=15 triv,r
aff15_wu_m512_seed1,15,5,x,445,0.0030706246254036114,0.9307902077799379,other |H|=12 units=4 transl=5Z idx=10 char,r
aff15_wu_m512_seed1,15,5,x,447,0.002676124454050755,0.8589708862431774,other |H|=12 units=4 transl=5Z idx=10 char,l
aff15_wu_m512_seed1,15,5,x,454,6.805075282041399e-05,0.8588767300829037,other |H|=12 units=4 transl=5Z idx=10 char,l
aff15_wu_m512_seed1,15,5,x,463,226.70943931159536,0.9999959026156513,other |H|=12 units=4 transl=5Z idx=10 triv,r
aff15_wu_m512_seed1,15,5,x,465,8.577635565273598e-05,0.8522614900512329,other |H|=12 units=4 transl=5Z idx=10 char,l
aff15_wu_m512_seed1,15,5,x,471,103.55048858190722,0.9999911914728766,other |H|=12 units=4 transl=5Z idx=10 triv,r
aff15_wu_m512_seed1,15,5,x,476,131.51327730484365,0.9999933465884862,other |H|=12 units=4 transl=5Z idx=10 triv,r
aff15_wu_m512_seed1,15,5,x,479,0.0010333272249330003,0.9265650508762084,other |H|=12 units=4 transl=5Z idx=10 char,r
aff15_wu_m512_seed1,15,5,x,482,0.00030166628899404806,0.8464072730928346,other |H|=12 units=4 transl=5Z idx=10 char,l
aff15_wu_m512_seed1,15,5,x,483,240.55979332716916,0.9999918864250653,other |H|=12 units=4 transl=5Z idx=10 triv,r
aff15_wu_m512_seed1,15,5,x,486,218.5754381311419,0.9999944008521201,M_x (point stabilizer) idx=15 triv,r
aff15_wu_m512_seed1,15,5,x,489,0.0008002429239217228,0.8828729256654394,other |H|=12 units=4 transl=5Z idx=10 char,l
aff15_wu_m512_seed1,15,5,x,492,223.8774239569795,0.9999879655276631,other |H|=12 units=4 transl=5Z idx=10 triv,r
aff15_wu_m512_seed1,15,5,x,494,235.9791632514423,0.9999950961046795,M_x (point stabilizer) idx=15 triv,r
aff15_wu_m512_seed1,15,5,x,504,228.1462050436077,0.9999910487734627,"S_x,5 (stabilizer mod 5) idx=5 triv",r
aff15_wu_m512_seed1,15,5,y,0,238.52633712456293,0.9999977508056901,other |H|=12 units=4 transl=5Z idx=10 triv,l
aff15_wu_m512_seed1,15,5,y,4,225.0320841481123,0.9999950004814612,M_x (point stabilizer) idx=15 triv,l
aff15_wu_m512_seed1,15,5,y,6,237.62561976528326,0.9999961400630135,"S_x,5 (stabilizer mod 5) idx=5 triv",l
aff15_wu_m512_seed1,15,5,y,12,226.84095893735392,0.999995209681808,other |H|=12 units=4 transl=5Z idx=10 triv,l
aff15_wu_m512_seed1,15,5,y,17,229.77735739417244,0.9999957834223351,"S_x,5 (stabilizer mod 5) idx=5 triv",l
aff15_wu_m512_seed1,15,5,y,24,0.0002640868653190573,0.8595697298735984,other |H|=12 units=4 transl=5Z idx=10 char,l
aff15_wu_m512_seed1,15,5,y,40,230.66370847738153,0.9999930175225684,"S_x,5 (stabilizer mod 5) idx=5 triv",l
aff15_wu_m512_seed1,15,5,y,43,231.59417417625994,0.9999952669277414,"S_x,5 (stabilizer mod 5) idx=5 triv",l
aff15_wu_m512_seed1,15,5,y,51,0.00011311399685614201,0.8837385942814862,other |H|=12 units=4 transl=5Z idx=10 char,r
aff15_wu_m512_seed1,15,5,y,60,0.000760381175867814,0.9363943161250814,other |H|=12 units=4 transl=5Z idx=10 char,l
aff15_wu_m512_seed1,15,5,y,61,240.84577740309868,0.9999937175028786,"S_x,5 (stabilizer mod 5) idx=5 triv",l
aff15_wu_m512_seed1,15,5,y,67,224.7794716560801,0.9999949934837628,"S_x,5 (stabilizer mod 5) idx=5 triv",l
aff15_wu_m512_seed1,15,5,y,68,0.0005658856839305006,0.9128511330919338,other |H|=12 units=4 transl=5Z idx=10 char,l
aff15_wu_m512_seed1,15,5,y,79,223.35612707363757,0.9999958412232335,other |H|=12 units=4 transl=5Z idx=10 triv,l
aff15_wu_m512_seed1,15,5,y,83,237.49950100305747,0.9999967730560992,M_x (point stabilizer) idx=15 triv,l
aff15_wu_m512_seed1,15,5,y,90,0.0022652848851091377,0.84155101008772,other |H|=12 units=4 transl=5Z idx=10 char,r
aff15_wu_m512_seed1,15,5,y,98,0.003918552607425004,0.8888703442924161,other |H|=12 units=4 transl=5Z idx=10 char,r
aff15_wu_m512_seed1,15,5,y,100,0.00014016712458687702,0.8847330177847149,other |H|=12 units=4 transl=5Z idx=10 triv,l
aff15_wu_m512_seed1,15,5,y,102,242.03631758479756,0.9999950394136078,other |H|=12 units=4 transl=5Z idx=10 triv,l
aff15_wu_m512_seed1,15,5,y,104,3.114394829382817e-05,0.9305469958569181,other |H|=12 units=4 transl=5Z idx=10 triv,l
aff15_wu_m512_seed1,15,5,y,110,0.00038840838989743815,0.8849992962731138,other |H|=12 units=4 transl=5Z idx=10 char,l
aff15_wu_m512_seed1,15,5,y,111,226.95152020894088,0.999990163810887,M_x (point stabilizer) idx=15 triv,l
aff15_wu_m512_seed1,15,5,y,119,227.70982524265858,0.9999970554416767,other |H|=12 units=4 transl=5Z idx=10 triv,l
aff15_wu_m512_seed1,15,5,y,120,0.0003845846541738465,0.8638426651624219,other |H|=12 units=4 transl=5Z idx=10 char,r
aff15_wu_m512_seed1,15,5,y,121,0.00032323934382661574,0.9097580744268396,other |H|=12 units=4 transl=5Z idx=10 triv,l
aff15_wu_m512_seed1,15,5,y,125,0.0015424243916482908,0.9609692932167577,other |H|=12 units=4 transl=5Z idx=10 triv,l
aff15_wu_m512_seed1,15,5,y,131,237.0134202145309,0.9999951877174098,M_x (point stabilizer) idx=15 triv,l
aff15_wu_m512_seed1,15,5,y,136,0.0006973778516686865,0.8655260953153517,other |H|=12 units=4 transl=5Z idx=10 triv,l
aff15_wu_m512_seed1,15,5,y,140,0.0009027672196280749,0.8795089949964495,other |H|=12 units=4 transl=5Z idx=10 triv,l
aff15_wu_m512_seed1,15,5,y,143,0.00022942148107113684,0.8487853868321779,other |H|=12 units=4 transl=5Z idx=10 char,r
aff15_wu_m512_seed1,15,5,y,148,0.0023311775901433303,0.857711933492708,other |H|=12 units=4 transl=5Z idx=10 char,r
aff15_wu_m512_seed1,15,5,y,149,3.991164110219624e-05,0.8598072997100434,other |H|=12 units=4 transl=5Z idx=10 char,l
aff15_wu_m512_seed1,15,5,y,157,4.435904185566555e-05,0.863580255874883,other |H|=12 units=4 transl=5Z idx=10 char,l
aff15_wu_m512_seed1,15,5,y,159,0.0039188245309452795,0.9167287185494039,other |H|=12 units=4 transl=5Z idx=10 triv,l
aff15_wu_m512_seed1,15,5,y,161,0.001485962229847691,0.9046088110342886,other |H|=12 units=4 transl=5Z idx=10 char,r
aff15_wu_m512_seed1,15,5,y,163,0.001034256726950099,0.9111090447875346,other |H|=12 units=4 transl=5Z idx=10 char,l
aff15_wu_m512_seed1,15,5,y,167,0.0005322912837167641,0.9081841507972706,other |H|=12 units=4 transl=5Z idx=10 char,r
aff15_wu_m512_seed1,15,5,y,169,0.0057472252109986004,0.9005014713803299,other |H|=12 units=4 transl=5Z idx=10 char,l
aff15_wu_m512_seed1,15,5,y,170,227.61430444900068,0.9999945885033856,"S_x,5 (stabilizer mod 5) idx=5 triv",l
aff15_wu_m512_seed1,15,5,y,173,239.87580788007338,0.9999920588406218,"S_x,5 (stabilizer mod 5) idx=5 triv",l
aff15_wu_m512_seed1,15,5,y,176,238.25462863776755,0.9999940216324205,other |H|=12 units=4 transl=5Z idx=10 triv,l
aff15_wu_m512_seed1,15,5,y,179,0.00032252691784253343,0.9105162304185841,other |H|=12 units=4 transl=5Z idx=10 triv,l
aff15_wu_m512_seed1,15,5,y,185,223.97350488491546,0.9999943885726265,"S_x,5 (stabilizer mod 5) idx=5 triv",l
aff15_wu_m512_seed1,15,5,y,188,0.0010923828258392863,0.900717669432871,other |H|=12 units=4 transl=5Z idx=10 triv,l
aff15_wu_m512_seed1,15,5,y,189,226.8126869544147,0.99999598506321,"S_x,5 (stabilizer mod 5) idx=5 triv",l
aff15_wu_m512_seed1,15,5,y,191,240.42779867545806,0.9999962840079994,"S_x,5 (stabilizer mod 5) idx=5 triv",l
aff15_wu_m512_seed1,15,5,y,207,0.00047378745989346287,0.9185121349736499,other |H|=12 units=4 transl=5Z idx=10 triv,l
aff15_wu_m512_seed1,15,5,y,230,201.56645705037332,0.9999943657992865,"S_x,5 (stabilizer mod 5) idx=5 triv",l
aff15_wu_m512_seed1,15,5,y,231,240.77601076956822,0.9999942925174979,"S_x,5 (stabilizer mod 5) idx=5 triv",l
aff15_wu_m512_seed1,15,5,y,232,0.0009886624299465386,0.9408211315287032,other |H|=12 units=4 transl=5Z idx=10 triv,l
aff15_wu_m512_seed1,15,5,y,235,33.64416041200342,0.9999918782672784,M_x (point stabilizer) idx=15 triv,l
aff15_wu_m512_seed1,15,5,y,245,0.0006051991094081274,0.8457542092324009,other |H|=12 units=4 transl=5Z idx=10 char,r
aff15_wu_m512_seed1,15,5,y,247,242.43531676898357,0.9999957182668756,"S_x,5 (stabilizer mod 5) idx=5 triv",l
aff15_wu_m512_seed1,15,5,y,256,0.000978914185881861,0.9120047404218417,other |H|=12 units=4 transl=5Z idx=10 char,l
aff15_wu_m512_seed1,15,5,y,278,239.2146732208944,0.9999955364568704,"S_x,5 (stabilizer mod 5) idx=5 triv",l
aff15_wu_m512_seed1,15,5,y,279,224.75848493421128,0.9999951732553362,"S_x,5 (stabilizer mod 5) idx=5 triv",l
aff15_wu_m512_seed1,15,5,y,280,238.60923214053514,0.9999957552658605,M_x (point stabilizer) idx=15 triv,l
aff15_wu_m512_seed1,15,5,y,282,149.75624055046958,0.9999957916467339,"S_x,5 (stabilizer mod 5) idx=5 triv",l
aff15_wu_m512_seed1,15,5,y,288,0.0011592190826341749,0.8683839944455534,other |H|=12 units=4 transl=5Z idx=10 char,r
aff15_wu_m512_seed1,15,5,y,293,0.0003678139815634624,0.9557547872611288,other |H|=12 units=4 transl=5Z idx=10 char,l
aff15_wu_m512_seed1,15,5,y,295,3.284451356454647e-05,0.8847103041977792,other |H|=12 units=4 transl=5Z idx=10 char,r
aff15_wu_m512_seed1,15,5,y,296,89.6105150917758,0.9999933300085435,M_x (point stabilizer) idx=15 triv,l
aff15_wu_m512_seed1,15,5,y,298,222.13269122571472,0.9999943513186537,other |H|=12 units=4 transl=5Z idx=10 triv,l
aff15_wu_m512_seed1,15,5,y,299,0.006637103251157015,0.9545340532973093,other |H|=12 units=4 transl=5Z idx=10 char,l
aff15_wu_m512_seed1,15,5,y,303,222.93126997308903,0.9999952096992837,M_x (point stabilizer) idx=15 triv,l
aff15_wu_m512_seed1,15,5,y,304,0.0008775519084632944,0.9077082863079443,other |H|=12 units=4 transl=5Z idx=10 char,r
aff15_wu_m512_seed1,15,5,y,311,224.64830070707276,0.9999935935721028,other |H|=12 units=4 transl=5Z idx=10 triv,l
aff15_wu_m512_seed1,15,5,y,314,0.002141774026202321,0.9677976760526771,other |H|=12 units=4 transl=5Z idx=10 char,l
aff15_wu_m512_seed1,15,5,y,315,0.0014765122581966038,0.9483458967821843,other |H|=12 units=4 transl=5Z idx=10 triv,l
aff15_wu_m512_seed1,15,5,y,318,0.00019733720010973652,0.8642056133166551,other |H|=12 units=4 transl=5Z idx=10 char,l
aff15_wu_m512_seed1,15,5,y,324,0.00010601647061575592,0.9253930732586877,other |H|=12 units=4 transl=5Z idx=10 char,l
aff15_wu_m512_seed1,15,5,y,330,236.31732587032627,0.9999949733753818,M_x (point stabilizer) idx=15 triv,l
aff15_wu_m512_seed1,15,5,y,337,4.9730066302174024e-05,0.9224309169019728,other |H|=12 units=4 transl=5Z idx=10 char,l
aff15_wu_m512_seed1,15,5,y,343,0.0022629377658813133,0.9225831290749061,other |H|=12 units=4 transl=5Z idx=10 char,l
aff15_wu_m512_seed1,15,5,y,345,238.38866677257423,0.9999961452240854,M_x (point stabilizer) idx=15 triv,l
aff15_wu_m512_seed1,15,5,y,364,6.380230268994827e-05,0.8724398958976624,other |H|=12 units=4 transl=5Z idx=10 triv,l
aff15_wu_m512_seed1,15,5,y,367,4.434808626240672e-05,0.8771097522356344,other |H|=12 units=4 transl=5Z idx=10 char,r
aff15_wu_m512_seed1,15,5,y,369,238.98586871216784,0.9999949057897953,M_x (point stabilizer) idx=15 triv,l
aff15_wu_m512_seed1,15,5,y,379,0.000189116365191181,0.95466692992844,other |H|=12 units=4 transl=5Z idx=10 char,l
aff15_wu_m512_seed1,15,5,y,380,240.90423241813477,0.9999930929504286,"S_x,5 (stabilizer mod 5) idx=5 triv",l
aff15_wu_m512_seed1,15,5,y,382,242.16332852580004,0.9999949110458453,"S_x,5 (stabilizer mod 5) idx=5 triv",l
aff15_wu_m512_seed1,15,5,y,389,0.00016993885123619501,0.8452487303875257,M_x (point stabilizer) idx=15 triv,l
aff15_wu_m512_seed1,15,5,y,393,0.0005164748632735435,0.8854999664718467,other |H|=12 units=4 transl=5Z idx=10 char,r
aff15_wu_m512_seed1,15,5,y,401,0.00015435632922687896,0.8883234991041457,other |H|=12 units=4 transl=5Z idx=10 char,r
aff15_wu_m512_seed1,15,5,y,409,228.07386495588898,0.9999955680784928,"S_x,5 (stabilizer mod 5) idx=5 triv",l
aff15_wu_m512_seed1,15,5,y,410,229.02953447260802,0.9999944933175187,M_x (point stabilizer) idx=15 triv,l
aff15_wu_m512_seed1,15,5,y,416,0.000968413581768947,0.8771933222020288,other |H|=12 units=4 transl=5Z idx=10 char,r
aff15_wu_m512_seed1,15,5,y,422,237.21182872882858,0.9999934907402265,"S_x,5 (stabilizer mod 5) idx=5 triv",l
aff15_wu_m512_seed1,15,5,y,429,224.97346073967094,0.9999937028247557,M_x (point stabilizer) idx=15 triv,l
aff15_wu_m512_seed1,15,5,y,434,225.32909292053134,0.9999958297267251,other |H|=12 units=4 transl=5Z idx=10 triv,l
aff15_wu_m512_seed1,15,5,y,437,227.70578082618218,0.9999958882174266,other |H|=12 units=4 transl=5Z idx=10 triv,l
aff15_wu_m512_seed1,15,5,y,438,227.7310817601773,0.999996631339016,other |H|=12 units=4 transl=5Z idx=10 triv,l
aff15_wu_m512_seed1,15,5,y,449,0.0013160527905777795,0.859456515609557,other |H|=12 units=4 transl=5Z idx=10 char,l
aff15_wu_m512_seed1,15,5,y,450,0.00011343533923781212,0.8520421551394942,other |H|=12 units=4 transl=5Z idx=10 triv,l
aff15_wu_m512_seed1,15,5,y,459,0.00011154973399492418,0.8927737528298619,other |H|=12 units=4 transl=5Z idx=10 triv,l
aff15_wu_m512_seed1,15,5,y,463,228.98575203089453,0.999992912474573,M_x (point stabilizer) idx=15 triv,l
aff15_wu_m512_seed1,15,5,y,471,104.52024930504358,0.999995289334958,M_x (point stabilizer) idx=15 triv,l
aff15_wu_m512_seed1,15,5,y,472,0.0007701974824223944,0.9474492693375807,other |H|=12 units=4 transl=5Z idx=10 triv,l
aff15_wu_m512_seed1,15,5,y,473,4.753245444536423e-05,0.8836923606331905,other |H|=12 units=4 transl=5Z idx=10 triv,l
aff15_wu_m512_seed1,15,5,y,474,0.0001848685643668949,0.9383418564336405,other |H|=12 units=4 transl=5Z idx=10 triv,l
aff15_wu_m512_seed1,15,5,y,476,132.46623953389383,0.9999902358409294,M_x (point stabilizer) idx=15 triv,l
aff15_wu_m512_seed1,15,5,y,479,0.0004038660449041938,0.9147149267937683,other |H|=12 units=4 transl=5Z idx=10 triv,l
aff15_wu_m512_seed1,15,5,y,483,242.41268428899997,0.9999974653543496,other |H|=12 units=4 transl=5Z idx=10 triv,l
aff15_wu_m512_seed1,15,5,y,486,220.46489106815682,0.9999960166580877,M_x (point stabilizer) idx=15 triv,l
aff15_wu_m512_seed1,15,5,y,489,0.000675360924962891,0.8435100221369841,other |H|=12 units=4 transl=5Z idx=10 char,r
aff15_wu_m512_seed1,15,5,y,492,225.37201595431688,0.9999969699033748,other |H|=12 units=4 transl=5Z idx=10 triv,l
aff15_wu_m512_seed1,15,5,y,493,0.0006092336640373308,0.907363330538615,other |H|=12 units=4 transl=5Z idx=10 char,l
aff15_wu_m512_seed1,15,5,y,494,237.66186039783494,0.9999966152017983,M_x (point stabilizer) idx=15 triv,l
aff15_wu_m512_seed1,15,5,y,498,0.0003254679007870842,0.9067060484526462,other |H|=12 units=4 transl=5Z idx=10 char,r
aff15_wu_m512_seed1,15,5,y,502,0.0009894250527121928,0.8995473926190486,other |H|=12 units=4 transl=5Z idx=10 char,l
aff15_wu_m512_seed1,15,5,y,504,230.11257916893493,0.9999940313635051,"S_x,5 (stabilizer mod 5) idx=5 triv",l
aff15_wu_m512_seed1,15,5,y,505,0.004466408300366471,0.8787809715338467,M_x (point stabilizer) idx=15 triv,l
aff15_wu_m512_seed1,15,5,y,506,3.3926434817758676e-05,0.8674435523418786,other |H|=12 units=4 transl=5Z idx=10 triv,l
aff15_wu_m512_seed2,15,5β,x,0,0.001517149391686714,0.9384854691481479,other |H|=12 units=4 transl=5Z idx=10 char,r
aff15_wu_m512_seed2,15,5β,x,2,0.002949310950291095,0.9515800109403879,other |H|=12 units=4 transl=5Z idx=10 char,r
aff15_wu_m512_seed2,15,5β,x,4,271.77849914077933,0.9999925720253352,"S_x,5 (stabilizer mod 5) idx=5 char",r
aff15_wu_m512_seed2,15,5β,x,10,0.002779823024726615,0.8765111841126378,other |H|=12 units=4 transl=5Z idx=10 char,l
aff15_wu_m512_seed2,15,5β,x,12,268.83093844688835,0.9999948910880081,"S_x,5 (stabilizer mod 5) idx=5 char",r
aff15_wu_m512_seed2,15,5β,x,13,0.001340431267043457,0.9168630020642198,other |H|=12 units=4 transl=5Z idx=10 char,r
aff15_wu_m512_seed2,15,5β,x,14,29.04881400976749,0.9999831357481807,M_x (point stabilizer) idx=15 char,r
aff15_wu_m512_seed2,15,5β,x,19,144.69618073645327,0.9999905472207896,M_x (point stabilizer) idx=15 char,r
aff15_wu_m512_seed2,15,5β,x,20,31.20222412022086,0.9999676983598086,M_x (point stabilizer) idx=15 char,r
aff15_wu_m512_seed2,15,5β,x,29,0.0005955321154203201,0.8810129499879076,other |H|=12 units=4 transl=5Z idx=10 char,l
aff15_wu_m512_seed2,15,5β,x,31,0.0019440930571000183,0.9094867927940785,other |H|=12 units=4 transl=5Z idx=10 char,l
aff15_wu_m512_seed2,15,5β,x,34,264.96827291709457,0.9999954007639426,"S_x,5 (stabilizer mod 5) idx=5 char",r
aff15_wu_m512_seed2,15,5β,x,37,270.0282279392016,0.9999934977222427,"S_x,5 (stabilizer mod 5) idx=5 char",r
aff15_wu_m512_seed2,15,5β,x,40,0.0001985634650515444,0.8516011674866912,other |H|=12 units=4 transl=5Z idx=10 char,l
aff15_wu_m512_seed2,15,5β,x,41,150.9021511917505,0.999987393170326,other |H|=12 units=4 transl=5Z idx=10 char,r
aff15_wu_m512_seed2,15,5β,x,50,0.00010310281795334705,0.9368363893159259,other |H|=12 units=4 transl=5Z idx=10 char,r
aff15_wu_m512_seed2,15,5β,x,52,140.11199289718152,0.9999944103856379,M_x (point stabilizer) idx=15 char,r
aff15_wu_m512_seed2,15,5β,x,53,276.280093283082,0.9999929636598653,other |H|=12 units=4 transl=5Z idx=10 char,r
aff15_wu_m512_seed2,15,5β,x,54,0.002403751130865382,0.9694831277504902,other |H|=12 units=4 transl=5Z idx=10 char,r
aff15_wu_m512_seed2,15,5β,x,66,42.717292367543806,0.9999827297708426,other |H|=12 units=4 transl=5Z idx=10 char,r
aff15_wu_m512_seed2,15,5β,x,68,28.861788613864718,0.9999732458303724,other |H|=12 units=4 transl=5Z idx=10 char,r
aff15_wu_m512_seed2,15,5β,x,70,272.76955921781826,0.999995081459155,M_x (point stabilizer) idx=15 char,r
aff15_wu_m512_seed2,15,5β,x,73,0.001733692916542706,0.8410205281027515,other |H|=12 units=4 transl=5Z idx=10 char,l
aff15_wu_m512_seed2,15,5β,x,75,0.002478057231506538,0.9201686230600532,other |H|=12 units=4 transl=5Z idx=10 char,r
aff15_wu_m512_seed2,15,5β,x,79,0.00041824798428713824,0.9744938464138271,other |H|=12 units=4 transl=5Z idx=10 char,r
aff15_wu_m512_seed2,15,5β,x,80,34.46242314428503,0.9999574537016213,M_x (point stabilizer) idx=15 char,r
aff15_wu_m512_seed2,15,5β,x,81,153.29633679755221,0.9999906537628712,other |H|=12 units=4 transl=5Z idx=10 char,r
aff15_wu_m512_seed2,15,5β,x,82,0.004760952632022677,0.8576079833713232,other |H|=12 units=4 transl=5Z idx=10 char,l
aff15_wu_m512_seed2,15,5β,x,83,0.0005939725861399128,0.9186704213519403,other |H|=12 units=4 transl=5Z idx=10 char,r
aff15_wu_m512_seed2,15,5β,x,85,264.941246686918,0.9999960159714316,other |H|=12 units=4 transl=5Z idx=10 char,r
aff15_wu_m512_seed2,15,5β,x,86,32.129877945877986,0.9999811907092554,M_x (point stabilizer) idx=15 char,r
aff15_wu_m512_seed2,15,5β,x,88,151.34361164974112,0.9999924237251685,other |H|=12 units=4 transl=5Z idx=10 char,r
aff15_wu_m512_seed2,15,5β,x,89,0.0011610377376784094,0.8563417781866505,other |H|=12 units=4 transl=5Z idx=10 char,r
aff15_wu_m512_seed2,15,5β,x,92,140.63191826878028,0.9999903078865254,"S_x,5 (stabilizer mod 5) idx=5 char",r
aff15_wu_m512_seed2,15,5β,x,93,153.5667988130673,0.9999956021475618,other |H|=12 units=4 transl=5Z idx=10 char,r
aff15_wu_m512_seed2,15,5β,x,102,157.32893197348585,0.999995539970729,M_x (point stabilizer) idx=15 char,r
aff15_wu_m512_seed2,15,5β,x,103,151.15402473145176,0.9999814178842533,M_x (point stabilizer) idx=15 char,r
aff15_wu_m512_seed2,15,5β,x,104,0.0027032349715816256,0.8802840676012724,other |H|=12 units=4 transl=5Z idx=10 char,r
aff15_wu_m512_seed2,15,5β,x,107,6.927256563860575e-05,0.8560939281828507,other |H|=12 units=4 transl=5Z idx=10 char,l
aff15_wu_m512_seed2,15,5β,x,110,0.002623397196299731,0.912114693149293,other |H|=12 units=4 transl=5Z idx=10 char,r
aff15_wu_m512_seed2,15,5β,x,111,0.0007296981863650926,0.8792422945851414,other |H|=12 units=4 transl=5Z idx=10 char,l
aff15_wu_m512_seed2,15,5β,x,114,34.56049845115116,0.9999802753792312,M_x (point stabilizer) idx=15 char,r
aff15_wu_m512_seed2,15,5β,x,115,276.7245473606834,0.9999933542839757,"S_x,5 (stabilizer mod 5) idx=5 char",r
aff15_wu_m512_seed2,15,5β,x,117,158.02456897889982,0.9999913470976967,M_x (point stabilizer) idx=15 char,r
aff15_wu_m512_seed2,15,5β,x,119,151.30460911774796,0.9999925519053036,M_x (point stabilizer) idx=15 char,r
aff15_wu_m512_seed2,15,5β,x,121,149.0430642396166,0.9999934283203809,M_x (point stabilizer) idx=15 char,r
aff15_wu_m512_seed2,15,5β,x,123,152.63246001598432,0.9999874543670088,M_x (point stabilizer) idx=15 char,r
aff15_wu_m512_seed2,15,5β,x,124,166.65390226520816,0.9999935776247044,other |H|=12 units=4 transl=5Z idx=10 char,r
aff15_wu_m512_seed2,15,5β,x,125,4.4745159690438145e-05,0.9281396363222173,other |H|=12 units=4 transl=5Z idx=10 char,r
aff15_wu_m512_seed2,15,5β,x,126,32.58822464961164,0.999991279686568,other |H|=12 units=4 transl=5Z idx=10 char,r
aff15_wu_m512_seed2,15,5β,x,128,36.17618862536237,0.9999875648021987,other |H|=12 units=4 transl=5Z idx=10 char,r
aff15_wu_m512_seed2,15,5β,x,131,148.92666210953254,0.9999922276282078,"S_x,5 (stabilizer mod 5) idx=5 char",r
aff15_wu_m512_seed2,15,5β,x,133,150.06577915794767,0.9999922536270617,"S_x,5 (stabilizer mod 5) idx=5 char",r
aff15_wu_m512_seed2,15,5β,x,136,0.0002561875592072649,0.9079168214221354,other |H|=12 units=4 transl=5Z idx=10 char,l
aff15_wu_m512_seed2,15,5β,x,137,0.006866713049228916,0.9231810050218374,other |H|=12 units=4 transl=5Z idx=10 char,r
aff15_wu_m512_seed2,15,5β,x,138,9.43878194641623e-05,0.8666587189326331,other |H|=12 units=4 transl=5Z idx=10 char,r
aff15_wu_m512_seed2,15,5β,x,139,272.73024099320753,0.9999950664064473,M_x (point stabilizer) idx=15 char,r
aff15_wu_m512_seed2,15,5β,x,142,28.610441885831477,0.9999934490715999,M_x (point stabilizer) idx=15 char,r
aff15_wu_m512_seed2,15,5β,x,143,0.008256338230688874,0.9138372459302491,other |H|=12 units=4 transl=5Z idx=10 char,l
aff15_wu_m512_seed2,15,5β,x,144,0.00014062149379846957,0.853929267237345,other |H|=12 units=4 transl=5Z idx=10 char,r
aff15_wu_m512_seed2,15,5β,x,145,150.20378167144096,0.9999902215808419,other |H|=12 units=4 transl=5Z idx=10 char,r
aff15_wu_m512_seed2,15,5β,x,147,163.7332927735469,0.9999948031401574,other |H|=12 units=4 transl=5Z idx=10 char,r
aff15_wu_m512_seed2,15,5β,x,150,265.2712939527238,0.9999914276100685,"S_x,5 (stabilizer mod 5) idx=5 char",r
aff15_wu_m512_seed2,15,5β,x,152,267.0388760752001,0.9999942215754584,"S_x,5 (stabilizer mod 5) idx=5 char",r
aff15_wu_m512_seed2,15,5β,x,158,0.0003507829768455725,0.860525112578945,other |H|=12 units=4 transl=5Z idx=10 char,l
aff15_wu_m512_seed2,15,5β,x,162,148.2770171678402,0.9999942391980153,other |H|=12 units=4 transl=5Z idx=10 char,r
aff15_wu_m512_seed2,15,5β,x,172,153.48135505556712,0.9999911184562311,M_x (point stabilizer) idx=15 char,r
aff15_wu_m512_seed2,15,5β,x,174,0.0004161991189408309,0.8903698697724615,other |H|=12 units=4 transl=5Z idx=10 char,l
aff15_wu_m512_seed2,15,5β,x,175,32.80647962089911,0.9999825555498858,other |H|=12 units=4 transl=5Z idx=10 char,r
aff15_wu_m512_seed2,15,5β,x,176,0.00102577037526554,0.9122579069422205,other |H|=12 units=4 transl=5Z idx=10 char,l
aff15_wu_m512_seed2,15,5β,x,178,28.539273659712098,0.9999917413818447,other |H|=12 units=4 transl=5Z idx=10 char,r
aff15_wu_m512_seed2,15,5β,x,183,34.56226273790563,0.9999677587525901,M_x (point stabilizer) idx=15 char,r
aff15_wu_m512_seed2,15,5β,x,196,0.00020106040881082753,0.921522166926191,other |H|=12 units=4 transl=5Z idx=10 char,r
aff15_wu_m512_seed2,15,5β,x,201,24.535296972785947,0.9999825034560956,M_x (point stabilizer) idx=15 char,r
aff15_wu_m512_seed2,15,5β,x,202,0.004668036377126769,0.9704470930463961,other |H|=12 units=4 transl=5Z idx=10 char,r
aff15_wu_m512_seed2,15,5β,x,209,262.41377290966267,0.9999949174067971,"S_x,5 (stabilizer mod 5) idx=5 char",r
aff15_wu_m512_seed2,15,5β,x,210,157.24626486968913,0.9999925126572496,"S_x,5 (stabilizer mod 5) idx=5 char",r
aff15_wu_m512_seed2,15,5β,x,212,0.0006711163781665157,0.8949358581883453,M_x (point stabilizer) idx=15 char,r
aff15_wu_m512_seed2,15,5β,x,215,153.62150208941463,0.9999917952986221,other |H|=12 units=4 transl=5Z idx=10 char,r
aff15_wu_m512_seed2,15,5β,x,218,0.006338165720599136,0.9311678921689192,other |H|=12 units=4 transl=5Z idx=10 char,r
aff15_wu_m512_seed2,15,5β,x,220,33.64462886895023,0.999991171054327,other |H|=12 units=4 transl=5Z idx=10 char,r
aff15_wu_m512_seed2,15,5β,x,222,0.00480784103461775,0.9047475481346063,other |H|=12 units=4 transl=5Z idx=10 char,l
aff15_wu_m512_seed2,15,5β,x,224,0.0010400537278804909,0.9017133325547312,other |H|=12 units=4 transl=5Z idx=10 char,r
aff15_wu_m512_seed2,15,5β,x,226,155.2778326399582,0.9999915798212435,other |H|=12 units=4 transl=5Z idx=10 char,r
aff15_wu_m512_seed2,15,5β,x,231,144.55045143366215,0.9999927685655998,M_x (point stabilizer) idx=15 char,r
aff15_wu_m512_seed2,15,5β,x,233,0.00025717082951078214,0.9104459912729863,other |H|=12 units=4 transl=5Z idx=10 char,r
aff15_wu_m512_seed2,15,5β,x,239,8.717691486086586e-05,0.8553234753004592,other |H|=12 units=4 transl=5Z idx=10 char,l
aff15_wu_m512_seed2,15,5β,x,240,270.7391357847418,0.9999929752779335,M_x (point stabilizer) idx=15 char,r
aff15_wu_m512_seed2,15,5β,x,241,0.008922062099445004,0.958747762635657,other |H|=12 units=4 transl=5Z idx=10 char,r
aff15_wu_m512_seed2,15,5β,x,249,0.0004921388197717647,0.9160505268867624,other |H|=12 units=4 transl=5Z idx=10 char,r
aff15_wu_m512_seed2,15,5β,x,250,0.0005012286267499974,0.891522618418314,other |H|=12 units=4 transl=5Z idx=10 char,r
aff15_wu_m512_seed2,15,5β,x,251,268.44991552453723,0.9999942819928953,"S_x,5 (stabilizer mod 5) idx=5 char",r
aff15_wu_m512_seed2,15,5β,x,255,157.07601837751645,0.9999887227983767,other |H|=12 units=4 transl=5Z idx=10 char,r
aff15_wu_m512_seed2,15,5β,x,257,152.27578930239514,0.9999925108063649,other |H|=12 units=4 transl=5Z idx=10 char,r
aff15_wu_m512_seed2,15,5β,x,259,0.003918258098586868,0.8816323381959763,other |H|=12 units=4 transl=5Z idx=10 char,r
aff15_wu_m512_seed2,15,5β,x,262,155.28541418044878,0.9999943535398226,M_x (point stabilizer) idx=15 char,r
aff15_wu_m512_seed2,15,5β,x,263,26.59452425654346,0.9999841931905977,other |H|=12 units=4 transl=5Z idx=10 char,r
aff15_wu_m512_seed2,15,5β,x,272,267.52693874264355,0.9999962019482448,"S_x,5 (stabilizer mod 5) idx=5 char",r
aff15_wu_m512_seed2,15,5β,x,274,261.2739197819211,0.9999899887187713,"S_x,5 (stabilizer mod 5) idx=5 char",r
aff15_wu_m512_seed2,15,5β,x,281,0.0005823627479429062,0.9152792946505164,other |H|=12 units=4 transl=5Z idx=10 char,r
aff15_wu_m512_seed2,15,5β,x,282,0.013192373909841274,0.9017370693574994,other |H|=12 units=4 transl=5Z idx=10 char,l
aff15_wu_m512_seed2,15,5β,x,283,0.0008591646227010431,0.8990395817294562,other |H|=12 units=4 transl=5Z idx=10 char,l
aff15_wu_m512_seed2,15,5β,x,288,149.3909824106115,0.9999894706020629,"S_x,5 (stabilizer mod 5) idx=5 char",r
aff15_wu_m512_seed2,15,5β,x,289,0.0007325597259092254,0.9262251841320992,other |H|=12 units=4 transl=5Z idx=10 char,r
aff15_wu_m512_seed2,15,5β,x,294,0.0007676221824571656,0.9076639700075169,other |H|=12 units=4 transl=5Z idx=10 char,r
aff15_wu_m512_seed2,15,5β,x,297,161.41297105967317,0.999992075145325,M_x (point stabilizer) idx=15 char,r
aff15_wu_m512_seed2,15,5β,x,302,159.99468855988982,0.9999923240035312,"S_x,5 (stabilizer mod 5) idx=5 char",r
aff15_wu_m512_seed2,15,5β,x,307,155.01420142304195,0.999994907838334,other |H|=12 units=4 transl=5Z idx=10 char,r
aff15_wu_m512_seed2,15,5β,x,308,150.59198074701013,0.9999925911810664,other |H|=12 units=4 transl=5Z idx=10 char,r
aff15_wu_m512_seed2,15,5β,x,310,269.78769666689715,0.9999942133543621,M_x (point stabilizer) idx=15 char,r
aff15_wu_m512_seed2,15,5β,x,311,274.6070773976187,0.9999948398372943,M_x (point stabilizer) idx=15 char,r
aff15_wu_m512_seed2,15,5β,x,313,32.93110941431873,0.9999825972982229,other |H|=12 units=4 transl=5Z idx=10 char,r
aff15_wu_m512_seed2,15,5β,x,314,143.34757350989747,0.9999954267635461,M_x (point stabilizer) idx=15 char,r
aff15_wu_m512_seed2,15,5β,x,315,0.00016915642270284333,0.9080624870684945,other |H|=12 units=4 transl=5Z idx=10 char,r
aff15_wu_m512_seed2,15,5β,x,316,0.00019810978417783947,0.8463382718768425,M_x (point stabilizer) idx=15 char,r
aff15_wu_m512_seed2,15,5β,x,319,0.008976275259736165,0.9664914435152171,other |H|=12 units=4 transl=5Z idx=10 char,r
aff15_wu_m512_seed2,15,5β,x,326,27.866059749850162,0.9999740752644907,M_x (point stabilizer) idx=15 char,r
aff15_wu_m512_seed2,15,5β,x,327,1.2408042106547275e-05,0.9084590363433054,other |H|=12 units=4 transl=5Z idx=10 char,l
aff15_wu_m512_seed2,15,5β,x,331,6.996067000128212e-05,0.8498843513799118,other |H|=12 units=4 transl=5Z idx=10 char,l
aff15_wu_m512_seed2,15,5β,x,337,0.0012513565357786412,0.9254918012874316,other |H|=12 units=4 transl=5Z idx=10 char,r
aff15_wu_m512_seed2,15,5β,x,342,169.8311222285798,0.9999952469531661,M_x (point stabilizer) idx=15 char,r
aff15_wu_m512_seed2,15,5β,x,343,155.64697307741494,0.9999919972317285,other |H|=12 units=4 transl=5Z idx=10 char,r
aff15_wu_m512_seed2,15,5β,x,354,3.718209684420972e-05,0.8469918989610913,other |H|=12 units=4 transl=5Z idx=10 char,l
aff15_wu_m512_seed2,15,5β,x,356,148.8295391999935,0.9999902115439226,other |H|=12 units=4 transl=5Z idx=10 char,r
aff15_wu_m512_seed2,15,5β,x,361,155.7855485871412,0.9999935593946155,M_x (point stabilizer) idx=15 char,r
aff15_wu_m512_seed2,15,5β,x,363,0.0026895623047050177,0.9031054110515003,M_x (point stabilizer) idx=15 char,r
aff15_wu_m512_seed2,15,5β,x,368,0.004442977316501851,0.9532481010374395,M_x (point stabilizer) idx=15 char,r
aff15_wu_m512_seed2,15,5β,x,369,0.0012097674385836941,0.8604669867847883,other |H|=12 units=4 transl=5Z idx=10 char,r
aff15_wu_m512_seed2,15,5β,x,374,274.83160924387334,0.9999942304867758,M_x (point stabilizer) idx=15 char,r
aff15_wu_m512_seed2,15,5β,x,378,148.41012532264182,0.9999869383375889,"S_x,5 (stabilizer mod 5) idx=5 char",r
aff15_wu_m512_seed2,15,5β,x,379,161.58236063045578,0.9999939107324064,other |H|=12 units=4 transl=5Z idx=10 char,r
aff15_wu_m512_seed2,15,5β,x,381,152.48535941494333,0.9999919200009315,M_x (point stabilizer) idx=15 char,r
aff15_wu_m512_seed2,15,5β,x,383,6.162459232147387e-05,0.9062438219392818,other |H|=12 units=4 transl=5Z idx=10 char,r
aff15_wu_m512_seed2,15,5β,x,393,153.63031151594305,0.9999899693595807,"S_x,5 (stabilizer mod 5) idx=5 char",r
aff15_wu_m512_seed2,15,5β,x,397,0.002050491258656657,0.8953925563258502,other |H|=12 units=4 transl=5Z idx=10 char,l
aff15_wu_m512_seed2,15,5β,x,403,40.59427888211549,0.9999826297900468,M_x (point stabilizer) idx=15 char,r
aff15_wu_m512_seed2,15,5β,x,408,30.807819329932943,0.9999687553474971,M_x (point stabilizer) idx=15 char,r
aff15_wu_m512_seed2,15,5β,x,411,142.39077705551398,0.999993377603655,"S_x,5 (stabilizer mod 5) idx=5 char",r
aff15_wu_m512_seed2,15,5β,x,413,147.59814644088848,0.9999955067877565,other |H|=12 units=4 transl=5Z idx=10 char,r
aff15_wu_m512_seed2,15,5β,x,417,116.27700756940992,0.9999925515130744,M_x (point stabilizer) idx=15 char,r
aff15_wu_m512_seed2,15,5β,x,418,46.17452796318321,0.999972829533787,M_x (point stabilizer) idx=15 char,r
aff15_wu_m512_seed2,15,5β,x,421,153.21160904265457,0.9999939502428296,M_x (point stabilizer) idx=15 char,r
aff15_wu_m512_seed2,15,5β,x,422,278.7870260696029,0.9999941185159343,"S_x,5 (stabilizer mod 5) idx=5 char",r
aff15_wu_m512_seed2,15,5β,x,423,0.004845274090143449,0.9293291304514323,other |H|=12 units=4 transl=5Z idx=10 char,r
aff15_wu_m512_seed2,15,5β,x,424,0.0016439721723317737,0.8838909972032063,M_x (point stabilizer) idx=15 char,r
aff15_wu_m512_seed2,15,5β,x,426,159.22067008470034,0.9999902368995561,other |H|=12 units=4 transl=5Z idx=10 char,r
aff15_wu_m512_seed2,15,5β,x,429,274.4175576573272,0.9999945706747487,M_x (point stabilizer) idx=15 char,r
aff15_wu_m512_seed2,15,5β,x,431,149.4541337532415,0.9999919859601881,M_x (point stabilizer) idx=15 char,r
aff15_wu_m512_seed2,15,5β,x,432,2.291388153190051e-05,0.9163522238940557,other |H|=12 units=4 transl=5Z idx=10 char,r
aff15_wu_m512_seed2,15,5β,x,436,0.00015979245266993324,0.9000101447759552,other |H|=12 units=4 transl=5Z idx=10 char,r
aff15_wu_m512_seed2,15,5β,x,438,27.019903863363595,0.9999506127305584,other |H|=12 units=4 transl=5Z idx=10 char,r
aff15_wu_m512_seed2,15,5β,x,440,280.4595345679885,0.9999938309978167,other |H|=12 units=4 transl=5Z idx=10 char,r
aff15_wu_m512_seed2,15,5β,x,441,0.0052731892223629,0.8873734386277431,other |H|=12 units=4 transl=5Z idx=10 char,l
aff15_wu_m512_seed2,15,5β,x,442,0.0021638385774083784,0.8771385994592013,other |H|=12 units=4 transl=5Z idx=10 char,l
aff15_wu_m512_seed2,15,5β,x,451,0.0036704011808196503,0.9608130663066063,other |H|=12 units=4 transl=5Z idx=10 char,r
aff15_wu_m512_seed2,15,5β,x,452,0.00021360251637774074,0.9494455994109848,other |H|=12 units=4 transl=5Z idx=10 char,r
aff15_wu_m512_seed2,15,5β,x,456,152.4675242094051,0.9999921922261631,other |H|=12 units=4 transl=5Z idx=10 char,r
aff15_wu_m512_seed2,15,5β,x,459,0.00048292514313695155,0.9069630294819944,other |H|=12 units=4 transl=5Z idx=10 char,r
aff15_wu_m512_seed2,15,5β,x,469,153.81240771629658,0.9999875033422813,M_x (point stabilizer) idx=15 char,r
aff15_wu_m512_seed2,15,5β,x,471,0.004616924921515363,0.9744292658456924,other |H|=12 units=4 transl=5Z idx=10 char,r
aff15_wu_m512_seed2,15,5β,x,472,266.4346861413076,0.9999934598654158,"S_x,5 (stabilizer mod 5) idx=5 char",r
aff15_wu_m512_seed2,15,5β,x,475,154.59365882229292,0.999993698514674,M_x (point stabilizer) idx=15 char,r
aff15_wu_m512_seed2,15,5β,x,476,0.001777705232067061,0.8558579657499668,other |H|=12 units=4 transl=5Z idx=10 char,l
aff15_wu_m512_seed2,15,5β,x,478,39.26690162569467,0.9999937683072876,M_x (point stabilizer) idx=15 char,r
aff15_wu_m512_seed2,15,5β,x,480,155.72669757404927,0.9999941449516737,M_x (point stabilizer) idx=15 char,r
aff15_wu_m512_seed2,15,5β,x,492,0.001876827244517565,0.9436405158777067,other |H|=12 units=4 transl=5Z idx=10 char,r
aff15_wu_m512_seed2,15,5β,x,497,270.4940962806349,0.9999956095875092,M_x (point stabilizer) idx=15 char,r
aff15_wu_m512_seed2,15,5β,x,500,0.00473619216420105,0.902068832228193,other |H|=12 units=4 transl=5Z idx=10 char,r
aff15_wu_m512_seed2,15,5β,x,501,0.0011428808500390125,0.8622171707494564,other |H|=12 units=4 transl=5Z idx=10 char,l
aff15_wu_m512_seed2,15,5β,x,503,141.93917314026126,0.9999957844026588,M_x (point stabilizer) idx=15 char,r
aff15_wu_m512_seed2,15,5β,x,505,0.002710770921151309,0.969377009054892,other |H|=12 units=4 transl=5Z idx=10 char,r
aff15_wu_m512_seed2,15,5β,x,509,37.091823146472755,0.9999694268421818,M_x (point stabilizer) idx=15 char,r
aff15_wu_m512_seed2,15,5β,y,0,0.0035973729519930527,0.9596180456377362,other |H|=12 units=4 transl=5Z idx=10 char,l
aff15_wu_m512_seed2,15,5β,y,2,0.000992864218456614,0.9043275610761956,M_x (point stabilizer) idx=15 char,l
aff15_wu_m512_seed2,15,5β,y,3,0.0032170739434802427,0.9723819492797472,other |H|=12 units=4 transl=5Z idx=10 char,l
aff15_wu_m512_seed2,15,5β,y,4,271.1586440162773,0.9999942257645357,"S_x,5 (stabilizer mod 5) idx=5 char",l
aff15_wu_m512_seed2,15,5β,y,10,0.0009417339786184409,0.9487275546872622,other |H|=12 units=4 transl=5Z idx=10 char,l
aff15_wu_m512_seed2,15,5β,y,12,266.1528104309651,0.9999942587283437,other |H|=12 units=4 transl=5Z idx=10 char,l
aff15_wu_m512_seed2,15,5β,y,13,0.0010129602513893926,0.9712721668357985,other |H|=12 units=4 transl=5Z idx=10 char,l
aff15_wu_m512_seed2,15,5β,y,14,29.356475603523133,0.9999685075490022,M_x (point stabilizer) idx=15 char,l
aff15_wu_m512_seed2,15,5β,y,19,144.11123898142364,0.9999869489126805,M_x (point stabilizer) idx=15 char,l
aff15_wu_m512_seed2,15,5β,y,20,31.03281396143621,0.9999724118467189,other |H|=12 units=4 transl=5Z idx=10 char,l
aff15_wu_m512_seed2,15,5β,y,21,0.0006305242756561113,0.9033008306446353,other |H|=12 units=4 transl=5Z idx=10 char,l
aff15_wu_m512_seed2,15,5β,y,27,0.0055619220620365915,0.9611282353084539,other |H|=12 units=4 transl=5Z idx=10 char,l
aff15_wu_m512_seed2,15,5β,y,28,0.007450671707492119,0.8843362161880336,M_x (point stabilizer) idx=15 char,l
aff15_wu_m512_seed2,15,5β,y,33,0.0012339792856596794,0.8653484937424828,M_x (point stabilizer) idx=15 char,l
aff15_wu_m512_seed2,15,5β,y,34,264.6899833952175,0.9999953443774046,M_x (point stabilizer) idx=15 char,l
aff15_wu_m512_seed2,15,5β,y,37,267.0954907642421,0.9999963233508931,M_x (point stabilizer) idx=15 char,l
aff15_wu_m512_seed2,15,5β,y,41,150.4658017219995,0.9999932402642538,M_x (point stabilizer) idx=15 char,l
aff15_wu_m512_seed2,15,5β,y,52,138.38770418688202,0.999991228009379,M_x (point stabilizer) idx=15 char,l
aff15_wu_m512_seed2,15,5β,y,53,274.831514066547,0.9999944187258943,M_x (point stabilizer) idx=15 char,l
aff15_wu_m512_seed2,15,5β,y,54,0.0011726307848175146,0.9371159314500567,other |H|=12 units=4 transl=5Z idx=10 char,l
aff15_wu_m512_seed2,15,5β,y,58,0.00012580333052818348,0.857399042598264,other |H|=12 units=4 transl=5Z idx=10 char,r
aff15_wu_m512_seed2,15,5β,y,61,0.00024814762203840906,0.8803772291940428,other |H|=12 units=4 transl=5Z idx=10 char,r
aff15_wu_m512_seed2,15,5β,y,62,3.182318700651528e-05,0.9005864837573906,other |H|=12 units=4 transl=5Z idx=10 char,l
aff15_wu_m512_seed2,15,5β,y,66,42.40332336845052,0.9999893500007285,other |H|=12 units=4 transl=5Z idx=10 char,l
aff15_wu_m512_seed2,15,5β,y,68,28.787134298343226,0.9999207405953568,M_x (point stabilizer) idx=15 char,l
aff15_wu_m512_seed2,15,5β,y,70,270.5362045570624,0.9999925412832003,M_x (point stabilizer) idx=15 char,l
aff15_wu_m512_seed2,15,5β,y,76,0.0013414451233744365,0.8837182185284507,other |H|=12 units=4 transl=5Z idx=10 char,l
aff15_wu_m512_seed2,15,5β,y,78,8.664915413927103e-05,0.8419515324733426,other |H|=12 units=4 transl=5Z idx=10 char,r
aff15_wu_m512_seed2,15,5β,y,80,33.7453164825254,0.999979948890865,M_x (point stabilizer) idx=15 char,l
aff15_wu_m512_seed2,15,5β,y,81,153.80458046944636,0.9999890061584745,"S_x,5 (stabilizer mod 5) idx=5 char",l
aff15_wu_m512_seed2,15,5β,y,82,0.006284968278486292,0.9513683488502399,other |H|=12 units=4 transl=5Z idx=10 char,l
aff15_wu_m512_seed2,15,5β,y,83,0.0010363068094218929,0.9591523253956971,other |H|=12 units=4 transl=5Z idx=10 char,l
aff15_wu_m512_seed2,15,5β,y,85,264.09490543783744,0.999992696611609,other |H|=12 units=4 transl=5Z idx=10 char,l
aff15_wu_m512_seed2,15,5β,y,86,31.40807150877602,0.9999908500040713,M_x (point stabilizer) idx=15 char,l
aff15_wu_m512_seed2,15,5β,y,88,150.0702478208719,0.999990858661114,other |H|=12 units=4 transl=5Z idx=10 char,l
aff15_wu_m512_seed2,15,5β,y,91,0.00010548165457578099,0.8936031324357828,other |H|=12 units=4 transl=5Z idx=10 char,r
aff15_wu_m512_seed2,15,5β,y,92,138.81213590575217,0.9999939063886445,other |H|=12 units=4 transl=5Z idx=10 char,l
aff15_wu_m512_seed2,15,5β,y,93,152.44985032687535,0.9999938896997715,"S_x,5 (stabilizer mod 5) idx=5 char",l
aff15_wu_m512_seed2,15,5β,y,102,155.97893527319212,0.9999944394416733,other |H|=12 units=4 transl=5Z idx=10 char,l
aff15_wu_m512_seed2,15,5β,y,103,150.95424975590615,0.9999950742333097,M_x (point stabilizer) idx=15 char,l
aff15_wu_m512_seed2,15,5β,y,104,0.0043913575702164195,0.914244592663196,other |H|=12 units=4 transl=5Z idx=10 char,l
aff15_wu_m512_seed2,15,5β,y,106,0.00017279708450871218,0.8424503013694875,other |H|=12 units=4 transl=5Z idx=10 char,r
aff15_wu_m512_seed2,15,5β,y,110,0.004909612116310898,0.8829223882758266,other |H|=12 units=4 transl=5Z idx=10 char,r
aff15_wu_m512_seed2,15,5β,y,114,34.727996622076596,0.9999931480501921,other |H|=12 units=4 transl=5Z idx=10 char,l
aff15_wu_m512_seed2,15,5β,y,115,275.21249543509674,0.9999893823305204,M_x (point stabilizer) idx=15 char,l
aff15_wu_m512_seed2,15,5β,y,116,0.0014011292848205613,0.9159549480835872,other |H|=12 units=4 transl=5Z idx=10 char,l
aff15_wu_m512_seed2,15,5β,y,117,156.9407813590443,0.999992806351685,other |H|=12 units=4 transl=5Z idx=10 char,l
aff15_wu_m512_seed2,15,5β,y,119,150.05236812573204,0.9999935308431566,"S_x,5 (stabilizer mod 5) idx=5 char",l
aff15_wu_m512_seed2,15,5β,y,121,147.3848381711032,0.9999939698041592,M_x (point stabilizer) idx=15 char,l
aff15_wu_m512_seed2,15,5β,y,123,151.60550039757032,0.9999898751439515,other |H|=12 units=4 transl=5Z idx=10 char,l
aff15_wu_m512_seed2,15,5β,y,124,164.1134155674067,0.999992816652896,other |H|=12 units=4 transl=5Z idx=10 char,l
aff15_wu_m512_seed2,15,5β,y,126,31.958405761694042,0.9999778048003573,M_x (point stabilizer) idx=15 char,l
aff15_wu_m512_seed2,15,5β,y,128,35.5164417266398,0.9999890212098936,M_x (point stabilizer) idx=15 char,l
aff15_wu_m512_seed2,15,5β,y,131,146.81797371308522,0.9999929392666097,"S_x,5 (stabilizer mod 5) idx=5 char",l
aff15_wu_m512_seed2,15,5β,y,132,0.0032434014582314154,0.9117900758891854,other |H|=12 units=4 transl=5Z idx=10 char,r
aff15_wu_m512_seed2,15,5β,y,133,147.52483966462464,0.9999909174235643,M_x (point stabilizer) idx=15 char,l
aff15_wu_m512_seed2,15,5β,y,134,0.0018159609358040778,0.8585133475220323,other |H|=12 units=4 transl=5Z idx=10 char,r
aff15_wu_m512_seed2,15,5β,y,137,0.007452657085387577,0.8847088462687681,other |H|=12 units=4 transl=5Z idx=10 char,l
aff15_wu_m512_seed2,15,5β,y,138,6.463450943341223e-05,0.8680058308853388,other |H|=12 units=4 transl=5Z idx=10 char,r
aff15_wu_m512_seed2,15,5β,y,139,269.62964129397125,0.9999914374188078,M_x (point stabilizer) idx=15 char,l
aff15_wu_m512_seed2,15,5β,y,142,28.801363361073772,0.9999903681854804,other |H|=12 units=4 transl=5Z idx=10 char,l
aff15_wu_m512_seed2,15,5β,y,145,149.60822983339133,0.9999925410295496,M_x (point stabilizer) idx=15 char,l
aff15_wu_m512_seed2,15,5β,y,147,161.59662523379677,0.9999938436862933,"S_x,5 (stabilizer mod 5) idx=5 char",l
aff15_wu_m512_seed2,15,5β,y,150,262.8949946789858,0.9999912798963013,"S_x,5 (stabilizer mod 5) idx=5 char",l
aff15_wu_m512_seed2,15,5β,y,152,264.54929573787655,0.99999420033586,"S_x,5 (stabilizer mod 5) idx=5 char",l
aff15_wu_m512_seed2,15,5β,y,155,7.679279654437364e-05,0.8605432120607155,other |H|=12 units=4 transl=5Z idx=10 char,r
aff15_wu_m512_seed2,15,5β,y,161,0.001319281598738933,0.8754507095955553,other |H|=12 units=4 transl=5Z idx=10 char,r
aff15_wu_m512_seed2,15,5β,y,162,148.22427563659804,0.9999930713668798,other |H|=12 units=4 transl=5Z idx=10 char,l
aff15_wu_m512_seed2,15,5β,y,164,0.004752711525528914,0.8666887292999338,other |H|=12 units=4 transl=5Z idx=10 char,r
aff15_wu_m512_seed2,15,5β,y,165,0.002628913316985387,0.909000226478028,other |H|=12 units=4 transl=5Z idx=10 char,r
aff15_wu_m512_seed2,15,5β,y,172,153.29300010746368,0.9999933235937132,other |H|=12 units=4 transl=5Z idx=10 char,l
aff15_wu_m512_seed2,15,5β,y,175,32.07209273376651,0.9999507449171143,other |H|=12 units=4 transl=5Z idx=10 char,l
aff15_wu_m512_seed2,15,5β,y,176,0.0002989334485086397,0.8931531591900572,other |H|=12 units=4 transl=5Z idx=10 char,l
aff15_wu_m512_seed2,15,5β,y,178,28.00303369910461,0.9999808488491764,M_x (point stabilizer) idx=15 char,l
aff15_wu_m512_seed2,15,5β,y,180,6.444050495959339e-05,0.8750194471409258,other |H|=12 units=4 transl=5Z idx=10 char,l
aff15_wu_m512_seed2,15,5β,y,183,34.94401664068319,0.9999822670301001,other |H|=12 units=4 transl=5Z idx=10 char,l
aff15_wu_m512_seed2,15,5β,y,184,0.0004978365738177845,0.9109124465273831,other |H|=12 units=4 transl=5Z idx=10 char,l
aff15_wu_m512_seed2,15,5β,y,198,0.0072106209430979114,0.8828669603126629,other |H|=12 units=4 transl=5Z idx=10 char,l
aff15_wu_m512_seed2,15,5β,y,201,24.345104790646815,0.999965119989705,M_x (point stabilizer) idx=15 char,l
aff15_wu_m512_seed2,15,5β,y,209,260.8694146205468,0.9999937148523699,M_x (point stabilizer) idx=15 char,l
aff15_wu_m512_seed2,15,5β,y,210,155.8397817170303,0.9999943228340997,M_x (point stabilizer) idx=15 char,l
aff15_wu_m512_seed2,15,5β,y,212,0.0009981029444482625,0.9491630104556957,M_x (point stabilizer) idx=15 char,l
aff15_wu_m512_seed2,15,5β,y,215,154.06113284715573,0.9999927173147718,M_x (point stabilizer) idx=15 char,l
aff15_wu_m512_seed2,15,5β,y,220,33.870483457952844,0.9999847564823512,other |H|=12 units=4 transl=5Z idx=10 char,l
aff15_wu_m512_seed2,15,5β,y,222,0.022864347060436552,0.934293934802132,other |H|=12 units=4 transl=5Z idx=10 char,l
aff15_wu_m512_seed2,15,5β,y,224,0.0007910296389343117,0.9377327042269958,other |H|=12 units=4 transl=5Z idx=10 char,l
aff15_wu_m512_seed2,15,5β,y,226,154.1011313396518,0.9999931480028622,"S_x,5 (stabilizer mod 5) idx=5 char",l
aff15_wu_m512_seed2,15,5β,y,231,143.3669614797691,0.9999903872262128,"S_x,5 (stabilizer mod 5) idx=5 char",l
aff15_wu_m512_seed2,15,5β,y,240,268.7943987128463,0.9999923589034873,M_x (point stabilizer) idx=15 char,l
aff15_wu_m512_seed2,15,5β,y,244,0.0009471031030553339,0.9003557489353786,other |H|=12 units=4 transl=5Z idx=10 char,l
aff15_wu_m512_seed2,15,5β,y,249,0.00016037677490307928,0.8599583323136065,other |H|=12 units=4 transl=5Z idx=10 char,r
aff15_wu_m512_seed2,15,5β,y,250,0.0006662899841096886,0.8876289842766014,other |H|=12 units=4 transl=5Z idx=10 char,r
aff15_wu_m512_seed2,15,5β,y,251,265.32212595499396,0.9999942096144173,M_x (point stabilizer) idx=15 char,l
aff15_wu_m512_seed2,15,5β,y,252,0.0026533217509820692,0.8879613190498878,other |H|=12 units=4 transl=5Z idx=10 char,l
aff15_wu_m512_seed2,15,5β,y,254,0.002265616261440833,0.8517895877367364,other |H|=12 units=4 transl=5Z idx=10 char,l
aff15_wu_m512_seed2,15,5β,y,255,156.25463767255437,0.9999890570172347,other |H|=12 units=4 transl=5Z idx=10 char,l
aff15_wu_m512_seed2,15,5β,y,256,7.686941434370629e-05,0.8589298238566333,other |H|=12 units=4 transl=5Z idx=10 char,l
aff15_wu_m512_seed2,15,5β,y,257,151.3213609109861,0.9999915461633243,M_x (point stabilizer) idx=15 char,l
aff15_wu_m512_seed2,15,5β,y,262,153.3907878777877,0.9999925448683142,other |H|=12 units=4 transl=5Z idx=10 char,l
aff15_wu_m512_seed2,15,5β,y,263,25.955738970512275,0.9999813873658671,M_x (point stabilizer) idx=15 char,l
aff15_wu_m512_seed2,15,5β,y,268,0.00015053568345659,0.8644349746897158,M_x (point stabilizer) idx=15 char,l
aff15_wu_m512_seed2,15,5β,y,272,264.84965175921207,0.9999959212479459,M_x (point stabilizer) idx=15 char,l
aff15_wu_m512_seed2,15,5β,y,274,257.81307508870435,0.999990503316172,other |H|=12 units=4 transl=5Z idx=10 char,l
aff15_wu_m512_seed2,15,5β,y,281,0.0003648875096770074,0.9006111829890638,other |H|=12 units=4 transl=5Z idx=10 char,r
aff15_wu_m512_seed2,15,5β,y,285,0.0011032088653974246,0.9086908947680573,other |H|=12 units=4 transl=5Z idx=10 char,r
aff15_wu_m512_seed2,15,5β,y,287,0.0013151688442102768,0.883495359254286,other |H|=12 units=4 transl=5Z idx=10 char,r
aff15_wu_m512_seed2,15,5β,y,288,147.89199953179644,0.9999915739750821,other |H|=12 units=4 transl=5Z idx=10 char,l
aff15_wu_m512_seed2,15,5β,y,297,161.27720388730523,0.9999896724484536,M_x (point stabilizer) idx=15 char,l
aff15_wu_m512_seed2,15,5β,y,302,157.84805538964818,0.9999933733728052,"S_x,5 (stabilizer mod 5) idx=5 char",l
aff15_wu_m512_seed2,15,5β,y,305,0.0010324714616843558,0.8856450122381856,other |H|=12 units=4 transl=5Z idx=10 char,r
aff15_wu_m512_seed2,15,5β,y,307,155.13083423560374,0.999989701567306,other |H|=12 units=4 transl=5Z idx=10 char,l
aff15_wu_m512_seed2,15,5β,y,308,147.24379724556306,0.9999948533203049,M_x (point stabilizer) idx=15 char,l
aff15_wu_m512_seed2,15,5β,y,310,265.53785116988064,0.9999940524484767,M_x (point stabilizer) idx=15 char,l
aff15_wu_m512_seed2,15,5β,y,311,272.51337876382905,0.9999934552223515,other |H|=12 units=4 transl=5Z idx=10 char,l
aff15_wu_m512_seed2,15,5β,y,312,0.00010440620404941913,0.908383908355511,other |H|=12 units=4 transl=5Z idx=10 char,l
aff15_wu_m512_seed2,15,5β,y,313,32.15683256483726,0.9999869223345348,other |H|=12 units=4 transl=5Z idx=10 char,l
aff15_wu_m512_seed2,15,5β,y,314,142.51669038051602,0.9999915245117807,other |H|=12 units=4 transl=5Z idx=10 char,l
aff15_wu_m512_seed2,15,5β,y,319,0.004103836233281083,0.8830142140675917,other |H|=12 units=4 transl=5Z idx=10 char,l
aff15_wu_m512_seed2,15,5β,y,321,0.0029899448525412915,0.87428007008329,other |H|=12 units=4 transl=5Z idx=10 char,l
aff15_wu_m512_seed2,15,5β,y,324,0.0005056109164598143,0.9104768966918132,other |H|=12 units=4 transl=5Z idx=10 char,l
aff15_wu_m512_seed2,15,5β,y,326,28.3431151014558,0.9999834224354708,other |H|=12 units=4 transl=5Z idx=10 char,l
aff15_wu_m512_seed2,15,5β,y,330,0.003738602282564654,0.8887404851881747,other |H|=12 units=4 transl=5Z idx=10 char,r
aff15_wu_m512_seed2,15,5β,y,334,0.0003787849797884124,0.9244733924451601,other |H|=12 units=4 transl=5Z idx=10 char,l
aff15_wu_m512_seed2,15,5β,y,342,169.67216954919013,0.9999946769484578,M_x (point stabilizer) idx=15 char,l
aff15_wu_m512_seed2,15,5β,y,343,154.83575590970824,0.9999925938964276,M_x (point stabilizer) idx=15 char,l
aff15_wu_m512_seed2,15,5β,y,345,0.00025941038918645505,0.8961216905585594,other |H|=12 units=4 transl=5Z idx=10 char,l
aff15_wu_m512_seed2,15,5β,y,347,0.00047310155935772417,0.9482434953857118,other |H|=12 units=4 transl=5Z idx=10 char,l
aff15_wu_m512_seed2,15,5β,y,356,149.0598161042729,0.999994396971226,other |H|=12 units=4 transl=5Z idx=10 char,l
aff15_wu_m512_seed2,15,5β,y,357,7.461408171110749e-05,0.8968113629321,other |H|=12 units=4 transl=5Z idx=10 char,r
aff15_wu_m512_seed2,15,5β,y,361,154.21386758184826,0.9999931699735107,other |H|=12 units=4 transl=5Z idx=10 char,l
aff15_wu_m512_seed2,15,5β,y,362,0.0008401680514398051,0.9122295455204659,other |H|=12 units=4 transl=5Z idx=10 char,l
aff15_wu_m512_seed2,15,5β,y,364,0.005492543114396761,0.9228087425587335,other |H|=12 units=4 transl=5Z idx=10 char,l
aff15_wu_m512_seed2,15,5β,y,368,0.00592109524929847,0.9666987873235053,other |H|=12 units=4 transl=5Z idx=10 char,l
aff15_wu_m512_seed2,15,5β,y,369,0.002134939565873574,0.9475313441863553,other |H|=12 units=4 transl=5Z idx=10 char,l
aff15_wu_m512_seed2,15,5β,y,370,0.0001536301997962294,0.8630860707877778,other |H|=12 units=4 transl=5Z idx=10 char,r
aff15_wu_m512_seed2,15,5β,y,374,274.3351098725368,0.9999916243330589,M_x (point stabilizer) idx=15 char,l
aff15_wu_m512_seed2,15,5β,y,376,0.00012806698344988078,0.8947192761553487,other |H|=12 units=4 transl=5Z idx=10 char,l
aff15_wu_m512_seed2,15,5β,y,378,148.13817774857785,0.9999869288910439,"S_x,5 (stabilizer mod 5) idx=5 char",l
aff15_wu_m512_seed2,15,5β,y,379,159.77804108028766,0.9999947531728979,M_x (point stabilizer) idx=15 char,l
aff15_wu_m512_seed2,15,5β,y,381,151.38199845719132,0.9999945773341977,M_x (point stabilizer) idx=15 char,l
aff15_wu_m512_seed2,15,5β,y,387,0.0012308774174813204,0.8657335984327881,other |H|=12 units=4 transl=5Z idx=10 char,r
aff15_wu_m512_seed2,15,5β,y,388,0.002680759626687128,0.8788753031926818,other |H|=12 units=4 transl=5Z idx=10 char,l
aff15_wu_m512_seed2,15,5β,y,389,0.00042392244177227157,0.8697198704506649,other |H|=12 units=4 transl=5Z idx=10 char,l
aff15_wu_m512_seed2,15,5β,y,393,152.62874633668713,0.9999885873619462,M_x (point stabilizer) idx=15 char,l
aff15_wu_m512_seed2,15,5β,y,397,0.003041871978416189,0.9461753726218091,other |H|=12 units=4 transl=5Z idx=10 char,l
aff15_wu_m512_seed2,15,5β,y,403,40.544060222221596,0.999983766805601,M_x (point stabilizer) idx=15 char,l
aff15_wu_m512_seed2,15,5β,y,408,30.816632253488805,0.9999903279560545,M_x (point stabilizer) idx=15 char,l
aff15_wu_m512_seed2,15,5β,y,411,141.78234926017123,0.9999892292073541,M_x (point stabilizer) idx=15 char,l
aff15_wu_m512_seed2,15,5β,y,413,145.86414977786896,0.999995440356772,"S_x,5 (stabilizer mod 5) idx=5 char",l
aff15_wu_m512_seed2,15,5β,y,414,0.0025845154549350036,0.9088719540314183,other |H|=12 units=4 transl=5Z idx=10 char,l
aff15_wu_m512_seed2,15,5β,y,417,115.61766580324438,0.9999940288713703,M_x (point stabilizer) idx=15 char,l
aff15_wu_m512_seed2,15,5β,y,418,46.10013292043879,0.9999900584167424,other |H|=12 units=4 transl=5Z idx=10 char,l
aff15_wu_m512_seed2,15,5β,y,421,151.13203503123208,0.9999953621887354,"S_x,5 (stabilizer mod 5) idx=5 char",l
aff15_wu_m512_seed2,15,5β,y,422,277.3711338918299,0.9999937401048393,M_x (point stabilizer) idx=15 char,l
aff15_wu_m512_seed2,15,5β,y,426,158.50169595455796,0.999993087625654,M_x (point stabilizer) idx=15 char,l
aff15_wu_m512_seed2,15,5β,y,429,273.76954251434563,0.9999917075531571,M_x (point stabilizer) idx=15 char,l
aff15_wu_m512_seed2,15,5β,y,431,148.45155474992282,0.9999939611942393,M_x (point stabilizer) idx=15 char,l
aff15_wu_m512_seed2,15,5β,y,434,0.006784145870568139,0.9713423199054279,other |H|=12 units=4 transl=5Z idx=10 char,l
aff15_wu_m512_seed2,15,5β,y,438,26.537327989871084,0.9999791300245245,M_x (point stabilizer) idx=15 char,l
aff15_wu_m512_seed2,15,5β,y,439,0.0002561211883076747,0.9047033466898177,other |H|=12 units=4 transl=5Z idx=10 char,l
aff15_wu_m512_seed2,15,5β,y,440,278.3617920765347,0.9999917415849807,"S_x,5 (stabilizer mod 5) idx=5 char",l
aff15_wu_m512_seed2,15,5β,y,446,8.908656644556272e-05,0.8487278735272381,other |H|=12 units=4 transl=5Z idx=10 char,r
aff15_wu_m512_seed2,15,5β,y,451,0.003957094147595172,0.959133114096619,other |H|=12 units=4 transl=5Z idx=10 char,l
aff15_wu_m512_seed2,15,5β,y,456,150.69803323046946,0.9999901476975155,other |H|=12 units=4 transl=5Z idx=10 char,l
aff15_wu_m512_seed2,15,5β,y,469,153.70341136291742,0.9999823679203813,M_x (point stabilizer) idx=15 char,l
aff15_wu_m512_seed2,15,5β,y,472,264.9161636443487,0.9999948814161983,M_x (point stabilizer) idx=15 char,l
aff15_wu_m512_seed2,15,5β,y,474,0.00042878681054542544,0.9086227243482831,M_x (point stabilizer) idx=15 char,l
aff15_wu_m512_seed2,15,5β,y,475,154.5263841437378,0.9999798661323326,"S_x,5 (stabilizer mod 5) idx=5 char",l
aff15_wu_m512_seed2,15,5β,y,476,0.005202248455604036,0.9517373581373402,other |H|=12 units=4 transl=5Z idx=10 char,l
aff15_wu_m512_seed2,15,5β,y,478,38.979760035936884,0.9999826309904327,other |H|=12 units=4 transl=5Z idx=10 char,l
aff15_wu_m512_seed2,15,5β,y,480,153.73395906635452,0.9999952340176397,M_x (point stabilizer) idx=15 char,l
aff15_wu_m512_seed2,15,5β,y,484,0.0020527817484667227,0.8952239630168108,other |H|=12 units=4 transl=5Z idx=10 char,r
aff15_wu_m512_seed2,15,5β,y,488,0.0119410761539089,0.9094920493388523,other |H|=12 units=4 transl=5Z idx=10 char,r
aff15_wu_m512_seed2,15,5β,y,491,0.0009920292055525769,0.9267997289371372,other |H|=12 units=4 transl=5Z idx=10 char,l
aff15_wu_m512_seed2,15,5β,y,494,0.00012701456598124055,0.8579485914253001,other |H|=12 units=4 transl=5Z idx=10 char,r
aff15_wu_m512_seed2,15,5β,y,497,268.8716850603144,0.9999846886486132,other |H|=12 units=4 transl=5Z idx=10 char,l
aff15_wu_m512_seed2,15,5β,y,498,0.005249217139962389,0.8994642795653168,other |H|=12 units=4 transl=5Z idx=10 char,r
aff15_wu_m512_seed2,15,5β,y,500,0.009718660763015575,0.9494717418894927,other |H|=12 units=4 transl=5Z idx=10 char,l
aff15_wu_m512_seed2,15,5β,y,502,0.000713075569475722,0.9487313475075649,other |H|=12 units=4 transl=5Z idx=10 char,l
aff15_wu_m512_seed2,15,5β,y,503,141.37529517543976,0.9999909634853676,M_x (point stabilizer) idx=15 char,l
aff15_wu_m512_seed2,15,5β,y,504,0.0007433138253198598,0.8650868770986914,other |H|=12 units=4 transl=5Z idx=10 char,r
aff15_wu_m512_seed2,15,5β,y,509,36.126920225773965,0.9999887271811778,M_x (point stabilizer) idx=15 char,l
aff15_wu_m512_seed3,15,5β,x,8,0.003072340168745337,0.8632648962888728,other |H|=12 units=4 transl=5Z idx=10 char,r
aff15_wu_m512_seed3,15,5β,x,10,256.5707121695479,0.9999922304208629,other |H|=12 units=4 transl=5Z idx=10 char,r
aff15_wu_m512_seed3,15,5β,x,12,179.6854034400817,0.9999856030599857,other |H|=12 units=4 transl=5Z idx=10 char,r
aff15_wu_m512_seed3,15,5β,x,14,125.00218159924904,0.9999932674354962,other |H|=12 units=4 transl=5Z idx=10 char,r
aff15_wu_m512_seed3,15,5β,x,16,0.0008403785740669611,0.9612427311223732,other |H|=12 units=4 transl=5Z idx=10 char,r
aff15_wu_m512_seed3,15,5β,x,18,64.05728862611429,0.9999846797911609,"S_x,5 (stabilizer mod 5) idx=5 char",r
aff15_wu_m512_seed3,15,5β,x,34,196.57500663931884,0.9999927193397133,"S_x,5 (stabilizer mod 5) idx=5 char",r
aff15_wu_m512_seed3,15,5β,x,35,142.1677867543889,0.9999921285415065,other |H|=12 units=4 transl=5Z idx=10 char,r
aff15_wu_m512_seed3,15,5β,x,36,178.71747987260878,0.9999931425018639,"S_x,5 (stabilizer mod 5) idx=5 char",r
aff15_wu_m512_seed3,15,5β,x,39,185.78059554204557,0.9999833374054182,other |H|=12 units=4 transl=5Z idx=10 char,r
aff15_wu_m512_seed3,15,5β,x,44,136.84320782123507,0.9999919675577525,M_x (point stabilizer) idx=15 char,r
aff15_wu_m512_seed3,15,5β,x,45,125.01249162919638,0.9999833867212755,other |H|=12 units=4 transl=5Z idx=10 char,r
aff15_wu_m512_seed3,15,5β,x,47,169.04767278295898,0.999993870520373,"S_x,5 (stabilizer mod 5) idx=5 char",r
aff15_wu_m512_seed3,15,5β,x,49,249.86655047760178,0.9999911301581123,"S_x,5 (stabilizer mod 5) idx=5 char",r
aff15_wu_m512_seed3,15,5β,x,50,144.67265705765394,0.9999891904522791,other |H|=12 units=4 transl=5Z idx=10 char,r
aff15_wu_m512_seed3,15,5β,x,53,128.74398337636282,0.9999898540524031,M_x (point stabilizer) idx=15 char,r
aff15_wu_m512_seed3,15,5β,x,57,200.21681767111815,0.9999878411837922,other |H|=12 units=4 transl=5Z idx=10 char,r
aff15_wu_m512_seed3,15,5β,x,59,217.17412981265912,0.9999941227582091,"S_x,5 (stabilizer mod 5) idx=5 char",r
aff15_wu_m512_seed3,15,5β,x,68,8.49191689803949e-05,0.928656989981164,other |H|=12 units=4 transl=5Z idx=10 char,r
aff15_wu_m512_seed3,15,5β,x,69,89.42992867820868,0.9999921553867211,M_x (point stabilizer) idx=15 char,r
aff15_wu_m512_seed3,15,5β,x,70,210.03710079532715,0.9999931090972501,"S_x,5 (stabilizer mod 5) idx=5 char",r
aff15_wu_m512_seed3,15,5β,x,72,19.218834132271184,0.9999730005631846,M_x (point stabilizer) idx=15 char,r
aff15_wu_m512_seed3,15,5β,x,73,67.26965234237592,0.9999811746378706,other |H|=12 units=4 transl=5Z idx=10 char,r
aff15_wu_m512_seed3,15,5β,x,75,0.0005317743474241864,0.9088552074875783,other |H|=12 units=4 transl=5Z idx=10 char,r
aff15_wu_m512_seed3,15,5β,x,76,117.89804455130924,0.999988503136162,other |H|=12 units=4 transl=5Z idx=10 char,r
aff15_wu_m512_seed3,15,5β,x,77,118.8783073016969,0.9999880691495571,other |H|=12 units=4 transl=5Z idx=10 char,r
aff15_wu_m512_seed3,15,5β,x,78,128.64929376006256,0.9999900187579944,other |H|=12 units=4 transl=5Z idx=10 char,r
aff15_wu_m512_seed3,15,5β,x,83,264.2355657023055,0.9999880891830686,other |H|=12 units=4 transl=5Z idx=10 char,r
aff15_wu_m512_seed3,15,5β,x,84,110.1075761663945,0.999987796205501,other |H|=12 units=4 transl=5Z idx=10 char,r
aff15_wu_m512_seed3,15,5β,x,92,97.38449219245871,0.9999935069231115,other |H|=12 units=4 transl=5Z idx=10 char,r
aff15_wu_m512_seed3,15,5β,x,95,163.8628354634432,0.9999930619279424,"S_x,5 (stabilizer mod 5) idx=5 char",r
aff15_wu_m512_seed3,15,5β,x,104,195.69483308818943,0.9999930016922322,other |H|=12 units=4 transl=5Z idx=10 char,r
aff15_wu_m512_seed3,15,5β,x,105,0.001094168729254343,0.9068996689826458,other |H|=12 units=4 transl=5Z idx=10 char,r
aff15_wu_m512_seed3,15,5β,x,109,105.13396933892929,0.9999931606086133,other |H|=12 units=4 transl=5Z idx=10 char,r
aff15_wu_m512_seed3,15,5β,x,113,110.73997351708164,0.9999766827970248,other |H|=12 units=4 transl=5Z idx=10 char,r
aff15_wu_m512_seed3,15,5β,x,114,112.11418601196809,0.9999884586367525,"S_x,5 (stabilizer mod 5) idx=5 char",r
aff15_wu_m512_seed3,15,5β,x,115,0.001305023921565434,0.9572709428968714,other |H|=12 units=4 transl=5Z idx=10 char,r
aff15_wu_m512_seed3,15,5β,x,117,147.60987519511104,0.9999936360861961,"S_x,5 (stabilizer mod 5) idx=5 char",r
aff15_wu_m512_seed3,15,5β,x,119,112.20578894815209,0.999993075308427,"S_x,5 (stabilizer mod 5) idx=5 char",r
aff15_wu_m512_seed3,15,5β,x,120,0.004535660896564562,0.9653281761310971,other |H|=12 units=4 transl=5Z idx=10 char,r
aff15_wu_m512_seed3,15,5β,x,122,0.000462917405305891,0.9847934180282049,other |H|=12 units=4 transl=5Z idx=10 char,r
aff15_wu_m512_seed3,15,5β,x,123,0.00041944103949871165,0.8674417175487307,other |H|=12 units=4 transl=5Z idx=10 char,r
aff15_wu_m512_seed3,15,5β,x,131,0.0001771139964051731,0.9174144746212416,other |H|=12 units=4 transl=5Z idx=10 char,r
aff15_wu_m512_seed3,15,5β,x,132,171.95638756042467,0.9999948505987906,other |H|=12 units=4 transl=5Z idx=10 char,r
aff15_wu_m512_seed3,15,5β,x,133,0.0005175809849911648,0.9609205504682834,other |H|=12 units=4 transl=5Z idx=10 char,r
aff15_wu_m512_seed3,15,5β,x,140,0.00602616462536953,0.8982825151165346,other |H|=12 units=4 transl=5Z idx=10 char,r
aff15_wu_m512_seed3,15,5β,x,145,146.0068530753078,0.9999925401676405,M_x (point stabilizer) idx=15 char,r
aff15_wu_m512_seed3,15,5β,x,147,177.66816885164448,0.9999923464267837,other |H|=12 units=4 transl=5Z idx=10 char,r
aff15_wu_m512_seed3,15,5β,x,149,0.0001845635329635218,0.9171620278544229,other |H|=12 units=4 transl=5Z idx=10 char,r
aff15_wu_m512_seed3,15,5β,x,154,0.00017763433429643485,0.8431891869255308,other |H|=12 units=4 transl=5Z idx=10 char,r
aff15_wu_m512_seed3,15,5β,x,156,102.78477056407286,0.9999924443938727,other |H|=12 units=4 transl=5Z idx=10 char,r
aff15_wu_m512_seed3,15,5β,x,157,75.49558481340834,0.9999942457771956,M_x (point stabilizer) idx=15 char,r
aff15_wu_m512_seed3,15,5β,x,161,0.0006665109828745958,0.9546483120820081,other |H|=12 units=4 transl=5Z idx=10 char,r
aff15_wu_m512_seed3,15,5β,x,163,96.83940975647886,0.9999923144820579,other |H|=12 units=4 transl=5Z idx=10 char,r
aff15_wu_m512_seed3,15,5β,x,168,119.32690539517792,0.9999857271307314,other |H|=12 units=4 transl=5Z idx=10 char,r
aff15_wu_m512_seed3,15,5β,x,171,186.81286397359386,0.9999924486814482,"S_x,5 (stabilizer mod 5) idx=5 char",r
aff15_wu_m512_seed3,15,5β,x,172,187.57458346082365,0.9999937700641212,other |H|=12 units=4 transl=5Z idx=10 char,r
aff15_wu_m512_seed3,15,5β,x,176,0.0017908001680499175,0.8841116709169458,other |H|=12 units=4 transl=5Z idx=10 char,r
aff15_wu_m512_seed3,15,5β,x,177,103.51305925115456,0.9999902625786666,other |H|=12 units=4 transl=5Z idx=10 char,r
aff15_wu_m512_seed3,15,5β,x,178,118.97987596589522,0.9999929151299172,other |H|=12 units=4 transl=5Z idx=10 char,r
aff15_wu_m512_seed3,15,5β,x,179,147.6496185366946,0.9999867843601493,other |H|=12 units=4 transl=5Z idx=10 char,r
aff15_wu_m512_seed3,15,5β,x,180,99.11699802100262,0.9999923808592068,M_x (point stabilizer) idx=15 char,r
aff15_wu_m512_seed3,15,5β,x,184,266.7244402515377,0.9999902315175699,other |H|=12 units=4 transl=5Z idx=10 char,r
aff15_wu_m512_seed3,15,5β,x,187,0.0005173241353359634,0.9216074099168972,other |H|=12 units=4 transl=5Z idx=10 char,r
aff15_wu_m512_seed3,15,5β,x,189,6.170392729946705e-05,0.9372824330177915,other |H|=12 units=4 transl=5Z idx=10 char,r
aff15_wu_m512_seed3,15,5β,x,191,0.0009405853971525919,0.8902634400723086,other |H|=12 units=4 transl=5Z idx=10 char,r
aff15_wu_m512_seed3,15,5β,x,194,0.0002928703934176671,0.9229009068029204,M_x (point stabilizer) idx=15 char,r
aff15_wu_m512_seed3,15,5β,x,196,214.10951798254777,0.999995241457415,"S_x,5 (stabilizer mod 5) idx=5 char",r
aff15_wu_m512_seed3,15,5β,x,201,131.25847582012278,0.9999965351181013,M_x (point stabilizer) idx=15 char,r
aff15_wu_m512_seed3,15,5β,x,202,240.79975401233887,0.9999948072706936,"S_x,5 (stabilizer mod 5) idx=5 char",r
aff15_wu_m512_seed3,15,5β,x,204,223.36859284357507,0.9999933440274629,"S_x,5 (stabilizer mod 5) idx=5 char",r
aff15_wu_m512_seed3,15,5β,x,205,137.50762384836077,0.9999873087873421,M_x (point stabilizer) idx=15 char,r
aff15_wu_m512_seed3,15,5β,x,207,144.7498106179237,0.9999933127291488,"S_x,5 (stabilizer mod 5) idx=5 char",r
aff15_wu_m512_seed3,15,5β,x,209,168.19354561443836,0.9999932911854277,"S_x,5 (stabilizer mod 5) idx=5 char",r
aff15_wu_m512_seed3,15,5β,x,214,100.62182227931228,0.9999936900414306,other |H|=12 units=4 transl=5Z idx=10 char,r
aff15_wu_m512_seed3,15,5β,x,216,157.77036502516444,0.9999939791501216,other |H|=12 units=4 transl=5Z idx=10 char,r
aff15_wu_m512_seed3,15,5β,x,217,194.44301795980226,0.9999939603409366,"S_x,5 (stabilizer mod 5) idx=5 char",r
aff15_wu_m512_seed3,15,5β,x,218,0.00015453556180005794,0.8682982232736846,other |H|=12 units=4 transl=5Z idx=10 char,r
aff15_wu_m512_seed3,15,5β,x,220,118.61839103171026,0.9999902332726943,M_x (point stabilizer) idx=15 char,r
aff15_wu_m512_seed3,15,5β,x,224,0.0008637473322806626,0.7790724524239807,other |H|=12 units=4 transl=5Z idx=10 char,l
aff15_wu_m512_seed3,15,5β,x,225,202.808164275474,0.9999930940035759,other |H|=12 units=4 transl=5Z idx=10 char,r
aff15_wu_m512_seed3,15,5β,x,232,87.87276002100403,0.9999948882944464,other |H|=12 units=4 transl=5Z idx=10 char,r
aff15_wu_m512_seed3,15,5β,x,233,141.36505362556028,0.9999918361120517,"S_x,5 (stabilizer mod 5) idx=5 char",r
aff15_wu_m512_seed3,15,5β,x,236,109.561646063281,0.9999852446602066,other |H|=12 units=4 transl=5Z idx=10 char,r
aff15_wu_m512_seed3,15,5β,x,237,0.008383974172180095,0.9194616215662147,other |H|=12 units=4 transl=5Z idx=10 char,r
aff15_wu_m512_seed3,15,5β,x,239,0.00602458566697366,0.9105058448152149,other |H|=12 units=4 transl=5Z idx=10 char,r
aff15_wu_m512_seed3,15,5β,x,244,105.13888110921094,0.9999914382815539,other |H|=12 units=4 transl=5Z idx=10 char,r
aff15_wu_m512_seed3,15,5β,x,248,0.0031733275007955384,0.9504597505437388,other |H|=12 units=4 transl=5Z idx=10 char,r
aff15_wu_m512_seed3,15,5β,x,251,260.5939831267548,0.9999903120598336,other |H|=12 units=4 transl=5Z idx=10 char,r
aff15_wu_m512_seed3,15,5β,x,252,106.71069076999328,0.9999692310801287,other |H|=12 units=4 transl=5Z idx=10 char,r
aff15_wu_m512_seed3,15,5β,x,253,0.00014425577101508046,0.9166274675612106,other |H|=12 units=4 transl=5Z idx=10 char,r
aff15_wu_m512_seed3,15,5β,x,254,123.73676008670016,0.9999947450662157,"S_x,5 (stabilizer mod 5) idx=5 char",r
aff15_wu_m512_seed3,15,5β,x,255,7.279091935311313e-05,0.9270418790581331,other |H|=12 units=4 transl=5Z idx=10 char,r
aff15_wu_m512_seed3,15,5β,x,256,84.10930010560153,0.9999902116461379,other |H|=12 units=4 transl=5Z idx=10 char,r
aff15_wu_m512_seed3,15,5β,x,257,99.32318908072993,0.9999959756006435,M_x (point stabilizer) idx=15 char,r
aff15_wu_m512_seed3,15,5β,x,258,3.8883462607387856e-05,0.9393071694804547,other |H|=12 units=4 transl=5Z idx=10 char,r
aff15_wu_m512_seed3,15,5β,x,260,180.82659059291683,0.9999969520381596,other |H|=12 units=4 transl=5Z idx=10 char,r
aff15_wu_m512_seed3,15,5β,x,266,67.15326784343127,0.9999871036362591,other |H|=12 units=4 transl=5Z idx=10 char,r
aff15_wu_m512_seed3,15,5β,x,268,0.00029241532527040016,0.9406219454094872,M_x (point stabilizer) idx=15 char,r
aff15_wu_m512_seed3,15,5β,x,271,177.05821224791174,0.999994900645284,other |H|=12 units=4 transl=5Z idx=10 char,r
aff15_wu_m512_seed3,15,5β,x,274,0.0006165852973913439,0.9556406358397441,other |H|=12 units=4 transl=5Z idx=10 char,r
aff15_wu_m512_seed3,15,5β,x,275,0.0003302380921585485,0.9082030438624971,other |H|=12 units=4 transl=5Z idx=10 char,r
aff15_wu_m512_seed3,15,5β,x,277,0.000667256076232195,0.9222684319864314,other |H|=12 units=4 transl=5Z idx=10 char,r
aff15_wu_m512_seed3,15,5β,x,283,165.39525050710694,0.999990430048499,other |H|=12 units=4 transl=5Z idx=10 char,r
aff15_wu_m512_seed3,15,5β,x,284,88.70313104028277,0.9999681654519753,"S_x,5 (stabilizer mod 5) idx=5 char",r
aff15_wu_m512_seed3,15,5β,x,288,0.0004260132169903155,0.9722061123027418,other |H|=12 units=4 transl=5Z idx=10 char,r
aff15_wu_m512_seed3,15,5β,x,291,233.3853098094623,0.9999949288521942,other |H|=12 units=4 transl=5Z idx=10 char,r
aff15_wu_m512_seed3,15,5β,x,292,93.25579570465352,0.9999867351934374,other |H|=12 units=4 transl=5Z idx=10 char,r
aff15_wu_m512_seed3,15,5β,x,296,178.95170426147672,0.9999918833609359,other |H|=12 units=4 transl=5Z idx=10 char,r
aff15_wu_m512_seed3,15,5β,x,301,192.81516386807044,0.9999954123545244,other |H|=12 units=4 transl=5Z idx=10 char,r
aff15_wu_m512_seed3,15,5β,x,305,248.39577035169378,0.9999891481648128,"S_x,5 (stabilizer mod 5) idx=5 char",r
aff15_wu_m512_seed3,15,5β,x,311,118.30260959742972,0.9999862727275676,other |H|=12 units=4 transl=5Z idx=10 char,r
aff15_wu_m512_seed3,15,5β,x,312,152.55036771559062,0.9999912576345824,other |H|=12 units=4 transl=5Z idx=10 char,r
aff15_wu_m512_seed3,15,5β,x,313,0.00016487081891134576,0.8890055517859938,other |H|=12 units=4 transl=5Z idx=10 char,r
aff15_wu_m512_seed3,15,5β,x,314,218.62924475852859,0.9999924767790341,other |H|=12 units=4 transl=5Z idx=10 char,r
aff15_wu_m512_seed3,15,5β,x,319,47.59009689643624,0.9999880589499928,M_x (point stabilizer) idx=15 char,r
aff15_wu_m512_seed3,15,5β,x,320,0.001028446566922553,0.9101061226255582,other |H|=12 units=4 transl=5Z idx=10 char,r
aff15_wu_m512_seed3,15,5β,x,324,80.1699213411739,0.9999908190388203,M_x (point stabilizer) idx=15 char,r
aff15_wu_m512_seed3,15,5β,x,327,198.46670218150814,0.9999962385406566,"S_x,5 (stabilizer mod 5) idx=5 char",r
aff15_wu_m512_seed3,15,5β,x,328,55.4535138391357,0.9999926389694055,M_x (point stabilizer) idx=15 char,r
aff15_wu_m512_seed3,15,5β,x,329,154.22768882691568,0.9999957225922647,M_x (point stabilizer) idx=15 char,r
aff15_wu_m512_seed3,15,5β,x,332,226.3793869783301,0.9999941040025584,other |H|=12 units=4 transl=5Z idx=10 char,r
aff15_wu_m512_seed3,15,5β,x,338,313.138836052162,0.9999941564227605,other |H|=12 units=4 transl=5Z idx=10 char,r
aff15_wu_m512_seed3,15,5β,x,341,147.40475620545172,0.9999948645879133,other |H|=12 units=4 transl=5Z idx=10 char,r
aff15_wu_m512_seed3,15,5β,x,342,186.43285559274867,0.9999929862204667,other |H|=12 units=4 transl=5Z idx=10 char,r
aff15_wu_m512_seed3,15,5β,x,343,128.51130161634717,0.9999914744533109,M_x (point stabilizer) idx=15 char,r
aff15_wu_m512_seed3,15,5β,x,345,132.94566718488383,0.9999918444348486,other |H|=12 units=4 transl=5Z idx=10 char,r
aff15_wu_m512_seed3,15,5β,x,347,20.08562556167459,0.9999824565472358,M_x (point stabilizer) idx=15 char,r
aff15_wu_m512_seed3,15,5β,x,350,244.63123888357956,0.9999925788055212,"S_x,5 (stabilizer mod 5) idx=5 char",r
aff15_wu_m512_seed3,15,5β,x,354,108.86869024389752,0.9999865906878624,other |H|=12 units=4 transl=5Z idx=10 char,r
aff15_wu_m512_seed3,15,5β,x,355,0.0011562929692808814,0.8491543643549655,other |H|=12 units=4 transl=5Z idx=10 char,r
aff15_wu_m512_seed3,15,5β,x,358,99.02669605233929,0.9999937270312381,M_x (point stabilizer) idx=15 char,r
aff15_wu_m512_seed3,15,5β,x,361,0.006533610030503718,0.9036529854428987,other |H|=12 units=4 transl=5Z idx=10 char,r
aff15_wu_m512_seed3,15,5β,x,364,125.8311371212792,0.9999886716515817,other |H|=12 units=4 transl=5Z idx=10 char,r
aff15_wu_m512_seed3,15,5β,x,368,93.6840993832321,0.9999925748619918,M_x (point stabilizer) idx=15 char,r
aff15_wu_m512_seed3,15,5β,x,369,0.00033600621010080033,0.9366299160323687,other |H|=12 units=4 transl=5Z idx=10 char,r
aff15_wu_m512_seed3,15,5β,x,370,0.0001062264833540156,0.9736732283540498,other |H|=12 units=4 transl=5Z idx=10 char,r
aff15_wu_m512_seed3,15,5β,x,371,0.0019942608120147214,0.8451038232176047,other |H|=12 units=4 transl=5Z idx=10 char,l
aff15_wu_m512_seed3,15,5β,x,373,236.19270400993383,0.999994106747898,other |H|=12 units=4 transl=5Z idx=10 char,r
aff15_wu_m512_seed3,15,5β,x,377,253.25331401828356,0.9999923137564014,"S_x,5 (stabilizer mod 5) idx=5 char",r
aff15_wu_m512_seed3,15,5β,x,389,0.0012684762071517247,0.9908681649243704,other |H|=12 units=4 transl=5Z idx=10 char,r
aff15_wu_m512_seed3,15,5β,x,391,76.43074623158537,0.9999943446478937,other |H|=12 units=4 transl=5Z idx=10 char,r
aff15_wu_m512_seed3,15,5β,x,393,0.00015190362835308557,0.9025489140083935,M_x (point stabilizer) idx=15 char,r
aff15_wu_m512_seed3,15,5β,x,395,174.03998149352137,0.9999935575569665,other |H|=12 units=4 transl=5Z idx=10 char,r
aff15_wu_m512_seed3,15,5β,x,396,0.00016343576581076698,0.9383207493655297,other |H|=12 units=4 transl=5Z idx=10 char,r
aff15_wu_m512_seed3,15,5β,x,401,0.005287901810840381,0.8161423404753353,other |H|=12 units=4 transl=5Z idx=10 char,r
aff15_wu_m512_seed3,15,5β,x,403,7.602475933456163e-05,0.9210767463397387,other |H|=12 units=4 transl=5Z idx=10 char,r
aff15_wu_m512_seed3,15,5β,x,404,31.41993186746735,0.999987388965267,M_x (point stabilizer) idx=15 char,r
aff15_wu_m512_seed3,15,5β,x,409,0.0003122379127439739,0.9017384092570864,other |H|=12 units=4 transl=5Z idx=10 char,r
aff15_wu_m512_seed3,15,5β,x,410,115.48100836498699,0.999983005570436,M_x (point stabilizer) idx=15 char,r
aff15_wu_m512_seed3,15,5β,x,411,208.70861848469661,0.9999932164473511,"S_x,5 (stabilizer mod 5) idx=5 char",r
aff15_wu_m512_seed3,15,5β,x,415,245.02131090430942,0.9999914903352949,"S_x,5 (stabilizer mod 5) idx=5 char",r
aff15_wu_m512_seed3,15,5β,x,418,180.41279512112195,0.9999915564909602,"S_x,5 (stabilizer mod 5) idx=5 char",r
aff15_wu_m512_seed3,15,5β,x,419,0.0004922196112705798,0.927360964493017,other |H|=12 units=4 transl=5Z idx=10 char,r
aff15_wu_m512_seed3,15,5β,x,423,0.00022317712546855554,0.9323335268097541,other |H|=12 units=4 transl=5Z idx=10 char,r
aff15_wu_m512_seed3,15,5β,x,426,0.0007953861125775565,0.9878237073671816,other |H|=12 units=4 transl=5Z idx=10 char,r
aff15_wu_m512_seed3,15,5β,x,427,146.20891318789805,0.9999920029261556,other |H|=12 units=4 transl=5Z idx=10 char,r
aff15_wu_m512_seed3,15,5β,x,428,0.0004553903568273233,0.9254552284921774,M_x (point stabilizer) idx=15 char,r
aff15_wu_m512_seed3,15,5β,x,429,241.7814234006038,0.999992823856978,"S_x,5 (stabilizer mod 5) idx=5 char",r
aff15_wu_m512_seed3,15,5β,x,435,0.0013939720986544286,0.9974388743002381,other |H|=12 units=4 transl=5Z idx=10 char,r
aff15_wu_m512_seed3,15,5β,x,446,46.93122944514014,0.9999767124957892,M_x (point stabilizer) idx=15 char,r
aff15_wu_m512_seed3,15,5β,x,447,0.001717757676337004,0.8569526043795316,other |H|=12 units=4 transl=5Z idx=10 char,r
aff15_wu_m512_seed3,15,5β,x,449,129.6875549196588,0.9999949858889522,other |H|=12 units=4 transl=5Z idx=10 char,r
aff15_wu_m512_seed3,15,5β,x,451,77.46368563936151,0.999992081196625,"S_x,5 (stabilizer mod 5) idx=5 char",r
aff15_wu_m512_seed3,15,5β,x,452,245.835394569341,0.9999889589612966,"S_x,5 (stabilizer mod 5) idx=5 char",r
aff15_wu_m512_seed3,15,5β,x,454,96.04522986659461,0.9999874247413627,other |H|=12 units=4 transl=5Z idx=10 char,r
aff15_wu_m512_seed3,15,5β,x,455,109.60879167703227,0.9999923430513729,other |H|=12 units=4 transl=5Z idx=10 char,r
aff15_wu_m512_seed3,15,5β,x,459,0.0034501835844404903,0.877819777782773,other |H|=12 units=4 transl=5Z idx=10 char,r
aff15_wu_m512_seed3,15,5β,x,460,0.0031018679246008025,0.8973597396253219,other |H|=12 units=4 transl=5Z idx=10 char,r
aff15_wu_m512_seed3,15,5β,x,462,106.97813629410979,0.999993734626285,M_x (point stabilizer) idx=15 char,r
aff15_wu_m512_seed3,15,5β,x,463,120.53957469552483,0.9999908535593809,other |H|=12 units=4 transl=5Z idx=10 char,r
aff15_wu_m512_seed3,15,5β,x,465,0.0009011418653111768,0.8231059226577888,M_x (point stabilizer) idx=15 char,r
aff15_wu_m512_seed3,15,5β,x,475,29.99153182966404,0.9999711796921363,M_x (point stabilizer) idx=15 char,r
aff15_wu_m512_seed3,15,5β,x,476,9.077532737415958e-05,0.9266128730113925,other |H|=12 units=4 transl=5Z idx=10 char,r
aff15_wu_m512_seed3,15,5β,x,479,17.503533465502677,0.9999776371827627,other |H|=12 units=4 transl=5Z idx=10 char,r
aff15_wu_m512_seed3,15,5β,x,480,91.3507442333653,0.9999900536915041,"S_x,5 (stabilizer mod 5) idx=5 char",r
aff15_wu_m512_seed3,15,5β,x,481,276.57883790941014,0.9999918369442893,"S_x,5 (stabilizer mod 5) idx=5 char",r
aff15_wu_m512_seed3,15,5β,x,485,62.1197151215618,0.9999928807117219,M_x (point stabilizer) idx=15 char,r
aff15_wu_m512_seed3,15,5β,x,488,0.0011706571832446001,0.9214663305225844,other |H|=12 units=4 transl=5Z idx=10 char,r
aff15_wu_m512_seed3,15,5β,x,491,21.052963962049603,0.9999761585888911,other |H|=12 units=4 transl=5Z idx=10 char,r
aff15_wu_m512_seed3,15,5β,x,493,74.52856577678433,0.9999926742113581,M_x (point stabilizer) idx=15 char,r
aff15_wu_m512_seed3,15,5β,x,495,0.0015998041724860042,0.8895485635151766,other |H|=12 units=4 transl=5Z idx=10 char,r
aff15_wu_m512_seed3,15,5β,x,498,105.49196391360812,0.9999932253807104,"S_x,5 (stabilizer mod 5) idx=5 char",r
aff15_wu_m512_seed3,15,5β,x,501,44.698366148760506,0.9999820485379863,M_x (point stabilizer) idx=15 char,r
aff15_wu_m512_seed3,15,5β,x,504,151.07331244576247,0.9999955743615534,M_x (point stabilizer) idx=15 char,r
aff15_wu_m512_seed3,15,5β,x,507,59.272420003135984,0.9999909585805323,other |H|=12 units=4 transl=5Z idx=10 char,r
aff15_wu_m512_seed3,15,5β,x,511,144.4763997600194,0.999991221440237,other |H|=12 units=4 transl=5Z idx=10 char,r
aff15_wu_m512_seed3,15,5β,y,10,255.0781962491519,0.9999929648019105,"S_x,5 (stabilizer mod 5) idx=5 char",l
aff15_wu_m512_seed3,15,5β,y,12,178.30070099789586,0.999993598516423,other |H|=12 units=4 transl=5Z idx=10 char,l
aff15_wu_m512_seed3,15,5β,y,14,124.12497968409663,0.9999944719596927,other |H|=12 units=4 transl=5Z idx=10 char,l
aff15_wu_m512_seed3,15,5β,y,15,0.0016298293127496486,0.8876160191254305,M_x (point stabilizer) idx=15 char,l
aff15_wu_m512_seed3,15,5β,y,18,62.971689245746404,0.9999930396342357,other |H|=12 units=4 transl=5Z idx=10 char,l
aff15_wu_m512_seed3,15,5β,y,20,0.00060641146813275,0.9078699244527685,other |H|=12 units=4 transl=5Z idx=10 char,l
aff15_wu_m512_seed3,15,5β,y,32,0.00048672402614050465,0.9322227515396198,other |H|=12 units=4 transl=5Z idx=10 char,l
aff15_wu_m512_seed3,15,5β,y,34,195.74291614096379,0.9999904736926815,"S_x,5 (stabilizer mod 5) idx=5 char",l
aff15_wu_m512_seed3,15,5β,y,35,143.00052017019138,0.9999909982956131,"S_x,5 (stabilizer mod 5) idx=5 char",l
aff15_wu_m512_seed3,15,5β,y,36,178.7344500683334,0.9999958601006738,other |H|=12 units=4 transl=5Z idx=10 char,l
aff15_wu_m512_seed3,15,5β,y,39,182.85250581225716,0.9999884940755609,other |H|=12 units=4 transl=5Z idx=10 char,l
aff15_wu_m512_seed3,15,5β,y,40,0.001069300108599729,0.9138957426760593,other |H|=12 units=4 transl=5Z idx=10 char,l
aff15_wu_m512_seed3,15,5β,y,41,0.000907034102331895,0.8500502714104202,other |H|=12 units=4 transl=5Z idx=10 char,l
aff15_wu_m512_seed3,15,5β,y,44,136.057770160178,0.9999910115831634,other |H|=12 units=4 transl=5Z idx=10 char,l
aff15_wu_m512_seed3,15,5β,y,45,123.9350236577459,0.9999843712494907,"S_x,5 (stabilizer mod 5) idx=5 char",l
aff15_wu_m512_seed3,15,5β,y,47,167.37126230257653,0.9999932139496979,"S_x,5 (stabilizer mod 5) idx=5 char",l
aff15_wu_m512_seed3,15,5β,y,49,248.7656954959631,0.9999873587645887,"S_x,5 (stabilizer mod 5) idx=5 char",l
aff15_wu_m512_seed3,15,5β,y,50,144.31958284920805,0.9999952124130719,other |H|=12 units=4 transl=5Z idx=10 char,l
aff15_wu_m512_seed3,15,5β,y,52,0.0010909497948086329,0.8698832197152899,other |H|=12 units=4 transl=5Z idx=10 char,l
aff15_wu_m512_seed3,15,5β,y,53,127.78523262253783,0.9999866003579801,other |H|=12 units=4 transl=5Z idx=10 char,l
aff15_wu_m512_seed3,15,5β,y,57,200.0972434978605,0.9999959262864085,"S_x,5 (stabilizer mod 5) idx=5 char",l
aff15_wu_m512_seed3,15,5β,y,59,218.2109130907243,0.9999932332539787,other |H|=12 units=4 transl=5Z idx=10 char,l
aff15_wu_m512_seed3,15,5β,y,69,88.19216157207985,0.9999884933982186,other |H|=12 units=4 transl=5Z idx=10 char,l
aff15_wu_m512_seed3,15,5β,y,70,210.17531866163134,0.9999948401544612,"S_x,5 (stabilizer mod 5) idx=5 char",l
aff15_wu_m512_seed3,15,5β,y,72,19.13080150039083,0.9999716951845015,M_x (point stabilizer) idx=15 char,l
aff15_wu_m512_seed3,15,5β,y,73,66.63412045103411,0.999992949128961,other |H|=12 units=4 transl=5Z idx=10 char,l
aff15_wu_m512_seed3,15,5β,y,76,117.70109044775243,0.9999950671269011,M_x (point stabilizer) idx=15 char,l
aff15_wu_m512_seed3,15,5β,y,77,118.65416480301943,0.9999893832820669,"S_x,5 (stabilizer mod 5) idx=5 char",l
aff15_wu_m512_seed3,15,5β,y,78,128.65358731444667,0.999989265787917,other |H|=12 units=4 transl=5Z idx=10 char,l
aff15_wu_m512_seed3,15,5β,y,83,264.13634515269393,0.9999920993883386,"S_x,5 (stabilizer mod 5) idx=5 char",l
aff15_wu_m512_seed3,15,5β,y,84,110.12862770044615,0.9999857223798786,other |H|=12 units=4 transl=5Z idx=10 char,l
aff15_wu_m512_seed3,15,5β,y,89,0.0014378801478383374,0.9157295815131636,other |H|=12 units=4 transl=5Z idx=10 char,l
aff15_wu_m512_seed3,15,5β,y,92,96.19791729019379,0.999985546841155,other |H|=12 units=4 transl=5Z idx=10 char,l
aff15_wu_m512_seed3,15,5β,y,95,162.12099153822572,0.9999881239720063,other |H|=12 units=4 transl=5Z idx=10 char,l
aff15_wu_m512_seed3,15,5β,y,96,0.0021288954941061328,0.8707511398478415,other |H|=12 units=4 transl=5Z idx=10 char,l
aff15_wu_m512_seed3,15,5β,y,104,195.50859798496802,0.9999943827632201,"S_x,5 (stabilizer mod 5) idx=5 char",l
aff15_wu_m512_seed3,15,5β,y,108,0.0007766684843978307,0.9297533240694543,other |H|=12 units=4 transl=5Z idx=10 char,l
aff15_wu_m512_seed3,15,5β,y,109,104.59199212374402,0.9999916939071534,"S_x,5 (stabilizer mod 5) idx=5 char",l
aff15_wu_m512_seed3,15,5β,y,112,0.0012411025162526112,0.9233656980054559,other |H|=12 units=4 transl=5Z idx=10 char,l
aff15_wu_m512_seed3,15,5β,y,113,109.55364973977179,0.9999721480973026,"S_x,5 (stabilizer mod 5) idx=5 char",l
aff15_wu_m512_seed3,15,5β,y,114,111.47078232337404,0.9999871465101261,other |H|=12 units=4 transl=5Z idx=10 char,l
aff15_wu_m512_seed3,15,5β,y,116,8.161605956490321e-05,0.8891961939665408,other |H|=12 units=4 transl=5Z idx=10 char,l
aff15_wu_m512_seed3,15,5β,y,117,146.2638650723138,0.999985388179823,"S_x,5 (stabilizer mod 5) idx=5 char",l
aff15_wu_m512_seed3,15,5β,y,119,112.04305205148337,0.9999954304729634,other |H|=12 units=4 transl=5Z idx=10 char,l
aff15_wu_m512_seed3,15,5β,y,120,0.00090019119979091,0.8518893123633652,other |H|=12 units=4 transl=5Z idx=10 char,l
aff15_wu_m512_seed3,15,5β,y,122,0.0003194607645637516,0.896654932418335,other |H|=12 units=4 transl=5Z idx=10 char,l
aff15_wu_m512_seed3,15,5β,y,126,0.0016219845292112123,0.9171904651680393,other |H|=12 units=4 transl=5Z idx=10 char,l
aff15_wu_m512_seed3,15,5β,y,127,0.0015666265393692656,0.8950401142437021,other |H|=12 units=4 transl=5Z idx=10 char,l
aff15_wu_m512_seed3,15,5β,y,132,171.50126561781855,0.999995500792203,M_x (point stabilizer) idx=15 char,l
aff15_wu_m512_seed3,15,5β,y,145,145.86628907429008,0.9999923953479198,other |H|=12 units=4 transl=5Z idx=10 char,l
aff15_wu_m512_seed3,15,5β,y,147,175.54915230140134,0.9999940201246876,other |H|=12 units=4 transl=5Z idx=10 char,l
aff15_wu_m512_seed3,15,5β,y,156,101.72539705386409,0.9999876116916215,other |H|=12 units=4 transl=5Z idx=10 char,l
aff15_wu_m512_seed3,15,5β,y,157,75.3810791712278,0.9999899808358091,M_x (point stabilizer) idx=15 char,l
aff15_wu_m512_seed3,15,5β,y,163,96.80987891451878,0.9999937960312202,"S_x,5 (stabilizer mod 5) idx=5 char",l
aff15_wu_m512_seed3,15,5β,y,168,118.22725971021616,0.9999928176457654,"S_x,5 (stabilizer mod 5) idx=5 char",l
aff15_wu_m512_seed3,15,5β,y,171,185.19473898840138,0.9999968416478929,other |H|=12 units=4 transl=5Z idx=10 char,l
aff15_wu_m512_seed3,15,5β,y,172,186.48498960569572,0.9999940280899613,other |H|=12 units=4 transl=5Z idx=10 char,l
aff15_wu_m512_seed3,15,5β,y,176,0.0015446614538718974,0.9327841272903041,other |H|=12 units=4 transl=5Z idx=10 char,l
aff15_wu_m512_seed3,15,5β,y,177,102.559077265744,0.999990300767659,"S_x,5 (stabilizer mod 5) idx=5 char",l
aff15_wu_m512_seed3,15,5β,y,178,117.85861412192041,0.9999938012247516,other |H|=12 units=4 transl=5Z idx=10 char,l
aff15_wu_m512_seed3,15,5β,y,179,145.94280081524607,0.9999920968079852,"S_x,5 (stabilizer mod 5) idx=5 char",l
aff15_wu_m512_seed3,15,5β,y,180,98.80760940938566,0.9999929196868586,"S_x,5 (stabilizer mod 5) idx=5 char",l
aff15_wu_m512_seed3,15,5β,y,182,0.0004401787664757759,0.8922491735624664,other |H|=12 units=4 transl=5Z idx=10 char,l
aff15_wu_m512_seed3,15,5β,y,184,264.38963501412445,0.999994058760562,"S_x,5 (stabilizer mod 5) idx=5 char",l
aff15_wu_m512_seed3,15,5β,y,196,214.03440396569917,0.999989705073723,other |H|=12 units=4 transl=5Z idx=10 char,l
aff15_wu_m512_seed3,15,5β,y,199,0.0002938154702686393,0.9390387694305855,other |H|=12 units=4 transl=5Z idx=10 char,l
aff15_wu_m512_seed3,15,5β,y,201,131.09006315175887,0.9999923335258524,"S_x,5 (stabilizer mod 5) idx=5 char",l
aff15_wu_m512_seed3,15,5β,y,202,241.1027578600282,0.9999938719628317,"S_x,5 (stabilizer mod 5) idx=5 char",l
aff15_wu_m512_seed3,15,5β,y,204,221.67668525290514,0.999993600781194,"S_x,5 (stabilizer mod 5) idx=5 char",l
aff15_wu_m512_seed3,15,5β,y,205,135.96769901152572,0.999993507848068,M_x (point stabilizer) idx=15 char,l
aff15_wu_m512_seed3,15,5β,y,207,144.88917114669718,0.9999963734544759,"S_x,5 (stabilizer mod 5) idx=5 char",l
aff15_wu_m512_seed3,15,5β,y,209,165.49362624724623,0.9999855469041254,"S_x,5 (stabilizer mod 5) idx=5 char",l
aff15_wu_m512_seed3,15,5β,y,214,100.59874858544275,0.9999926846598243,other |H|=12 units=4 transl=5Z idx=10 char,l
aff15_wu_m512_seed3,15,5β,y,216,156.11315076881618,0.9999951653062755,"S_x,5 (stabilizer mod 5) idx=5 char",l
aff15_wu_m512_seed3,15,5β,y,217,194.6996427092689,0.9999928251646943,"S_x,5 (stabilizer mod 5) idx=5 char",l
aff15_wu_m512_seed3,15,5β,y,220,116.87787796410291,0.9999740808649086,other |H|=12 units=4 transl=5Z idx=10 char,l
aff15_wu_m512_seed3,15,5β,y,224,0.001492076381629231,0.9109978484428968,other |H|=12 units=4 transl=5Z idx=10 char,l
aff15_wu_m512_seed3,15,5β,y,225,200.94160638969365,0.9999931271212784,"S_x,5 (stabilizer mod 5) idx=5 char",l
aff15_wu_m512_seed3,15,5β,y,230,0.008291945522502507,0.8800730517974966,other |H|=12 units=4 transl=5Z idx=10 char,l
aff15_wu_m512_seed3,15,5β,y,232,87.58255470338536,0.9999910644802085,other |H|=12 units=4 transl=5Z idx=10 char,l
aff15_wu_m512_seed3,15,5β,y,233,141.8966846287467,0.9999952545401781,"S_x,5 (stabilizer mod 5) idx=5 char",l
aff15_wu_m512_seed3,15,5β,y,235,0.00251921507393294,0.9007922042619755,other |H|=12 units=4 transl=5Z idx=10 char,l
aff15_wu_m512_seed3,15,5β,y,236,108.82757622893007,0.9999955250100215,M_x (point stabilizer) idx=15 char,l
aff15_wu_m512_seed3,15,5β,y,240,0.001364689466810488,0.9392642612418545,other |H|=12 units=4 transl=5Z idx=10 char,l
aff15_wu_m512_seed3,15,5β,y,244,104.9267851444465,0.9999958864675685,other |H|=12 units=4 transl=5Z idx=10 char,l
aff15_wu_m512_seed3,15,5β,y,248,0.006491440729605535,0.9652079462243305,other |H|=12 units=4 transl=5Z idx=10 char,l
aff15_wu_m512_seed3,15,5β,y,251,258.09422368163814,0.99999231928418,"S_x,5 (stabilizer mod 5) idx=5 char",l
aff15_wu_m512_seed3,15,5β,y,252,104.2604018408532,0.9999791934783041,other |H|=12 units=4 transl=5Z idx=10 char,l
aff15_wu_m512_seed3,15,5β,y,253,0.00013644550432285362,0.8026935145598645,other |H|=12 units=4 transl=5Z idx=10 char,l
aff15_wu_m512_seed3,15,5β,y,254,124.321644298171,0.9999945591964207,"S_x,5 (stabilizer mod 5) idx=5 char",l
aff15_wu_m512_seed3,15,5β,y,256,83.91297792270478,0.9999927427827439,other |H|=12 units=4 transl=5Z idx=10 char,l
aff15_wu_m512_seed3,15,5β,y,257,98.98492014562899,0.9999888215663016,M_x (point stabilizer) idx=15 char,l
aff15_wu_m512_seed3,15,5β,y,260,179.8883767584743,0.9999791874828197,other |H|=12 units=4 transl=5Z idx=10 char,l
aff15_wu_m512_seed3,15,5β,y,263,0.0009890499538112675,0.9133569227458412,other |H|=12 units=4 transl=5Z idx=10 char,l
aff15_wu_m512_seed3,15,5β,y,265,0.001060705740137118,0.8439786842083411,other |H|=12 units=4 transl=5Z idx=10 char,r
aff15_wu_m512_seed3,15,5β,y,266,66.68233217071996,0.9999810204772214,"S_x,5 (stabilizer mod 5) idx=5 char",l
aff15_wu_m512_seed3,15,5β,y,271,177.61431665680033,0.9999934895664366,"S_x,5 (stabilizer mod 5) idx=5 char",l
aff15_wu_m512_seed3,15,5β,y,277,0.0004997300036984694,0.9951494909439651,other |H|=12 units=4 transl=5Z idx=10 char,l
aff15_wu_m512_seed3,15,5β,y,280,0.00031823286519506603,0.9229400240878035,other |H|=12 units=4 transl=5Z idx=10 char,l
aff15_wu_m512_seed3,15,5β,y,283,165.63270725774197,0.999995773089672,other |H|=12 units=4 transl=5Z idx=10 char,l
aff15_wu_m512_seed3,15,5β,y,284,87.71841016081859,0.9999923596332788,other |H|=12 units=4 transl=5Z idx=10 char,l
aff15_wu_m512_seed3,15,5β,y,289,0.0006884074887139167,0.8762999454556446,other |H|=12 units=4 transl=5Z idx=10 char,l
aff15_wu_m512_seed3,15,5β,y,291,233.19127378855717,0.9999930006274688,"S_x,5 (stabilizer mod 5) idx=5 char",l
aff15_wu_m512_seed3,15,5β,y,292,91.88507822038898,0.9999957161488171,M_x (point stabilizer) idx=15 char,l
aff15_wu_m512_seed3,15,5β,y,296,179.2135032046497,0.9999956558882822,"S_x,5 (stabilizer mod 5) idx=5 char",l
aff15_wu_m512_seed3,15,5β,y,301,193.3638111183553,0.9999946828703786,"S_x,5 (stabilizer mod 5) idx=5 char",l
aff15_wu_m512_seed3,15,5β,y,305,247.1223989138431,0.9999941691593176,"S_x,5 (stabilizer mod 5) idx=5 char",l
aff15_wu_m512_seed3,15,5β,y,307,0.0005838732352272251,0.8669823537922317,other |H|=12 units=4 transl=5Z idx=10 char,l
aff15_wu_m512_seed3,15,5β,y,311,118.36202058350162,0.9999898007713391,other |H|=12 units=4 transl=5Z idx=10 char,l
aff15_wu_m512_seed3,15,5β,y,312,151.99522001231878,0.9999867174778597,other |H|=12 units=4 transl=5Z idx=10 char,l
aff15_wu_m512_seed3,15,5β,y,314,218.3676179212685,0.9999958857326576,"S_x,5 (stabilizer mod 5) idx=5 char",l
aff15_wu_m512_seed3,15,5β,y,315,0.0008221591185638735,0.8582706860231784,other |H|=12 units=4 transl=5Z idx=10 char,l
aff15_wu_m512_seed3,15,5β,y,318,0.00023905607677129353,0.8744365657380759,other |H|=12 units=4 transl=5Z idx=10 char,l
aff15_wu_m512_seed3,15,5β,y,319,47.1685471866466,0.999984739800657,M_x (point stabilizer) idx=15 char,l
aff15_wu_m512_seed3,15,5β,y,324,79.02510704608717,0.9999946488127789,M_x (point stabilizer) idx=15 char,l
aff15_wu_m512_seed3,15,5β,y,327,197.11282902454576,0.9999962256623772,other |H|=12 units=4 transl=5Z idx=10 char,l
aff15_wu_m512_seed3,15,5β,y,328,54.60862378722458,0.9999927713877242,other |H|=12 units=4 transl=5Z idx=10 char,l
aff15_wu_m512_seed3,15,5β,y,329,154.294464148919,0.9999955450305029,other |H|=12 units=4 transl=5Z idx=10 char,l
aff15_wu_m512_seed3,15,5β,y,330,0.0007371106459690098,0.9168394671314849,other |H|=12 units=4 transl=5Z idx=10 char,l
aff15_wu_m512_seed3,15,5β,y,332,223.45177557507125,0.9999924993233184,"S_x,5 (stabilizer mod 5) idx=5 char",l
aff15_wu_m512_seed3,15,5β,y,338,313.1245440727393,0.9999949102933855,"S_x,5 (stabilizer mod 5) idx=5 char",l
aff15_wu_m512_seed3,15,5β,y,339,0.0007412374014315505,0.8907392098420678,other |H|=12 units=4 transl=5Z idx=10 char,l
aff15_wu_m512_seed3,15,5β,y,341,147.75040877655343,0.9999958794902334,M_x (point stabilizer) idx=15 char,l
aff15_wu_m512_seed3,15,5β,y,342,186.92520290950455,0.9999958045918372,"S_x,5 (stabilizer mod 5) idx=5 char",l
aff15_wu_m512_seed3,15,5β,y,343,126.81773561263756,0.9999881404186434,other |H|=12 units=4 transl=5Z idx=10 char,l
aff15_wu_m512_seed3,15,5β,y,345,131.62435382775175,0.9999899440493243,other |H|=12 units=4 transl=5Z idx=10 char,l
aff15_wu_m512_seed3,15,5β,y,347,19.73373319708071,0.9999596415569572,M_x (point stabilizer) idx=15 char,l
aff15_wu_m512_seed3,15,5β,y,350,244.6308606786919,0.999996064172032,"S_x,5 (stabilizer mod 5) idx=5 char",l
aff15_wu_m512_seed3,15,5β,y,353,0.00031105345910832345,0.9345862558552565,other |H|=12 units=4 transl=5Z idx=10 char,l
aff15_wu_m512_seed3,15,5β,y,354,107.95084610489027,0.9999884506155575,other |H|=12 units=4 transl=5Z idx=10 char,l
aff15_wu_m512_seed3,15,5β,y,358,99.39195941356074,0.9999953001299593,M_x (point stabilizer) idx=15 char,l
aff15_wu_m512_seed3,15,5β,y,361,0.0017223459520759707,0.9028679961186417,other |H|=12 units=4 transl=5Z idx=10 char,l
aff15_wu_m512_seed3,15,5β,y,364,124.10757847898222,0.9999888177783146,"S_x,5 (stabilizer mod 5) idx=5 char",l
aff15_wu_m512_seed3,15,5β,y,368,93.68771553229159,0.9999939272103712,other |H|=12 units=4 transl=5Z idx=10 char,l
aff15_wu_m512_seed3,15,5β,y,373,235.6077610482267,0.9999909106270873,"S_x,5 (stabilizer mod 5) idx=5 char",l
aff15_wu_m512_seed3,15,5β,y,377,251.56184299480495,0.9999953483112318,"S_x,5 (stabilizer mod 5) idx=5 char",l
aff15_wu_m512_seed3,15,5β,y,391,76.30099730668489,0.9999941059352928,other |H|=12 units=4 transl=5Z idx=10 char,l
aff15_wu_m512_seed3,15,5β,y,395,171.84441828997882,0.9999912854165687,other |H|=12 units=4 transl=5Z idx=10 char,l
aff15_wu_m512_seed3,15,5β,y,402,0.0010939284533486712,0.8499248001953599,other |H|=12 units=4 transl=5Z idx=10 char,l
aff15_wu_m512_seed3,15,5β,y,404,31.287565880554837,0.9999881240488985,M_x (point stabilizer) idx=15 char,l
aff15_wu_m512_seed3,15,5β,y,410,113.99642453348866,0.9999920222810563,M_x (point stabilizer) idx=15 char,l
aff15_wu_m512_seed3,15,5β,y,411,208.97891675489703,0.999995612722719,"S_x,5 (stabilizer mod 5) idx=5 char",l
aff15_wu_m512_seed3,15,5β,y,415,243.18775861971756,0.9999932212278715,other |H|=12 units=4 transl=5Z idx=10 char,l
aff15_wu_m512_seed3,15,5β,y,417,0.0005269966018442999,0.9216414722523301,other |H|=12 units=4 transl=5Z idx=10 char,l
aff15_wu_m512_seed3,15,5β,y,418,180.3869261545273,0.9999865342988707,"S_x,5 (stabilizer mod 5) idx=5 char",l
aff15_wu_m512_seed3,15,5β,y,422,0.005927901336308868,0.8376649975090839,other |H|=12 units=4 transl=5Z idx=10 char,l
aff15_wu_m512_seed3,15,5β,y,427,145.52016440276338,0.9999972310917234,other |H|=12 units=4 transl=5Z idx=10 char,l
aff15_wu_m512_seed3,15,5β,y,429,241.79924264502202,0.9999953054098856,"S_x,5 (stabilizer mod 5) idx=5 char",l
aff15_wu_m512_seed3,15,5β,y,434,0.002367359568600796,0.8427207643590725,other |H|=12 units=4 transl=5Z idx=10 char,r
aff15_wu_m512_seed3,15,5β,y,442,0.0032989881907998135,0.9462358476715182,other |H|=12 units=4 transl=5Z idx=10 char,l
aff15_wu_m512_seed3,15,5β,y,445,0.0006916635627908962,0.8468649363085609,M_x (point stabilizer) idx=15 char,l
aff15_wu_m512_seed3,15,5β,y,446,46.533934254993056,0.9999781493761897,M_x (point stabilizer) idx=15 char,l
aff15_wu_m512_seed3,15,5β,y,447,0.007494502787041486,0.9768211612804515,other |H|=12 units=4 transl=5Z idx=10 char,l
aff15_wu_m512_seed3,15,5β,y,449,129.48960530029026,0.9999909624307554,M_x (point stabilizer) idx=15 char,l
aff15_wu_m512_seed3,15,5β,y,451,77.46489978970679,0.9999884989361649,"S_x,5 (stabilizer mod 5) idx=5 char",l
aff15_wu_m512_seed3,15,5β,y,452,244.11510483998907,0.9999908169811946,other |H|=12 units=4 transl=5Z idx=10 char,l
aff15_wu_m512_seed3,15,5β,y,454,95.17253329730491,0.9999896268427774,M_x (point stabilizer) idx=15 char,l
aff15_wu_m512_seed3,15,5β,y,455,109.20982840112963,0.9999894150698863,M_x (point stabilizer) idx=15 char,l
aff15_wu_m512_seed3,15,5β,y,457,0.0005913156718248979,0.9410662890541968,M_x (point stabilizer) idx=15 char,l
aff15_wu_m512_seed3,15,5β,y,460,0.002481908579062424,0.899266244778564,other |H|=12 units=4 transl=5Z idx=10 char,l
aff15_wu_m512_seed3,15,5β,y,462,107.05855862046866,0.999997351806519,M_x (point stabilizer) idx=15 char,l
aff15_wu_m512_seed3,15,5β,y,463,120.74569747039568,0.9999946099130766,M_x (point stabilizer) idx=15 char,l
aff15_wu_m512_seed3,15,5β,y,464,0.00020486878877056598,0.9760753127022316,other |H|=12 units=4 transl=5Z idx=10 char,l
aff15_wu_m512_seed3,15,5β,y,465,0.001457590314005474,0.8337757110878524,other |H|=12 units=4 transl=5Z idx=10 char,l
aff15_wu_m512_seed3,15,5β,y,467,0.001771548957488937,0.8840818639805575,other |H|=12 units=4 transl=5Z idx=10 char,l
aff15_wu_m512_seed3,15,5β,y,475,29.976729368171345,0.999990236076171,other |H|=12 units=4 transl=5Z idx=10 char,l
aff15_wu_m512_seed3,15,5β,y,479,17.31356090279814,0.9999886661456878,M_x (point stabilizer) idx=15 char,l
aff15_wu_m512_seed3,15,5β,y,480,90.79755567790208,0.9999929417520111,other |H|=12 units=4 transl=5Z idx=10 char,l
aff15_wu_m512_seed3,15,5β,y,481,276.99165965955143,0.999995486312184,"S_x,5 (stabilizer mod 5) idx=5 char",l
aff15_wu_m512_seed3,15,5β,y,485,62.075694595825745,0.9999904871596778,other |H|=12 units=4 transl=5Z idx=10 char,l
aff15_wu_m512_seed3,15,5β,y,491,20.74676414558255,0.99995537533527,other |H|=12 units=4 transl=5Z idx=10 char,l
aff15_wu_m512_seed3,15,5β,y,492,0.0003490750577536104,0.9002937954581307,other |H|=12 units=4 transl=5Z idx=10 char,l
aff15_wu_m512_seed3,15,5β,y,493,74.2464887273259,0.9999872068591557,other |H|=12 units=4 transl=5Z idx=10 char,l
aff15_wu_m512_seed3,15,5β,y,498,105.15585462130807,0.9999956094594132,other |H|=12 units=4 transl=5Z idx=10 char,l
aff15_wu_m512_seed3,15,5β,y,501,44.49534265290143,0.9999883631621135,other |H|=12 units=4 transl=5Z idx=10 char,l
aff15_wu_m512_seed3,15,5β,y,504,148.9285788789575,0.9999910819411529,other |H|=12 units=4 transl=5Z idx=10 char,l
aff15_wu_m512_seed3,15,5β,y,507,59.096534053586424,0.9999944948209988,other |H|=12 units=4 transl=5Z idx=10 char,l
aff15_wu_m512_seed3,15,5β,y,508,0.0007435018386963087,0.9440287205584749,other |H|=12 units=4 transl=5Z idx=10 char,l
aff15_wu_m512_seed3,15,5β,y,511,144.43816833360492,0.9999930670134382,M_x (point stabilizer) idx=15 char,l
aff15_wu_m512_seed4,15,5,x,0,0.002143953930643271,0.9232666988461102,other |H|=12 units=4 transl=5Z idx=10 triv,r
aff15_wu_m512_seed4,15,5,x,2,0.0016945166709084474,0.8737854106824886,other |H|=12 units=4 transl=5Z idx=10 char,r
aff15_wu_m512_seed4,15,5,x,9,0.00017648305687392764,0.887249987663458,other |H|=12 units=4 transl=5Z idx=10 char,l
aff15_wu_m512_seed4,15,5,x,21,0.0003425667600717676,0.9173857998202309,other |H|=12 units=4 transl=5Z idx=10 char,r
aff15_wu_m512_seed4,15,5,x,22,255.5717870973813,0.9999904731318499,other |H|=12 units=4 transl=5Z idx=10 triv,r
aff15_wu_m512_seed4,15,5,x,27,2.7485950695712457e-05,0.897165618620885,other |H|=12 units=4 transl=5Z idx=10 char,r
aff15_wu_m512_seed4,15,5,x,45,175.1128443334769,0.9999931145623541,"S_x,5 (stabilizer mod 5) idx=5 triv",r
aff15_wu_m512_seed4,15,5,x,47,0.0002586070393973117,0.915134649465005,other |H|=12 units=4 transl=5Z idx=10 char,r
aff15_wu_m512_seed4,15,5,x,50,0.00013237013945611222,0.9225731654837349,other |H|=12 units=4 transl=5Z idx=10 triv,r
aff15_wu_m512_seed4,15,5,x,52,0.00022816998681205787,0.856445963272806,other |H|=12 units=4 transl=5Z idx=10 char,l
aff15_wu_m512_seed4,15,5,x,58,0.000234153682229158,0.8574013209650473,other |H|=12 units=4 transl=5Z idx=10 triv,r
aff15_wu_m512_seed4,15,5,x,67,0.0006401138208030882,0.912814294166471,other |H|=12 units=4 transl=5Z idx=10 triv,r
aff15_wu_m512_seed4,15,5,x,69,254.7083304976757,0.9999949688083893,other |H|=12 units=4 transl=5Z idx=10 triv,r
aff15_wu_m512_seed4,15,5,x,75,256.01390979992834,0.9999951681516343,M_x (point stabilizer) idx=15 triv,r
aff15_wu_m512_seed4,15,5,x,84,257.3260481313406,0.9999954527494979,M_x (point stabilizer) idx=15 triv,r
aff15_wu_m512_seed4,15,5,x,86,260.38722862999253,0.9999953599227036,other |H|=12 units=4 transl=5Z idx=10 triv,r
aff15_wu_m512_seed4,15,5,x,88,0.00013951651186890188,0.9004400933507106,other |H|=12 units=4 transl=5Z idx=10 triv,r
aff15_wu_m512_seed4,15,5,x,90,0.0002652505949482738,0.8872615630542141,other |H|=12 units=4 transl=5Z idx=10 char,l
aff15_wu_m512_seed4,15,5,x,97,259.8639279233387,0.9999951990080125,"S_x,5 (stabilizer mod 5) idx=5 triv",r
aff15_wu_m512_seed4,15,5,x,104,0.000302631017288183,0.8738122918805189,other |H|=12 units=4 transl=5Z idx=10 char,l
aff15_wu_m512_seed4,15,5,x,113,258.4215753811439,0.9999936943332608,M_x (point stabilizer) idx=15 triv,r
aff15_wu_m512_seed4,15,5,x,116,0.0008059999256043228,0.9036472923749281,other |H|=12 units=4 transl=5Z idx=10 char,r
aff15_wu_m512_seed4,15,5,x,117,275.6770617506655,0.9999917767666734,other |H|=12 units=4 transl=5Z idx=10 triv,r
aff15_wu_m512_seed4,15,5,x,118,0.0006206809040135409,0.880094848945328,other |H|=12 units=4 transl=5Z idx=10 char,l
aff15_wu_m512_seed4,15,5,x,121,274.70592178182585,0.9999961490177237,M_x (point stabilizer) idx=15 triv,r
aff15_wu_m512_seed4,15,5,x,122,259.766519000017,0.9999932933497765,M_x (point stabilizer) idx=15 triv,r
aff15_wu_m512_seed4,15,5,x,123,269.2932283358018,0.9999911812473034,"S_x,5 (stabilizer mod 5) idx=5 triv",r
aff15_wu_m512_seed4,15,5,x,131,0.0012666401097219638,0.8964968031181849,other |H|=12 units=4 transl=5Z idx=10 char,l
aff15_wu_m512_seed4,15,5,x,134,258.6197760613718,0.9999950473703287,M_x (point stabilizer) idx=15 triv,r
aff15_wu_m512_seed4,15,5,x,135,1.1132993518204785e-05,0.8659589166873785,other |H|=12 units=4 transl=5Z idx=10 char,r
aff15_wu_m512_seed4,15,5,x,154,261.88421270291394,0.999996114909114,other |H|=12 units=4 transl=5Z idx=10 triv,r
aff15_wu_m512_seed4,15,5,x,164,278.77993137648497,0.9999931543495559,other |H|=12 units=4 transl=5Z idx=10 triv,r
aff15_wu_m512_seed4,15,5,x,166,0.002075395290793666,0.8567862262187387,M_x (point stabilizer) idx=15 triv,r
aff15_wu_m512_seed4,15,5,x,172,255.6620852294698,0.9999963143906325,other |H|=12 units=4 transl=5Z idx=10 triv,r
aff15_wu_m512_seed4,15,5,x,173,263.5557039511727,0.9999952036504522,other |H|=12 units=4 transl=5Z idx=10 triv,r
aff15_wu_m512_seed4,15,5,x,181,253.41510764915625,0.9999952131631276,M_x (point stabilizer) idx=15 triv,r
aff15_wu_m512_seed4,15,5,x,186,0.00038144973203502815,0.9225585248849352,other |H|=12 units=4 transl=5Z idx=10 char,r
aff15_wu_m512_seed4,15,5,x,192,267.13897785323064,0.999996028288883,other |H|=12 units=4 transl=5Z idx=10 triv,r
aff15_wu_m512_seed4,15,5,x,218,277.5200459427749,0.9999941457506992,other |H|=12 units=4 transl=5Z idx=10 triv,r
aff15_wu_m512_seed4,15,5,x,223,106.86497904570915,0.9999899839778297,M_x (point stabilizer) idx=15 triv,r
aff15_wu_m512_seed4,15,5,x,224,279.5985478390397,0.9999925152029855,M_x (point stabilizer) idx=15 triv,r
aff15_wu_m512_seed4,15,5,x,231,273.6860233810248,0.9999949864730197,other |H|=12 units=4 transl=5Z idx=10 triv,r
aff15_wu_m512_seed4,15,5,x,241,268.1664014464651,0.9999956910417962,M_x (point stabilizer) idx=15 triv,r
aff15_wu_m512_seed4,15,5,x,242,84.35068745657787,0.9999931073803228,other |H|=12 units=4 transl=5Z idx=10 triv,r
aff15_wu_m512_seed4,15,5,x,248,274.0272735342141,0.9999957626469438,M_x (point stabilizer) idx=15 triv,r
aff15_wu_m512_seed4,15,5,x,249,258.73053773895623,0.9999938648740265,other |H|=12 units=4 transl=5Z idx=10 triv,r
aff15_wu_m512_seed4,15,5,x,256,0.001917693817927311,0.9149895860393108,other |H|=12 units=4 transl=5Z idx=10 char,r
aff15_wu_m512_seed4,15,5,x,259,272.5028694049067,0.9999949091325735,other |H|=12 units=4 transl=5Z idx=10 triv,r
aff15_wu_m512_seed4,15,5,x,273,0.0008919638188033227,0.8312877296155881,other |H|=12 units=4 transl=5Z idx=10 char,l
aff15_wu_m512_seed4,15,5,x,279,263.9277604053665,0.9999942435464821,other |H|=12 units=4 transl=5Z idx=10 triv,r
aff15_wu_m512_seed4,15,5,x,283,0.0002813093912280846,0.8516725049764667,other |H|=12 units=4 transl=5Z idx=10 triv,r
aff15_wu_m512_seed4,15,5,x,288,253.99428625254455,0.9999958591136847,M_x (point stabilizer) idx=15 triv,r
aff15_wu_m512_seed4,15,5,x,290,252.1979565299395,0.9999930007654659,other |H|=12 units=4 transl=5Z idx=10 triv,r
aff15_wu_m512_seed4,15,5,x,293,0.00013336766089780432,0.8548983756749615,other |H|=12 units=4 transl=5Z idx=10 char,l
aff15_wu_m512_seed4,15,5,x,294,277.2147867131296,0.9999948578539484,"S_x,5 (stabilizer mod 5) idx=5 triv",r
aff15_wu_m512_seed4,15,5,x,304,270.006571691995,0.9999936517227289,other |H|=12 units=4 transl=5Z idx=10 triv,r
aff15_wu_m512_seed4,15,5,x,307,265.60236077147505,0.9999953947118483,other |H|=12 units=4 transl=5Z idx=10 triv,r
aff15_wu_m512_seed4,15,5,x,312,276.66313061451956,0.999993626164221,M_x (point stabilizer) idx=15 triv,r
aff15_wu_m512_seed4,15,5,x,314,0.002329744060219083,0.9373314569321721,other |H|=12 units=4 transl=5Z idx=10 char,r
aff15_wu_m512_seed4,15,5,x,319,0.00011008652857643194,0.8334531488736026,other |H|=12 units=4 transl=5Z idx=10 char,l
aff15_wu_m512_seed4,15,5,x,321,0.00013847231977068186,0.8664169720400029,other |H|=12 units=4 transl=5Z idx=10 triv,r
aff15_wu_m512_seed4,15,5,x,326,275.36302619268685,0.9999923561350579,other |H|=12 units=4 transl=5Z idx=10 triv,r
aff15_wu_m512_seed4,15,5,x,329,269.4534010024582,0.9999959729013803,other |H|=12 units=4 transl=5Z idx=10 triv,r
aff15_wu_m512_seed4,15,5,x,330,0.0010889197353090702,0.90928145133849,other |H|=12 units=4 transl=5Z idx=10 char,r
aff15_wu_m512_seed4,15,5,x,332,258.1027158336381,0.9999923220623103,other |H|=12 units=4 transl=5Z idx=10 triv,r
aff15_wu_m512_seed4,15,5,x,334,0.0009600786359541638,0.9024207424138996,other |H|=12 units=4 transl=5Z idx=10 char,l
aff15_wu_m512_seed4,15,5,x,336,0.0018431181626529462,0.9259764128373345,other |H|=12 units=4 transl=5Z idx=10 char,r
aff15_wu_m512_seed4,15,5,x,342,276.88296915318585,0.9999952711877113,M_x (point stabilizer) idx=15 triv,r
aff15_wu_m512_seed4,15,5,x,350,0.0007111953418107837,0.8689992725826492,other |H|=12 units=4 transl=5Z idx=10 triv,r
aff15_wu_m512_seed4,15,5,x,364,7.220519539202541e-05,0.9295902818079079,other |H|=12 units=4 transl=5Z idx=10 triv,r
aff15_wu_m512_seed4,15,5,x,365,271.9583490736481,0.9999957295455887,M_x (point stabilizer) idx=15 triv,r
aff15_wu_m512_seed4,15,5,x,376,0.0016011627568301887,0.9021656186039223,other |H|=12 units=4 transl=5Z idx=10 char,r
aff15_wu_m512_seed4,15,5,x,379,275.3644150805257,0.9999952368673654,"S_x,5 (stabilizer mod 5) idx=5 triv",r
aff15_wu_m512_seed4,15,5,x,384,258.44457315422045,0.9999956348412473,M_x (point stabilizer) idx=15 triv,r
aff15_wu_m512_seed4,15,5,x,385,163.60924754762112,0.9999922262942853,M_x (point stabilizer) idx=15 triv,r
aff15_wu_m512_seed4,15,5,x,388,275.53839211851124,0.999989362953801,"S_x,5 (stabilizer mod 5) idx=5 triv",r
aff15_wu_m512_seed4,15,5,x,393,0.0002872418229526085,0.8308234028065709,other |H|=12 units=4 transl=5Z idx=10 char,l
aff15_wu_m512_seed4,15,5,x,394,0.0056826976837843065,0.9584921311501206,other |H|=12 units=4 transl=5Z idx=10 triv,r
aff15_wu_m512_seed4,15,5,x,395,0.0019622052644621907,0.9364610347720504,other |H|=12 units=4 transl=5Z idx=10 char,r
aff15_wu_m512_seed4,15,5,x,396,0.00021118751722063372,0.9290331553214294,other |H|=12 units=4 transl=5Z idx=10 char,r
aff15_wu_m512_seed4,15,5,x,404,263.6014752439457,0.9999945172372592,M_x (point stabilizer) idx=15 triv,r
aff15_wu_m512_seed4,15,5,x,423,2.9798098602050924e-05,0.8954750261528925,other |H|=12 units=4 transl=5Z idx=10 triv,r
aff15_wu_m512_seed4,15,5,x,432,258.0946545646175,0.9999944581025448,M_x (point stabilizer) idx=15 triv,r
aff15_wu_m512_seed4,15,5,x,436,254.85963690806406,0.999991734512469,M_x (point stabilizer) idx=15 triv,r
aff15_wu_m512_seed4,15,5,x,440,8.659209196245108e-05,0.8708581906235289,other |H|=12 units=4 transl=5Z idx=10 char,r
aff15_wu_m512_seed4,15,5,x,448,273.02918807397873,0.9999950138236514,"S_x,5 (stabilizer mod 5) idx=5 triv",r
aff15_wu_m512_seed4,15,5,x,457,1.5539366549181122e-05,0.8815600641868774,other |H|=12 units=4 transl=5Z idx=10 triv,r
aff15_wu_m512_seed4,15,5,x,465,0.00011517339455754884,0.8845005082686657,other |H|=12 units=4 transl=5Z idx=10 char,r
aff15_wu_m512_seed4,15,5,x,468,0.002825004242214309,0.9402952728362018,other |H|=12 units=4 transl=5Z idx=10 triv,r
aff15_wu_m512_seed4,15,5,x,476,274.49958421985167,0.9999952510063252,"S_x,5 (stabilizer mod 5) idx=5 triv",r
aff15_wu_m512_seed4,15,5,x,483,272.45286251539073,0.9999948440828029,other |H|=12 units=4 transl=5Z idx=10 triv,r
aff15_wu_m512_seed4,15,5,x,484,0.00014181321577569976,0.8955579981305389,other |H|=12 units=4 transl=5Z idx=10 triv,r
aff15_wu_m512_seed4,15,5,x,492,0.0007547868895534704,0.9420812858667891,other |H|=12 units=4 transl=5Z idx=10 char,r
aff15_wu_m512_seed4,15,5,x,496,0.0002428263795902763,0.9488941539136733,other |H|=12 units=4 transl=5Z idx=10 triv,r
aff15_wu_m512_seed4,15,5,x,497,0.0002518408289393984,0.9192260054610579,other |H|=12 units=4 transl=5Z idx=10 triv,r
aff15_wu_m512_seed4,15,5,x,507,0.001546259653661104,0.9761137632745361,other |H|=12 units=4 transl=5Z idx=10 char,r
aff15_wu_m512_seed4,15,5,x,508,267.1963272740866,0.9999946357848953,other |H|=12 units=4 transl=5Z idx=10 triv,r
aff15_wu_m512_seed4,15,5,x,511,257.82307393518266,0.999992991142509,other |H|=12 units=4 transl=5Z idx=10 triv,r
aff15_wu_m512_seed4,15,5,y,22,254.19161396992888,0.9999940002895549,M_x (point stabilizer) idx=15 triv,l
aff15_wu_m512_seed4,15,5,y,31,0.000297106041766573,0.9487845530918054,other |H|=12 units=4 transl=5Z idx=10 char,l
aff15_wu_m512_seed4,15,5,y,34,2.654893341550338e-05,0.9003126631767914,other |H|=12 units=4 transl=5Z idx=10 triv,l
aff15_wu_m512_seed4,15,5,y,36,0.0002706869229721336,0.869520353760426,other |H|=12 units=4 transl=5Z idx=10 triv,l
aff15_wu_m512_seed4,15,5,y,38,0.0002746976233149939,0.8864904429812215,other |H|=12 units=4 transl=5Z idx=10 char,r
aff15_wu_m512_seed4,15,5,y,45,173.29302682267635,0.9999942461247989,M_x (point stabilizer) idx=15 triv,l
aff15_wu_m512_seed4,15,5,y,53,0.00029889930261765363,0.8988828212399517,other |H|=12 units=4 transl=5Z idx=10 char,l
aff15_wu_m512_seed4,15,5,y,54,9.984910475769645e-05,0.8696851170329921,other |H|=12 units=4 transl=5Z idx=10 triv,l
aff15_wu_m512_seed4,15,5,y,66,0.0006620708128805298,0.8722734944313104,other |H|=12 units=4 transl=5Z idx=10 triv,l
aff15_wu_m512_seed4,15,5,y,69,253.41069151895024,0.9999951231625364,M_x (point stabilizer) idx=15 triv,l
aff15_wu_m512_seed4,15,5,y,70,0.00011465492937183344,0.8306833037318623,other |H|=12 units=4 transl=5Z idx=10 char,r
aff15_wu_m512_seed4,15,5,y,75,254.43352237468315,0.9999937594840125,M_x (point stabilizer) idx=15 triv,l
aff15_wu_m512_seed4,15,5,y,81,0.0003128435466333221,0.9178972419313687,other |H|=12 units=4 transl=5Z idx=10 char,l
aff15_wu_m512_seed4,15,5,y,84,255.7158435470646,0.9999900215402897,"S_x,5 (stabilizer mod 5) idx=5 triv",l
aff15_wu_m512_seed4,15,5,y,85,0.00023126141566415462,0.9097353907901857,other |H|=12 units=4 transl=5Z idx=10 triv,l
aff15_wu_m512_seed4,15,5,y,86,259.15083278571336,0.9999905516179136,other |H|=12 units=4 transl=5Z idx=10 triv,l
aff15_wu_m512_seed4,15,5,y,97,257.4722799256073,0.9999910915542035,other |H|=12 units=4 transl=5Z idx=10 triv,l
aff15_wu_m512_seed4,15,5,y,113,256.9782162481173,0.9999943498961996,other |H|=12 units=4 transl=5Z idx=10 triv,l
aff15_wu_m512_seed4,15,5,y,117,274.1479497941652,0.9999928426623996,M_x (point stabilizer) idx=15 triv,l
aff15_wu_m512_seed4,15,5,y,121,273.05641027178524,0.9999933772409885,other |H|=12 units=4 transl=5Z idx=10 triv,l
aff15_wu_m512_seed4,15,5,y,122,258.05307364598275,0.9999952028152708,other |H|=12 units=4 transl=5Z idx=10 triv,l
aff15_wu_m512_seed4,15,5,y,123,267.72353119150995,0.9999893856347905,M_x (point stabilizer) idx=15 triv,l
aff15_wu_m512_seed4,15,5,y,125,0.00012366504318615486,0.8596041725249001,other |H|=12 units=4 transl=5Z idx=10 char,r
aff15_wu_m512_seed4,15,5,y,131,0.0026246625224793877,0.9429076899765044,other |H|=12 units=4 transl=5Z idx=10 char,l
aff15_wu_m512_seed4,15,5,y,134,257.37856490040275,0.9999944189921014,"S_x,5 (stabilizer mod 5) idx=5 triv",l
aff15_wu_m512_seed4,15,5,y,153,0.0006817311578013811,0.8631317600314378,other |H|=12 units=4 transl=5Z idx=10 char,r
aff15_wu_m512_seed4,15,5,y,154,260.5295736261583,0.9999899453169515,other |H|=12 units=4 transl=5Z idx=10 triv,l
aff15_wu_m512_seed4,15,5,y,164,277.12771956598215,0.9999923704256386,"S_x,5 (stabilizer mod 5) idx=5 triv",l
aff15_wu_m512_seed4,15,5,y,168,0.0008562429655488854,0.8320442222052236,other |H|=12 units=4 transl=5Z idx=10 char,r
aff15_wu_m512_seed4,15,5,y,171,0.00033026911071853396,0.9141895968569339,other |H|=12 units=4 transl=5Z idx=10 triv,l
aff15_wu_m512_seed4,15,5,y,172,254.28832193338056,0.9999912893635994,other |H|=12 units=4 transl=5Z idx=10 triv,l
aff15_wu_m512_seed4,15,5,y,173,262.2524944093838,0.999989292922693,other |H|=12 units=4 transl=5Z idx=10 triv,l
aff15_wu_m512_seed4,15,5,y,181,252.45538799367546,0.9999946636292752,other |H|=12 units=4 transl=5Z idx=10 triv,l
aff15_wu_m512_seed4,15,5,y,192,265.3728772057306,0.9999889919577083,other |H|=12 units=4 transl=5Z idx=10 triv,l
aff15_wu_m512_seed4,15,5,y,195,0.005096392776890681,0.9522089090492374,other |H|=12 units=4 transl=5Z idx=10 triv,l
aff15_wu_m512_seed4,15,5,y,196,0.001921262760673084,0.9234140761151487,other |H|=12 units=4 transl=5Z idx=10 triv,l
aff15_wu_m512_seed4,15,5,y,217,0.0013006905480323567,0.8211967889133002,other |H|=12 units=4 transl=5Z idx=10 char,r
aff15_wu_m512_seed4,15,5,y,218,276.07156464155196,0.9999949940919747,"S_x,5 (stabilizer mod 5) idx=5 triv",l
aff15_wu_m512_seed4,15,5,y,223,106.2450801402816,0.9999936343203245,other |H|=12 units=4 transl=5Z idx=10 triv,l
aff15_wu_m512_seed4,15,5,y,224,277.9372447459463,0.9999922337399229,M_x (point stabilizer) idx=15 triv,l
aff15_wu_m512_seed4,15,5,y,231,272.26997098089043,0.9999944684075743,other |H|=12 units=4 transl=5Z idx=10 triv,l
aff15_wu_m512_seed4,15,5,y,241,266.3322787700099,0.9999920101767727,other |H|=12 units=4 transl=5Z idx=10 triv,l
aff15_wu_m512_seed4,15,5,y,242,84.08983963332399,0.999992151582899,other |H|=12 units=4 transl=5Z idx=10 triv,l
aff15_wu_m512_seed4,15,5,y,248,273.32839661037536,0.9999933885564819,other |H|=12 units=4 transl=5Z idx=10 triv,l
aff15_wu_m512_seed4,15,5,y,249,257.93892396618423,0.999992134178652,other |H|=12 units=4 transl=5Z idx=10 triv,l
aff15_wu_m512_seed4,15,5,y,259,271.41282110833333,0.9999937622137223,other |H|=12 units=4 transl=5Z idx=10 triv,l
aff15_wu_m512_seed4,15,5,y,262,0.00027281020653687014,0.9273121705459502,other |H|=12 units=4 transl=5Z idx=10 triv,l
aff15_wu_m512_seed4,15,5,y,272,0.0007244374010709361,0.9588927278498283,M_x (point stabilizer) idx=15 triv,l
aff15_wu_m512_seed4,15,5,y,273,0.0016042607262505041,0.9449998777508187,other |H|=12 units=4 transl=5Z idx=10 triv,l
aff15_wu_m512_seed4,15,5,y,279,262.6108286737454,0.999993870829086,"S_x,5 (stabilizer mod 5) idx=5 triv",l
aff15_wu_m512_seed4,15,5,y,284,0.001939970473105452,0.9414182852818779,other |H|=12 units=4 transl=5Z idx=10 char,l
aff15_wu_m512_seed4,15,5,y,288,252.43986473980092,0.9999949938223234,M_x (point stabilizer) idx=15 triv,l
aff15_wu_m512_seed4,15,5,y,290,250.81429621348082,0.9999948955817677,other |H|=12 units=4 transl=5Z idx=10 triv,l
aff15_wu_m512_seed4,15,5,y,294,275.41901331758567,0.9999933108482155,M_x (point stabilizer) idx=15 triv,l
aff15_wu_m512_seed4,15,5,y,304,268.4877978926731,0.9999921644640813,"S_x,5 (stabilizer mod 5) idx=5 triv",l
aff15_wu_m512_seed4,15,5,y,307,263.95743752493195,0.9999922768791735,other |H|=12 units=4 transl=5Z idx=10 triv,l
aff15_wu_m512_seed4,15,5,y,312,275.21006898046227,0.9999941094780544,M_x (point stabilizer) idx=15 triv,l
aff15_wu_m512_seed4,15,5,y,314,0.0014168692648211562,0.8556024517721628,other |H|=12 units=4 transl=5Z idx=10 char,l
aff15_wu_m512_seed4,15,5,y,326,274.0840523442884,0.9999934584787834,M_x (point stabilizer) idx=15 triv,l
aff15_wu_m512_seed4,15,5,y,329,268.319332803057,0.9999944277612657,"S_x,5 (stabilizer mod 5) idx=5 triv",l
aff15_wu_m512_seed4,15,5,y,331,0.00023506798483901429,0.8990627657889185,other |H|=12 units=4 transl=5Z idx=10 char,r
aff15_wu_m512_seed4,15,5,y,332,256.6784134764343,0.9999920804266517,"S_x,5 (stabilizer mod 5) idx=5 triv",l
aff15_wu_m512_seed4,15,5,y,342,274.99836953508935,0.9999938238788201,other |H|=12 units=4 transl=5Z idx=10 triv,l
aff15_wu_m512_seed4,15,5,y,350,0.0003742135591161047,0.9223175550928809,other |H|=12 units=4 transl=5Z idx=10 char,l
aff15_wu_m512_seed4,15,5,y,351,0.0006746668924603222,0.8954218167964599,other |H|=12 units=4 transl=5Z idx=10 char,l
aff15_wu_m512_seed4,15,5,y,362,0.0004926195123275438,0.9487427749214369,other |H|=12 units=4 transl=5Z idx=10 char,l
aff15_wu_m512_seed4,15,5,y,364,0.00018596097216262402,0.8968814392871317,M_x (point stabilizer) idx=15 triv,l
aff15_wu_m512_seed4,15,5,y,365,270.70203513095817,0.9999945216164249,other |H|=12 units=4 transl=5Z idx=10 triv,l
aff15_wu_m512_seed4,15,5,y,378,0.00031605349076425205,0.9101502059348096,other |H|=12 units=4 transl=5Z idx=10 char,l
aff15_wu_m512_seed4,15,5,y,379,273.95964841993924,0.9999952002475376,"S_x,5 (stabilizer mod 5) idx=5 triv",l
aff15_wu_m512_seed4,15,5,y,380,0.0006259900166427021,0.8399932463021386,other |H|=12 units=4 transl=5Z idx=10 char,r
aff15_wu_m512_seed4,15,5,y,384,256.8357468507458,0.9999919115521576,other |H|=12 units=4 transl=5Z idx=10 triv,l
aff15_wu_m512_seed4,15,5,y,385,162.570404814962,0.9999906352331677,other |H|=12 units=4 transl=5Z idx=10 triv,l
aff15_wu_m512_seed4,15,5,y,387,0.00018661179647950913,0.9834616232330741,other |H|=12 units=4 transl=5Z idx=10 triv,l
aff15_wu_m512_seed4,15,5,y,388,273.8576878395679,0.999992408195328,other |H|=12 units=4 transl=5Z idx=10 triv,l
aff15_wu_m512_seed4,15,5,y,393,0.00026952492906761184,0.9140713055545693,other |H|=12 units=4 transl=5Z idx=10 triv,l
aff15_wu_m512_seed4,15,5,y,404,261.2370674474667,0.999995074661642,M_x (point stabilizer) idx=15 triv,l
aff15_wu_m512_seed4,15,5,y,409,0.0002469792755815923,0.9344500729816756,other |H|=12 units=4 transl=5Z idx=10 char,l
aff15_wu_m512_seed4,15,5,y,415,0.0002499280551117012,0.8713197992384215,other |H|=12 units=4 transl=5Z idx=10 char,l
aff15_wu_m512_seed4,15,5,y,418,0.00017809003937854228,0.8457220389902529,other |H|=12 units=4 transl=5Z idx=10 char,l
aff15_wu_m512_seed4,15,5,y,421,0.0002498227338161886,0.9115397644268174,other |H|=12 units=4 transl=5Z idx=10 char,l
aff15_wu_m512_seed4,15,5,y,432,255.53435077161856,0.9999917394103183,other |H|=12 units=4 transl=5Z idx=10 triv,l
aff15_wu_m512_seed4,15,5,y,436,253.38875398844252,0.9999902100746119,M_x (point stabilizer) idx=15 triv,l
aff15_wu_m512_seed4,15,5,y,439,4.295751978486407e-05,0.9497146136497547,other |H|=12 units=4 transl=5Z idx=10 char,l
aff15_wu_m512_seed4,15,5,y,440,4.061421800434997e-05,0.8197944141600588,other |H|=12 units=4 transl=5Z idx=10 char,r
aff15_wu_m512_seed4,15,5,y,446,0.0026124564776962415,0.860432760410427,other |H|=12 units=4 transl=5Z idx=10 char,r
aff15_wu_m512_seed4,15,5,y,448,271.23383653013565,0.9999949579945303,"S_x,5 (stabilizer mod 5) idx=5 triv",l
aff15_wu_m512_seed4,15,5,y,451,0.00029161032505022386,0.8629168158273003,other |H|=12 units=4 transl=5Z idx=10 char,l
aff15_wu_m512_seed4,15,5,y,476,272.51329507244066,0.9999951437726481,"S_x,5 (stabilizer mod 5) idx=5 triv",l
aff15_wu_m512_seed4,15,5,y,482,0.0003804571526814405,0.8503055622901206,other |H|=12 units=4 transl=5Z idx=10 triv,l
aff15_wu_m512_seed4,15,5,y,483,271.79167260517085,0.9999946207574457,M_x (point stabilizer) idx=15 triv,l
aff15_wu_m512_seed4,15,5,y,490,0.000871030329497005,0.9184772754763549,other |H|=12 units=4 transl=5Z idx=10 char,l
aff15_wu_m512_seed4,15,5,y,497,0.00017503310481988002,0.8657971397113516,other |H|=12 units=4 transl=5Z idx=10 char,r
aff15_wu_m512_seed4,15,5,y,500,0.0007447944799509093,0.9097820310151818,other |H|=12 units=4 transl=5Z idx=10 triv,l
aff15_wu_m512_seed4,15,5,y,507,0.007686689704418955,0.9530432954142671,other |H|=12 units=4 transl=5Z idx=10 char,l
aff15_wu_m512_seed4,15,5,y,508,265.83110812119287,0.99999399557674,"S_x,5 (stabilizer mod 5) idx=5 triv",l
aff15_wu_m512_seed4,15,5,y,510,0.00010452703387986466,0.931871044984138,M_x (point stabilizer) idx=15 triv,l
aff15_wu_m512_seed4,15,5,y,511,256.8465033277525,0.9999934607490624,M_x (point stabilizer) idx=15 triv,l
aff15_wu_m512_seed5,15,5β,x,6,302.69715863013465,0.9999935499658896,"S_x,5 (stabilizer mod 5) idx=5 char",r
aff15_wu_m512_seed5,15,5β,x,10,11.87795608618952,0.9999212263954674,other |H|=12 units=4 transl=5Z idx=10 char,r
aff15_wu_m512_seed5,15,5β,x,15,0.0001310722238310057,0.9262807967203636,other |H|=12 units=4 transl=5Z idx=10 char,l
aff15_wu_m512_seed5,15,5β,x,23,0.00036901259481983536,0.9186460306551164,other |H|=12 units=4 transl=5Z idx=10 char,r
aff15_wu_m512_seed5,15,5β,x,25,0.0029806722079912733,0.9329172397863241,other |H|=12 units=4 transl=5Z idx=10 char,l
aff15_wu_m512_seed5,15,5β,x,29,290.9966235198489,0.9999941390081782,"S_x,5 (stabilizer mod 5) idx=5 char",r
aff15_wu_m512_seed5,15,5β,x,32,0.025749325454413934,0.9632587173683927,other |H|=12 units=4 transl=5Z idx=10 char,l
aff15_wu_m512_seed5,15,5β,x,33,263.4959573871457,0.9999938579459416,"S_x,5 (stabilizer mod 5) idx=5 char",r
aff15_wu_m512_seed5,15,5β,x,38,311.1830689325624,0.9999904364884645,"S_x,5 (stabilizer mod 5) idx=5 char",r
aff15_wu_m512_seed5,15,5β,x,43,0.0018646857526399324,0.9198258985655499,other |H|=12 units=4 transl=5Z idx=10 char,l
aff15_wu_m512_seed5,15,5β,x,44,0.0017865227145299433,0.9672186606245392,other |H|=12 units=4 transl=5Z idx=10 char,l
aff15_wu_m512_seed5,15,5β,x,48,166.4563689058165,0.9999932987431422,other |H|=12 units=4 transl=5Z idx=10 char,r
aff15_wu_m512_seed5,15,5β,x,55,29.12762295993951,0.9999806369262229,other |H|=12 units=4 transl=5Z idx=10 char,r
aff15_wu_m512_seed5,15,5β,x,58,20.488604973368464,0.9999451599438113,other |H|=12 units=4 transl=5Z idx=10 char,r
aff15_wu_m512_seed5,15,5β,x,59,313.72835979356444,0.9999851858396676,"S_x,5 (stabilizer mod 5) idx=5 char",r
aff15_wu_m512_seed5,15,5β,x,60,32.42467706089163,0.9999893083934248,other |H|=12 units=4 transl=5Z idx=10 char,r
aff15_wu_m512_seed5,15,5β,x,61,0.00423975474020007,0.9505295359005813,other |H|=12 units=4 transl=5Z idx=10 char,l
aff15_wu_m512_seed5,15,5β,x,65,304.9472992041835,0.9999928623609199,other |H|=12 units=4 transl=5Z idx=10 char,r
aff15_wu_m512_seed5,15,5β,x,66,302.7528681755641,0.9999948088197993,other |H|=12 units=4 transl=5Z idx=10 char,r
aff15_wu_m512_seed5,15,5β,x,76,303.0191309793442,0.9999952611544252,other |H|=12 units=4 transl=5Z idx=10 char,r
aff15_wu_m512_seed5,15,5β,x,82,20.820941245791154,0.999982773220429,other |H|=12 units=4 transl=5Z idx=10 char,r
aff15_wu_m512_seed5,15,5β,x,83,7.222808422346218e-05,0.9289388957015884,other |H|=12 units=4 transl=5Z idx=10 char,l
aff15_wu_m512_seed5,15,5β,x,84,27.038912526637585,0.99993583854303,other |H|=12 units=4 transl=5Z idx=10 char,r
aff15_wu_m512_seed5,15,5β,x,85,298.9870046456204,0.9999947224369153,other |H|=12 units=4 transl=5Z idx=10 char,r
aff15_wu_m512_seed5,15,5β,x,94,0.00014528995396450705,0.9485394158599465,other |H|=12 units=4 transl=5Z idx=10 char,l
aff15_wu_m512_seed5,15,5β,x,95,0.0043504202851921995,0.9680420917612812,other |H|=12 units=4 transl=5Z idx=10 char,l
aff15_wu_m512_seed5,15,5β,x,98,17.337148957743413,0.9999578752447231,other |H|=12 units=4 transl=5Z idx=10 char,r
aff15_wu_m512_seed5,15,5β,x,100,0.004599457998144993,0.991608507609046,other |H|=12 units=4 transl=5Z idx=10 char,l
aff15_wu_m512_seed5,15,5β,x,101,307.0174495513212,0.9999926017599269,other |H|=12 units=4 transl=5Z idx=10 char,r
aff15_wu_m512_seed5,15,5β,x,106,311.67032549627385,0.9999950470975465,"S_x,5 (stabilizer mod 5) idx=5 char",r
aff15_wu_m512_seed5,15,5β,x,109,0.0007220803464492563,0.9506552645407165,other |H|=12 units=4 transl=5Z idx=10 char,l
aff15_wu_m512_seed5,15,5β,x,114,299.0818840668127,0.9999910407139043,other |H|=12 units=4 transl=5Z idx=10 char,r
aff15_wu_m512_seed5,15,5β,x,121,21.403707911126034,0.999969565985175,other |H|=12 units=4 transl=5Z idx=10 char,r
aff15_wu_m512_seed5,15,5β,x,124,22.075915820714936,0.9999861406131036,other |H|=12 units=4 transl=5Z idx=10 char,r
aff15_wu_m512_seed5,15,5β,x,133,296.9683820958881,0.9999932309821082,"S_x,5 (stabilizer mod 5) idx=5 char",r
aff15_wu_m512_seed5,15,5β,x,138,0.0010724785225612874,0.9076963206345074,other |H|=12 units=4 transl=5Z idx=10 char,r
aff15_wu_m512_seed5,15,5β,x,139,0.003556115976639239,0.9008591761329847,other |H|=12 units=4 transl=5Z idx=10 char,l
aff15_wu_m512_seed5,15,5β,x,141,0.000924795388688536,0.9644459565732209,other |H|=12 units=4 transl=5Z idx=10 char,l
aff15_wu_m512_seed5,15,5β,x,158,297.0327274201795,0.9999912740081531,"S_x,5 (stabilizer mod 5) idx=5 char",r
aff15_wu_m512_seed5,15,5β,x,159,300.0633573258122,0.9999925113632998,other |H|=12 units=4 transl=5Z idx=10 char,r
aff15_wu_m512_seed5,15,5β,x,163,31.30337684581974,0.9999738677717388,other |H|=12 units=4 transl=5Z idx=10 char,r
aff15_wu_m512_seed5,15,5β,x,164,0.00017827645304414902,0.9560404848639495,other |H|=12 units=4 transl=5Z idx=10 char,l
aff15_wu_m512_seed5,15,5β,x,165,316.0748926034428,0.9999904163639093,"S_x,5 (stabilizer mod 5) idx=5 char",r
aff15_wu_m512_seed5,15,5β,x,167,305.2210446051086,0.9999904883324006,"S_x,5 (stabilizer mod 5) idx=5 char",r
aff15_wu_m512_seed5,15,5β,x,169,0.013135454296225558,0.9441577701639957,other |H|=12 units=4 transl=5Z idx=10 char,l
aff15_wu_m512_seed5,15,5β,x,172,319.2241395298059,0.9999921736793035,"S_x,5 (stabilizer mod 5) idx=5 char",r
aff15_wu_m512_seed5,15,5β,x,175,74.00589782213524,0.9999875064718502,"S_x,5 (stabilizer mod 5) idx=5 char",r
aff15_wu_m512_seed5,15,5β,x,180,297.7456460808469,0.9999922670258713,"S_x,5 (stabilizer mod 5) idx=5 char",r
aff15_wu_m512_seed5,15,5β,x,183,313.3332719843068,0.9999920742712791,"S_x,5 (stabilizer mod 5) idx=5 char",r
aff15_wu_m512_seed5,15,5β,x,189,327.322158177841,0.9999915073362946,"S_x,5 (stabilizer mod 5) idx=5 char",r
aff15_wu_m512_seed5,15,5β,x,199,0.00439661906853951,0.9513926108554638,other |H|=12 units=4 transl=5Z idx=10 char,l
aff15_wu_m512_seed5,15,5β,x,202,13.295013947379708,0.9999682397172209,other |H|=12 units=4 transl=5Z idx=10 char,r
aff15_wu_m512_seed5,15,5β,x,205,313.508226368623,0.9999938416382854,other |H|=12 units=4 transl=5Z idx=10 char,r
aff15_wu_m512_seed5,15,5β,x,211,0.0004282590614764314,0.9523350223606317,other |H|=12 units=4 transl=5Z idx=10 char,l
aff15_wu_m512_seed5,15,5β,x,217,0.00015013730480138831,0.9500861985871507,other |H|=12 units=4 transl=5Z idx=10 char,l
aff15_wu_m512_seed5,15,5β,x,220,308.07621158301293,0.9999920255821239,"S_x,5 (stabilizer mod 5) idx=5 char",r
aff15_wu_m512_seed5,15,5β,x,234,318.2349938772652,0.9999914574206058,"S_x,5 (stabilizer mod 5) idx=5 char",r
aff15_wu_m512_seed5,15,5β,x,246,298.92954423592545,0.9999941973241903,"S_x,5 (stabilizer mod 5) idx=5 char",r
aff15_wu_m512_seed5,15,5β,x,249,291.105097507529,0.999994099667586,"S_x,5 (stabilizer mod 5) idx=5 char",r
aff15_wu_m512_seed5,15,5β,x,253,286.74538557371073,0.9999935484884772,other |H|=12 units=4 transl=5Z idx=10 char,r
aff15_wu_m512_seed5,15,5β,x,264,0.0043286564687399064,0.9561004893925186,other |H|=12 units=4 transl=5Z idx=10 char,r
aff15_wu_m512_seed5,15,5β,x,266,0.001145398277120375,0.9661555142581301,other |H|=12 units=4 transl=5Z idx=10 char,l
aff15_wu_m512_seed5,15,5β,x,267,0.002154747873959812,0.9097336736567232,other |H|=12 units=4 transl=5Z idx=10 char,l
aff15_wu_m512_seed5,15,5β,x,269,38.615136180913076,0.9999845209241661,other |H|=12 units=4 transl=5Z idx=10 char,r
aff15_wu_m512_seed5,15,5β,x,271,0.0027370180503782883,0.9505481026855912,other |H|=12 units=4 transl=5Z idx=10 char,l
aff15_wu_m512_seed5,15,5β,x,277,0.0025895872053825542,0.9616700320600002,other |H|=12 units=4 transl=5Z idx=10 char,l
aff15_wu_m512_seed5,15,5β,x,282,0.0002120695425755577,0.98049736142714,other |H|=12 units=4 transl=5Z idx=10 char,l
aff15_wu_m512_seed5,15,5β,x,283,30.0724819156255,0.999982757405317,other |H|=12 units=4 transl=5Z idx=10 char,r
aff15_wu_m512_seed5,15,5β,x,286,0.00016816035348208888,0.9346324589713975,other |H|=12 units=4 transl=5Z idx=10 char,r
aff15_wu_m512_seed5,15,5β,x,288,297.2753802379669,0.9999946906508066,other |H|=12 units=4 transl=5Z idx=10 char,r
aff15_wu_m512_seed5,15,5β,x,294,26.595555152209087,0.999980349094754,other |H|=12 units=4 transl=5Z idx=10 char,r
aff15_wu_m512_seed5,15,5β,x,295,0.000571283161814503,0.9038862701097413,other |H|=12 units=4 transl=5Z idx=10 char,l
aff15_wu_m512_seed5,15,5β,x,314,28.554470863359242,0.9999629625382954,"S_x,5 (stabilizer mod 5) idx=5 char",r
aff15_wu_m512_seed5,15,5β,x,315,0.004784230406405754,0.9383940641309171,other |H|=12 units=4 transl=5Z idx=10 char,l
aff15_wu_m512_seed5,15,5β,x,318,0.0008304116896575365,0.9011499133387888,other |H|=12 units=4 transl=5Z idx=10 char,l
aff15_wu_m512_seed5,15,5β,x,319,15.30810285794893,0.999959986598911,other |H|=12 units=4 transl=5Z idx=10 char,r
aff15_wu_m512_seed5,15,5β,x,320,14.218393523240609,0.9999797734875887,other |H|=12 units=4 transl=5Z idx=10 char,r
aff15_wu_m512_seed5,15,5β,x,323,0.0006131013773333937,0.9199922903037303,other |H|=12 units=4 transl=5Z idx=10 char,l
aff15_wu_m512_seed5,15,5β,x,324,30.234769658716687,0.9999802619599418,other |H|=12 units=4 transl=5Z idx=10 char,r
aff15_wu_m512_seed5,15,5β,x,326,0.014194540896787417,0.9231868100065703,other |H|=12 units=4 transl=5Z idx=10 char,l
aff15_wu_m512_seed5,15,5β,x,328,322.65130473075214,0.9999929282543356,other |H|=12 units=4 transl=5Z idx=10 char,r
aff15_wu_m512_seed5,15,5β,x,332,0.0023772821253247372,0.9098877624521361,other |H|=12 units=4 transl=5Z idx=10 char,r
aff15_wu_m512_seed5,15,5β,x,346,0.00010555266823503796,0.9633244899635136,other |H|=12 units=4 transl=5Z idx=10 char,r
aff15_wu_m512_seed5,15,5β,x,348,0.0008101973541251809,0.9627273328626705,other |H|=12 units=4 transl=5Z idx=10 char,r
aff15_wu_m512_seed5,15,5β,x,353,296.1604821051293,0.9999934341348559,"S_x,5 (stabilizer mod 5) idx=5 char",r
aff15_wu_m512_seed5,15,5β,x,355,0.0008699022087892541,0.9367302105491065,other |H|=12 units=4 transl=5Z idx=10 char,l
aff15_wu_m512_seed5,15,5β,x,359,297.34245742666,0.9999940542250957,other |H|=12 units=4 transl=5Z idx=10 char,r
aff15_wu_m512_seed5,15,5β,x,360,296.7855389767495,0.9999903203673346,other |H|=12 units=4 transl=5Z idx=10 char,r
aff15_wu_m512_seed5,15,5β,x,367,32.17623809557863,0.9999895807939535,"S_x,5 (stabilizer mod 5) idx=5 char",r
aff15_wu_m512_seed5,15,5β,x,369,308.2108817497915,0.999996029598512,other |H|=12 units=4 transl=5Z idx=10 char,r
aff15_wu_m512_seed5,15,5β,x,376,37.892575254438576,0.999954950130889,other |H|=12 units=4 transl=5Z idx=10 char,r
aff15_wu_m512_seed5,15,5β,x,383,314.2234153515109,0.9999939948790743,other |H|=12 units=4 transl=5Z idx=10 char,r
aff15_wu_m512_seed5,15,5β,x,386,315.1014220356524,0.999991370475278,"S_x,5 (stabilizer mod 5) idx=5 char",r
aff15_wu_m512_seed5,15,5β,x,389,0.00027208617524589125,0.9539284103447667,other |H|=12 units=4 transl=5Z idx=10 char,l
aff15_wu_m512_seed5,15,5β,x,392,0.0034056591534629924,0.9165100007317705,other |H|=12 units=4 transl=5Z idx=10 char,l
aff15_wu_m512_seed5,15,5β,x,393,35.566100474266015,0.9999790224405588,"S_x,5 (stabilizer mod 5) idx=5 char",r
aff15_wu_m512_seed5,15,5β,x,396,0.0004611925523548551,0.9394265362209026,other |H|=12 units=4 transl=5Z idx=10 char,l
aff15_wu_m512_seed5,15,5β,x,399,294.1901706584186,0.9999896262986673,"S_x,5 (stabilizer mod 5) idx=5 char",r
aff15_wu_m512_seed5,15,5β,x,401,317.2332183111173,0.999993415819042,"S_x,5 (stabilizer mod 5) idx=5 char",r
aff15_wu_m512_seed5,15,5β,x,402,32.479620875021034,0.999972724346301,other |H|=12 units=4 transl=5Z idx=10 char,r
aff15_wu_m512_seed5,15,5β,x,413,0.002866415234799992,0.956789835047296,other |H|=12 units=4 transl=5Z idx=10 char,l
aff15_wu_m512_seed5,15,5β,x,417,0.001680558961917405,0.9322983954271385,other |H|=12 units=4 transl=5Z idx=10 char,l
aff15_wu_m512_seed5,15,5β,x,418,314.2695396090626,0.9999902701762013,other |H|=12 units=4 transl=5Z idx=10 char,r
aff15_wu_m512_seed5,15,5β,x,419,0.0017351573422027507,0.9619113917052942,other |H|=12 units=4 transl=5Z idx=10 char,l
aff15_wu_m512_seed5,15,5β,x,420,0.002459448879601797,0.9704966146957018,other |H|=12 units=4 transl=5Z idx=10 char,l
aff15_wu_m512_seed5,15,5β,x,423,0.0021103644632195695,0.957392336779348,other |H|=12 units=4 transl=5Z idx=10 char,r
aff15_wu_m512_seed5,15,5β,x,428,315.93926416809825,0.9999941509372764,other |H|=12 units=4 transl=5Z idx=10 char,r
aff15_wu_m512_seed5,15,5β,x,430,14.461828137680238,0.9999489756876214,other |H|=12 units=4 transl=5Z idx=10 char,r
aff15_wu_m512_seed5,15,5β,x,437,30.607257511519727,0.9999763373969204,other |H|=12 units=4 transl=5Z idx=10 char,r
aff15_wu_m512_seed5,15,5β,x,438,11.339606236834173,0.9999636268581109,other |H|=12 units=4 transl=5Z idx=10 char,r
aff15_wu_m512_seed5,15,5β,x,439,0.003787685878850922,0.9189823628769406,other |H|=12 units=4 transl=5Z idx=10 char,l
aff15_wu_m512_seed5,15,5β,x,441,0.010324721765634415,0.9425080684432026,other |H|=12 units=4 transl=5Z idx=10 char,l
aff15_wu_m512_seed5,15,5β,x,443,0.0010939154962287243,0.9824064794183145,other |H|=12 units=4 transl=5Z idx=10 char,l
aff15_wu_m512_seed5,15,5β,x,444,287.31993828701906,0.9999922808374465,"S_x,5 (stabilizer mod 5) idx=5 char",r
aff15_wu_m512_seed5,15,5β,x,447,0.0016680961888586923,0.9884019034678743,other |H|=12 units=4 transl=5Z idx=10 char,l
aff15_wu_m512_seed5,15,5β,x,448,316.3832598157485,0.9999930869663168,other |H|=12 units=4 transl=5Z idx=10 char,r
aff15_wu_m512_seed5,15,5β,x,449,0.0014938979696690895,0.9485399049551919,other |H|=12 units=4 transl=5Z idx=10 char,l
aff15_wu_m512_seed5,15,5β,x,455,0.00020952132320385913,0.9421559167690086,other |H|=12 units=4 transl=5Z idx=10 char,l
aff15_wu_m512_seed5,15,5β,x,456,0.00251251645380482,0.9865364111405055,other |H|=12 units=4 transl=5Z idx=10 char,l
aff15_wu_m512_seed5,15,5β,x,462,316.92470340287286,0.9999937924989589,"S_x,5 (stabilizer mod 5) idx=5 char",r
aff15_wu_m512_seed5,15,5β,x,468,0.003947595772450312,0.9473395823916112,other |H|=12 units=4 transl=5Z idx=10 char,l
aff15_wu_m512_seed5,15,5β,x,469,22.540410608999718,0.9999834098397359,other |H|=12 units=4 transl=5Z idx=10 char,r
aff15_wu_m512_seed5,15,5β,x,470,318.78769816661145,0.9999932069049672,"S_x,5 (stabilizer mod 5) idx=5 char",r
aff15_wu_m512_seed5,15,5β,x,473,32.91258097419067,0.9999729206195256,other |H|=12 units=4 transl=5Z idx=10 char,r
aff15_wu_m512_seed5,15,5β,x,479,0.004956444839068216,0.9417440129762723,other |H|=12 units=4 transl=5Z idx=10 char,l
aff15_wu_m512_seed5,15,5β,x,480,294.914080970396,0.9999928976768101,"S_x,5 (stabilizer mod 5) idx=5 char",r
aff15_wu_m512_seed5,15,5β,x,482,26.328173874451746,0.9999821648083048,other |H|=12 units=4 transl=5Z idx=10 char,r
aff15_wu_m512_seed5,15,5β,x,486,0.00718905022436521,0.9443015981071338,other |H|=12 units=4 transl=5Z idx=10 char,l
aff15_wu_m512_seed5,15,5β,x,489,313.0496551400192,0.9999916612664598,"S_x,5 (stabilizer mod 5) idx=5 char",r
aff15_wu_m512_seed5,15,5β,x,491,300.9810171836512,0.9999872946454873,other |H|=12 units=4 transl=5Z idx=10 char,r
aff15_wu_m512_seed5,15,5β,x,494,0.0008337805782850593,0.9494798491165105,other |H|=12 units=4 transl=5Z idx=10 char,l
aff15_wu_m512_seed5,15,5β,x,498,248.13007289243563,0.9999940929119996,other |H|=12 units=4 transl=5Z idx=10 char,r
aff15_wu_m512_seed5,15,5β,x,499,310.7384908131914,0.9999954731383413,other |H|=12 units=4 transl=5Z idx=10 char,r
aff15_wu_m512_seed5,15,5β,x,503,138.31061065332835,0.9999917302477646,other |H|=12 units=4 transl=5Z idx=10 char,r
aff15_wu_m512_seed5,15,5β,x,505,13.637186956120416,0.9998853573297649,other |H|=12 units=4 transl=5Z idx=10 char,r
aff15_wu_m512_seed5,15,5β,x,506,310.57892832427143,0.9999948224398743,"S_x,5 (stabilizer mod 5) idx=5 char",r
aff15_wu_m512_seed5,15,5β,x,507,0.001434620183368612,0.9407895625915738,other |H|=12 units=4 transl=5Z idx=10 char,l
aff15_wu_m512_seed5,15,5β,x,509,0.001386367870354247,0.9648634498990469,other |H|=12 units=4 transl=5Z idx=10 char,l
aff15_wu_m512_seed5,15,5β,x,510,0.004762260892315647,0.9850381139216896,other |H|=12 units=4 transl=5Z idx=10 char,l
aff15_wu_m512_seed5,15,5β,y,6,303.4748665666588,0.9999916901475703,other |H|=12 units=4 transl=5Z idx=10 char,l
aff15_wu_m512_seed5,15,5β,y,7,0.00034366073958876076,0.9508575346377816,other |H|=12 units=4 transl=5Z idx=10 char,r
aff15_wu_m512_seed5,15,5β,y,10,11.74462919835065,0.9999236466517614,other |H|=12 units=4 transl=5Z idx=10 char,l
aff15_wu_m512_seed5,15,5β,y,11,0.00021835056768008203,0.9804000918801321,other |H|=12 units=4 transl=5Z idx=10 char,l
aff15_wu_m512_seed5,15,5β,y,13,0.0004400177222964775,0.9768652023619411,other |H|=12 units=4 transl=5Z idx=10 char,l
aff15_wu_m512_seed5,15,5β,y,19,0.0005375781956833838,0.9062877409996716,other |H|=12 units=4 transl=5Z idx=10 char,r
aff15_wu_m512_seed5,15,5β,y,25,0.0007413689394138185,0.959069375432119,other |H|=12 units=4 transl=5Z idx=10 char,r
aff15_wu_m512_seed5,15,5β,y,29,290.89218412743105,0.9999909737205868,other |H|=12 units=4 transl=5Z idx=10 char,l
aff15_wu_m512_seed5,15,5β,y,30,0.0009276960576705746,0.9497651577910244,other |H|=12 units=4 transl=5Z idx=10 char,l
aff15_wu_m512_seed5,15,5β,y,33,267.06921570363045,0.9999932031895477,other |H|=12 units=4 transl=5Z idx=10 char,l
aff15_wu_m512_seed5,15,5β,y,34,0.001436483488702483,0.9479497952256579,other |H|=12 units=4 transl=5Z idx=10 char,r
aff15_wu_m512_seed5,15,5β,y,35,0.0013094292838816868,0.9680621610589204,other |H|=12 units=4 transl=5Z idx=10 char,l
aff15_wu_m512_seed5,15,5β,y,38,312.985811801706,0.9999949177188713,other |H|=12 units=4 transl=5Z idx=10 char,l
aff15_wu_m512_seed5,15,5β,y,44,0.00262403035759858,0.9088550639212838,other |H|=12 units=4 transl=5Z idx=10 char,r
aff15_wu_m512_seed5,15,5β,y,45,0.0026986071179125586,0.9865355271224145,other |H|=12 units=4 transl=5Z idx=10 char,r
aff15_wu_m512_seed5,15,5β,y,48,166.8000904655831,0.9999926425198934,other |H|=12 units=4 transl=5Z idx=10 char,l
aff15_wu_m512_seed5,15,5β,y,54,9.421102086322924e-05,0.9163217359196947,other |H|=12 units=4 transl=5Z idx=10 char,r
aff15_wu_m512_seed5,15,5β,y,55,29.465278839035424,0.9999871726325316,other |H|=12 units=4 transl=5Z idx=10 char,l
aff15_wu_m512_seed5,15,5β,y,58,20.640324683954965,0.9999768429709084,other |H|=12 units=4 transl=5Z idx=10 char,l
aff15_wu_m512_seed5,15,5β,y,59,315.1900840927866,0.9999922920065356,other |H|=12 units=4 transl=5Z idx=10 char,l
aff15_wu_m512_seed5,15,5β,y,60,32.33183974228901,0.9999860938507552,other |H|=12 units=4 transl=5Z idx=10 char,l
aff15_wu_m512_seed5,15,5β,y,62,0.0009649057099758281,0.9803924786699063,other |H|=12 units=4 transl=5Z idx=10 char,r
aff15_wu_m512_seed5,15,5β,y,65,304.8002636210589,0.9999897233881865,other |H|=12 units=4 transl=5Z idx=10 char,l
aff15_wu_m512_seed5,15,5β,y,66,303.01774490093595,0.999992936869578,"S_x,5 (stabilizer mod 5) idx=5 char",l
aff15_wu_m512_seed5,15,5β,y,70,0.0008004455275042091,0.9130727098273196,other |H|=12 units=4 transl=5Z idx=10 char,r
aff15_wu_m512_seed5,15,5β,y,75,0.00010274319184865682,0.9401763426325811,other |H|=12 units=4 transl=5Z idx=10 char,r
aff15_wu_m512_seed5,15,5β,y,76,304.31419483317364,0.9999952268947113,other |H|=12 units=4 transl=5Z idx=10 char,l
aff15_wu_m512_seed5,15,5β,y,82,20.677932527327005,0.9999595742177986,other |H|=12 units=4 transl=5Z idx=10 char,l
aff15_wu_m512_seed5,15,5β,y,84,26.906880670232457,0.9999862633461376,other |H|=12 units=4 transl=5Z idx=10 char,l
aff15_wu_m512_seed5,15,5β,y,85,300.2309144018923,0.9999944532514692,other |H|=12 units=4 transl=5Z idx=10 char,l
aff15_wu_m512_seed5,15,5β,y,87,0.00035697282568323646,0.9487317031388826,other |H|=12 units=4 transl=5Z idx=10 char,l
aff15_wu_m512_seed5,15,5β,y,89,0.000664465601151891,0.9444994605021381,other |H|=12 units=4 transl=5Z idx=10 char,l
aff15_wu_m512_seed5,15,5β,y,91,8.440310980208142e-05,0.9497650202530776,other |H|=12 units=4 transl=5Z idx=10 char,l
aff15_wu_m512_seed5,15,5β,y,98,17.30900134885113,0.9999726708624261,other |H|=12 units=4 transl=5Z idx=10 char,l
aff15_wu_m512_seed5,15,5β,y,101,307.978544204399,0.9999917884264552,other |H|=12 units=4 transl=5Z idx=10 char,l
aff15_wu_m512_seed5,15,5β,y,102,0.0015125700823295713,0.9808851884471839,other |H|=12 units=4 transl=5Z idx=10 char,r
aff15_wu_m512_seed5,15,5β,y,106,313.20389518143793,0.9999947098952596,other |H|=12 units=4 transl=5Z idx=10 char,l
aff15_wu_m512_seed5,15,5β,y,109,0.0004056991707087002,0.9589188615795289,other |H|=12 units=4 transl=5Z idx=10 char,r
aff15_wu_m512_seed5,15,5β,y,111,0.0001061037036482809,0.9775914132753665,other |H|=12 units=4 transl=5Z idx=10 char,r
aff15_wu_m512_seed5,15,5β,y,114,299.3620656074716,0.9999899447674623,other |H|=12 units=4 transl=5Z idx=10 char,l
aff15_wu_m512_seed5,15,5β,y,121,21.18869321957283,0.9999842172787059,other |H|=12 units=4 transl=5Z idx=10 char,l
aff15_wu_m512_seed5,15,5β,y,124,22.556020131983377,0.9999733140287644,"S_x,5 (stabilizer mod 5) idx=5 char",l
aff15_wu_m512_seed5,15,5β,y,125,0.0007848609620925241,0.9755317878237547,other |H|=12 units=4 transl=5Z idx=10 char,r
aff15_wu_m512_seed5,15,5β,y,133,298.9312968294825,0.9999867378286175,"S_x,5 (stabilizer mod 5) idx=5 char",l
aff15_wu_m512_seed5,15,5β,y,145,0.00032474348099832413,0.9830149364072663,other |H|=12 units=4 transl=5Z idx=10 char,r
aff15_wu_m512_seed5,15,5β,y,146,0.003126546505727479,0.9630593137867103,other |H|=12 units=4 transl=5Z idx=10 char,l
aff15_wu_m512_seed5,15,5β,y,149,0.022121030318732395,0.9895514535383089,other |H|=12 units=4 transl=5Z idx=10 char,r
aff15_wu_m512_seed5,15,5β,y,155,0.003186612508143695,0.9432627763681377,other |H|=12 units=4 transl=5Z idx=10 char,l
aff15_wu_m512_seed5,15,5β,y,158,299.73350953813843,0.999988860162686,other |H|=12 units=4 transl=5Z idx=10 char,l
aff15_wu_m512_seed5,15,5β,y,159,302.61853190162094,0.9999883197341567,"S_x,5 (stabilizer mod 5) idx=5 char",l
aff15_wu_m512_seed5,15,5β,y,161,0.004721243920916754,0.9490930877641214,other |H|=12 units=4 transl=5Z idx=10 char,l
aff15_wu_m512_seed5,15,5β,y,163,30.980872046176444,0.9999846414986342,other |H|=12 units=4 transl=5Z idx=10 char,l
aff15_wu_m512_seed5,15,5β,y,165,317.46959992645253,0.999994189170293,other |H|=12 units=4 transl=5Z idx=10 char,l
aff15_wu_m512_seed5,15,5β,y,167,305.25841214798817,0.9999872073087166,other |H|=12 units=4 transl=5Z idx=10 char,l
aff15_wu_m512_seed5,15,5β,y,172,322.4758416962601,0.9999889230524941,other |H|=12 units=4 transl=5Z idx=10 char,l
aff15_wu_m512_seed5,15,5β,y,173,0.00014196935334057174,0.9779235819629829,other |H|=12 units=4 transl=5Z idx=10 char,r
aff15_wu_m512_seed5,15,5β,y,175,74.67927318198343,0.9999917692617487,other |H|=12 units=4 transl=5Z idx=10 char,l
aff15_wu_m512_seed5,15,5β,y,177,0.0016389620300417333,0.992193799636903,other |H|=12 units=4 transl=5Z idx=10 char,r
aff15_wu_m512_seed5,15,5β,y,180,297.6223009143174,0.9999923165402282,other |H|=12 units=4 transl=5Z idx=10 char,l
aff15_wu_m512_seed5,15,5β,y,182,0.0051917451137098,0.9443994422428009,other |H|=12 units=4 transl=5Z idx=10 char,r
aff15_wu_m512_seed5,15,5β,y,183,315.51180726195963,0.9999937833877419,other |H|=12 units=4 transl=5Z idx=10 char,l
aff15_wu_m512_seed5,15,5β,y,189,329.00276017002165,0.9999948091163177,other |H|=12 units=4 transl=5Z idx=10 char,l
aff15_wu_m512_seed5,15,5β,y,199,0.0029170055524315756,0.9852574837180622,other |H|=12 units=4 transl=5Z idx=10 char,r
aff15_wu_m512_seed5,15,5β,y,202,13.675843345937155,0.999965348070496,other |H|=12 units=4 transl=5Z idx=10 char,l
aff15_wu_m512_seed5,15,5β,y,203,0.00018801576490601196,0.9709629656658973,other |H|=12 units=4 transl=5Z idx=10 char,r
aff15_wu_m512_seed5,15,5β,y,204,0.0006512645195542882,0.9334849457038596,other |H|=12 units=4 transl=5Z idx=10 char,r
aff15_wu_m512_seed5,15,5β,y,205,315.6030089920659,0.9999938214478074,other |H|=12 units=4 transl=5Z idx=10 char,l
aff15_wu_m512_seed5,15,5β,y,220,308.33523693242745,0.9999935396998583,other |H|=12 units=4 transl=5Z idx=10 char,l
aff15_wu_m512_seed5,15,5β,y,221,0.000582351839068149,0.9065008238050618,other |H|=12 units=4 transl=5Z idx=10 char,r
aff15_wu_m512_seed5,15,5β,y,229,0.0011105130465033143,0.9531550830747513,other |H|=12 units=4 transl=5Z idx=10 char,r
aff15_wu_m512_seed5,15,5β,y,231,0.00720362713539832,0.9507724288285148,other |H|=12 units=4 transl=5Z idx=10 char,r
aff15_wu_m512_seed5,15,5β,y,232,0.0014206704719982232,0.9654628235645413,other |H|=12 units=4 transl=5Z idx=10 char,r
aff15_wu_m512_seed5,15,5β,y,234,320.66552458143536,0.9999942012136165,other |H|=12 units=4 transl=5Z idx=10 char,l
aff15_wu_m512_seed5,15,5β,y,235,0.0020247934853932425,0.9277489975745774,other |H|=12 units=4 transl=5Z idx=10 char,r
aff15_wu_m512_seed5,15,5β,y,244,0.0006641404269467925,0.9434463577466004,other |H|=12 units=4 transl=5Z idx=10 char,r
aff15_wu_m512_seed5,15,5β,y,245,0.0043873273314189165,0.9760732125314138,other |H|=12 units=4 transl=5Z idx=10 char,r
aff15_wu_m512_seed5,15,5β,y,246,299.4047260173467,0.9999942648764399,"S_x,5 (stabilizer mod 5) idx=5 char",l
aff15_wu_m512_seed5,15,5β,y,249,292.71397585070633,0.9999947732652211,other |H|=12 units=4 transl=5Z idx=10 char,l
aff15_wu_m512_seed5,15,5β,y,250,0.0014951236959281976,0.9765986413942491,other |H|=12 units=4 transl=5Z idx=10 char,r
aff15_wu_m512_seed5,15,5β,y,253,288.7191696478815,0.9999940262313872,other |H|=12 units=4 transl=5Z idx=10 char,l
aff15_wu_m512_seed5,15,5β,y,254,0.00179157028134273,0.9505389676791237,other |H|=12 units=4 transl=5Z idx=10 char,r
aff15_wu_m512_seed5,15,5β,y,256,0.0001379437028703059,0.9251796378112545,other |H|=12 units=4 transl=5Z idx=10 char,r
aff15_wu_m512_seed5,15,5β,y,262,0.0001057422429188175,0.9557022546694163,other |H|=12 units=4 transl=5Z idx=10 char,r
aff15_wu_m512_seed5,15,5β,y,269,38.188603223604915,0.9999796741856078,other |H|=12 units=4 transl=5Z idx=10 char,l
aff15_wu_m512_seed5,15,5β,y,271,0.006795945136268693,0.9048064180911846,other |H|=12 units=4 transl=5Z idx=10 char,r
aff15_wu_m512_seed5,15,5β,y,272,0.01210657711944923,0.9834327045716172,other |H|=12 units=4 transl=5Z idx=10 char,r
aff15_wu_m512_seed5,15,5β,y,277,0.002172813886326937,0.9393366925511888,other |H|=12 units=4 transl=5Z idx=10 char,r
aff15_wu_m512_seed5,15,5β,y,283,30.657044920784074,0.9999695475960064,other |H|=12 units=4 transl=5Z idx=10 char,l
aff15_wu_m512_seed5,15,5β,y,288,297.5172213118503,0.9999931715476745,other |H|=12 units=4 transl=5Z idx=10 char,l
aff15_wu_m512_seed5,15,5β,y,289,0.00010791406910732416,0.9731253776636382,other |H|=12 units=4 transl=5Z idx=10 char,r
aff15_wu_m512_seed5,15,5β,y,294,26.53704297210132,0.9999854123947188,other |H|=12 units=4 transl=5Z idx=10 char,l
aff15_wu_m512_seed5,15,5β,y,313,0.0010353252579152162,0.948067131460359,other |H|=12 units=4 transl=5Z idx=10 char,r
aff15_wu_m512_seed5,15,5β,y,314,28.37000779457494,0.9999831186776056,other |H|=12 units=4 transl=5Z idx=10 char,l
aff15_wu_m512_seed5,15,5β,y,317,9.586393409859531e-05,0.964673798123832,other |H|=12 units=4 transl=5Z idx=10 char,r
aff15_wu_m512_seed5,15,5β,y,318,0.0008535576735996099,0.9263621951749865,other |H|=12 units=4 transl=5Z idx=10 char,r
aff15_wu_m512_seed5,15,5β,y,319,15.23369844111734,0.9999791890470984,other |H|=12 units=4 transl=5Z idx=10 char,l
aff15_wu_m512_seed5,15,5β,y,320,14.44645464271761,0.9999247941450831,other |H|=12 units=4 transl=5Z idx=10 char,l
aff15_wu_m512_seed5,15,5β,y,324,30.6648345417162,0.999990064255162,other |H|=12 units=4 transl=5Z idx=10 char,l
aff15_wu_m512_seed5,15,5β,y,328,323.61217988746336,0.9999918903597278,other |H|=12 units=4 transl=5Z idx=10 char,l
aff15_wu_m512_seed5,15,5β,y,330,0.00036029261111674164,0.9645115291995283,other |H|=12 units=4 transl=5Z idx=10 char,l
aff15_wu_m512_seed5,15,5β,y,344,0.0011116562399503082,0.9668234523014505,other |H|=12 units=4 transl=5Z idx=10 char,r
aff15_wu_m512_seed5,15,5β,y,345,0.0008138699080540248,0.9586588260584293,other |H|=12 units=4 transl=5Z idx=10 char,r
aff15_wu_m512_seed5,15,5β,y,353,298.5263162827061,0.9999919370028599,other |H|=12 units=4 transl=5Z idx=10 char,l
aff15_wu_m512_seed5,15,5β,y,354,0.0003685475043876737,0.9579260958891769,other |H|=12 units=4 transl=5Z idx=10 char,l
aff15_wu_m512_seed5,15,5β,y,355,0.0016177004728796791,0.9879366795062203,other |H|=12 units=4 transl=5Z idx=10 char,r
aff15_wu_m512_seed5,15,5β,y,359,297.64471759542374,0.9999944399979452,other |H|=12 units=4 transl=5Z idx=10 char,l
aff15_wu_m512_seed5,15,5β,y,360,296.48783673295134,0.9999933163174456,"S_x,5 (stabilizer mod 5) idx=5 char",l
aff15_wu_m512_seed5,15,5β,y,364,0.00022486558989491236,0.9162263241400167,other |H|=12 units=4 transl=5Z idx=10 char,r
aff15_wu_m512_seed5,15,5β,y,366,0.000541776346453175,0.9157925885903351,other |H|=12 units=4 transl=5Z idx=10 char,r
aff15_wu_m512_seed5,15,5β,y,367,32.59046829019089,0.9999659158992743,other |H|=12 units=4 transl=5Z idx=10 char,l
aff15_wu_m512_seed5,15,5β,y,368,0.00018899191252152024,0.9024113460523415,other |H|=12 units=4 transl=5Z idx=10 char,r
aff15_wu_m512_seed5,15,5β,y,369,307.6521664279173,0.9999925163843169,other |H|=12 units=4 transl=5Z idx=10 char,l
aff15_wu_m512_seed5,15,5β,y,374,0.00038264618035900084,0.9430834843914992,other |H|=12 units=4 transl=5Z idx=10 char,l
aff15_wu_m512_seed5,15,5β,y,376,37.838681025427924,0.9999708140300019,other |H|=12 units=4 transl=5Z idx=10 char,l
aff15_wu_m512_seed5,15,5β,y,383,315.7768348707289,0.9999911114764822,other |H|=12 units=4 transl=5Z idx=10 char,l
aff15_wu_m512_seed5,15,5β,y,386,316.49501322952335,0.9999899087818463,"S_x,5 (stabilizer mod 5) idx=5 char",l
aff15_wu_m512_seed5,15,5β,y,388,0.000330465328117687,0.9675803903218583,other |H|=12 units=4 transl=5Z idx=10 char,r
aff15_wu_m512_seed5,15,5β,y,390,0.0010357883394826297,0.9849528400531362,other |H|=12 units=4 transl=5Z idx=10 char,r
aff15_wu_m512_seed5,15,5β,y,391,0.0017132971985562213,0.941266166446729,other |H|=12 units=4 transl=5Z idx=10 char,r
aff15_wu_m512_seed5,15,5β,y,393,36.04414773350718,0.9999912007132722,other |H|=12 units=4 transl=5Z idx=10 char,l
aff15_wu_m512_seed5,15,5β,y,396,0.0010755315642501544,0.957594634974356,other |H|=12 units=4 transl=5Z idx=10 char,r
aff15_wu_m512_seed5,15,5β,y,399,295.20660065076356,0.9999946154386585,"S_x,5 (stabilizer mod 5) idx=5 char",l
aff15_wu_m512_seed5,15,5β,y,401,320.2392420472042,0.9999824719195204,other |H|=12 units=4 transl=5Z idx=10 char,l
aff15_wu_m512_seed5,15,5β,y,402,33.01182136523371,0.9999806215341108,other |H|=12 units=4 transl=5Z idx=10 char,l
aff15_wu_m512_seed5,15,5β,y,403,0.0035248824678443327,0.988156574981552,other |H|=12 units=4 transl=5Z idx=10 char,l
aff15_wu_m512_seed5,15,5β,y,414,0.00011925396374330449,0.9249380604060766,other |H|=12 units=4 transl=5Z idx=10 char,r
aff15_wu_m512_seed5,15,5β,y,416,0.0011385211016770801,0.9321677298088278,other |H|=12 units=4 transl=5Z idx=10 char,r
aff15_wu_m512_seed5,15,5β,y,417,0.0006890902280723754,0.9923645031245515,other |H|=12 units=4 transl=5Z idx=10 char,r
aff15_wu_m512_seed5,15,5β,y,418,316.42049780808867,0.9999911467979495,other |H|=12 units=4 transl=5Z idx=10 char,l
aff15_wu_m512_seed5,15,5β,y,419,0.0020269019205490573,0.9084425829005575,other |H|=12 units=4 transl=5Z idx=10 char,r
aff15_wu_m512_seed5,15,5β,y,420,0.001224030586610533,0.9112279523483285,other |H|=12 units=4 transl=5Z idx=10 char,r
aff15_wu_m512_seed5,15,5β,y,425,0.007154289823963204,0.9716296081307948,other |H|=12 units=4 transl=5Z idx=10 char,r
aff15_wu_m512_seed5,15,5β,y,428,319.67164431082966,0.9999911147459436,other |H|=12 units=4 transl=5Z idx=10 char,l
aff15_wu_m512_seed5,15,5β,y,430,14.801328839400993,0.9999892055811868,other |H|=12 units=4 transl=5Z idx=10 char,l
aff15_wu_m512_seed5,15,5β,y,437,30.78087964041315,0.999943957238604,other |H|=12 units=4 transl=5Z idx=10 char,l
aff15_wu_m512_seed5,15,5β,y,438,11.56530479919948,0.9999525534724609,other |H|=12 units=4 transl=5Z idx=10 char,l
aff15_wu_m512_seed5,15,5β,y,439,0.0011723920126042353,0.9440036408248206,other |H|=12 units=4 transl=5Z idx=10 char,r
aff15_wu_m512_seed5,15,5β,y,440,0.0009140954176759167,0.9712276689430516,other |H|=12 units=4 transl=5Z idx=10 char,r
aff15_wu_m512_seed5,15,5β,y,441,0.011263151601024889,0.9709478811765919,other |H|=12 units=4 transl=5Z idx=10 char,r
aff15_wu_m512_seed5,15,5β,y,442,0.001318040379276715,0.9235319918869833,other |H|=12 units=4 transl=5Z idx=10 char,r
aff15_wu_m512_seed5,15,5β,y,444,289.96658710144357,0.999989079599982,"S_x,5 (stabilizer mod 5) idx=5 char",l
aff15_wu_m512_seed5,15,5β,y,448,318.3800703946213,0.999993004008477,"S_x,5 (stabilizer mod 5) idx=5 char",l
aff15_wu_m512_seed5,15,5β,y,449,0.003546866930291089,0.9916093780348701,other |H|=12 units=4 transl=5Z idx=10 char,l
aff15_wu_m512_seed5,15,5β,y,455,0.0004431458357963675,0.9537884818338513,other |H|=12 units=4 transl=5Z idx=10 char,r
aff15_wu_m512_seed5,15,5β,y,462,317.52674644188187,0.9999875122171868,"S_x,5 (stabilizer mod 5) idx=5 char",l
aff15_wu_m512_seed5,15,5β,y,463,0.0004737409478959884,0.9777624860530739,other |H|=12 units=4 transl=5Z idx=10 char,r
aff15_wu_m512_seed5,15,5β,y,469,22.658442061757817,0.999985729100206,other |H|=12 units=4 transl=5Z idx=10 char,l
aff15_wu_m512_seed5,15,5β,y,470,319.90745282870836,0.9999938532442465,"S_x,5 (stabilizer mod 5) idx=5 char",l
aff15_wu_m512_seed5,15,5β,y,473,33.10196212812958,0.9999875449092972,other |H|=12 units=4 transl=5Z idx=10 char,l
aff15_wu_m512_seed5,15,5β,y,476,0.001010316612598448,0.9587584925712951,other |H|=12 units=4 transl=5Z idx=10 char,r
aff15_wu_m512_seed5,15,5β,y,479,0.0030454652949586567,0.8975259163453988,other |H|=12 units=4 transl=5Z idx=10 char,r
aff15_wu_m512_seed5,15,5β,y,480,296.0739499472441,0.9999900618785587,other |H|=12 units=4 transl=5Z idx=10 char,l
aff15_wu_m512_seed5,15,5β,y,482,26.18725692949493,0.9999341448171221,other |H|=12 units=4 transl=5Z idx=10 char,l
aff15_wu_m512_seed5,15,5β,y,484,0.0002911276461378327,0.9514934230729893,other |H|=12 units=4 transl=5Z idx=10 char,l
aff15_wu_m512_seed5,15,5β,y,487,0.0009919978609802963,0.9673655790386618,other |H|=12 units=4 transl=5Z idx=10 char,r
aff15_wu_m512_seed5,15,5β,y,489,313.9340923795062,0.9999888219410232,other |H|=12 units=4 transl=5Z idx=10 char,l
aff15_wu_m512_seed5,15,5β,y,490,0.0005828264051194328,0.9582184245891167,other |H|=12 units=4 transl=5Z idx=10 char,r
aff15_wu_m512_seed5,15,5β,y,491,301.9180384103006,0.9999943453777367,other |H|=12 units=4 transl=5Z idx=10 char,l
aff15_wu_m512_seed5,15,5β,y,492,0.009568622052436917,0.9890330067325002,other |H|=12 units=4 transl=5Z idx=10 char,r
aff15_wu_m512_seed5,15,5β,y,498,249.74229535174885,0.9999925141725802,other |H|=12 units=4 transl=5Z idx=10 char,l
aff15_wu_m512_seed5,15,5β,y,499,311.5162282067203,0.9999920983352796,other |H|=12 units=4 transl=5Z idx=10 char,l
aff15_wu_m512_seed5,15,5β,y,502,0.00025163048557271894,0.9748684877050529,other |H|=12 units=4 transl=5Z idx=10 char,r
aff15_wu_m512_seed5,15,5β,y,503,139.35578613836105,0.9999942166040381,other |H|=12 units=4 transl=5Z idx=10 char,l
aff15_wu_m512_seed5,15,5β,y,505,13.810731580784974,0.9999699021906175,other |H|=12 units=4 transl=5Z idx=10 char,l
aff15_wu_m512_seed5,15,5β,y,506,313.258981306741,0.9999845898640647,other |H|=12 units=4 transl=5Z idx=10 char,l
aff15_wu_m512_seed5,15,5β,y,507,0.007345417787136305,0.9637496621464126,other |H|=12 units=4 transl=5Z idx=10 char,r
aff15_wu_m512_seed5,15,5β,y,509,0.0008039804416305762,0.9898214216979521,other |H|=12 units=4 transl=5Z idx=10 char,r
aff15_wu_m512_seed5,15,5β,y,510,0.006238521464400993,0.9914366721444793,other |H|=12 units=4 transl=5Z idx=10 char,r
aff15_wu_m512_seed5,15,5β,y,511,0.00013193659344597447,0.975894767073557,other |H|=12 units=4 transl=5Z idx=10 char,r
aff16_wu_m128_seed1,16,8,x,22,336.0844572163935,0.9999881061728798,other |H|=8 units=4 transl=8Z idx=16 triv,r
aff16_wu_m128_seed1,16,8,x,24,312.7527248711081,0.9999823101736691,other |H|=8 units=4 transl=8Z idx=16 triv,r
aff16_wu_m128_seed1,16,8,x,31,286.76356759774023,0.9999896173536894,other |H|=16 units=8 transl=8Z idx=8 triv,r
aff16_wu_m128_seed1,16,8,x,37,316.36188170122716,0.9999809637172755,other |H|=8 units=4 transl=8Z idx=16 char,r
aff16_wu_m128_seed1,16,8,x,42,284.32663865622175,0.9998890411947814,other |H|=8 units=4 transl=8Z idx=16 triv,r
aff16_wu_m128_seed1,16,8,x,59,282.91540176758144,0.9999865574093129,other |H|=8 units=4 transl=8Z idx=16 triv,r
aff16_wu_m128_seed1,16,8,x,65,371.7011294120121,0.9999900204831688,other |H|=8 units=4 transl=8Z idx=16 triv,r
aff16_wu_m128_seed1,16,8,x,66,311.2544609550465,0.9999888097663865,other |H|=8 units=4 transl=8Z idx=16 triv,r
aff16_wu_m128_seed1,16,8,x,78,330.01474627474585,0.9999891395766899,other |H|=8 units=4 transl=8Z idx=16 triv,r
aff16_wu_m128_seed1,16,8,x,81,320.85018367626196,0.9999707918929492,other |H|=8 units=4 transl=8Z idx=16 triv,r
aff16_wu_m128_seed1,16,8,x,86,363.8413614972999,0.9999897493555223,other |H|=8 units=4 transl=8Z idx=16 triv,r
aff16_wu_m128_seed1,16,8,x,88,278.38886357270616,0.999987152679326,other |H|=8 units=4 transl=8Z idx=16 triv,r
aff16_wu_m128_seed1,16,8,x,95,365.146758803813,0.9999901629775245,other |H|=16 units=8 transl=8Z idx=8 triv,r
aff16_wu_m128_seed1,16,8,x,98,336.10220289983636,0.9999899987272215,other |H|=8 units=4 transl=8Z idx=16 triv,r
aff16_wu_m128_seed1,16,8,x,120,264.7082592892879,0.9985732154062549,other |H|=8 units=4 transl=8Z idx=16 char,r
aff16_wu_m128_seed1,16,8,y,22,335.46365177794877,0.9999891039230092,other |H|=8 units=4 transl=8Z idx=16 triv,l
aff16_wu_m128_seed1,16,8,y,24,308.809432424831,0.9996934126932263,other |H|=8 units=2 transl=4Z idx=16 char,l
aff16_wu_m128_seed1,16,8,y,31,286.39723221108466,0.9999886902137902,other |H|=8 units=4 transl=8Z idx=16 triv,l
aff16_wu_m128_seed1,16,8,y,37,313.5724348629313,0.9996772698741679,other |H|=8 units=4 transl=8Z idx=16 triv,l
aff16_wu_m128_seed1,16,8,y,42,291.64718257146336,0.9996388127973623,other |H|=8 units=4 transl=8Z idx=16 triv,l
aff16_wu_m128_seed1,16,8,y,59,281.27472861022596,0.999979815207695,other |H|=8 units=4 transl=8Z idx=16 triv,l
aff16_wu_m128_seed1,16,8,y,65,372.8378451561512,0.9999859636572702,other |H|=8 units=4 transl=8Z idx=16 triv,l
aff16_wu_m128_seed1,16,8,y,66,309.2360766687732,0.9996981837758746,other |H|=8 units=2 transl=4Z idx=16 char,l
aff16_wu_m128_seed1,16,8,y,78,328.08689100709427,0.9999895386756801,other |H|=8 units=4 transl=8Z idx=16 triv,l
aff16_wu_m128_seed1,16,8,y,81,317.94844468750085,0.9996531246322183,other |H|=8 units=2 transl=4Z idx=16 char,l
aff16_wu_m128_seed1,16,8,y,86,363.9080208321276,0.9999862377779214,other |H|=8 units=4 transl=8Z idx=16 triv,l
aff16_wu_m128_seed1,16,8,y,88,277.73244292497293,0.9999811234953513,other |H|=8 units=4 transl=8Z idx=16 triv,l
aff16_wu_m128_seed1,16,8,y,95,366.00070989797507,0.9999861429378326,other |H|=8 units=4 transl=8Z idx=16 triv,l
aff16_wu_m128_seed1,16,8,y,98,336.99330050440614,0.9999849899448413,other |H|=8 units=4 transl=8Z idx=16 triv,l
aff16_wu_m128_seed1,16,8,y,120,303.86278695569416,0.997246441137585,other |H|=8 units=2 transl=4Z idx=16 char,l
aff16_wu_m128_seed1,16,16,x,0,113.7171546380359,0.9999761425667453,M_x (point stabilizer) idx=16 triv,r
aff16_wu_m128_seed1,16,16,x,1,57.316855328419386,0.999970711139569,M_x (point stabilizer) idx=16 triv,r
aff16_wu_m128_seed1,16,16,x,2,88.63073705193372,0.9999834423106333,M_x (point stabilizer) idx=16 triv,r
aff16_wu_m128_seed1,16,16,x,3,63.67636966329227,0.9999803252516133,M_x (point stabilizer) idx=16 triv,r
aff16_wu_m128_seed1,16,16,x,4,133.97927249361643,0.9999761579326946,M_x (point stabilizer) idx=16 triv,r
aff16_wu_m128_seed1,16,16,x,6,141.36300609338483,0.9999845287588206,M_x (point stabilizer) idx=16 triv,r
aff16_wu_m128_seed1,16,16,x,7,49.10724436271456,0.9999696058625641,M_x (point stabilizer) idx=16 triv,r
aff16_wu_m128_seed1,16,16,x,8,113.84814955282033,0.9999776343606206,M_x (point stabilizer) idx=16 triv,r
aff16_wu_m128_seed1,16,16,x,10,117.1592264623942,0.9999836119315583,M_x (point stabilizer) idx=16 triv,r
aff16_wu_m128_seed1,16,16,x,11,145.98771655417352,0.9999826051337131,M_x (point stabilizer) idx=16 triv,r
aff16_wu_m128_seed1,16,16,x,12,60.001512864610866,0.9999641269674948,M_x (point stabilizer) idx=16 triv,r
aff16_wu_m128_seed1,16,16,x,13,79.56458103852086,0.9999730092776387,M_x (point stabilizer) idx=16 triv,r
aff16_wu_m128_seed1,16,16,x,14,77.66701713436211,0.9999695073881256,M_x (point stabilizer) idx=16 triv,r
aff16_wu_m128_seed1,16,16,x,15,131.72853176358583,0.9999831616967332,M_x (point stabilizer) idx=16 triv,r
aff16_wu_m128_seed1,16,16,x,17,137.78483726969384,0.9999788068146538,M_x (point stabilizer) idx=16 triv,r
aff16_wu_m128_seed1,16,16,x,19,77.74095630893645,0.9999814932630988,M_x (point stabilizer) idx=16 triv,r
aff16_wu_m128_seed1,16,16,x,20,82.16276183003288,0.9999835078493969,M_x (point stabilizer) idx=16 triv,r
aff16_wu_m128_seed1,16,16,x,21,173.20285013958335,0.9999901723425503,M_x (point stabilizer) idx=16 triv,r
aff16_wu_m128_seed1,16,16,x,23,74.6861015156167,0.999964016365378,M_x (point stabilizer) idx=16 triv,r
aff16_wu_m128_seed1,16,16,x,25,115.49274684964686,0.9999761721907303,M_x (point stabilizer) idx=16 triv,r
aff16_wu_m128_seed1,16,16,x,30,140.78038654811974,0.999977891316997,M_x (point stabilizer) idx=16 triv,r
aff16_wu_m128_seed1,16,16,x,32,77.10797720443584,0.9999731608624679,M_x (point stabilizer) idx=16 triv,r
aff16_wu_m128_seed1,16,16,x,33,150.43030235090316,0.9999853184974622,M_x (point stabilizer) idx=16 triv,r
aff16_wu_m128_seed1,16,16,x,34,37.1988038691047,0.9999510038972317,M_x (point stabilizer) idx=16 triv,r
aff16_wu_m128_seed1,16,16,x,35,133.53116448000193,0.999979210475843,M_x (point stabilizer) idx=16 triv,r
aff16_wu_m128_seed1,16,16,x,36,139.84385461217974,0.9999848990368124,M_x (point stabilizer) idx=16 triv,r
aff16_wu_m128_seed1,16,16,x,38,172.70467963190973,0.9999885944787346,M_x (point stabilizer) idx=16 triv,r
aff16_wu_m128_seed1,16,16,x,39,112.69209500637376,0.9999849006459313,other |H|=8 units=8 transl=none idx=16 char,r
aff16_wu_m128_seed1,16,16,x,40,90.0701379074285,0.9999756273023136,M_x (point stabilizer) idx=16 triv,r
aff16_wu_m128_seed1,16,16,x,41,52.687448176569745,0.9999769801828678,M_x (point stabilizer) idx=16 triv,r
aff16_wu_m128_seed1,16,16,x,43,109.06855316505538,0.9999806334064769,M_x (point stabilizer) idx=16 triv,r
aff16_wu_m128_seed1,16,16,x,44,103.94465826514298,0.9999792824716115,M_x (point stabilizer) idx=16 triv,r
aff16_wu_m128_seed1,16,16,x,46,106.13460499701091,0.9999781323223103,M_x (point stabilizer) idx=16 triv,r
aff16_wu_m128_seed1,16,16,x,47,175.56402710158193,0.999985437483741,M_x (point stabilizer) idx=16 triv,r
aff16_wu_m128_seed1,16,16,x,48,133.64555892400625,0.9999809783929239,M_x (point stabilizer) idx=16 triv,r
aff16_wu_m128_seed1,16,16,x,49,134.62120919279215,0.9999794338545622,M_x (point stabilizer) idx=16 triv,r
aff16_wu_m128_seed1,16,16,x,50,134.96767567354178,0.999973451829279,M_x (point stabilizer) idx=16 triv,r
aff16_wu_m128_seed1,16,16,x,51,103.5690705609466,0.9999752806757609,M_x (point stabilizer) idx=16 triv,r
aff16_wu_m128_seed1,16,16,x,52,108.13614498119546,0.9999690627161042,M_x (point stabilizer) idx=16 triv,r
aff16_wu_m128_seed1,16,16,x,53,146.50269368889929,0.999984237904604,M_x (point stabilizer) idx=16 triv,r
aff16_wu_m128_seed1,16,16,x,54,149.9262064477538,0.9999868046114913,M_x (point stabilizer) idx=16 triv,r
aff16_wu_m128_seed1,16,16,x,55,144.29794634788442,0.9999881319818326,other |H|=8 units=4 transl=8Z idx=16 char,r
aff16_wu_m128_seed1,16,16,x,56,113.85431959362224,0.9999885425740508,other |H|=8 units=8 transl=none idx=16 char,r
aff16_wu_m128_seed1,16,16,x,57,137.30797122213824,0.9999786774650804,M_x (point stabilizer) idx=16 triv,r
aff16_wu_m128_seed1,16,16,x,58,91.00130631093865,0.9999818065835665,M_x (point stabilizer) idx=16 triv,r
aff16_wu_m128_seed1,16,16,x,61,120.28050427666368,0.9999805580179548,M_x (point stabilizer) idx=16 triv,r
aff16_wu_m128_seed1,16,16,x,63,73.96358825919869,0.9999700265820396,M_x (point stabilizer) idx=16 triv,r
aff16_wu_m128_seed1,16,16,x,64,73.75292506251928,0.9999837164347097,M_x (point stabilizer) idx=16 triv,r
aff16_wu_m128_seed1,16,16,x,67,147.1949513490996,0.9999824777304813,M_x (point stabilizer) idx=16 triv,r
aff16_wu_m128_seed1,16,16,x,69,118.77262153632854,0.9999856692363179,M_x (point stabilizer) idx=16 triv,r
aff16_wu_m128_seed1,16,16,x,71,47.886942284319055,0.9999683986739548,M_x (point stabilizer) idx=16 triv,r
aff16_wu_m128_seed1,16,16,x,72,66.51900861950574,0.9999751534376823,M_x (point stabilizer) idx=16 triv,r
aff16_wu_m128_seed1,16,16,x,73,123.8413160489822,0.9999754933072258,M_x (point stabilizer) idx=16 triv,r
aff16_wu_m128_seed1,16,16,x,75,134.42137701622082,0.9999814264011846,M_x (point stabilizer) idx=16 triv,r
aff16_wu_m128_seed1,16,16,x,77,122.28319719809222,0.999976242909306,M_x (point stabilizer) idx=16 triv,r
aff16_wu_m128_seed1,16,16,x,79,40.96236598707985,0.9999773979884449,M_x (point stabilizer) idx=16 triv,r
aff16_wu_m128_seed1,16,16,x,80,91.78119041259589,0.9999802514327416,M_x (point stabilizer) idx=16 triv,r
aff16_wu_m128_seed1,16,16,x,82,138.12216133144818,0.9999724458791323,M_x (point stabilizer) idx=16 triv,r
aff16_wu_m128_seed1,16,16,x,83,95.1056752947905,0.9999844467532939,M_x (point stabilizer) idx=16 triv,r
aff16_wu_m128_seed1,16,16,x,84,38.32990693492395,0.9999725991474718,M_x (point stabilizer) idx=16 triv,r
aff16_wu_m128_seed1,16,16,x,87,61.7694386464793,0.999964875700486,M_x (point stabilizer) idx=16 triv,r
aff16_wu_m128_seed1,16,16,x,91,119.8922917201682,0.9999807575064704,M_x (point stabilizer) idx=16 triv,r
aff16_wu_m128_seed1,16,16,x,92,98.97828291954202,0.9999834788775412,M_x (point stabilizer) idx=16 triv,r
aff16_wu_m128_seed1,16,16,x,93,123.2885073980619,0.9999749671023198,M_x (point stabilizer) idx=16 triv,r
aff16_wu_m128_seed1,16,16,x,94,87.63450836792488,0.9999783059191871,M_x (point stabilizer) idx=16 triv,r
aff16_wu_m128_seed1,16,16,x,96,67.68578482679501,0.9999676710624444,M_x (point stabilizer) idx=16 triv,r
aff16_wu_m128_seed1,16,16,x,97,115.62024796855628,0.9999767070928518,M_x (point stabilizer) idx=16 triv,r
aff16_wu_m128_seed1,16,16,x,100,136.16851404591065,0.9999770802761255,M_x (point stabilizer) idx=16 triv,r
aff16_wu_m128_seed1,16,16,x,101,102.41011944637556,0.9999775038868854,M_x (point stabilizer) idx=16 triv,r
aff16_wu_m128_seed1,16,16,x,103,141.95689458089814,0.999984861968684,M_x (point stabilizer) idx=16 triv,r
aff16_wu_m128_seed1,16,16,x,104,102.44463030601632,0.9999832239819152,M_x (point stabilizer) idx=16 triv,r
aff16_wu_m128_seed1,16,16,x,105,66.22601546535107,0.9999725388719717,M_x (point stabilizer) idx=16 triv,r
aff16_wu_m128_seed1,16,16,x,106,141.09454649568167,0.9999726010336241,M_x (point stabilizer) idx=16 triv,r
aff16_wu_m128_seed1,16,16,x,107,140.23245921851642,0.9999855717376275,M_x (point stabilizer) idx=16 triv,r
aff16_wu_m128_seed1,16,16,x,108,142.73171587211297,0.9999819788001544,M_x (point stabilizer) idx=16 triv,r
aff16_wu_m128_seed1,16,16,x,109,127.84934261597479,0.999982299199837,M_x (point stabilizer) idx=16 triv,r
aff16_wu_m128_seed1,16,16,x,110,139.87817797972195,0.9999784358773205,M_x (point stabilizer) idx=16 triv,r
aff16_wu_m128_seed1,16,16,x,111,110.74866871549153,0.9999811520283148,M_x (point stabilizer) idx=16 triv,r
aff16_wu_m128_seed1,16,16,x,112,55.2906866887971,0.9999670916632412,M_x (point stabilizer) idx=16 triv,r
aff16_wu_m128_seed1,16,16,x,113,141.8115262287232,0.9999836914989709,M_x (point stabilizer) idx=16 triv,r
aff16_wu_m128_seed1,16,16,x,114,131.46938332130546,0.9999797520341882,M_x (point stabilizer) idx=16 triv,r
aff16_wu_m128_seed1,16,16,x,115,49.7176504612424,0.999936561419114,M_x (point stabilizer) idx=16 triv,r
aff16_wu_m128_seed1,16,16,x,116,79.74309788399819,0.9999814145416986,M_x (point stabilizer) idx=16 triv,r
aff16_wu_m128_seed1,16,16,x,117,92.46085823326123,0.9999852143661232,M_x (point stabilizer) idx=16 triv,r
aff16_wu_m128_seed1,16,16,x,122,132.65598280243654,0.9999799944301202,M_x (point stabilizer) idx=16 triv,r
aff16_wu_m128_seed1,16,16,x,123,56.26782567713905,0.9999732155668425,M_x (point stabilizer) idx=16 triv,r
aff16_wu_m128_seed1,16,16,x,124,187.39664115344684,0.9999902020895444,M_x (point stabilizer) idx=16 triv,r
aff16_wu_m128_seed1,16,16,x,125,104.55941000561678,0.9999813881935322,M_x (point stabilizer) idx=16 triv,r
aff16_wu_m128_seed1,16,16,x,127,97.09663186516337,0.9999688922251393,M_x (point stabilizer) idx=16 triv,r
aff16_wu_m128_seed1,16,16,y,0,113.33431758414791,0.9999817164366946,M_x (point stabilizer) idx=16 triv,l
aff16_wu_m128_seed1,16,16,y,1,57.27946623120903,0.9999751540461013,M_x (point stabilizer) idx=16 triv,l
aff16_wu_m128_seed1,16,16,y,2,88.69620323551474,0.999990423804057,M_x (point stabilizer) idx=16 triv,l
aff16_wu_m128_seed1,16,16,y,3,63.449891682615025,0.9999796445849715,M_x (point stabilizer) idx=16 triv,l
aff16_wu_m128_seed1,16,16,y,4,133.77119293155604,0.9999781807952597,M_x (point stabilizer) idx=16 triv,l
aff16_wu_m128_seed1,16,16,y,6,141.44584443662094,0.9999802975005583,M_x (point stabilizer) idx=16 triv,l
aff16_wu_m128_seed1,16,16,y,7,48.746843613790894,0.9999802426864217,M_x (point stabilizer) idx=16 triv,l
aff16_wu_m128_seed1,16,16,y,8,113.85614072358935,0.9999804293960155,M_x (point stabilizer) idx=16 triv,l
aff16_wu_m128_seed1,16,16,y,10,116.51330002898467,0.9999841824039336,M_x (point stabilizer) idx=16 triv,l
aff16_wu_m128_seed1,16,16,y,11,146.1575075742444,0.9999768381787377,M_x (point stabilizer) idx=16 triv,l
aff16_wu_m128_seed1,16,16,y,12,59.80061107489604,0.9999804836098661,M_x (point stabilizer) idx=16 triv,l
aff16_wu_m128_seed1,16,16,y,13,79.58116197802481,0.9999887041336927,M_x (point stabilizer) idx=16 triv,l
aff16_wu_m128_seed1,16,16,y,14,77.62552134158231,0.999985487539902,M_x (point stabilizer) idx=16 triv,l
aff16_wu_m128_seed1,16,16,y,15,132.17707393073346,0.9999888853423105,M_x (point stabilizer) idx=16 triv,l
aff16_wu_m128_seed1,16,16,y,17,136.7385865760669,0.999987453907246,M_x (point stabilizer) idx=16 triv,l
aff16_wu_m128_seed1,16,16,y,19,77.03365191419728,0.9999829925572022,M_x (point stabilizer) idx=16 triv,l
aff16_wu_m128_seed1,16,16,y,20,82.08116282813529,0.9999815955404224,M_x (point stabilizer) idx=16 triv,l
aff16_wu_m128_seed1,16,16,y,21,172.31298392656558,0.9999889540492213,M_x (point stabilizer) idx=16 triv,l
aff16_wu_m128_seed1,16,16,y,23,74.5496673994325,0.9999755573885033,M_x (point stabilizer) idx=16 triv,l
aff16_wu_m128_seed1,16,16,y,25,115.26219146540723,0.9999803799951635,M_x (point stabilizer) idx=16 triv,l
aff16_wu_m128_seed1,16,16,y,30,140.65005365451333,0.9999828790961347,M_x (point stabilizer) idx=16 triv,l
aff16_wu_m128_seed1,16,16,y,32,76.9790875227556,0.9999686531041075,M_x (point stabilizer) idx=16 triv,l
aff16_wu_m128_seed1,16,16,y,33,149.6894267634872,0.9999855514274008,M_x (point stabilizer) idx=16 triv,l
aff16_wu_m128_seed1,16,16,y,34,36.87453540587468,0.9999638025185389,M_x (point stabilizer) idx=16 triv,l
aff16_wu_m128_seed1,16,16,y,35,133.6411879119388,0.9999880175357085,M_x (point stabilizer) idx=16 triv,l
aff16_wu_m128_seed1,16,16,y,36,139.6498286630045,0.9999855026506561,M_x (point stabilizer) idx=16 triv,l
aff16_wu_m128_seed1,16,16,y,38,171.66603040570905,0.9999839531953588,M_x (point stabilizer) idx=16 triv,l
aff16_wu_m128_seed1,16,16,y,39,111.71860817089586,0.9999889665943866,M_x (point stabilizer) idx=16 triv,l
aff16_wu_m128_seed1,16,16,y,40,89.53013078138113,0.9999810415323442,M_x (point stabilizer) idx=16 triv,l
aff16_wu_m128_seed1,16,16,y,41,52.865527001365,0.9999602582241393,M_x (point stabilizer) idx=16 triv,l
aff16_wu_m128_seed1,16,16,y,43,109.25366068919561,0.9999889276677808,M_x (point stabilizer) idx=16 triv,l
aff16_wu_m128_seed1,16,16,y,44,104.13931656453083,0.9999830871526723,M_x (point stabilizer) idx=16 triv,l
aff16_wu_m128_seed1,16,16,y,46,105.86577708459122,0.999979226718912,M_x (point stabilizer) idx=16 triv,l
aff16_wu_m128_seed1,16,16,y,47,175.5772708527771,0.9999863887717126,M_x (point stabilizer) idx=16 triv,l
aff16_wu_m128_seed1,16,16,y,48,133.6361831659169,0.999981821583073,M_x (point stabilizer) idx=16 triv,l
aff16_wu_m128_seed1,16,16,y,49,133.30496699630072,0.9999891392134345,M_x (point stabilizer) idx=16 triv,l
aff16_wu_m128_seed1,16,16,y,50,134.79316851043228,0.9999773409856192,M_x (point stabilizer) idx=16 triv,l
aff16_wu_m128_seed1,16,16,y,51,103.57942015871383,0.9999850501369226,M_x (point stabilizer) idx=16 triv,l
aff16_wu_m128_seed1,16,16,y,52,108.4517065928222,0.9999713466927059,M_x (point stabilizer) idx=16 triv,l
aff16_wu_m128_seed1,16,16,y,53,146.75787064968685,0.9999882005440527,M_x (point stabilizer) idx=16 triv,l
aff16_wu_m128_seed1,16,16,y,54,149.31540077004047,0.9999862196721198,M_x (point stabilizer) idx=16 triv,l
aff16_wu_m128_seed1,16,16,y,55,144.18692291508245,0.9999869070997525,M_x (point stabilizer) idx=16 triv,l
aff16_wu_m128_seed1,16,16,y,56,113.66084451897717,0.9999764728766524,M_x (point stabilizer) idx=16 triv,l
aff16_wu_m128_seed1,16,16,y,57,137.5117486823269,0.9999889424543894,M_x (point stabilizer) idx=16 triv,l
aff16_wu_m128_seed1,16,16,y,58,91.52116761509744,0.9999737439849926,M_x (point stabilizer) idx=16 triv,l
aff16_wu_m128_seed1,16,16,y,61,120.84121647533604,0.999973032407426,M_x (point stabilizer) idx=16 triv,l
aff16_wu_m128_seed1,16,16,y,63,73.7448680653298,0.9999753871883069,M_x (point stabilizer) idx=16 triv,l
aff16_wu_m128_seed1,16,16,y,64,73.25247885531526,0.9999793846267,M_x (point stabilizer) idx=16 triv,l
aff16_wu_m128_seed1,16,16,y,67,147.78221824800562,0.9999832496120792,M_x (point stabilizer) idx=16 triv,l
aff16_wu_m128_seed1,16,16,y,69,118.93574459909311,0.9999757934940094,M_x (point stabilizer) idx=16 triv,l
aff16_wu_m128_seed1,16,16,y,71,47.62963396601657,0.9999778531880337,M_x (point stabilizer) idx=16 triv,l
aff16_wu_m128_seed1,16,16,y,72,66.51015225129697,0.9999839896046874,M_x (point stabilizer) idx=16 triv,l
aff16_wu_m128_seed1,16,16,y,73,124.1464511749561,0.9999846859218078,M_x (point stabilizer) idx=16 triv,l
aff16_wu_m128_seed1,16,16,y,75,134.2335020987313,0.999987453699604,M_x (point stabilizer) idx=16 triv,l
aff16_wu_m128_seed1,16,16,y,77,122.01677305222621,0.9999924655624756,M_x (point stabilizer) idx=16 triv,l
aff16_wu_m128_seed1,16,16,y,79,41.19639529477903,0.9999642623311856,M_x (point stabilizer) idx=16 triv,l
aff16_wu_m128_seed1,16,16,y,80,91.79514266379661,0.9999735271279354,M_x (point stabilizer) idx=16 triv,l
aff16_wu_m128_seed1,16,16,y,82,138.05571840623023,0.9999779882867783,M_x (point stabilizer) idx=16 triv,l
aff16_wu_m128_seed1,16,16,y,83,94.63467000722159,0.9999791190167878,M_x (point stabilizer) idx=16 triv,l
aff16_wu_m128_seed1,16,16,y,84,38.30975023789566,0.9999766117668593,M_x (point stabilizer) idx=16 triv,l
aff16_wu_m128_seed1,16,16,y,87,61.81172245226844,0.9999642605906853,M_x (point stabilizer) idx=16 triv,l
aff16_wu_m128_seed1,16,16,y,91,119.40048771225501,0.9999826795737582,M_x (point stabilizer) idx=16 triv,l
aff16_wu_m128_seed1,16,16,y,92,98.63044554080177,0.9999774681390461,M_x (point stabilizer) idx=16 triv,l
aff16_wu_m128_seed1,16,16,y,93,123.64169900752455,0.9999718156759422,M_x (point stabilizer) idx=16 triv,l
aff16_wu_m128_seed1,16,16,y,94,87.39109724325841,0.9999854887865438,M_x (point stabilizer) idx=16 triv,l
aff16_wu_m128_seed1,16,16,y,96,67.61075958177787,0.9999814366471308,M_x (point stabilizer) idx=16 triv,l
aff16_wu_m128_seed1,16,16,y,97,116.06459859235227,0.9999859290022001,M_x (point stabilizer) idx=16 triv,l
aff16_wu_m128_seed1,16,16,y,100,136.07517584642352,0.9999775603373381,M_x (point stabilizer) idx=16 triv,l
aff16_wu_m128_seed1,16,16,y,101,102.45735657982989,0.9999827405715317,M_x (point stabilizer) idx=16 triv,l
aff16_wu_m128_seed1,16,16,y,103,141.15505681172093,0.99998446052257,M_x (point stabilizer) idx=16 triv,l
aff16_wu_m128_seed1,16,16,y,104,102.39236493886722,0.9999817385437798,M_x (point stabilizer) idx=16 triv,l
aff16_wu_m128_seed1,16,16,y,105,66.24721795672193,0.9999733213758303,M_x (point stabilizer) idx=16 triv,l
aff16_wu_m128_seed1,16,16,y,106,141.34149461099128,0.9999769065085369,M_x (point stabilizer) idx=16 triv,l
aff16_wu_m128_seed1,16,16,y,107,139.9610313260377,0.9999875025880861,M_x (point stabilizer) idx=16 triv,l
aff16_wu_m128_seed1,16,16,y,108,142.92969203573844,0.9999822131398075,M_x (point stabilizer) idx=16 triv,l
aff16_wu_m128_seed1,16,16,y,109,127.13380336351582,0.9999860250046347,M_x (point stabilizer) idx=16 triv,l
aff16_wu_m128_seed1,16,16,y,110,140.06625579624347,0.9999833172520768,M_x (point stabilizer) idx=16 triv,l
aff16_wu_m128_seed1,16,16,y,111,110.92763473333326,0.9999825267619717,M_x (point stabilizer) idx=16 triv,l
aff16_wu_m128_seed1,16,16,y,112,54.948124557997104,0.9999735402578663,M_x (point stabilizer) idx=16 triv,l
aff16_wu_m128_seed1,16,16,y,113,141.20916909992553,0.9999839099571053,M_x (point stabilizer) idx=16 triv,l
aff16_wu_m128_seed1,16,16,y,114,131.61580656301786,0.9999892665288443,M_x (point stabilizer) idx=16 triv,l
aff16_wu_m128_seed1,16,16,y,115,49.72025778014202,0.9999776748933644,M_x (point stabilizer) idx=16 triv,l
aff16_wu_m128_seed1,16,16,y,116,79.58738201033754,0.9999751984363706,M_x (point stabilizer) idx=16 triv,l
aff16_wu_m128_seed1,16,16,y,117,92.40470125343609,0.999974864295215,M_x (point stabilizer) idx=16 triv,l
aff16_wu_m128_seed1,16,16,y,122,132.00720004111218,0.9999857488863484,M_x (point stabilizer) idx=16 triv,l
aff16_wu_m128_seed1,16,16,y,123,56.35772303463276,0.9999672806530391,M_x (point stabilizer) idx=16 triv,l
aff16_wu_m128_seed1,16,16,y,124,186.86308607094554,0.9999854674098355,M_x (point stabilizer) idx=16 triv,l
aff16_wu_m128_seed1,16,16,y,125,104.32589174344837,0.9999683330270394,M_x (point stabilizer) idx=16 triv,l
aff16_wu_m128_seed1,16,16,y,127,97.76526318719911,0.9999863710655967,M_x (point stabilizer) idx=16 triv,l
aff16_wu_m128_seed2,16,8,x,21,163.7208277391103,0.9998144638165256,other |H|=8 units=4 transl=8Z idx=16 triv,r
aff16_wu_m128_seed2,16,8,x,27,417.64337309563206,0.9999776699175393,other |H|=8 units=4 transl=8Z idx=16 triv,r
aff16_wu_m128_seed2,16,8,x,42,400.30110578268716,0.9999727312222635,other |H|=8 units=4 transl=8Z idx=16 triv,r
aff16_wu_m128_seed2,16,8,x,49,393.0091579556418,0.9999775666333105,other |H|=8 units=4 transl=8Z idx=16 triv,r
aff16_wu_m128_seed2,16,8,x,61,253.6150441009311,0.9999716085019453,other |H|=8 units=4 transl=8Z idx=16 triv,r
aff16_wu_m128_seed2,16,8,x,63,387.89696764160146,0.9999748167497929,other |H|=8 units=4 transl=8Z idx=16 triv,r
aff16_wu_m128_seed2,16,8,x,79,35.21069153921893,0.9994962646631581,other |H|=8 units=4 transl=8Z idx=16 triv,r
aff16_wu_m128_seed2,16,8,x,88,163.62448763067022,0.9997899972979915,other |H|=8 units=4 transl=8Z idx=16 triv,r
aff16_wu_m128_seed2,16,8,x,95,411.24603591522333,0.9999791446352715,other |H|=8 units=4 transl=8Z idx=16 triv,r
aff16_wu_m128_seed2,16,8,x,101,262.0778630466876,0.9999605008004885,other |H|=8 units=4 transl=8Z idx=16 triv,r
aff16_wu_m128_seed2,16,8,x,123,403.0099170636613,0.9999739738787969,other |H|=8 units=4 transl=8Z idx=16 triv,r
aff16_wu_m128_seed2,16,8,y,21,162.3780419462497,0.9992522854687286,other |H|=8 units=4 transl=8Z idx=16 triv,l
aff16_wu_m128_seed2,16,8,y,27,416.8622879144964,0.9999812995430332,other |H|=8 units=4 transl=8Z idx=16 triv,l
aff16_wu_m128_seed2,16,8,y,42,397.8852364798188,0.9994943249544163,other |H|=8 units=4 transl=8Z idx=16 triv,l
aff16_wu_m128_seed2,16,8,y,49,392.1834507392002,0.9999761849086459,other |H|=8 units=4 transl=8Z idx=16 triv,l
aff16_wu_m128_seed2,16,8,y,61,252.3493807715591,0.9995143476269405,other |H|=8 units=4 transl=8Z idx=16 triv,l
aff16_wu_m128_seed2,16,8,y,63,387.80391632248933,0.9999767384481553,other |H|=8 units=4 transl=8Z idx=16 triv,l
aff16_wu_m128_seed2,16,8,y,79,34.81179287604153,0.9998696265346616,other |H|=8 units=4 transl=8Z idx=16 triv,l
aff16_wu_m128_seed2,16,8,y,88,162.62575432917188,0.9989541011496538,other |H|=8 units=4 transl=8Z idx=16 triv,l
aff16_wu_m128_seed2,16,8,y,95,410.5953904093654,0.999980090792708,other |H|=8 units=4 transl=8Z idx=16 triv,l
aff16_wu_m128_seed2,16,8,y,101,260.7608920894041,0.9995185986590022,other |H|=8 units=4 transl=8Z idx=16 triv,l
aff16_wu_m128_seed2,16,8,y,123,399.6037787490832,0.9994916009213639,other |H|=8 units=4 transl=8Z idx=16 triv,l
aff16_wu_m128_seed2,16,16,x,0,65.50060253535955,0.4979838474719482,other |H|=8 units=4 transl=8Z idx=16 char,l
aff16_wu_m128_seed2,16,16,x,1,139.16495415074195,0.4976187970784975,other |H|=8 units=4 transl=8Z idx=16 char,r
aff16_wu_m128_seed2,16,16,x,3,116.43120875010871,0.49737708264306746,other |H|=8 units=4 transl=8Z idx=16 char,r
aff16_wu_m128_seed2,16,16,x,4,120.68316333427309,0.497878676419934,other |H|=8 units=4 transl=8Z idx=16 char,r
aff16_wu_m128_seed2,16,16,x,5,69.67901261578456,0.4838081637084243,other |H|=8 units=4 transl=8Z idx=16 char,r
aff16_wu_m128_seed2,16,16,x,7,38.151184973147,0.494160156944563,other |H|=8 units=4 transl=8Z idx=16 char,l
aff16_wu_m128_seed2,16,16,x,8,101.75462338452581,0.4814291291828243,other |H|=8 units=4 transl=8Z idx=16 char,l
aff16_wu_m128_seed2,16,16,x,9,87.13820534843879,0.48220203898406916,other |H|=8 units=4 transl=8Z idx=16 char,r
aff16_wu_m128_seed2,16,16,x,10,132.48846939950909,0.49752224634971093,other |H|=8 units=4 transl=8Z idx=16 char,r
aff16_wu_m128_seed2,16,16,x,11,125.97986255470121,0.48139673356503504,other |H|=8 units=4 transl=8Z idx=16 char,l
aff16_wu_m128_seed2,16,16,x,12,84.82373728082295,0.49692370953505277,other |H|=8 units=4 transl=8Z idx=16 char,r
aff16_wu_m128_seed2,16,16,x,13,109.70878836667437,0.497512138592758,other |H|=8 units=4 transl=8Z idx=16 char,r
aff16_wu_m128_seed2,16,16,x,15,193.516305682663,0.4981986486101759,other |H|=8 units=4 transl=8Z idx=16 char,l
aff16_wu_m128_seed2,16,16,x,16,136.39188394018328,0.49407556780934164,other |H|=8 units=4 transl=8Z idx=16 char,l
aff16_wu_m128_seed2,16,16,x,17,116.84817853494384,0.48185160152638046,other |H|=8 units=4 transl=8Z idx=16 char,l
aff16_wu_m128_seed2,16,16,x,18,76.60324481707306,0.4854558258553932,other |H|=8 units=4 transl=8Z idx=16 char,r
aff16_wu_m128_seed2,16,16,x,19,80.71320786664366,0.4930810913955918,other |H|=8 units=4 transl=8Z idx=16 char,l
aff16_wu_m128_seed2,16,16,x,20,21.58180949745946,0.4800365088783598,other |H|=8 units=4 transl=8Z idx=16 char,l
aff16_wu_m128_seed2,16,16,x,22,140.91749954955534,0.49389210659303373,other |H|=8 units=4 transl=8Z idx=16 char,l
aff16_wu_m128_seed2,16,16,x,25,87.84375432294321,0.4830145393091356,other |H|=8 units=4 transl=8Z idx=16 char,r
aff16_wu_m128_seed2,16,16,x,26,152.6425677878986,0.48183433907840073,other |H|=8 units=4 transl=8Z idx=16 char,l
aff16_wu_m128_seed2,16,16,x,31,89.92514004797015,0.48181310719037646,other |H|=8 units=4 transl=8Z idx=16 char,l
aff16_wu_m128_seed2,16,16,x,32,51.17957455508796,0.49746103044086437,other |H|=8 units=4 transl=8Z idx=16 char,r
aff16_wu_m128_seed2,16,16,x,35,111.44016292162135,0.4881584643971783,other |H|=8 units=4 transl=8Z idx=16 char,r
aff16_wu_m128_seed2,16,16,x,36,21.4866198102734,0.4945727034817124,other |H|=8 units=4 transl=8Z idx=16 char,l
aff16_wu_m128_seed2,16,16,x,38,97.76691570846326,0.496023166007819,other |H|=8 units=4 transl=8Z idx=16 char,r
aff16_wu_m128_seed2,16,16,x,39,36.081887855670054,0.49813922821553486,other |H|=8 units=4 transl=8Z idx=16 char,l
aff16_wu_m128_seed2,16,16,x,41,67.93728107370698,0.4843525303321205,other |H|=8 units=4 transl=8Z idx=16 char,r
aff16_wu_m128_seed2,16,16,x,43,61.81234889136621,0.4933565361727477,other |H|=8 units=4 transl=8Z idx=16 char,l
aff16_wu_m128_seed2,16,16,x,45,16.28951488436937,0.4956033285874677,other |H|=8 units=4 transl=8Z idx=16 char,r
aff16_wu_m128_seed2,16,16,x,46,156.7939041825217,0.49363239441594786,other |H|=8 units=4 transl=8Z idx=16 char,l
aff16_wu_m128_seed2,16,16,x,48,179.13709206149392,0.49796213087750435,other |H|=8 units=4 transl=8Z idx=16 char,l
aff16_wu_m128_seed2,16,16,x,50,124.41443193072467,0.48494836718780276,other |H|=8 units=4 transl=8Z idx=16 char,r
aff16_wu_m128_seed2,16,16,x,51,141.07018352906113,0.48198543228640567,other |H|=8 units=4 transl=8Z idx=16 char,r
aff16_wu_m128_seed2,16,16,x,53,114.34506823090021,0.49425395842011033,other |H|=8 units=4 transl=8Z idx=16 char,l
aff16_wu_m128_seed2,16,16,x,54,124.20496186170955,0.49604190196022757,other |H|=8 units=4 transl=8Z idx=16 char,r
aff16_wu_m128_seed2,16,16,x,55,209.0160983002104,0.4981810250293315,other |H|=8 units=4 transl=8Z idx=16 char,l
aff16_wu_m128_seed2,16,16,x,56,145.29401084890054,0.497686987378898,other |H|=8 units=4 transl=8Z idx=16 char,r
aff16_wu_m128_seed2,16,16,x,57,114.12289322685572,0.49673542022351574,other |H|=8 units=4 transl=8Z idx=16 char,r
aff16_wu_m128_seed2,16,16,x,58,119.69314786043324,0.4972059143675908,other |H|=8 units=4 transl=8Z idx=16 char,r
aff16_wu_m128_seed2,16,16,x,59,76.99067001551342,0.4974654594852984,other |H|=8 units=4 transl=8Z idx=16 char,l
aff16_wu_m128_seed2,16,16,x,60,158.10088670550493,0.4975898264870875,other |H|=8 units=4 transl=8Z idx=16 char,r
aff16_wu_m128_seed2,16,16,x,62,128.99775749090676,0.48158687995126886,other |H|=8 units=4 transl=8Z idx=16 char,l
aff16_wu_m128_seed2,16,16,x,64,40.293904798747946,0.4950962999316082,other |H|=8 units=4 transl=8Z idx=16 char,l
aff16_wu_m128_seed2,16,16,x,65,128.37096286608622,0.484627312361617,other |H|=8 units=4 transl=8Z idx=16 char,r
aff16_wu_m128_seed2,16,16,x,66,73.01612630370012,0.4815467566617936,other |H|=8 units=4 transl=8Z idx=16 char,l
aff16_wu_m128_seed2,16,16,x,67,25.296279086052724,0.48180006053850616,other |H|=8 units=4 transl=8Z idx=16 char,l
aff16_wu_m128_seed2,16,16,x,68,80.17483506146388,0.48045585969290894,other |H|=8 units=4 transl=8Z idx=16 char,l
aff16_wu_m128_seed2,16,16,x,69,187.3882090377066,0.4976228304181187,other |H|=8 units=4 transl=8Z idx=16 char,r
aff16_wu_m128_seed2,16,16,x,70,129.4334884859936,0.4971101791244559,other |H|=8 units=4 transl=8Z idx=16 char,r
aff16_wu_m128_seed2,16,16,x,72,125.5943907822747,0.4862576988260098,other |H|=8 units=4 transl=8Z idx=16 char,r
aff16_wu_m128_seed2,16,16,x,73,147.27327566004328,0.4973688192574199,other |H|=8 units=4 transl=8Z idx=16 char,r
aff16_wu_m128_seed2,16,16,x,74,137.55025018574173,0.48388451777911895,other |H|=8 units=4 transl=8Z idx=16 char,r
aff16_wu_m128_seed2,16,16,x,75,209.47173133063362,0.4943313935192117,other |H|=8 units=4 transl=8Z idx=16 char,l
aff16_wu_m128_seed2,16,16,x,77,52.83358209505877,0.49760426339568886,other |H|=8 units=4 transl=8Z idx=16 char,r
aff16_wu_m128_seed2,16,16,x,81,66.03120129049925,0.4980812126465653,other |H|=8 units=4 transl=8Z idx=16 char,l
aff16_wu_m128_seed2,16,16,x,82,90.1983790382288,0.4829298559749,other |H|=8 units=4 transl=8Z idx=16 char,r
aff16_wu_m128_seed2,16,16,x,83,174.46313136252164,0.498030036407268,other |H|=8 units=4 transl=8Z idx=16 char,l
aff16_wu_m128_seed2,16,16,x,84,237.41796488751817,0.4939867922563064,other |H|=8 units=4 transl=8Z idx=16 char,l
aff16_wu_m128_seed2,16,16,x,85,124.80651515913627,0.4975173564032928,other |H|=8 units=4 transl=8Z idx=16 char,r
aff16_wu_m128_seed2,16,16,x,86,96.08166966468923,0.48164661332722947,other |H|=8 units=4 transl=8Z idx=16 char,l
aff16_wu_m128_seed2,16,16,x,87,117.1268204899875,0.48153975525924214,other |H|=8 units=4 transl=8Z idx=16 char,l
aff16_wu_m128_seed2,16,16,x,90,123.0328539006934,0.4818028065801255,other |H|=8 units=4 transl=8Z idx=16 char,l
aff16_wu_m128_seed2,16,16,x,94,128.1526365160701,0.4817558787050259,other |H|=8 units=4 transl=8Z idx=16 char,l
aff16_wu_m128_seed2,16,16,x,96,177.0550759295989,0.49417166940377455,other |H|=8 units=4 transl=8Z idx=16 char,l
aff16_wu_m128_seed2,16,16,x,97,6.6517665831503265,0.4978190648570779,other |H|=8 units=4 transl=8Z idx=16 char,r
aff16_wu_m128_seed2,16,16,x,99,56.863497123649196,0.4848036735789515,other |H|=8 units=4 transl=8Z idx=16 char,r
aff16_wu_m128_seed2,16,16,x,100,90.39721721641901,0.4974664882743654,other |H|=8 units=4 transl=8Z idx=16 char,r
aff16_wu_m128_seed2,16,16,x,104,117.48549596920098,0.48194502745727696,other |H|=8 units=4 transl=8Z idx=16 char,l
aff16_wu_m128_seed2,16,16,x,105,218.25833864155055,0.49777033692104244,other |H|=8 units=4 transl=8Z idx=16 char,l
aff16_wu_m128_seed2,16,16,x,106,51.24010884370861,0.49755295177557624,other |H|=8 units=4 transl=8Z idx=16 char,r
aff16_wu_m128_seed2,16,16,x,109,65.8094386012082,0.4841742155474779,other |H|=8 units=4 transl=8Z idx=16 char,r
aff16_wu_m128_seed2,16,16,x,110,23.860052965983872,0.4976395613013597,other |H|=8 units=4 transl=8Z idx=16 char,r
aff16_wu_m128_seed2,16,16,x,111,119.34499757778589,0.49611580386298426,other |H|=8 units=4 transl=8Z idx=16 char,r
aff16_wu_m128_seed2,16,16,x,114,105.11655028802231,0.4943244999420856,other |H|=8 units=4 transl=8Z idx=16 char,l
aff16_wu_m128_seed2,16,16,x,115,71.30356416423297,0.49729173950994365,other |H|=8 units=4 transl=8Z idx=16 char,r
aff16_wu_m128_seed2,16,16,x,116,115.14521870138881,0.49433175954739195,other |H|=8 units=4 transl=8Z idx=16 char,l
aff16_wu_m128_seed2,16,16,x,117,203.48149329953733,0.49783765487167,other |H|=8 units=4 transl=8Z idx=16 char,l
aff16_wu_m128_seed2,16,16,x,118,14.558007236381531,0.4941600402291068,other |H|=8 units=4 transl=8Z idx=16 char,l
aff16_wu_m128_seed2,16,16,x,119,102.95457459334376,0.4976272675790199,other |H|=8 units=4 transl=8Z idx=16 char,l
aff16_wu_m128_seed2,16,16,x,121,148.48563194771748,0.4977417463205416,other |H|=8 units=4 transl=8Z idx=16 char,r
aff16_wu_m128_seed2,16,16,x,122,54.10870027964037,0.4816298513708163,other |H|=8 units=4 transl=8Z idx=16 char,l
aff16_wu_m128_seed2,16,16,x,125,74.66280173570131,0.48438850034906183,other |H|=8 units=4 transl=8Z idx=16 char,r
aff16_wu_m128_seed2,16,16,x,126,105.0698550101994,0.4864974144533161,other |H|=8 units=4 transl=8Z idx=16 char,r
aff16_wu_m128_seed2,16,16,x,127,96.14217333097844,0.4813401071815173,other |H|=8 units=4 transl=8Z idx=16 char,l
aff16_wu_m128_seed2,16,16,y,0,53.999983379069604,0.46404770324885214,other |H|=8 units=4 transl=8Z idx=16 char,r
aff16_wu_m128_seed2,16,16,y,1,138.8008737755058,0.4946963405509752,other |H|=8 units=4 transl=8Z idx=16 char,l
aff16_wu_m128_seed2,16,16,y,3,113.35422413508914,0.4947505123116118,other |H|=8 units=4 transl=8Z idx=16 char,l
aff16_wu_m128_seed2,16,16,y,4,121.31890757465072,0.4950722758139277,other |H|=8 units=4 transl=8Z idx=16 char,l
aff16_wu_m128_seed2,16,16,y,5,71.9439774487256,0.493195644115072,other |H|=8 units=4 transl=8Z idx=16 char,r
aff16_wu_m128_seed2,16,16,y,7,37.195037155357596,0.4845873493092308,other |H|=8 units=4 transl=8Z idx=16 char,r
aff16_wu_m128_seed2,16,16,y,8,104.51320980881655,0.49330027871158943,other |H|=8 units=4 transl=8Z idx=16 char,r
aff16_wu_m128_seed2,16,16,y,9,91.0542529063721,0.4941080430301805,other |H|=8 units=4 transl=8Z idx=16 char,l
aff16_wu_m128_seed2,16,16,y,10,140.73483840649018,0.49466047959515536,other |H|=8 units=4 transl=8Z idx=16 char,l
aff16_wu_m128_seed2,16,16,y,11,130.58981387990923,0.4849462700983039,other |H|=8 units=4 transl=8Z idx=16 char,r
aff16_wu_m128_seed2,16,16,y,12,91.48588125489356,0.4936699305195601,other |H|=8 units=4 transl=8Z idx=16 char,l
aff16_wu_m128_seed2,16,16,y,13,107.92996930930198,0.4975730469201193,other |H|=8 units=4 transl=8Z idx=16 char,l
aff16_wu_m128_seed2,16,16,y,15,186.9888407862853,0.48410245077966607,other |H|=8 units=4 transl=8Z idx=16 char,r
aff16_wu_m128_seed2,16,16,y,16,133.60340165224662,0.4930893573012584,other |H|=8 units=4 transl=8Z idx=16 char,r
aff16_wu_m128_seed2,16,16,y,17,122.1965978231256,0.4842226463199375,other |H|=8 units=4 transl=8Z idx=16 char,r
aff16_wu_m128_seed2,16,16,y,18,80.20931423490556,0.49564356373341356,other |H|=8 units=4 transl=8Z idx=16 char,l
aff16_wu_m128_seed2,16,16,y,19,66.4643249087145,0.4717618172091454,other |H|=8 units=4 transl=8Z idx=16 char,l
aff16_wu_m128_seed2,16,16,y,20,17.631671435575903,0.46206893589561077,other |H|=8 units=4 transl=8Z idx=16 char,l
aff16_wu_m128_seed2,16,16,y,22,140.1488983561405,0.4944161578336325,other |H|=8 units=4 transl=8Z idx=16 char,l
aff16_wu_m128_seed2,16,16,y,25,89.89982861689306,0.49300792326656484,other |H|=8 units=4 transl=8Z idx=16 char,r
aff16_wu_m128_seed2,16,16,y,26,159.5475042007698,0.49478329712627067,other |H|=8 units=4 transl=8Z idx=16 char,l
aff16_wu_m128_seed2,16,16,y,31,94.3274263676228,0.49472436310592294,other |H|=8 units=4 transl=8Z idx=16 char,l
aff16_wu_m128_seed2,16,16,y,32,52.76138513819382,0.497247821831716,other |H|=8 units=4 transl=8Z idx=16 char,l
aff16_wu_m128_seed2,16,16,y,35,115.11868780767308,0.4946139539041582,other |H|=8 units=4 transl=8Z idx=16 char,l
aff16_wu_m128_seed2,16,16,y,36,21.093635762773623,0.49290208196811114,other |H|=8 units=4 transl=8Z idx=16 char,r
aff16_wu_m128_seed2,16,16,y,38,96.19369522023142,0.48387719610041124,other |H|=8 units=4 transl=8Z idx=16 char,r
aff16_wu_m128_seed2,16,16,y,39,35.6591304389234,0.493072256582633,other |H|=8 units=4 transl=8Z idx=16 char,r
aff16_wu_m128_seed2,16,16,y,41,60.770238720823926,0.4676704744594938,other |H|=8 units=4 transl=8Z idx=16 char,l
aff16_wu_m128_seed2,16,16,y,43,60.719472378074926,0.49686883518485336,other |H|=8 units=4 transl=8Z idx=16 char,l
aff16_wu_m128_seed2,16,16,y,45,13.903192981870498,0.46926741949097645,other |H|=8 units=4 transl=8Z idx=16 char,l
aff16_wu_m128_seed2,16,16,y,46,155.6572665847691,0.4944788399530287,other |H|=8 units=4 transl=8Z idx=16 char,l
aff16_wu_m128_seed2,16,16,y,48,178.1099012909396,0.49508330320797234,other |H|=8 units=4 transl=8Z idx=16 char,l
aff16_wu_m128_seed2,16,16,y,50,130.3352904895389,0.4936695297593775,other |H|=8 units=4 transl=8Z idx=16 char,l
aff16_wu_m128_seed2,16,16,y,51,145.42262124518197,0.48351417875505226,other |H|=8 units=4 transl=8Z idx=16 char,r
aff16_wu_m128_seed2,16,16,y,53,114.37175034996724,0.49474040361747457,other |H|=8 units=4 transl=8Z idx=16 char,l
aff16_wu_m128_seed2,16,16,y,54,120.92204020894661,0.4932683024693809,other |H|=8 units=4 transl=8Z idx=16 char,r
aff16_wu_m128_seed2,16,16,y,55,203.91901177001378,0.49336623298548077,other |H|=8 units=4 transl=8Z idx=16 char,r
aff16_wu_m128_seed2,16,16,y,56,151.32095307789047,0.49349329085786187,other |H|=8 units=4 transl=8Z idx=16 char,r
aff16_wu_m128_seed2,16,16,y,57,110.20651676402828,0.4837510649962317,other |H|=8 units=4 transl=8Z idx=16 char,r
aff16_wu_m128_seed2,16,16,y,58,124.82724511238416,0.497427374267384,other |H|=8 units=4 transl=8Z idx=16 char,l
aff16_wu_m128_seed2,16,16,y,59,78.5063488582997,0.49445767412060315,other |H|=8 units=4 transl=8Z idx=16 char,l
aff16_wu_m128_seed2,16,16,y,60,165.9835923662329,0.4849586114106256,other |H|=8 units=4 transl=8Z idx=16 char,r
aff16_wu_m128_seed2,16,16,y,62,133.4530347410132,0.49747841731045345,other |H|=8 units=4 transl=8Z idx=16 char,l
aff16_wu_m128_seed2,16,16,y,64,29.91675071416473,0.46205107258131517,other |H|=8 units=4 transl=8Z idx=16 char,l
aff16_wu_m128_seed2,16,16,y,65,134.1823934298199,0.4968712022413788,other |H|=8 units=4 transl=8Z idx=16 char,l
aff16_wu_m128_seed2,16,16,y,66,75.49118133186654,0.49341993493848657,other |H|=8 units=4 transl=8Z idx=16 char,r
aff16_wu_m128_seed2,16,16,y,67,26.310087709320587,0.4971199644508476,other |H|=8 units=4 transl=8Z idx=16 char,l
aff16_wu_m128_seed2,16,16,y,68,73.13850024342726,0.47108610254859157,other |H|=8 units=4 transl=8Z idx=16 char,l
aff16_wu_m128_seed2,16,16,y,69,200.87129592686063,0.49469861657916425,other |H|=8 units=4 transl=8Z idx=16 char,l
aff16_wu_m128_seed2,16,16,y,70,126.4642158627671,0.49504577825368845,other |H|=8 units=4 transl=8Z idx=16 char,l
aff16_wu_m128_seed2,16,16,y,72,128.33532872327078,0.4972908534856863,other |H|=8 units=4 transl=8Z idx=16 char,l
aff16_wu_m128_seed2,16,16,y,73,159.73541235187534,0.4944071509991358,other |H|=8 units=4 transl=8Z idx=16 char,l
aff16_wu_m128_seed2,16,16,y,74,145.42098375048616,0.4953609182661258,other |H|=8 units=4 transl=8Z idx=16 char,l
aff16_wu_m128_seed2,16,16,y,75,206.06117686899975,0.48445442871534045,other |H|=8 units=4 transl=8Z idx=16 char,r
aff16_wu_m128_seed2,16,16,y,77,54.645434352413425,0.49723499066794413,other |H|=8 units=4 transl=8Z idx=16 char,l
aff16_wu_m128_seed2,16,16,y,81,64.70695775748428,0.4972076094556367,other |H|=8 units=4 transl=8Z idx=16 char,l
aff16_wu_m128_seed2,16,16,y,82,92.21073706675428,0.4934644659391847,other |H|=8 units=4 transl=8Z idx=16 char,r
aff16_wu_m128_seed2,16,16,y,83,174.44168869301907,0.4942493256451462,other |H|=8 units=4 transl=8Z idx=16 char,l
aff16_wu_m128_seed2,16,16,y,84,236.48153697637002,0.4946779397190093,other |H|=8 units=4 transl=8Z idx=16 char,l
aff16_wu_m128_seed2,16,16,y,85,123.4366224644735,0.49452699215083595,other |H|=8 units=4 transl=8Z idx=16 char,l
aff16_wu_m128_seed2,16,16,y,86,100.02093733515453,0.49398452443508534,other |H|=8 units=4 transl=8Z idx=16 char,l
aff16_wu_m128_seed2,16,16,y,87,122.675879999037,0.494467676327566,other |H|=8 units=4 transl=8Z idx=16 char,l
aff16_wu_m128_seed2,16,16,y,90,131.7189279266044,0.4942713271993836,other |H|=8 units=4 transl=8Z idx=16 char,l
aff16_wu_m128_seed2,16,16,y,94,132.0255023403014,0.4971437887088345,other |H|=8 units=4 transl=8Z idx=16 char,l
aff16_wu_m128_seed2,16,16,y,96,172.27475532671767,0.4972921042244327,other |H|=8 units=4 transl=8Z idx=16 char,l
aff16_wu_m128_seed2,16,16,y,97,7.000036913358775,0.4952307763297844,other |H|=8 units=4 transl=8Z idx=16 char,l
aff16_wu_m128_seed2,16,16,y,99,59.82912006604447,0.494762165771573,other |H|=8 units=4 transl=8Z idx=16 char,l
aff16_wu_m128_seed2,16,16,y,100,88.50268993747127,0.4970661524600915,other |H|=8 units=4 transl=8Z idx=16 char,l
aff16_wu_m128_seed2,16,16,y,104,125.12930092507561,0.4954420074509645,other |H|=8 units=4 transl=8Z idx=16 char,l
aff16_wu_m128_seed2,16,16,y,105,218.5009806381214,0.49419781660649054,other |H|=8 units=4 transl=8Z idx=16 char,l
aff16_wu_m128_seed2,16,16,y,106,50.12650667216591,0.49755406405547387,other |H|=8 units=4 transl=8Z idx=16 char,l
aff16_wu_m128_seed2,16,16,y,109,68.97670179724165,0.49388049442396753,other |H|=8 units=4 transl=8Z idx=16 char,l
aff16_wu_m128_seed2,16,16,y,110,21.654123663506443,0.46914355776196504,other |H|=8 units=4 transl=8Z idx=16 char,l
aff16_wu_m128_seed2,16,16,y,111,115.21673269362454,0.4930355150958837,other |H|=8 units=4 transl=8Z idx=16 char,r
aff16_wu_m128_seed2,16,16,y,114,102.22967796593908,0.49303916374923634,other |H|=8 units=4 transl=8Z idx=16 char,r
aff16_wu_m128_seed2,16,16,y,115,74.65217087664979,0.4930745846970928,other |H|=8 units=4 transl=8Z idx=16 char,r
aff16_wu_m128_seed2,16,16,y,116,114.27773990399872,0.49460450971648756,other |H|=8 units=4 transl=8Z idx=16 char,l
aff16_wu_m128_seed2,16,16,y,117,198.13958167373985,0.4975379025490379,other |H|=8 units=4 transl=8Z idx=16 char,l
aff16_wu_m128_seed2,16,16,y,118,11.953613811477057,0.4638875667200532,other |H|=8 units=4 transl=8Z idx=16 char,l
aff16_wu_m128_seed2,16,16,y,119,103.69187428233865,0.49429191640102416,other |H|=8 units=4 transl=8Z idx=16 char,l
aff16_wu_m128_seed2,16,16,y,121,145.72583174695146,0.495006864424847,other |H|=8 units=4 transl=8Z idx=16 char,l
aff16_wu_m128_seed2,16,16,y,122,56.15865621239164,0.49371359281512683,other |H|=8 units=4 transl=8Z idx=16 char,l
aff16_wu_m128_seed2,16,16,y,125,77.42100610915243,0.4939553432008762,other |H|=8 units=4 transl=8Z idx=16 char,l
aff16_wu_m128_seed2,16,16,y,126,108.68509045646074,0.484471308659571,other |H|=8 units=4 transl=8Z idx=16 char,r
aff16_wu_m128_seed2,16,16,y,127,99.14086252752683,0.49330799575043455,other |H|=8 units=4 transl=8Z idx=16 char,r
aff16_wu_m128_seed3,16,16,x,0,155.43626025278368,0.9999806268541883,M_x (point stabilizer) idx=16 triv,r
aff16_wu_m128_seed3,16,16,x,1,143.0644557265992,0.9999691334868163,M_x (point stabilizer) idx=16 triv,r
aff16_wu_m128_seed3,16,16,x,3,146.90449112104608,0.9999873658716166,other |H|=8 units=4 transl=8Z idx=16 char,r
aff16_wu_m128_seed3,16,16,x,4,166.70209985915773,0.9999571646025851,M_x (point stabilizer) idx=16 char,r
aff16_wu_m128_seed3,16,16,x,5,138.31898171318977,0.9999870210473178,other |H|=8 units=4 transl=8Z idx=16 char,r
aff16_wu_m128_seed3,16,16,x,7,148.62678979875957,0.9999709390130065,other |H|=8 units=4 transl=8Z idx=16 char,r
aff16_wu_m128_seed3,16,16,x,9,147.31552238666728,0.9999803449234944,M_x (point stabilizer) idx=16 triv,r
aff16_wu_m128_seed3,16,16,x,10,191.5853502304931,0.9999872840904281,other |H|=8 units=8 transl=none idx=16 char,r
aff16_wu_m128_seed3,16,16,x,11,148.66382436514687,0.9999852999909654,M_x (point stabilizer) idx=16 triv,r
aff16_wu_m128_seed3,16,16,x,12,141.54182441780185,0.9999780320169255,M_x (point stabilizer) idx=16 triv,r
aff16_wu_m128_seed3,16,16,x,13,181.6041166612111,0.9999852485991446,other |H|=8 units=8 transl=none idx=16 triv,r
aff16_wu_m128_seed3,16,16,x,14,184.7298650004071,0.999987125620244,other |H|=8 units=8 transl=none idx=16 triv,r
aff16_wu_m128_seed3,16,16,x,16,85.84189589824248,0.9999713812101515,other |H|=8 units=8 transl=none idx=16 char,r
aff16_wu_m128_seed3,16,16,x,18,215.30291014225682,0.9999913361290361,other |H|=8 units=4 transl=8Z idx=16 char,r
aff16_wu_m128_seed3,16,16,x,19,174.87892459430665,0.9999831609370258,other |H|=8 units=4 transl=8Z idx=16 char,r
aff16_wu_m128_seed3,16,16,x,20,173.82391119204482,0.9999825253970998,other |H|=8 units=4 transl=8Z idx=16 char,r
aff16_wu_m128_seed3,16,16,x,22,176.87482508021452,0.9999740006448157,other |H|=8 units=8 transl=none idx=16 char,r
aff16_wu_m128_seed3,16,16,x,23,149.28280403250875,0.9999765893838117,other |H|=8 units=4 transl=8Z idx=16 char,r
aff16_wu_m128_seed3,16,16,x,24,127.33106819413482,0.9999701637953057,M_x (point stabilizer) idx=16 triv,r
aff16_wu_m128_seed3,16,16,x,25,112.0797723144504,0.9999857250209263,other |H|=8 units=4 transl=8Z idx=16 char,r
aff16_wu_m128_seed3,16,16,x,26,129.9949727552655,0.9999688659590715,other |H|=8 units=4 transl=8Z idx=16 char,r
aff16_wu_m128_seed3,16,16,x,28,165.04260864966554,0.9999829516290407,other |H|=8 units=4 transl=8Z idx=16 char,r
aff16_wu_m128_seed3,16,16,x,30,189.836593982182,0.9999760173608381,other |H|=8 units=4 transl=8Z idx=16 char,r
aff16_wu_m128_seed3,16,16,x,31,181.5255208614588,0.9999858897747126,M_x (point stabilizer) idx=16 char,r
aff16_wu_m128_seed3,16,16,x,32,121.95799462806565,0.9999824539666978,M_x (point stabilizer) idx=16 char,r
aff16_wu_m128_seed3,16,16,x,33,140.24770778957696,0.9999796214015197,other |H|=8 units=4 transl=8Z idx=16 char,r
aff16_wu_m128_seed3,16,16,x,35,145.94448683210618,0.9998160909388367,other |H|=8 units=8 transl=none idx=16 char,r
aff16_wu_m128_seed3,16,16,x,36,179.0116557789733,0.999818130794725,other |H|=8 units=8 transl=none idx=16 char,r
aff16_wu_m128_seed3,16,16,x,37,163.7974765401069,0.9999880629799544,other |H|=8 units=4 transl=8Z idx=16 char,r
aff16_wu_m128_seed3,16,16,x,38,142.30740383589455,0.9999861894467938,other |H|=8 units=4 transl=8Z idx=16 char,r
aff16_wu_m128_seed3,16,16,x,40,149.5055161554874,0.9999832488216217,other |H|=8 units=8 transl=none idx=16 char,r
aff16_wu_m128_seed3,16,16,x,41,38.04476385804216,0.9969148498967786,other |H|=8 units=4 transl=8Z idx=16 char,r
aff16_wu_m128_seed3,16,16,x,42,140.04363218343846,0.9999865989906663,other |H|=8 units=4 transl=8Z idx=16 char,r
aff16_wu_m128_seed3,16,16,x,44,131.2162710397742,0.9999767580173142,M_x (point stabilizer) idx=16 triv,r
aff16_wu_m128_seed3,16,16,x,45,69.3733820313207,0.5843522869574979,M_x (point stabilizer) idx=16 triv,r
aff16_wu_m128_seed3,16,16,x,46,132.64028233110122,0.9999840132828587,other |H|=8 units=8 transl=none idx=16 char,r
aff16_wu_m128_seed3,16,16,x,47,110.64577083525693,0.999838984504499,other |H|=8 units=4 transl=8Z idx=16 char,r
aff16_wu_m128_seed3,16,16,x,48,145.52629884801487,0.9999693420361294,other |H|=8 units=8 transl=none idx=16 char,r
aff16_wu_m128_seed3,16,16,x,49,149.75467778054,0.9998111947638275,M_x (point stabilizer) idx=16 char,r
aff16_wu_m128_seed3,16,16,x,54,130.21267248598852,0.9999804732698758,other |H|=8 units=4 transl=8Z idx=16 char,r
aff16_wu_m128_seed3,16,16,x,57,188.59541415567688,0.999986414444027,other |H|=8 units=4 transl=8Z idx=16 char,r
aff16_wu_m128_seed3,16,16,x,58,84.65046089945787,0.4980467527320852,other |H|=8 units=2 transl=4Z idx=16 char,r
aff16_wu_m128_seed3,16,16,x,59,133.73480936569987,0.9999771449711375,M_x (point stabilizer) idx=16 char,r
aff16_wu_m128_seed3,16,16,x,60,86.7612249790805,0.6112798573573033,other |H|=8 units=4 transl=8Z idx=16 char,r
aff16_wu_m128_seed3,16,16,x,61,132.04531191415623,0.9999828039771129,other |H|=8 units=4 transl=8Z idx=16 char,r
aff16_wu_m128_seed3,16,16,x,62,151.69203888716916,0.999987174524447,other |H|=8 units=4 transl=8Z idx=16 char,r
aff16_wu_m128_seed3,16,16,x,63,139.8864968078734,0.9999849082210877,other |H|=8 units=8 transl=none idx=16 char,r
aff16_wu_m128_seed3,16,16,x,64,139.53631626558888,0.9999874988558908,other |H|=8 units=4 transl=8Z idx=16 char,r
aff16_wu_m128_seed3,16,16,x,65,71.63626953128289,0.489618875213144,other |H|=8 units=1 transl=2Z idx=16 char,l
aff16_wu_m128_seed3,16,16,x,67,48.2163502766959,0.9999621012237733,other |H|=8 units=4 transl=8Z idx=16 char,r
aff16_wu_m128_seed3,16,16,x,69,49.802139837284166,0.9999671636335254,other |H|=8 units=4 transl=8Z idx=16 char,r
aff16_wu_m128_seed3,16,16,x,70,100.14880973933687,0.9999824625054937,other |H|=8 units=4 transl=8Z idx=16 char,r
aff16_wu_m128_seed3,16,16,x,71,173.72825101336977,0.9999775646469591,other |H|=8 units=4 transl=8Z idx=16 char,r
aff16_wu_m128_seed3,16,16,x,72,132.25517734893685,0.9999780251642735,other |H|=8 units=4 transl=8Z idx=16 char,r
aff16_wu_m128_seed3,16,16,x,73,123.03523638344568,0.7008946220186306,other |H|=8 units=4 transl=8Z idx=16 char,r
aff16_wu_m128_seed3,16,16,x,74,130.7789270047223,0.9999789606455264,other |H|=8 units=4 transl=8Z idx=16 char,r
aff16_wu_m128_seed3,16,16,x,75,175.79314412137748,0.9999838685502921,other |H|=8 units=4 transl=8Z idx=16 char,r
aff16_wu_m128_seed3,16,16,x,78,137.33356641368496,0.9998132885662813,other |H|=8 units=8 transl=none idx=16 char,r
aff16_wu_m128_seed3,16,16,x,79,153.57130834414983,0.9999851433579021,other |H|=8 units=8 transl=none idx=16 char,r
aff16_wu_m128_seed3,16,16,x,80,150.37188247312142,0.9998014057325664,other |H|=8 units=4 transl=8Z idx=16 char,r
aff16_wu_m128_seed3,16,16,x,81,164.88408139193567,0.9999799947843154,M_x (point stabilizer) idx=16 char,r
aff16_wu_m128_seed3,16,16,x,82,120.8329560222729,0.9999874300519558,other |H|=8 units=4 transl=8Z idx=16 char,r
aff16_wu_m128_seed3,16,16,x,83,182.626533396102,0.9999829850720685,other |H|=8 units=4 transl=8Z idx=16 char,r
aff16_wu_m128_seed3,16,16,x,85,75.96269778149397,0.9999853957063226,M_x (point stabilizer) idx=16 char,r
aff16_wu_m128_seed3,16,16,x,86,184.29961420342377,0.9999817745093298,other |H|=8 units=8 transl=none idx=16 triv,r
aff16_wu_m128_seed3,16,16,x,87,178.77857351568002,0.9999862130461156,other |H|=8 units=4 transl=8Z idx=16 char,r
aff16_wu_m128_seed3,16,16,x,89,137.43711886448014,0.9999761074831115,other |H|=8 units=8 transl=none idx=16 char,r
aff16_wu_m128_seed3,16,16,x,90,165.55193937470733,0.9999896584334661,other |H|=8 units=8 transl=none idx=16 char,r
aff16_wu_m128_seed3,16,16,x,91,177.89842863549367,0.9998353207142529,other |H|=8 units=8 transl=none idx=16 char,r
aff16_wu_m128_seed3,16,16,x,92,192.32330814420604,0.9999753385194826,other |H|=8 units=4 transl=8Z idx=16 char,r
aff16_wu_m128_seed3,16,16,x,93,152.9119843543411,0.9999793980674867,M_x (point stabilizer) idx=16 char,r
aff16_wu_m128_seed3,16,16,x,94,148.63654079410583,0.9999804292400193,other |H|=8 units=4 transl=8Z idx=16 char,r
aff16_wu_m128_seed3,16,16,x,95,118.31138527376571,0.9999841929278644,other |H|=8 units=8 transl=none idx=16 triv,r
aff16_wu_m128_seed3,16,16,x,97,193.8811173815783,0.9999847704840482,other |H|=8 units=4 transl=8Z idx=16 char,r
aff16_wu_m128_seed3,16,16,x,98,204.20279520943672,0.9999827540627423,other |H|=8 units=4 transl=8Z idx=16 char,r
aff16_wu_m128_seed3,16,16,x,100,58.37889810048696,0.4954945859843473,other |H|=8 units=1 transl=2Z idx=16 char,l
aff16_wu_m128_seed3,16,16,x,101,206.31783003229143,0.9999863369295584,M_x (point stabilizer) idx=16 triv,r
aff16_wu_m128_seed3,16,16,x,102,146.22774833382354,0.9999720140987725,M_x (point stabilizer) idx=16 triv,r
aff16_wu_m128_seed3,16,16,x,103,156.35053683525905,0.9999898222508031,other |H|=8 units=8 transl=none idx=16 char,r
aff16_wu_m128_seed3,16,16,x,104,102.09733399179076,0.49847009023131283,other |H|=8 units=2 transl=4Z idx=16 char,r
aff16_wu_m128_seed3,16,16,x,106,115.85003828173917,0.9999735441204627,M_x (point stabilizer) idx=16 char,r
aff16_wu_m128_seed3,16,16,x,108,163.15070851982318,0.9998365846052694,other |H|=8 units=8 transl=none idx=16 char,r
aff16_wu_m128_seed3,16,16,x,110,148.31997415871942,0.9999864578452347,other |H|=8 units=4 transl=8Z idx=16 char,r
aff16_wu_m128_seed3,16,16,x,112,71.69848700216994,0.5279199033830122,other |H|=8 units=8 transl=none idx=16 char,r
aff16_wu_m128_seed3,16,16,x,115,188.17741051360275,0.999983499998652,other |H|=8 units=4 transl=8Z idx=16 char,r
aff16_wu_m128_seed3,16,16,x,116,179.768898273847,0.9998035242426652,other |H|=8 units=8 transl=none idx=16 char,r
aff16_wu_m128_seed3,16,16,x,117,109.54465817387793,0.9999873766575456,other |H|=8 units=4 transl=8Z idx=16 char,r
aff16_wu_m128_seed3,16,16,x,119,128.09871301607077,0.999987321401575,other |H|=8 units=8 transl=none idx=16 char,r
aff16_wu_m128_seed3,16,16,x,120,110.80883342632664,0.9999712731117948,M_x (point stabilizer) idx=16 char,r
aff16_wu_m128_seed3,16,16,x,122,205.28135878070592,0.9999860473073938,other |H|=8 units=4 transl=8Z idx=16 char,r
aff16_wu_m128_seed3,16,16,x,123,145.15835496348262,0.9999888955432231,other |H|=8 units=8 transl=none idx=16 char,r
aff16_wu_m128_seed3,16,16,x,124,147.0563859700482,0.9999865855396305,other |H|=8 units=4 transl=8Z idx=16 char,r
aff16_wu_m128_seed3,16,16,x,125,137.15233700661804,0.999987570451665,other |H|=8 units=4 transl=8Z idx=16 char,r
aff16_wu_m128_seed3,16,16,x,126,132.69352514114573,0.9999795043259208,other |H|=8 units=8 transl=none idx=16 char,r
aff16_wu_m128_seed3,16,16,y,0,155.37525257287777,0.9999862938966355,M_x (point stabilizer) idx=16 triv,l
aff16_wu_m128_seed3,16,16,y,1,143.64692290184976,0.9999865345875479,M_x (point stabilizer) idx=16 char,l
aff16_wu_m128_seed3,16,16,y,3,147.33670306307286,0.9999885727757409,other |H|=8 units=4 transl=8Z idx=16 char,l
aff16_wu_m128_seed3,16,16,y,4,168.22258568646396,0.9999833365581313,M_x (point stabilizer) idx=16 char,l
aff16_wu_m128_seed3,16,16,y,5,139.5958521914396,0.9999897000029848,other |H|=8 units=4 transl=8Z idx=16 char,l
aff16_wu_m128_seed3,16,16,y,7,148.3630281546415,0.9999837729633313,other |H|=8 units=8 transl=none idx=16 char,l
aff16_wu_m128_seed3,16,16,y,9,148.5257057447572,0.99998768489616,other |H|=8 units=4 transl=8Z idx=16 char,l
aff16_wu_m128_seed3,16,16,y,10,192.86643990582658,0.999991883099269,M_x (point stabilizer) idx=16 triv,l
aff16_wu_m128_seed3,16,16,y,11,149.45040747879057,0.9999875115096255,M_x (point stabilizer) idx=16 triv,l
aff16_wu_m128_seed3,16,16,y,12,141.90895694376104,0.9999858567913252,other |H|=8 units=4 transl=8Z idx=16 char,l
aff16_wu_m128_seed3,16,16,y,13,182.69447809181304,0.999990422072345,other |H|=8 units=4 transl=8Z idx=16 char,l
aff16_wu_m128_seed3,16,16,y,14,185.07821571103648,0.9999890199099019,other |H|=8 units=4 transl=8Z idx=16 char,l
aff16_wu_m128_seed3,16,16,y,16,86.07967648621465,0.9999752352194643,other |H|=8 units=4 transl=8Z idx=16 char,l
aff16_wu_m128_seed3,16,16,y,18,215.83622121843248,0.9999869128188998,M_x (point stabilizer) idx=16 triv,l
aff16_wu_m128_seed3,16,16,y,19,174.43079728472907,0.9999926106341209,M_x (point stabilizer) idx=16 triv,l
aff16_wu_m128_seed3,16,16,y,20,174.9649858521796,0.9999942716262044,other |H|=8 units=4 transl=8Z idx=16 char,l
aff16_wu_m128_seed3,16,16,y,22,177.89735021945478,0.9999909499858458,other |H|=8 units=8 transl=none idx=16 char,l
aff16_wu_m128_seed3,16,16,y,23,151.55009288843556,0.9999884362523259,M_x (point stabilizer) idx=16 triv,l
aff16_wu_m128_seed3,16,16,y,24,128.19750125921513,0.9999719660185765,M_x (point stabilizer) idx=16 triv,l
aff16_wu_m128_seed3,16,16,y,25,112.87271241698235,0.9999919338242661,other |H|=8 units=8 transl=none idx=16 char,l
aff16_wu_m128_seed3,16,16,y,26,130.391736271966,0.9999806475395613,other |H|=8 units=8 transl=none idx=16 char,l
aff16_wu_m128_seed3,16,16,y,28,165.578983449493,0.9999897650659786,other |H|=8 units=4 transl=8Z idx=16 char,l
aff16_wu_m128_seed3,16,16,y,30,191.24251077888036,0.9999887188275108,other |H|=8 units=4 transl=8Z idx=16 char,l
aff16_wu_m128_seed3,16,16,y,31,182.7679315683088,0.9999915878771515,other |H|=8 units=4 transl=8Z idx=16 char,l
aff16_wu_m128_seed3,16,16,y,32,122.70016443501632,0.9999817440404486,M_x (point stabilizer) idx=16 char,l
aff16_wu_m128_seed3,16,16,y,33,141.91805767040609,0.9999874731640416,other |H|=8 units=8 transl=none idx=16 char,l
aff16_wu_m128_seed3,16,16,y,35,147.493754290326,0.9999882435442837,other |H|=8 units=4 transl=8Z idx=16 char,l
aff16_wu_m128_seed3,16,16,y,36,180.63352111584044,0.9999848244246946,other |H|=8 units=8 transl=none idx=16 char,l
aff16_wu_m128_seed3,16,16,y,37,164.28453302642947,0.9999930929751621,other |H|=8 units=4 transl=8Z idx=16 char,l
aff16_wu_m128_seed3,16,16,y,38,143.27668689961814,0.9999874101066416,other |H|=8 units=8 transl=none idx=16 char,l
aff16_wu_m128_seed3,16,16,y,40,150.1405659369468,0.9999912256891599,other |H|=8 units=4 transl=8Z idx=16 char,l
aff16_wu_m128_seed3,16,16,y,41,38.875757408097805,0.9972623812488511,M_x (point stabilizer) idx=16 char,l
aff16_wu_m128_seed3,16,16,y,42,142.0321823415824,0.9999867648359553,M_x (point stabilizer) idx=16 triv,l
aff16_wu_m128_seed3,16,16,y,44,131.80760961225053,0.9999867569698443,M_x (point stabilizer) idx=16 triv,l
aff16_wu_m128_seed3,16,16,y,45,77.70589342931052,0.9954243258415074,M_x (point stabilizer) idx=16 char,l
aff16_wu_m128_seed3,16,16,y,46,132.9424729540601,0.9999838785360983,M_x (point stabilizer) idx=16 triv,l
aff16_wu_m128_seed3,16,16,y,47,111.85900946675035,0.9999893233921746,other |H|=8 units=4 transl=8Z idx=16 char,l
aff16_wu_m128_seed3,16,16,y,48,145.98464431635898,0.999987652053221,other |H|=8 units=8 transl=none idx=16 char,l
aff16_wu_m128_seed3,16,16,y,49,151.15200379060155,0.9999919912779204,other |H|=8 units=8 transl=none idx=16 char,l
aff16_wu_m128_seed3,16,16,y,54,130.48584102161277,0.9999904092580703,other |H|=8 units=8 transl=none idx=16 char,l
aff16_wu_m128_seed3,16,16,y,57,188.7719432067681,0.9999927431158752,other |H|=8 units=4 transl=8Z idx=16 char,l
aff16_wu_m128_seed3,16,16,y,58,87.93131892428674,0.9996490867018294,M_x (point stabilizer) idx=16 char,l
aff16_wu_m128_seed3,16,16,y,59,134.41501739682926,0.9999846291839837,other |H|=8 units=4 transl=8Z idx=16 char,l
aff16_wu_m128_seed3,16,16,y,60,109.25626663233275,0.9967011503864273,other |H|=8 units=8 transl=none idx=16 triv,l
aff16_wu_m128_seed3,16,16,y,61,132.7188973034552,0.9999833645357596,other |H|=8 units=4 transl=8Z idx=16 char,l
aff16_wu_m128_seed3,16,16,y,62,152.6781346238184,0.999991339187629,other |H|=8 units=8 transl=none idx=16 char,l
aff16_wu_m128_seed3,16,16,y,63,139.8674586422025,0.9999889784265499,other |H|=8 units=4 transl=8Z idx=16 char,l
aff16_wu_m128_seed3,16,16,y,64,140.3724392582656,0.9999893447582795,other |H|=8 units=8 transl=none idx=16 char,l
aff16_wu_m128_seed3,16,16,y,65,90.2769837311372,0.9990253420018196,other |H|=8 units=8 transl=none idx=16 char,l
aff16_wu_m128_seed3,16,16,y,67,48.50203254062181,0.9999622786141077,other |H|=8 units=8 transl=none idx=16 char,l
aff16_wu_m128_seed3,16,16,y,69,50.38065460739659,0.999986480070843,other |H|=8 units=8 transl=none idx=16 char,l
aff16_wu_m128_seed3,16,16,y,70,101.11384970443542,0.9999806256567985,M_x (point stabilizer) idx=16 char,l
aff16_wu_m128_seed3,16,16,y,71,173.9066314952344,0.9999844448747697,other |H|=8 units=4 transl=8Z idx=16 char,l
aff16_wu_m128_seed3,16,16,y,72,132.56608726078164,0.9999893179761045,other |H|=8 units=8 transl=none idx=16 char,l
aff16_wu_m128_seed3,16,16,y,73,128.3640566721464,0.9980189382436976,other |H|=8 units=8 transl=none idx=16 triv,l
aff16_wu_m128_seed3,16,16,y,74,130.8314127326461,0.9999864961913647,M_x (point stabilizer) idx=16 char,l
aff16_wu_m128_seed3,16,16,y,75,176.31691814067176,0.999986261146985,M_x (point stabilizer) idx=16 char,l
aff16_wu_m128_seed3,16,16,y,78,139.32113286614356,0.9999846518725816,other |H|=8 units=8 transl=none idx=16 char,l
aff16_wu_m128_seed3,16,16,y,79,154.58500921983384,0.9999875623006471,other |H|=8 units=8 transl=none idx=16 char,l
aff16_wu_m128_seed3,16,16,y,80,151.08671328401738,0.9999819840013073,M_x (point stabilizer) idx=16 triv,l
aff16_wu_m128_seed3,16,16,y,81,166.84549667712963,0.9999919272852029,other |H|=8 units=4 transl=8Z idx=16 char,l
aff16_wu_m128_seed3,16,16,y,82,122.05431186262085,0.9999928262269492,other |H|=8 units=4 transl=8Z idx=16 char,l
aff16_wu_m128_seed3,16,16,y,83,183.6404001411896,0.9999920126070884,other |H|=8 units=4 transl=8Z idx=16 char,l
aff16_wu_m128_seed3,16,16,y,85,76.23505601408377,0.9999832812150334,M_x (point stabilizer) idx=16 char,l
aff16_wu_m128_seed3,16,16,y,86,184.92694908144304,0.9999856325849388,M_x (point stabilizer) idx=16 char,l
aff16_wu_m128_seed3,16,16,y,87,179.70580801391264,0.9999884672243525,other |H|=8 units=4 transl=8Z idx=16 char,l
aff16_wu_m128_seed3,16,16,y,89,137.74213076440537,0.9999900433961934,other |H|=8 units=4 transl=8Z idx=16 char,l
aff16_wu_m128_seed3,16,16,y,90,166.31357845487176,0.9999922944197664,other |H|=8 units=4 transl=8Z idx=16 char,l
aff16_wu_m128_seed3,16,16,y,91,179.2153305228348,0.9999913388982168,other |H|=8 units=8 transl=none idx=16 char,l
aff16_wu_m128_seed3,16,16,y,92,193.04794541737456,0.9999904582733495,other |H|=8 units=4 transl=8Z idx=16 char,l
aff16_wu_m128_seed3,16,16,y,93,153.85207126590456,0.9999887368790218,other |H|=8 units=8 transl=none idx=16 char,l
aff16_wu_m128_seed3,16,16,y,94,149.31099342202873,0.9999890604524804,other |H|=8 units=8 transl=none idx=16 triv,l
aff16_wu_m128_seed3,16,16,y,95,119.01593628721182,0.9999867523292856,other |H|=8 units=8 transl=none idx=16 triv,l
aff16_wu_m128_seed3,16,16,y,97,194.6626468184818,0.9999910745921858,other |H|=8 units=4 transl=8Z idx=16 char,l
aff16_wu_m128_seed3,16,16,y,98,204.80111636003903,0.9999899590846181,M_x (point stabilizer) idx=16 triv,l
aff16_wu_m128_seed3,16,16,y,100,67.5063434009459,0.997843751157805,other |H|=8 units=8 transl=none idx=16 char,l
aff16_wu_m128_seed3,16,16,y,101,207.36514685858555,0.9999915520679797,M_x (point stabilizer) idx=16 triv,l
aff16_wu_m128_seed3,16,16,y,102,147.30582846144816,0.9999886960562554,M_x (point stabilizer) idx=16 triv,l
aff16_wu_m128_seed3,16,16,y,103,157.22967073018359,0.9999893471099064,other |H|=8 units=8 transl=none idx=16 char,l
aff16_wu_m128_seed3,16,16,y,104,106.90743465916351,0.9989697819442528,M_x (point stabilizer) idx=16 char,l
aff16_wu_m128_seed3,16,16,y,106,116.25619729531286,0.999986767140864,other |H|=8 units=4 transl=8Z idx=16 char,l
aff16_wu_m128_seed3,16,16,y,108,165.15301872277843,0.9999840711097142,M_x (point stabilizer) idx=16 triv,l
aff16_wu_m128_seed3,16,16,y,110,149.51947966217458,0.9999890285262898,M_x (point stabilizer) idx=16 triv,l
aff16_wu_m128_seed3,16,16,y,112,86.33786586953,0.9972696758313241,other |H|=8 units=8 transl=none idx=16 char,l
aff16_wu_m128_seed3,16,16,y,115,189.34649096937656,0.9999876565190804,other |H|=8 units=8 transl=none idx=16 char,l
aff16_wu_m128_seed3,16,16,y,116,181.8022197855927,0.9999878247927975,M_x (point stabilizer) idx=16 triv,l
aff16_wu_m128_seed3,16,16,y,117,110.73299667406378,0.9999879052619742,other |H|=8 units=4 transl=8Z idx=16 char,l
aff16_wu_m128_seed3,16,16,y,119,128.41686188436213,0.9999843915657582,other |H|=8 units=8 transl=none idx=16 char,l
aff16_wu_m128_seed3,16,16,y,120,111.7963770019211,0.9999792632148131,other |H|=8 units=4 transl=8Z idx=16 char,l
aff16_wu_m128_seed3,16,16,y,122,205.63189684204693,0.9999881870904985,M_x (point stabilizer) idx=16 triv,l
aff16_wu_m128_seed3,16,16,y,123,145.85366276900186,0.9999884998103744,other |H|=8 units=4 transl=8Z idx=16 char,l
aff16_wu_m128_seed3,16,16,y,124,147.25889586992096,0.9999820915514281,other |H|=8 units=4 transl=8Z idx=16 char,l
aff16_wu_m128_seed3,16,16,y,125,138.12621244819465,0.9999923699144772,other |H|=8 units=4 transl=8Z idx=16 char,l
aff16_wu_m128_seed3,16,16,y,126,134.27457189071404,0.999985817576828,other |H|=8 units=8 transl=none idx=16 char,l
aff16_wu_m128_seed3,16,8β,x,2,23.445379685992897,0.9991720557011603,other |H|=8 units=4 transl=8Z idx=16 triv,r
aff16_wu_m128_seed3,16,8β,x,6,218.1322723797169,0.9999585685092356,other |H|=8 units=4 transl=8Z idx=16 triv,r
aff16_wu_m128_seed3,16,8β,x,27,160.15800122281172,0.9991518791002689,other |H|=8 units=4 transl=8Z idx=16 triv,r
aff16_wu_m128_seed3,16,8β,x,56,26.174986173126495,0.9990929366986924,other |H|=8 units=4 transl=8Z idx=16 triv,r
aff16_wu_m128_seed3,16,8β,x,66,66.1103456698903,0.9999103972976837,other |H|=8 units=4 transl=8Z idx=16 triv,r
aff16_wu_m128_seed3,16,8β,x,68,65.63103312839105,0.9998908272800702,other |H|=8 units=4 transl=8Z idx=16 triv,r
aff16_wu_m128_seed3,16,8β,x,76,60.732871912853774,0.9999082329204381,other |H|=8 units=4 transl=8Z idx=16 triv,r
aff16_wu_m128_seed3,16,8β,x,77,224.36636937361243,0.9999631089857042,other |H|=8 units=4 transl=8Z idx=16 triv,r
aff16_wu_m128_seed3,16,8β,x,88,160.92992948127053,0.9990530395806048,other |H|=8 units=4 transl=8Z idx=16 triv,r
aff16_wu_m128_seed3,16,8β,x,96,217.03125634678767,0.9999615107763803,other |H|=8 units=4 transl=8Z idx=16 triv,r
aff16_wu_m128_seed3,16,8β,x,105,215.16549735942027,0.9999609378405737,other |H|=8 units=4 transl=8Z idx=16 triv,r
aff16_wu_m128_seed3,16,8β,x,107,72.9382172579398,0.9999075846915444,other |H|=8 units=4 transl=8Z idx=16 triv,r
aff16_wu_m128_seed3,16,8β,x,109,156.83197921094026,0.999010690591815,other |H|=8 units=4 transl=8Z idx=16 triv,r
aff16_wu_m128_seed3,16,8β,x,127,156.37472197365722,0.9991178027302621,other |H|=8 units=4 transl=8Z idx=16 triv,r
aff16_wu_m128_seed3,16,8β,y,2,23.560034127172354,0.9997340025429393,other |H|=8 units=4 transl=8Z idx=16 triv,l
aff16_wu_m128_seed3,16,8β,y,6,215.85513860229045,0.9992457671147054,other |H|=8 units=4 transl=8Z idx=16 triv,l
aff16_wu_m128_seed3,16,8β,y,27,159.99064969031056,0.9993227024971711,other |H|=8 units=4 transl=8Z idx=16 triv,l
aff16_wu_m128_seed3,16,8β,y,56,26.151167632827928,0.9993240755872363,other |H|=8 units=4 transl=8Z idx=16 triv,l
aff16_wu_m128_seed3,16,8β,y,66,63.953564188069016,0.9975993840355468,other |H|=8 units=4 transl=8Z idx=16 triv,l
aff16_wu_m128_seed3,16,8β,y,68,63.357128952765706,0.996840208153975,other |H|=8 units=2 transl=4Z idx=16 char,r
aff16_wu_m128_seed3,16,8β,y,76,59.063393683639624,0.9975914653632306,other |H|=8 units=4 transl=8Z idx=16 triv,l
aff16_wu_m128_seed3,16,8β,y,77,224.05377914306632,0.9997977189186581,other |H|=8 units=4 transl=8Z idx=16 triv,l
aff16_wu_m128_seed3,16,8β,y,88,161.44506750786962,0.9997623600658964,other |H|=8 units=4 transl=8Z idx=16 triv,l
aff16_wu_m128_seed3,16,8β,y,96,215.9951958961694,0.9997994850491695,other |H|=8 units=4 transl=8Z idx=16 triv,l
aff16_wu_m128_seed3,16,8β,y,105,213.86282696515488,0.9992517775911687,other |H|=8 units=4 transl=8Z idx=16 triv,l
aff16_wu_m128_seed3,16,8β,y,107,70.43988886438947,0.9967897871789295,other |H|=8 units=2 transl=4Z idx=16 char,l
aff16_wu_m128_seed3,16,8β,y,109,156.1551887640794,0.999776253053972,other |H|=8 units=4 transl=8Z idx=16 triv,l
aff16_wu_m128_seed3,16,8β,y,127,155.06074848150698,0.9993303691729395,other |H|=8 units=4 transl=8Z idx=16 triv,l
aff16_wu_m128_seed4,16,16,x,0,113.34373239199672,0.7407750156395441,other |H|=8 units=4 transl=8Z idx=16 char,r
aff16_wu_m128_seed4,16,16,x,1,150.813513392909,0.7328401685579571,other |H|=8 units=4 transl=8Z idx=16 char,r
aff16_wu_m128_seed4,16,16,x,2,170.88997730023257,0.7307642907434723,other |H|=8 units=4 transl=8Z idx=16 char,r
aff16_wu_m128_seed4,16,16,x,3,67.1452124096862,0.7404881831770236,other |H|=8 units=4 transl=8Z idx=16 char,r
aff16_wu_m128_seed4,16,16,x,4,105.75451588251383,0.7196371982946755,other |H|=8 units=4 transl=8Z idx=16 char,r
aff16_wu_m128_seed4,16,16,x,5,117.81892319673975,0.7372743297598731,other |H|=8 units=4 transl=8Z idx=16 char,r
aff16_wu_m128_seed4,16,16,x,6,44.546432353744954,0.7428659386166365,other |H|=8 units=4 transl=8Z idx=16 char,r
aff16_wu_m128_seed4,16,16,x,7,104.46882901942146,0.699054429603537,other |H|=8 units=4 transl=8Z idx=16 char,r
aff16_wu_m128_seed4,16,16,x,8,82.84670896910039,0.7067981630029916,other |H|=8 units=4 transl=8Z idx=16 char,r
aff16_wu_m128_seed4,16,16,x,9,118.933673155682,0.7241408587440199,other |H|=8 units=4 transl=8Z idx=16 char,r
aff16_wu_m128_seed4,16,16,x,10,88.93870698271772,0.7093326084013254,other |H|=8 units=4 transl=8Z idx=16 char,r
aff16_wu_m128_seed4,16,16,x,11,90.53425660742136,0.732265593822507,other |H|=8 units=4 transl=8Z idx=16 char,r
aff16_wu_m128_seed4,16,16,x,12,71.35827411209178,0.748081433292477,other |H|=8 units=4 transl=8Z idx=16 char,r
aff16_wu_m128_seed4,16,16,x,14,104.50645293701587,0.7503385301411303,other |H|=8 units=4 transl=8Z idx=16 char,r
aff16_wu_m128_seed4,16,16,x,16,73.02871824166056,0.7206572620540601,other |H|=8 units=4 transl=8Z idx=16 char,r
aff16_wu_m128_seed4,16,16,x,21,42.70523354957211,0.7230918824325264,other |H|=8 units=4 transl=8Z idx=16 char,r
aff16_wu_m128_seed4,16,16,x,23,54.336944777307835,0.7436545719381089,other |H|=8 units=4 transl=8Z idx=16 char,r
aff16_wu_m128_seed4,16,16,x,26,50.782940791691885,0.7444571949050034,other |H|=8 units=4 transl=8Z idx=16 char,r
aff16_wu_m128_seed4,16,16,x,27,117.93176887378668,0.7465624654414799,other |H|=8 units=4 transl=8Z idx=16 char,r
aff16_wu_m128_seed4,16,16,x,30,146.34375950014152,0.741837592841792,other |H|=8 units=4 transl=8Z idx=16 char,r
aff16_wu_m128_seed4,16,16,x,31,43.84257054298721,0.7407884451015327,other |H|=8 units=4 transl=8Z idx=16 char,r
aff16_wu_m128_seed4,16,16,x,32,61.98453407648959,0.7335707482106567,other |H|=8 units=4 transl=8Z idx=16 char,r
aff16_wu_m128_seed4,16,16,x,34,59.638862931043526,0.741156174913744,other |H|=8 units=4 transl=8Z idx=16 char,r
aff16_wu_m128_seed4,16,16,x,36,108.76164469143562,0.7479628900776824,other |H|=8 units=4 transl=8Z idx=16 char,r
aff16_wu_m128_seed4,16,16,x,37,162.13894289023517,0.7315518121403152,other |H|=8 units=4 transl=8Z idx=16 char,r
aff16_wu_m128_seed4,16,16,x,38,139.69149784173248,0.7168251266117148,other |H|=8 units=4 transl=8Z idx=16 char,r
aff16_wu_m128_seed4,16,16,x,39,102.54098291896946,0.7256624163711931,other |H|=8 units=4 transl=8Z idx=16 char,r
aff16_wu_m128_seed4,16,16,x,41,42.86833521675092,0.7470406698346653,other |H|=8 units=4 transl=8Z idx=16 char,r
aff16_wu_m128_seed4,16,16,x,43,54.41036917788771,0.7502833071054608,other |H|=8 units=4 transl=8Z idx=16 char,r
aff16_wu_m128_seed4,16,16,x,44,106.08020540128183,0.744391625016558,other |H|=8 units=4 transl=8Z idx=16 char,r
aff16_wu_m128_seed4,16,16,x,46,151.93300663960298,0.7163306432399301,other |H|=8 units=4 transl=8Z idx=16 char,r
aff16_wu_m128_seed4,16,16,x,48,74.10415870035074,0.7403249031531995,other |H|=8 units=4 transl=8Z idx=16 char,r
aff16_wu_m128_seed4,16,16,x,49,103.64272438953417,0.7331183563578265,other |H|=8 units=4 transl=8Z idx=16 char,r
aff16_wu_m128_seed4,16,16,x,51,81.2072157365628,0.7499171428324988,other |H|=8 units=4 transl=8Z idx=16 char,r
aff16_wu_m128_seed4,16,16,x,52,150.4245043450617,0.7305700145567721,other |H|=8 units=4 transl=8Z idx=16 char,r
aff16_wu_m128_seed4,16,16,x,53,40.24306506784904,0.7167115538332328,other |H|=8 units=4 transl=8Z idx=16 char,r
aff16_wu_m128_seed4,16,16,x,54,65.70361264274564,0.7488361665370392,other |H|=8 units=4 transl=8Z idx=16 char,r
aff16_wu_m128_seed4,16,16,x,56,190.81444065511107,0.7121472955632498,other |H|=8 units=4 transl=8Z idx=16 char,r
aff16_wu_m128_seed4,16,16,x,57,45.58148924671022,0.750352939781899,other |H|=8 units=4 transl=8Z idx=16 char,r
aff16_wu_m128_seed4,16,16,x,58,31.688267477189292,0.7359135349479071,other |H|=8 units=4 transl=8Z idx=16 char,r
aff16_wu_m128_seed4,16,16,x,60,36.10514354334188,0.7376043584614567,other |H|=8 units=4 transl=8Z idx=16 char,r
aff16_wu_m128_seed4,16,16,x,61,125.03682336187266,0.7397427397126388,other |H|=8 units=4 transl=8Z idx=16 char,r
aff16_wu_m128_seed4,16,16,x,62,74.2630848620911,0.6899568261633408,other |H|=8 units=4 transl=8Z idx=16 char,r
aff16_wu_m128_seed4,16,16,x,63,36.55724892113468,0.7368381558099558,other |H|=8 units=4 transl=8Z idx=16 char,r
aff16_wu_m128_seed4,16,16,x,64,100.8430174799768,0.7474479167407853,other |H|=8 units=4 transl=8Z idx=16 char,r
aff16_wu_m128_seed4,16,16,x,65,97.7995008073544,0.7498120310106493,other |H|=8 units=4 transl=8Z idx=16 char,r
aff16_wu_m128_seed4,16,16,x,71,52.242608853245784,0.7351291039441585,other |H|=8 units=4 transl=8Z idx=16 char,r
aff16_wu_m128_seed4,16,16,x,72,136.17203561786667,0.7357686022942915,other |H|=8 units=4 transl=8Z idx=16 char,r
aff16_wu_m128_seed4,16,16,x,73,36.48381247095905,0.7410555519128795,other |H|=8 units=4 transl=8Z idx=16 char,r
aff16_wu_m128_seed4,16,16,x,74,195.8505065794982,0.7237626831805999,other |H|=8 units=4 transl=8Z idx=16 char,r
aff16_wu_m128_seed4,16,16,x,77,115.14177387528747,0.751640536054289,other |H|=8 units=4 transl=8Z idx=16 char,r
aff16_wu_m128_seed4,16,16,x,79,51.15097414886903,0.7499183177154818,other |H|=8 units=4 transl=8Z idx=16 char,r
aff16_wu_m128_seed4,16,16,x,82,146.87423274679878,0.7107771556524567,other |H|=8 units=4 transl=8Z idx=16 char,r
aff16_wu_m128_seed4,16,16,x,85,55.728156369976965,0.7167279730097877,other |H|=8 units=4 transl=8Z idx=16 char,r
aff16_wu_m128_seed4,16,16,x,86,27.89349179876271,0.7468423808286401,other |H|=8 units=4 transl=8Z idx=16 char,r
aff16_wu_m128_seed4,16,16,x,87,134.42194492277937,0.7193297533779822,other |H|=8 units=4 transl=8Z idx=16 char,r
aff16_wu_m128_seed4,16,16,x,88,92.71226869851749,0.7362974566348988,other |H|=8 units=4 transl=8Z idx=16 char,r
aff16_wu_m128_seed4,16,16,x,89,176.98501495642432,0.711810967798644,other |H|=8 units=4 transl=8Z idx=16 char,r
aff16_wu_m128_seed4,16,16,x,90,147.97223883353837,0.7193239615999044,other |H|=8 units=4 transl=8Z idx=16 char,r
aff16_wu_m128_seed4,16,16,x,91,90.4063372786904,0.7501203668025291,other |H|=8 units=4 transl=8Z idx=16 char,r
aff16_wu_m128_seed4,16,16,x,93,81.74563038474847,0.7507295057515667,other |H|=8 units=4 transl=8Z idx=16 char,r
aff16_wu_m128_seed4,16,16,x,96,69.10735654598696,0.7411774501364492,other |H|=8 units=4 transl=8Z idx=16 char,r
aff16_wu_m128_seed4,16,16,x,97,75.57998820401441,0.7430356890670456,other |H|=8 units=4 transl=8Z idx=16 char,r
aff16_wu_m128_seed4,16,16,x,98,108.93631905924511,0.747337250802631,other |H|=8 units=4 transl=8Z idx=16 char,r
aff16_wu_m128_seed4,16,16,x,99,177.98542710941075,0.7288775319325549,other |H|=8 units=4 transl=8Z idx=16 char,r
aff16_wu_m128_seed4,16,16,x,101,165.17673388061647,0.726545048194705,other |H|=8 units=4 transl=8Z idx=16 char,r
aff16_wu_m128_seed4,16,16,x,102,83.91170498819301,0.7442477108340877,other |H|=8 units=4 transl=8Z idx=16 char,r
aff16_wu_m128_seed4,16,16,x,103,75.69076492484244,0.7274858857399638,other |H|=8 units=4 transl=8Z idx=16 char,r
aff16_wu_m128_seed4,16,16,x,104,131.06192001604848,0.7105309464538697,other |H|=8 units=4 transl=8Z idx=16 char,r
aff16_wu_m128_seed4,16,16,x,106,78.65915172342211,0.7323150026573831,other |H|=8 units=4 transl=8Z idx=16 char,r
aff16_wu_m128_seed4,16,16,x,109,104.58106677795818,0.7374920995438332,other |H|=8 units=4 transl=8Z idx=16 char,r
aff16_wu_m128_seed4,16,16,x,110,98.66191216446398,0.7396185374452399,other |H|=8 units=4 transl=8Z idx=16 char,r
aff16_wu_m128_seed4,16,16,x,111,134.01648366690173,0.7069366366255996,other |H|=8 units=4 transl=8Z idx=16 char,r
aff16_wu_m128_seed4,16,16,x,112,64.14794280360441,0.7499962624341887,other |H|=8 units=4 transl=8Z idx=16 char,r
aff16_wu_m128_seed4,16,16,x,113,65.36895513497956,0.7388467710345961,other |H|=8 units=4 transl=8Z idx=16 char,r
aff16_wu_m128_seed4,16,16,x,114,112.6475861054229,0.7414252288434703,other |H|=8 units=4 transl=8Z idx=16 char,r
aff16_wu_m128_seed4,16,16,x,115,140.02501059701393,0.701146130087742,other |H|=8 units=4 transl=8Z idx=16 char,r
aff16_wu_m128_seed4,16,16,x,116,98.35977053231166,0.7396337497253446,other |H|=8 units=4 transl=8Z idx=16 char,r
aff16_wu_m128_seed4,16,16,x,118,67.94358034784439,0.749258462229352,other |H|=8 units=4 transl=8Z idx=16 char,r
aff16_wu_m128_seed4,16,16,x,121,171.0886008199139,0.7273415618970138,other |H|=8 units=4 transl=8Z idx=16 char,r
aff16_wu_m128_seed4,16,16,x,122,132.94116966246946,0.7161230399453704,other |H|=8 units=4 transl=8Z idx=16 char,r
aff16_wu_m128_seed4,16,16,x,123,73.33818069964737,0.7481935232256829,other |H|=8 units=4 transl=8Z idx=16 char,r
aff16_wu_m128_seed4,16,16,x,125,71.62812631837917,0.7392385650338277,other |H|=8 units=4 transl=8Z idx=16 char,r
aff16_wu_m128_seed4,16,16,x,126,106.09132494377343,0.7173512066098661,other |H|=8 units=4 transl=8Z idx=16 char,r
aff16_wu_m128_seed4,16,16,x,127,33.69684279542332,0.7168200401227637,other |H|=8 units=4 transl=8Z idx=16 char,r
aff16_wu_m128_seed4,16,16,y,0,112.4633185081465,0.7398582632830113,other |H|=8 units=4 transl=8Z idx=16 char,l
aff16_wu_m128_seed4,16,16,y,1,150.6724558457173,0.7323368373917852,other |H|=8 units=4 transl=8Z idx=16 char,l
aff16_wu_m128_seed4,16,16,y,2,170.0314823314156,0.7305502299733594,other |H|=8 units=4 transl=8Z idx=16 char,l
aff16_wu_m128_seed4,16,16,y,3,66.37186430669973,0.7412793678368931,other |H|=8 units=4 transl=8Z idx=16 char,l
aff16_wu_m128_seed4,16,16,y,4,105.4573102819659,0.7207972329932187,other |H|=8 units=4 transl=8Z idx=16 char,l
aff16_wu_m128_seed4,16,16,y,5,117.63256391043674,0.7377403631223789,other |H|=8 units=4 transl=8Z idx=16 char,l
aff16_wu_m128_seed4,16,16,y,6,44.20370672477716,0.7419019471580731,other |H|=8 units=4 transl=8Z idx=16 char,l
aff16_wu_m128_seed4,16,16,y,7,104.52603371502444,0.6969697339402572,other |H|=8 units=4 transl=8Z idx=16 char,l
aff16_wu_m128_seed4,16,16,y,8,83.26978673599888,0.7075534504540277,other |H|=8 units=4 transl=8Z idx=16 char,l
aff16_wu_m128_seed4,16,16,y,9,118.1780173335044,0.7223810267996273,other |H|=8 units=4 transl=8Z idx=16 char,l
aff16_wu_m128_seed4,16,16,y,10,88.50813421058123,0.7094016902345435,other |H|=8 units=4 transl=8Z idx=16 char,l
aff16_wu_m128_seed4,16,16,y,11,90.27222572936566,0.730336949641102,other |H|=8 units=4 transl=8Z idx=16 char,l
aff16_wu_m128_seed4,16,16,y,12,71.0104470653613,0.7464600646914892,other |H|=8 units=4 transl=8Z idx=16 char,l
aff16_wu_m128_seed4,16,16,y,14,104.49355393278387,0.7515858866376719,other |H|=8 units=4 transl=8Z idx=16 char,l
aff16_wu_m128_seed4,16,16,y,16,72.1996427956383,0.7196199547059723,other |H|=8 units=4 transl=8Z idx=16 char,l
aff16_wu_m128_seed4,16,16,y,21,42.352025853442946,0.7223281163311976,other |H|=8 units=4 transl=8Z idx=16 char,l
aff16_wu_m128_seed4,16,16,y,23,53.82679774413767,0.7462728130613058,other |H|=8 units=4 transl=8Z idx=16 char,l
aff16_wu_m128_seed4,16,16,y,26,50.80479722872569,0.7435391825304887,other |H|=8 units=4 transl=8Z idx=16 char,l
aff16_wu_m128_seed4,16,16,y,27,117.50273498681533,0.7447951989850657,other |H|=8 units=4 transl=8Z idx=16 char,l
aff16_wu_m128_seed4,16,16,y,30,146.12678908426622,0.7434652771236678,other |H|=8 units=4 transl=8Z idx=16 char,l
aff16_wu_m128_seed4,16,16,y,31,43.72774871044194,0.738747345819611,other |H|=8 units=4 transl=8Z idx=16 char,l
aff16_wu_m128_seed4,16,16,y,32,61.70117232011756,0.7351652031122419,other |H|=8 units=4 transl=8Z idx=16 char,l
aff16_wu_m128_seed4,16,16,y,34,58.88151589645999,0.7389537079670353,other |H|=8 units=4 transl=8Z idx=16 char,l
aff16_wu_m128_seed4,16,16,y,36,108.14463804480937,0.7494292341110994,other |H|=8 units=4 transl=8Z idx=16 char,l
aff16_wu_m128_seed4,16,16,y,37,161.95685631296993,0.731649524026741,other |H|=8 units=4 transl=8Z idx=16 char,l
aff16_wu_m128_seed4,16,16,y,38,138.7886272881995,0.7196648016523687,other |H|=8 units=4 transl=8Z idx=16 char,l
aff16_wu_m128_seed4,16,16,y,39,101.71965092019748,0.7265008803540262,other |H|=8 units=4 transl=8Z idx=16 char,l
aff16_wu_m128_seed4,16,16,y,41,42.62747469655971,0.7494932606416103,other |H|=8 units=4 transl=8Z idx=16 char,l
aff16_wu_m128_seed4,16,16,y,43,53.89160371420457,0.7501393637314822,other |H|=8 units=4 transl=8Z idx=16 char,l
aff16_wu_m128_seed4,16,16,y,44,105.6035746343609,0.7457163301732211,other |H|=8 units=4 transl=8Z idx=16 char,l
aff16_wu_m128_seed4,16,16,y,46,151.7667473364192,0.7153824648668141,other |H|=8 units=4 transl=8Z idx=16 char,l
aff16_wu_m128_seed4,16,16,y,48,73.63302419100359,0.7411705286583239,other |H|=8 units=4 transl=8Z idx=16 char,l
aff16_wu_m128_seed4,16,16,y,49,103.00615595548419,0.7334724823704766,other |H|=8 units=4 transl=8Z idx=16 char,l
aff16_wu_m128_seed4,16,16,y,51,80.69202452833916,0.7481667937056721,other |H|=8 units=4 transl=8Z idx=16 char,l
aff16_wu_m128_seed4,16,16,y,52,150.1905789659917,0.7322033906951319,other |H|=8 units=4 transl=8Z idx=16 char,l
aff16_wu_m128_seed4,16,16,y,53,39.69781160388517,0.7170383936681726,other |H|=8 units=4 transl=8Z idx=16 char,l
aff16_wu_m128_seed4,16,16,y,54,65.17665692965082,0.7481673894419494,other |H|=8 units=4 transl=8Z idx=16 char,l
aff16_wu_m128_seed4,16,16,y,56,189.2914500071852,0.7126717764253278,other |H|=8 units=4 transl=8Z idx=16 char,l
aff16_wu_m128_seed4,16,16,y,57,44.998369969585276,0.7523758490246719,other |H|=8 units=4 transl=8Z idx=16 char,l
aff16_wu_m128_seed4,16,16,y,58,31.881774815336946,0.7394203639883199,other |H|=8 units=4 transl=8Z idx=16 char,l
aff16_wu_m128_seed4,16,16,y,60,35.49808043523978,0.7405856727656093,other |H|=8 units=4 transl=8Z idx=16 char,l
aff16_wu_m128_seed4,16,16,y,61,124.74014493241704,0.7405912778499388,other |H|=8 units=4 transl=8Z idx=16 char,l
aff16_wu_m128_seed4,16,16,y,62,74.01860935736227,0.6892702109253808,other |H|=8 units=4 transl=8Z idx=16 char,l
aff16_wu_m128_seed4,16,16,y,63,36.038062442116335,0.7373883482729617,other |H|=8 units=4 transl=8Z idx=16 char,l
aff16_wu_m128_seed4,16,16,y,64,100.75691764288749,0.7467418206436753,other |H|=8 units=4 transl=8Z idx=16 char,l
aff16_wu_m128_seed4,16,16,y,65,97.19055960883769,0.7489273759913745,other |H|=8 units=4 transl=8Z idx=16 char,l
aff16_wu_m128_seed4,16,16,y,71,52.13147902829002,0.7339389196289771,other |H|=8 units=4 transl=8Z idx=16 char,l
aff16_wu_m128_seed4,16,16,y,72,135.54059593508993,0.7350798387266932,other |H|=8 units=4 transl=8Z idx=16 char,l
aff16_wu_m128_seed4,16,16,y,73,36.20678729998485,0.7413103661482751,other |H|=8 units=4 transl=8Z idx=16 char,l
aff16_wu_m128_seed4,16,16,y,74,194.782218633697,0.7242726963061694,other |H|=8 units=4 transl=8Z idx=16 char,l
aff16_wu_m128_seed4,16,16,y,77,114.61990613778892,0.7505154079305111,other |H|=8 units=4 transl=8Z idx=16 char,l
aff16_wu_m128_seed4,16,16,y,79,50.5059605444628,0.7490961548373845,other |H|=8 units=4 transl=8Z idx=16 char,l
aff16_wu_m128_seed4,16,16,y,82,146.77594101725467,0.7099565070831899,other |H|=8 units=4 transl=8Z idx=16 char,l
aff16_wu_m128_seed4,16,16,y,85,55.44034375705759,0.7151556721984135,other |H|=8 units=4 transl=8Z idx=16 char,l
aff16_wu_m128_seed4,16,16,y,86,27.49990674834301,0.7458013136472277,other |H|=8 units=4 transl=8Z idx=16 char,l
aff16_wu_m128_seed4,16,16,y,87,134.12008158233763,0.7187609598356736,other |H|=8 units=4 transl=8Z idx=16 char,l
aff16_wu_m128_seed4,16,16,y,88,92.50114955898187,0.7366778145739449,other |H|=8 units=4 transl=8Z idx=16 char,l
aff16_wu_m128_seed4,16,16,y,89,175.31998227058685,0.7115187649247027,other |H|=8 units=4 transl=8Z idx=16 char,l
aff16_wu_m128_seed4,16,16,y,90,147.68888407211716,0.7186719683343539,other |H|=8 units=4 transl=8Z idx=16 char,l
aff16_wu_m128_seed4,16,16,y,91,89.773137332464,0.7476704897482639,other |H|=8 units=4 transl=8Z idx=16 char,l
aff16_wu_m128_seed4,16,16,y,93,81.53297055557321,0.7513265644987805,other |H|=8 units=4 transl=8Z idx=16 char,l
aff16_wu_m128_seed4,16,16,y,96,67.98800543717293,0.742695966883234,other |H|=8 units=4 transl=8Z idx=16 char,l
aff16_wu_m128_seed4,16,16,y,97,74.93350918410553,0.7423204755658525,other |H|=8 units=4 transl=8Z idx=16 char,l
aff16_wu_m128_seed4,16,16,y,98,108.66396059143105,0.7478266720154594,other |H|=8 units=4 transl=8Z idx=16 char,l
aff16_wu_m128_seed4,16,16,y,99,177.1580814094088,0.7254966383358651,other |H|=8 units=4 transl=8Z idx=16 char,l
aff16_wu_m128_seed4,16,16,y,101,164.67169116844164,0.7256697277838046,other |H|=8 units=4 transl=8Z idx=16 char,l
aff16_wu_m128_seed4,16,16,y,102,83.5072304644803,0.7442239860574816,other |H|=8 units=4 transl=8Z idx=16 char,l
aff16_wu_m128_seed4,16,16,y,103,75.5328854770386,0.7280706217820461,other |H|=8 units=4 transl=8Z idx=16 char,l
aff16_wu_m128_seed4,16,16,y,104,130.720019464643,0.708211885417423,other |H|=8 units=4 transl=8Z idx=16 char,l
aff16_wu_m128_seed4,16,16,y,106,77.9618983913721,0.7325138122854683,other |H|=8 units=4 transl=8Z idx=16 char,l
aff16_wu_m128_seed4,16,16,y,109,104.00150185259376,0.737056374562692,other |H|=8 units=4 transl=8Z idx=16 char,l
aff16_wu_m128_seed4,16,16,y,110,98.08127877130987,0.7401140829332972,other |H|=8 units=4 transl=8Z idx=16 char,l
aff16_wu_m128_seed4,16,16,y,111,133.3319157921741,0.7074946124657228,other |H|=8 units=4 transl=8Z idx=16 char,l
aff16_wu_m128_seed4,16,16,y,112,63.983842267807375,0.7483371772564354,other |H|=8 units=4 transl=8Z idx=16 char,l
aff16_wu_m128_seed4,16,16,y,113,65.02519640766609,0.7375049796666017,other |H|=8 units=4 transl=8Z idx=16 char,l
aff16_wu_m128_seed4,16,16,y,114,112.07198492108137,0.7435123420938301,other |H|=8 units=4 transl=8Z idx=16 char,l
aff16_wu_m128_seed4,16,16,y,115,138.83841224614022,0.7005348526420289,other |H|=8 units=4 transl=8Z idx=16 char,l
aff16_wu_m128_seed4,16,16,y,116,97.96637138036455,0.7386258566459187,other |H|=8 units=4 transl=8Z idx=16 char,l
aff16_wu_m128_seed4,16,16,y,118,67.36052577521482,0.7487338531793181,other |H|=8 units=4 transl=8Z idx=16 char,l
aff16_wu_m128_seed4,16,16,y,121,171.83031143783543,0.7284252179118544,other |H|=8 units=4 transl=8Z idx=16 char,l
aff16_wu_m128_seed4,16,16,y,122,132.3334451576774,0.7151610085460404,other |H|=8 units=4 transl=8Z idx=16 char,l
aff16_wu_m128_seed4,16,16,y,123,72.96500685000233,0.7481859808284766,other |H|=8 units=4 transl=8Z idx=16 char,l
aff16_wu_m128_seed4,16,16,y,125,71.1989540757892,0.7376480821041896,other |H|=8 units=4 transl=8Z idx=16 char,l
aff16_wu_m128_seed4,16,16,y,126,105.25309749769356,0.7177537782167721,other |H|=8 units=4 transl=8Z idx=16 char,l
aff16_wu_m128_seed4,16,16,y,127,33.28799077317959,0.7190466545409482,other |H|=8 units=4 transl=8Z idx=16 char,l
aff16_wu_m128_seed4,16,8β,x,18,224.60355825966926,0.9999805741629565,other |H|=8 units=4 transl=8Z idx=16 triv,r
aff16_wu_m128_seed4,16,8β,x,19,256.5727999933632,0.9999798005205849,other |H|=8 units=4 transl=8Z idx=16 char,l
aff16_wu_m128_seed4,16,8β,x,22,230.88101074329222,0.9999809871188362,other |H|=8 units=4 transl=8Z idx=16 triv,r
aff16_wu_m128_seed4,16,8β,x,29,222.7826465762267,0.9999753834781235,other |H|=8 units=4 transl=8Z idx=16 triv,r
aff16_wu_m128_seed4,16,8β,x,42,338.43282975405424,0.9999837470392513,other |H|=8 units=4 transl=8Z idx=16 char,l
aff16_wu_m128_seed4,16,8β,x,45,255.73890912247393,0.9999778338866873,other |H|=8 units=4 transl=8Z idx=16 char,l
aff16_wu_m128_seed4,16,8β,x,66,350.3644362387056,0.9999785584815463,other |H|=8 units=4 transl=8Z idx=16 char,l
aff16_wu_m128_seed4,16,8β,x,67,233.80117241330953,0.9999813629377594,other |H|=8 units=4 transl=8Z idx=16 char,l
aff16_wu_m128_seed4,16,8β,x,68,239.45827001716762,0.9999825147226905,other |H|=8 units=4 transl=8Z idx=16 char,l
aff16_wu_m128_seed4,16,8β,x,83,237.38103610926078,0.9999781976934438,other |H|=8 units=4 transl=8Z idx=16 triv,r
aff16_wu_m128_seed4,16,8β,x,100,243.78815745215718,0.9999802615714606,other |H|=8 units=4 transl=8Z idx=16 triv,l
aff16_wu_m128_seed4,16,8β,x,119,251.17144847685174,0.9999782735795957,other |H|=8 units=4 transl=8Z idx=16 triv,l
aff16_wu_m128_seed4,16,8β,x,120,205.72020652964767,0.999948380530448,other |H|=8 units=4 transl=8Z idx=16 char,l
aff16_wu_m128_seed4,16,8β,x,124,212.73786505895765,0.9999710123976194,other |H|=8 units=4 transl=8Z idx=16 triv,l
aff16_wu_m128_seed4,16,8β,y,18,222.7508487746784,0.9999578881077081,other |H|=8 units=4 transl=8Z idx=16 triv,r
aff16_wu_m128_seed4,16,8β,y,19,254.5055313913982,0.9999095775093978,other |H|=8 units=4 transl=8Z idx=16 triv,r
aff16_wu_m128_seed4,16,8β,y,22,222.90441717186258,0.9987590880273358,other |H|=8 units=4 transl=8Z idx=16 triv,r
aff16_wu_m128_seed4,16,8β,y,29,221.13786180708217,0.999959390629182,other |H|=8 units=4 transl=8Z idx=16 triv,r
aff16_wu_m128_seed4,16,8β,y,42,254.89922801068573,0.9984868761745805,other |H|=8 units=4 transl=8Z idx=16 triv,r
aff16_wu_m128_seed4,16,8β,y,45,253.7552794892999,0.999909430983384,other |H|=8 units=4 transl=8Z idx=16 triv,r
aff16_wu_m128_seed4,16,8β,y,66,264.9681185547097,0.9984836681508552,other |H|=8 units=4 transl=8Z idx=16 triv,r
aff16_wu_m128_seed4,16,8β,y,67,231.95175102789568,0.9999513395382915,other |H|=8 units=4 transl=8Z idx=16 triv,r
aff16_wu_m128_seed4,16,8β,y,68,237.28319687934845,0.9999476899843478,other |H|=8 units=4 transl=8Z idx=16 triv,r
aff16_wu_m128_seed4,16,8β,y,83,228.3642018139441,0.9987590151886079,other |H|=8 units=4 transl=8Z idx=16 triv,r
aff16_wu_m128_seed4,16,8β,y,100,242.10157575040125,0.9999068882873103,other |H|=8 units=4 transl=8Z idx=16 triv,r
aff16_wu_m128_seed4,16,8β,y,119,249.42908235322977,0.9999069543025201,other |H|=8 units=4 transl=8Z idx=16 triv,r
aff16_wu_m128_seed4,16,8β,y,120,193.21653382675666,0.9985078996583197,other |H|=8 units=4 transl=8Z idx=16 triv,r
aff16_wu_m128_seed4,16,8β,y,124,198.9368191672769,0.9984800444826643,other |H|=8 units=4 transl=8Z idx=16 triv,r
aff16_wu_m128_seed5,16,16,x,0,89.73386722074883,0.990786209474197,other |H|=8 units=4 transl=8Z idx=16 char,l
aff16_wu_m128_seed5,16,16,x,2,116.49171703875909,0.9908292130367538,other |H|=8 units=8 transl=none idx=16 char,l
aff16_wu_m128_seed5,16,16,x,4,72.99121135754642,0.9909078505776019,other |H|=8 units=8 transl=none idx=16 char,l
aff16_wu_m128_seed5,16,16,x,6,159.8078873634726,0.9909162023821377,other |H|=8 units=8 transl=none idx=16 char,l
aff16_wu_m128_seed5,16,16,x,8,76.52582130941134,0.9908223044881823,other |H|=8 units=8 transl=none idx=16 char,l
aff16_wu_m128_seed5,16,16,x,9,114.3744439555525,0.9909145393488195,other |H|=8 units=8 transl=none idx=16 char,l
aff16_wu_m128_seed5,16,16,x,10,39.34931011915787,0.9908364475209589,other |H|=8 units=8 transl=none idx=16 char,l
aff16_wu_m128_seed5,16,16,x,12,83.75333291132092,0.9909081272468303,M_x (point stabilizer) idx=16 char,l
aff16_wu_m128_seed5,16,16,x,15,147.05923418075247,0.990741197212252,M_x (point stabilizer) idx=16 triv,l
aff16_wu_m128_seed5,16,16,x,16,117.66914054704073,0.9908360373536859,other |H|=8 units=4 transl=8Z idx=16 char,l
aff16_wu_m128_seed5,16,16,x,19,144.01607735495028,0.9908996412636271,M_x (point stabilizer) idx=16 char,l
aff16_wu_m128_seed5,16,16,x,20,128.73996722750204,0.990795482918184,other |H|=8 units=8 transl=none idx=16 char,l
aff16_wu_m128_seed5,16,16,x,21,120.54295620931896,0.990920734832228,other |H|=8 units=8 transl=none idx=16 char,l
aff16_wu_m128_seed5,16,16,x,22,74.24453048453111,0.9908497805599885,other |H|=8 units=8 transl=none idx=16 char,l
aff16_wu_m128_seed5,16,16,x,23,78.14379515515876,0.9908822110448106,other |H|=8 units=8 transl=none idx=16 char,l
aff16_wu_m128_seed5,16,16,x,24,50.315739133230096,0.9907818628232224,other |H|=8 units=8 transl=none idx=16 char,l
aff16_wu_m128_seed5,16,16,x,25,122.89898844180395,0.9909227854764254,other |H|=8 units=8 transl=none idx=16 char,l
aff16_wu_m128_seed5,16,16,x,26,107.29823367560398,0.990916497002966,other |H|=8 units=8 transl=none idx=16 char,l
aff16_wu_m128_seed5,16,16,x,27,147.68879911482549,0.9909176410112354,M_x (point stabilizer) idx=16 char,l
aff16_wu_m128_seed5,16,16,x,29,74.36671761289857,0.9908607958857787,other |H|=8 units=8 transl=none idx=16 char,l
aff16_wu_m128_seed5,16,16,x,30,68.4094455298656,0.990824324427639,other |H|=8 units=8 transl=none idx=16 char,l
aff16_wu_m128_seed5,16,16,x,31,124.9845584668651,0.9907992450997711,other |H|=8 units=8 transl=none idx=16 char,l
aff16_wu_m128_seed5,16,16,x,32,109.95067266508302,0.9908159322707393,other |H|=8 units=8 transl=none idx=16 char,l
aff16_wu_m128_seed5,16,16,x,33,108.83366076662557,0.9909090440374523,M_x (point stabilizer) idx=16 char,l
aff16_wu_m128_seed5,16,16,x,34,98.5379786156277,0.990858823481632,M_x (point stabilizer) idx=16 triv,l
aff16_wu_m128_seed5,16,16,x,35,68.72792511372822,0.9908391030228647,other |H|=8 units=8 transl=none idx=16 char,l
aff16_wu_m128_seed5,16,16,x,36,127.46212111335826,0.9907942600715343,other |H|=8 units=8 transl=none idx=16 char,l
aff16_wu_m128_seed5,16,16,x,37,96.27429255110161,0.990794975963553,other |H|=8 units=8 transl=none idx=16 char,l
aff16_wu_m128_seed5,16,16,x,38,77.339591077706,0.9908277194653924,M_x (point stabilizer) idx=16 triv,l
aff16_wu_m128_seed5,16,16,x,41,52.628513566994116,0.9907941256285518,other |H|=8 units=4 transl=8Z idx=16 char,l
aff16_wu_m128_seed5,16,16,x,42,100.91760801731915,0.9909125036102356,other |H|=8 units=8 transl=none idx=16 char,l
aff16_wu_m128_seed5,16,16,x,43,146.02877770134916,0.9908669062172936,other |H|=8 units=8 transl=none idx=16 char,l
aff16_wu_m128_seed5,16,16,x,44,130.98054883224836,0.9909216552289689,M_x (point stabilizer) idx=16 char,l
aff16_wu_m128_seed5,16,16,x,45,40.25181727725384,0.9909093161845399,M_x (point stabilizer) idx=16 char,l
aff16_wu_m128_seed5,16,16,x,47,75.75161930134402,0.9907914286094821,other |H|=8 units=8 transl=none idx=16 char,l
aff16_wu_m128_seed5,16,16,x,48,110.30981401698045,0.9907902374219372,other |H|=8 units=8 transl=none idx=16 char,l
aff16_wu_m128_seed5,16,16,x,49,119.91947836722122,0.9908290667356651,other |H|=8 units=8 transl=none idx=16 char,l
aff16_wu_m128_seed5,16,16,x,50,104.15981176131571,0.9908320175930526,other |H|=8 units=8 transl=none idx=16 char,l
aff16_wu_m128_seed5,16,16,x,51,107.94216608986122,0.9908624861733675,M_x (point stabilizer) idx=16 triv,l
aff16_wu_m128_seed5,16,16,x,53,142.31238179186965,0.9907935883968714,other |H|=8 units=4 transl=8Z idx=16 char,l
aff16_wu_m128_seed5,16,16,x,54,97.70737411748286,0.9907968604395898,other |H|=8 units=4 transl=8Z idx=16 char,l
aff16_wu_m128_seed5,16,16,x,55,55.15395419465629,0.9908126915018326,other |H|=8 units=8 transl=none idx=16 char,l
aff16_wu_m128_seed5,16,16,x,56,76.17019458317161,0.9908323929547685,other |H|=8 units=8 transl=none idx=16 char,l
aff16_wu_m128_seed5,16,16,x,57,100.16382938903196,0.9908332724709595,other |H|=8 units=8 transl=none idx=16 char,l
aff16_wu_m128_seed5,16,16,x,59,58.07656400667704,0.9908130577567831,M_x (point stabilizer) idx=16 char,l
aff16_wu_m128_seed5,16,16,x,61,95.790520158266,0.9908256223514034,M_x (point stabilizer) idx=16 triv,l
aff16_wu_m128_seed5,16,16,x,62,78.11725657250565,0.9908968732064072,other |H|=8 units=8 transl=none idx=16 char,l
aff16_wu_m128_seed5,16,16,x,63,89.01051012993801,0.9909032153919647,other |H|=8 units=8 transl=none idx=16 char,l
aff16_wu_m128_seed5,16,16,x,64,94.6383813701384,0.9908094093982855,M_x (point stabilizer) idx=16 char,l
aff16_wu_m128_seed5,16,16,x,66,142.52558977107597,0.9909282158096447,other |H|=8 units=8 transl=none idx=16 char,l
aff16_wu_m128_seed5,16,16,x,67,162.1013515867918,0.9909134825091467,other |H|=8 units=8 transl=none idx=16 char,l
aff16_wu_m128_seed5,16,16,x,68,121.67773932864276,0.9908283822605509,M_x (point stabilizer) idx=16 triv,l
aff16_wu_m128_seed5,16,16,x,70,88.89041953410806,0.9908579290351794,other |H|=8 units=8 transl=none idx=16 char,l
aff16_wu_m128_seed5,16,16,x,73,145.87852937310834,0.9907938675518282,M_x (point stabilizer) idx=16 char,l
aff16_wu_m128_seed5,16,16,x,74,81.84033155173042,0.9906194070424236,M_x (point stabilizer) idx=16 triv,l
aff16_wu_m128_seed5,16,16,x,76,119.71022562716757,0.9909010968783794,other |H|=8 units=8 transl=none idx=16 char,l
aff16_wu_m128_seed5,16,16,x,77,141.6512910993813,0.9909181818464747,other |H|=8 units=8 transl=none idx=16 char,l
aff16_wu_m128_seed5,16,16,x,78,113.68880193426571,0.990800655874262,other |H|=8 units=4 transl=8Z idx=16 char,l
aff16_wu_m128_seed5,16,16,x,79,31.108629209086526,0.9907757020009588,other |H|=8 units=8 transl=none idx=16 char,l
aff16_wu_m128_seed5,16,16,x,82,53.7237889890511,0.9908235155105384,other |H|=8 units=4 transl=8Z idx=16 char,l
aff16_wu_m128_seed5,16,16,x,83,88.52276002161285,0.990825567140723,M_x (point stabilizer) idx=16 triv,l
aff16_wu_m128_seed5,16,16,x,84,161.9871527945222,0.9908053434844801,other |H|=8 units=4 transl=8Z idx=16 char,l
aff16_wu_m128_seed5,16,16,x,85,105.02939938749263,0.9908621669024185,other |H|=8 units=8 transl=none idx=16 char,l
aff16_wu_m128_seed5,16,16,x,89,76.94638573201817,0.9908647722069988,M_x (point stabilizer) idx=16 char,l
aff16_wu_m128_seed5,16,16,x,90,106.7438006655724,0.9907588564769461,M_x (point stabilizer) idx=16 triv,l
aff16_wu_m128_seed5,16,16,x,91,112.63455543833679,0.9908596651273093,other |H|=8 units=4 transl=8Z idx=16 char,l
aff16_wu_m128_seed5,16,16,x,93,157.40439668297412,0.9908000986225758,other |H|=8 units=8 transl=none idx=16 char,l
aff16_wu_m128_seed5,16,16,x,96,92.52768292209639,0.9908185613424078,other |H|=8 units=4 transl=8Z idx=16 char,l
aff16_wu_m128_seed5,16,16,x,97,89.927063634243,0.9908672744934303,M_x (point stabilizer) idx=16 triv,l
aff16_wu_m128_seed5,16,16,x,98,98.11270504913597,0.9908006982116948,other |H|=8 units=8 transl=none idx=16 char,l
aff16_wu_m128_seed5,16,16,x,99,106.87372930185546,0.9909227685253759,other |H|=8 units=8 transl=none idx=16 char,l
aff16_wu_m128_seed5,16,16,x,100,62.43932424469467,0.9907402019449203,M_x (point stabilizer) idx=16 triv,l
aff16_wu_m128_seed5,16,16,x,101,98.64620199374558,0.9908299982778543,M_x (point stabilizer) idx=16 char,l
aff16_wu_m128_seed5,16,16,x,103,141.0334664816636,0.9907937191879223,M_x (point stabilizer) idx=16 char,l
aff16_wu_m128_seed5,16,16,x,104,152.98871258442006,0.9909221075545931,other |H|=8 units=8 transl=none idx=16 char,l
aff16_wu_m128_seed5,16,16,x,105,171.68863968672918,0.9908037566184513,other |H|=8 units=8 transl=none idx=16 char,l
aff16_wu_m128_seed5,16,16,x,107,103.24535831591615,0.9909092857054848,M_x (point stabilizer) idx=16 char,l
aff16_wu_m128_seed5,16,16,x,109,118.21145606271587,0.9908807588855025,other |H|=8 units=8 transl=none idx=16 char,l
aff16_wu_m128_seed5,16,16,x,110,62.46440037965997,0.9908301395257249,other |H|=8 units=8 transl=none idx=16 char,l
aff16_wu_m128_seed5,16,16,x,111,89.08265974798582,0.9908812249481231,M_x (point stabilizer) idx=16 char,l
aff16_wu_m128_seed5,16,16,x,112,103.07857623117282,0.9909248126192262,other |H|=8 units=4 transl=8Z idx=16 char,l
aff16_wu_m128_seed5,16,16,x,113,80.82810170574663,0.9908419042501472,other |H|=8 units=8 transl=none idx=16 char,l
aff16_wu_m128_seed5,16,16,x,114,54.22079650097024,0.9907913078922714,other |H|=8 units=8 transl=none idx=16 char,l
aff16_wu_m128_seed5,16,16,x,115,87.26553273223617,0.9909141782776437,other |H|=8 units=8 transl=none idx=16 char,l
aff16_wu_m128_seed5,16,16,x,116,134.0318451911404,0.9908297724457966,other |H|=8 units=8 transl=none idx=16 char,l
aff16_wu_m128_seed5,16,16,x,117,136.05503369672886,0.9909055459398671,other |H|=8 units=8 transl=none idx=16 char,l
aff16_wu_m128_seed5,16,16,x,121,112.3041918500491,0.9907790146492036,M_x (point stabilizer) idx=16 char,l
aff16_wu_m128_seed5,16,16,x,124,65.7978929680613,0.9908387116573185,M_x (point stabilizer) idx=16 triv,l
aff16_wu_m128_seed5,16,16,x,126,89.80348756971105,0.9908034677379427,other |H|=8 units=8 transl=none idx=16 char,l
aff16_wu_m128_seed5,16,16,x,127,105.22450166145411,0.9908432106635762,other |H|=8 units=8 transl=none idx=16 char,l
aff16_wu_m128_seed5,16,16,y,0,88.85699886360996,0.9908861344441632,M_x (point stabilizer) idx=16 char,r
aff16_wu_m128_seed5,16,16,y,2,115.86009750515544,0.9907880603999925,other |H|=8 units=8 transl=none idx=16 char,r
aff16_wu_m128_seed5,16,16,y,4,71.73964683496187,0.9907255120389182,other |H|=8 units=4 transl=8Z idx=16 char,r
aff16_wu_m128_seed5,16,16,y,6,158.05375411835496,0.9909036677356355,other |H|=8 units=8 transl=none idx=16 char,r
aff16_wu_m128_seed5,16,16,y,8,76.37902582338123,0.9907700649788556,M_x (point stabilizer) idx=16 char,r
aff16_wu_m128_seed5,16,16,y,9,113.30313096917313,0.9908272136764504,other |H|=8 units=8 transl=none idx=16 char,r
aff16_wu_m128_seed5,16,16,y,10,39.132620904978936,0.9908267643859269,M_x (point stabilizer) idx=16 triv,r
aff16_wu_m128_seed5,16,16,y,12,82.93902152153241,0.9909384770331476,other |H|=8 units=8 transl=none idx=16 char,r
aff16_wu_m128_seed5,16,16,y,15,142.64815018980192,0.9908755200265199,M_x (point stabilizer) idx=16 triv,r
aff16_wu_m128_seed5,16,16,y,16,116.77107561087486,0.9907555843039595,M_x (point stabilizer) idx=16 triv,r
aff16_wu_m128_seed5,16,16,y,19,142.35785365597187,0.9908209773392199,M_x (point stabilizer) idx=16 char,r
aff16_wu_m128_seed5,16,16,y,20,127.0146838104081,0.9907767038734957,other |H|=8 units=8 transl=none idx=16 char,r
aff16_wu_m128_seed5,16,16,y,21,119.2810444631638,0.9907205338929603,other |H|=8 units=8 transl=none idx=16 char,r
aff16_wu_m128_seed5,16,16,y,22,73.22348170772975,0.9906511972821681,M_x (point stabilizer) idx=16 triv,r
aff16_wu_m128_seed5,16,16,y,23,77.57633717854127,0.9907620494505704,other |H|=8 units=8 transl=none idx=16 char,r
aff16_wu_m128_seed5,16,16,y,24,49.93880241131565,0.9907268393236928,M_x (point stabilizer) idx=16 char,r
aff16_wu_m128_seed5,16,16,y,25,122.19740217046606,0.9908146444496703,other |H|=8 units=4 transl=8Z idx=16 char,r
aff16_wu_m128_seed5,16,16,y,26,106.07603991207695,0.9907779576853903,M_x (point stabilizer) idx=16 char,r
aff16_wu_m128_seed5,16,16,y,27,146.2735618752351,0.9909558251621555,other |H|=8 units=8 transl=none idx=16 char,r
aff16_wu_m128_seed5,16,16,y,29,73.81390983293974,0.9908686193119683,M_x (point stabilizer) idx=16 triv,r
aff16_wu_m128_seed5,16,16,y,30,67.4968399998661,0.9907605750410992,other |H|=8 units=8 transl=none idx=16 char,r
aff16_wu_m128_seed5,16,16,y,31,123.0430759367066,0.9908479643944159,other |H|=8 units=8 transl=none idx=16 char,r
aff16_wu_m128_seed5,16,16,y,32,109.48954988403591,0.9908150552966684,M_x (point stabilizer) idx=16 char,r
aff16_wu_m128_seed5,16,16,y,33,107.50795980860511,0.9908476595005397,M_x (point stabilizer) idx=16 char,r
aff16_wu_m128_seed5,16,16,y,34,97.69000212783159,0.9908492063910346,other |H|=8 units=8 transl=none idx=16 char,r
aff16_wu_m128_seed5,16,16,y,35,68.56171076630778,0.9908764448915532,other |H|=8 units=8 transl=none idx=16 char,r
aff16_wu_m128_seed5,16,16,y,36,126.55381520957859,0.9909154150643291,M_x (point stabilizer) idx=16 triv,r
aff16_wu_m128_seed5,16,16,y,37,95.82023198915118,0.9907534758871223,other |H|=8 units=8 transl=none idx=16 char,r
aff16_wu_m128_seed5,16,16,y,38,76.80125099790123,0.9908358633226743,M_x (point stabilizer) idx=16 char,r
aff16_wu_m128_seed5,16,16,y,41,52.04016003866802,0.9909348900784464,other |H|=8 units=8 transl=none idx=16 char,r
aff16_wu_m128_seed5,16,16,y,42,99.6082290147672,0.9908755814337399,other |H|=8 units=8 transl=none idx=16 char,r
aff16_wu_m128_seed5,16,16,y,43,144.52969929713703,0.9908791714099341,other |H|=8 units=8 transl=none idx=16 char,r
aff16_wu_m128_seed5,16,16,y,44,130.0054833135125,0.990903650783146,M_x (point stabilizer) idx=16 char,r
aff16_wu_m128_seed5,16,16,y,45,39.68323462051228,0.9908742356101432,M_x (point stabilizer) idx=16 char,r
aff16_wu_m128_seed5,16,16,y,47,74.88404384627472,0.9908922998697105,other |H|=8 units=8 transl=none idx=16 char,r
aff16_wu_m128_seed5,16,16,y,48,109.09742717510562,0.9908887598625943,M_x (point stabilizer) idx=16 char,r
aff16_wu_m128_seed5,16,16,y,49,119.82620581159875,0.9908703624416789,M_x (point stabilizer) idx=16 char,r
aff16_wu_m128_seed5,16,16,y,50,103.09874526315112,0.9907538215264672,other |H|=8 units=8 transl=none idx=16 char,r
aff16_wu_m128_seed5,16,16,y,51,106.78180448745236,0.990728963758835,other |H|=8 units=8 transl=none idx=16 char,r
aff16_wu_m128_seed5,16,16,y,53,140.3329924350076,0.9907826073356913,M_x (point stabilizer) idx=16 char,r
aff16_wu_m128_seed5,16,16,y,54,96.63990994569582,0.9907949832171183,other |H|=8 units=8 transl=none idx=16 char,r
aff16_wu_m128_seed5,16,16,y,55,54.94408471447312,0.99077641744802,other |H|=8 units=8 transl=none idx=16 char,r
aff16_wu_m128_seed5,16,16,y,56,75.38843447803109,0.9909736185733697,M_x (point stabilizer) idx=16 char,r
aff16_wu_m128_seed5,16,16,y,57,99.23989862673811,0.9907494270804766,M_x (point stabilizer) idx=16 triv,r
aff16_wu_m128_seed5,16,16,y,59,57.7835883904154,0.9908654786339339,other |H|=8 units=8 transl=none idx=16 char,r
aff16_wu_m128_seed5,16,16,y,61,94.9484849006978,0.9908535363111785,other |H|=8 units=8 transl=none idx=16 char,r
aff16_wu_m128_seed5,16,16,y,62,77.25132272116274,0.9907865212431556,M_x (point stabilizer) idx=16 char,r
aff16_wu_m128_seed5,16,16,y,63,87.89894066435885,0.9907443018818405,M_x (point stabilizer) idx=16 triv,r
aff16_wu_m128_seed5,16,16,y,64,93.88628090050598,0.9908737174223486,other |H|=8 units=4 transl=8Z idx=16 char,r
aff16_wu_m128_seed5,16,16,y,66,141.30493626527928,0.9908177462546699,M_x (point stabilizer) idx=16 char,r
aff16_wu_m128_seed5,16,16,y,67,161.5891561370693,0.9909853823222459,other |H|=8 units=4 transl=8Z idx=16 char,r
aff16_wu_m128_seed5,16,16,y,68,121.03807756326647,0.9908623424751073,other |H|=8 units=8 transl=none idx=16 char,r
aff16_wu_m128_seed5,16,16,y,70,87.93989643869791,0.9907841371741248,other |H|=8 units=8 transl=none idx=16 char,r
aff16_wu_m128_seed5,16,16,y,73,143.56153366498273,0.9909778223454664,other |H|=8 units=4 transl=8Z idx=16 char,r
aff16_wu_m128_seed5,16,16,y,74,82.5140659097408,0.9907045271598715,M_x (point stabilizer) idx=16 triv,r
aff16_wu_m128_seed5,16,16,y,76,119.00854419278825,0.9907885048845342,other |H|=8 units=8 transl=none idx=16 char,r
aff16_wu_m128_seed5,16,16,y,77,140.21262606234805,0.9909181741488178,other |H|=8 units=4 transl=8Z idx=16 char,r
aff16_wu_m128_seed5,16,16,y,78,112.63920801574402,0.9907142743387893,M_x (point stabilizer) idx=16 triv,r
aff16_wu_m128_seed5,16,16,y,79,30.80225214568844,0.990811615012016,M_x (point stabilizer) idx=16 char,r
aff16_wu_m128_seed5,16,16,y,82,52.80221503431628,0.9908161035498791,M_x (point stabilizer) idx=16 char,r
aff16_wu_m128_seed5,16,16,y,83,87.6272358014275,0.9908035736739288,other |H|=8 units=4 transl=8Z idx=16 char,r
aff16_wu_m128_seed5,16,16,y,84,159.9124034657312,0.9909704324603628,other |H|=8 units=8 transl=none idx=16 char,r
aff16_wu_m128_seed5,16,16,y,85,103.60517151319776,0.9908234961946176,other |H|=8 units=8 transl=none idx=16 char,r
aff16_wu_m128_seed5,16,16,y,89,76.55650022444802,0.9908155331872328,M_x (point stabilizer) idx=16 char,r
aff16_wu_m128_seed5,16,16,y,90,105.78654307342936,0.9908775954574847,other |H|=8 units=4 transl=8Z idx=16 char,r
aff16_wu_m128_seed5,16,16,y,91,112.65150643873837,0.9909935037802702,M_x (point stabilizer) idx=16 char,r
aff16_wu_m128_seed5,16,16,y,93,155.9175636707403,0.9907871163778266,other |H|=8 units=8 transl=none idx=16 char,r
aff16_wu_m128_seed5,16,16,y,96,91.81275016103018,0.9907697397213754,other |H|=8 units=8 transl=none idx=16 char,r
aff16_wu_m128_seed5,16,16,y,97,89.15085631924602,0.9907579675858103,other |H|=8 units=4 transl=8Z idx=16 char,r
aff16_wu_m128_seed5,16,16,y,98,97.04506578548208,0.9909057331842803,M_x (point stabilizer) idx=16 triv,r
aff16_wu_m128_seed5,16,16,y,99,105.77623581768599,0.990812747271521,M_x (point stabilizer) idx=16 triv,r
aff16_wu_m128_seed5,16,16,y,100,62.7342064330791,0.9907576056930633,other |H|=8 units=8 transl=none idx=16 char,r
aff16_wu_m128_seed5,16,16,y,101,98.20691385388382,0.9907288888900986,M_x (point stabilizer) idx=16 char,r
aff16_wu_m128_seed5,16,16,y,103,139.63285161773373,0.9908668911420748,other |H|=8 units=8 transl=none idx=16 char,r
aff16_wu_m128_seed5,16,16,y,104,151.61527048207833,0.9909952831301344,other |H|=8 units=8 transl=none idx=16 char,r
aff16_wu_m128_seed5,16,16,y,105,169.63115992481087,0.9906963612994709,other |H|=8 units=8 transl=none idx=16 char,r
aff16_wu_m128_seed5,16,16,y,107,102.01043993838105,0.9907795404480827,other |H|=8 units=8 transl=none idx=16 char,r
aff16_wu_m128_seed5,16,16,y,109,116.51046782342407,0.9907444190054445,other |H|=8 units=8 transl=none idx=16 char,r
aff16_wu_m128_seed5,16,16,y,110,61.90444760792459,0.9908619258841681,M_x (point stabilizer) idx=16 char,r
aff16_wu_m128_seed5,16,16,y,111,88.29309923098258,0.9908222508245568,other |H|=8 units=8 transl=none idx=16 char,r
aff16_wu_m128_seed5,16,16,y,112,102.59602199330344,0.9907858829147721,other |H|=8 units=8 transl=none idx=16 char,r
aff16_wu_m128_seed5,16,16,y,113,80.50425865326186,0.9907844279330361,M_x (point stabilizer) idx=16 triv,r
aff16_wu_m128_seed5,16,16,y,114,53.56656165636846,0.990805470090233,other |H|=8 units=8 transl=none idx=16 char,r
aff16_wu_m128_seed5,16,16,y,115,86.76017989031828,0.9907542854698788,M_x (point stabilizer) idx=16 char,r
aff16_wu_m128_seed5,16,16,y,116,133.10850890238638,0.9909706847747045,other |H|=8 units=8 transl=none idx=16 char,r
aff16_wu_m128_seed5,16,16,y,117,134.7208474080234,0.9908449978016229,M_x (point stabilizer) idx=16 triv,r
aff16_wu_m128_seed5,16,16,y,121,111.37339539403452,0.9907900739443205,other |H|=8 units=8 transl=none idx=16 char,r
aff16_wu_m128_seed5,16,16,y,124,65.26334661392342,0.9907679552613584,other |H|=8 units=8 transl=none idx=16 char,r
aff16_wu_m128_seed5,16,16,y,126,88.45969065900908,0.9906846666040954,other |H|=8 units=4 transl=8Z idx=16 char,r
aff16_wu_m128_seed5,16,16,y,127,104.47826115350415,0.9909048730944706,other |H|=8 units=8 transl=none idx=16 char,r
aff16_wu_m128_seed5,16,8β,x,1,158.88125697066224,0.9999590950093018,other |H|=8 units=2 transl=4Z idx=16 char,l
aff16_wu_m128_seed5,16,8β,x,5,181.12234749076308,0.9999234870348536,other |H|=8 units=2 transl=4Z idx=16 char,l
aff16_wu_m128_seed5,16,8β,x,13,170.8975203336165,0.9999302432884103,other |H|=8 units=4 transl=8Z idx=16 triv,r
aff16_wu_m128_seed5,16,8β,x,28,215.27466236212604,0.9999645996339033,other |H|=8 units=2 transl=4Z idx=16 char,l
aff16_wu_m128_seed5,16,8β,x,40,178.44276899805547,0.9999593774684993,other |H|=8 units=2 transl=4Z idx=16 char,r
aff16_wu_m128_seed5,16,8β,x,58,187.9526661837207,0.9999712074025605,other |H|=8 units=4 transl=8Z idx=16 char,r
aff16_wu_m128_seed5,16,8β,x,65,312.4913661370858,0.9999686291821736,other |H|=8 units=2 transl=4Z idx=16 char,l
aff16_wu_m128_seed5,16,8β,x,80,202.43256925412123,0.9999756336219273,other |H|=8 units=2 transl=4Z idx=16 char,l
aff16_wu_m128_seed5,16,8β,x,87,185.31036446649924,0.9999651771887504,other |H|=8 units=2 transl=4Z idx=16 char,l
aff16_wu_m128_seed5,16,8β,x,88,264.8097360504994,0.999940883547699,other |H|=8 units=2 transl=4Z idx=16 char,l
aff16_wu_m128_seed5,16,8β,x,106,97.47481480869844,0.9999644753806883,other |H|=8 units=2 transl=4Z idx=16 char,l
aff16_wu_m128_seed5,16,8β,x,118,150.4801020207811,0.9999702088909662,other |H|=8 units=2 transl=4Z idx=16 char,l
aff16_wu_m128_seed5,16,8β,x,120,260.01084786376833,0.999961079766809,other |H|=8 units=2 transl=4Z idx=16 char,l
aff16_wu_m128_seed5,16,8β,x,122,251.1755852356519,0.9999695196449381,other |H|=8 units=2 transl=4Z idx=16 char,l
aff16_wu_m128_seed5,16,8β,x,123,208.73236160539116,0.9999544187331949,other |H|=8 units=4 transl=8Z idx=16 triv,r
aff16_wu_m128_seed5,16,8β,y,1,161.46228170867118,0.9994397073978207,other |H|=8 units=2 transl=4Z idx=16 char,l
aff16_wu_m128_seed5,16,8β,y,5,182.5105481762085,0.9999683377995919,other |H|=8 units=2 transl=4Z idx=16 char,l
aff16_wu_m128_seed5,16,8β,y,13,173.79100732596004,0.9994594007079346,other |H|=8 units=2 transl=4Z idx=16 char,l
aff16_wu_m128_seed5,16,8β,y,28,218.2122210840379,0.9994530810843972,other |H|=8 units=2 transl=4Z idx=16 char,l
aff16_wu_m128_seed5,16,8β,y,40,180.9570972663655,0.9999818488838336,other |H|=8 units=2 transl=4Z idx=16 char,l
aff16_wu_m128_seed5,16,8β,y,58,192.08376741965256,0.999463877327839,other |H|=8 units=4 transl=8Z idx=16 triv,l
aff16_wu_m128_seed5,16,8β,y,65,318.43716283432167,0.9999454047150962,other |H|=8 units=2 transl=4Z idx=16 char,l
aff16_wu_m128_seed5,16,8β,y,80,204.89703506862833,0.9999860447557527,other |H|=8 units=2 transl=4Z idx=16 char,l
aff16_wu_m128_seed5,16,8β,y,87,187.87979498137253,0.9994821777387902,other |H|=8 units=2 transl=4Z idx=16 char,l
aff16_wu_m128_seed5,16,8β,y,88,268.208728957177,0.9999742328150071,other |H|=8 units=2 transl=4Z idx=16 char,l
aff16_wu_m128_seed5,16,8β,y,106,99.05718764941908,0.9994693079200735,other |H|=8 units=2 transl=4Z idx=16 char,l
aff16_wu_m128_seed5,16,8β,y,118,152.27987612142007,0.9994480990710056,other |H|=8 units=2 transl=4Z idx=16 char,l
aff16_wu_m128_seed5,16,8β,y,120,263.75552430860336,0.9999803171988157,other |H|=8 units=2 transl=4Z idx=16 char,l
aff16_wu_m128_seed5,16,8β,y,122,255.1601090607926,0.9999843213434885,other |H|=8 units=4 transl=8Z idx=16 char,l
aff16_wu_m128_seed5,16,8β,y,123,209.26391945471045,0.9999782765807149,other |H|=8 units=2 transl=4Z idx=16 char,l
aff21_wu_m128_seed1,21,7,x,0,553.1637146022621,0.9999874446575563,other |H|=18 units=6 transl=7Z idx=14 triv,r
aff21_wu_m128_seed1,21,7,x,1,542.8068301097621,0.9999913470043957,"S_x,7 (stabilizer mod 7) idx=7 triv",r
aff21_wu_m128_seed1,21,7,x,2,549.6315371171257,0.999989651761685,"S_x,7 (stabilizer mod 7) idx=7 triv",r
aff21_wu_m128_seed1,21,7,x,4,556.4034412088591,0.9999911138955959,"S_x,7 (stabilizer mod 7) idx=7 triv",r
aff21_wu_m128_seed1,21,7,x,5,543.6622071061125,0.9999915459779951,"S_x,7 (stabilizer mod 7) idx=7 triv",r
aff21_wu_m128_seed1,21,7,x,6,544.4849314385648,0.9999904121578778,other |H|=18 units=6 transl=7Z idx=14 triv,r
aff21_wu_m128_seed1,21,7,x,8,549.3418206315658,0.9999903620650956,"S_x,7 (stabilizer mod 7) idx=7 triv",r
aff21_wu_m128_seed1,21,7,x,10,559.4878345027955,0.9999901134011011,"S_x,7 (stabilizer mod 7) idx=7 triv",r
aff21_wu_m128_seed1,21,7,x,11,541.2145479092707,0.9999877021560075,"S_x,7 (stabilizer mod 7) idx=7 triv",r
aff21_wu_m128_seed1,21,7,x,12,552.788088723001,0.9999899265177856,"S_x,7 (stabilizer mod 7) idx=7 triv",r
aff21_wu_m128_seed1,21,7,x,15,555.4359849882961,0.9999919887056545,"S_x,7 (stabilizer mod 7) idx=7 triv",r
aff21_wu_m128_seed1,21,7,x,18,559.3264463080591,0.9999877318016486,"S_x,7 (stabilizer mod 7) idx=7 triv",r
aff21_wu_m128_seed1,21,7,x,19,554.4986301977519,0.9999904790134695,"S_x,7 (stabilizer mod 7) idx=7 triv",r
aff21_wu_m128_seed1,21,7,x,21,546.240605607285,0.9999898522839101,"S_x,7 (stabilizer mod 7) idx=7 triv",r
aff21_wu_m128_seed1,21,7,x,26,143.91990308846042,0.9999874761763422,"S_x,7 (stabilizer mod 7) idx=7 triv",r
aff21_wu_m128_seed1,21,7,x,31,537.5784606681744,0.9999904211629936,"S_x,7 (stabilizer mod 7) idx=7 triv",r
aff21_wu_m128_seed1,21,7,x,32,548.5225196251839,0.9999913816120407,"S_x,7 (stabilizer mod 7) idx=7 triv",r
aff21_wu_m128_seed1,21,7,x,34,543.8044476710683,0.9999901401513034,"S_x,7 (stabilizer mod 7) idx=7 triv",r
aff21_wu_m128_seed1,21,7,x,37,543.6634171410589,0.9999908204753374,"S_x,7 (stabilizer mod 7) idx=7 triv",r
aff21_wu_m128_seed1,21,7,x,38,534.4517264343792,0.9999893990880756,"S_x,7 (stabilizer mod 7) idx=7 triv",r
aff21_wu_m128_seed1,21,7,x,39,541.0181093197833,0.9999921911829751,"S_x,7 (stabilizer mod 7) idx=7 triv",r
aff21_wu_m128_seed1,21,7,x,40,565.8736347471311,0.9999910487475334,"S_x,7 (stabilizer mod 7) idx=7 triv",r
aff21_wu_m128_seed1,21,7,x,41,549.1410449585522,0.9999912586093871,other |H|=18 units=6 transl=7Z idx=14 triv,r
aff21_wu_m128_seed1,21,7,x,42,538.5036550580201,0.9999924845906252,"S_x,7 (stabilizer mod 7) idx=7 triv",r
aff21_wu_m128_seed1,21,7,x,43,554.174098630509,0.9999923437097562,"S_x,7 (stabilizer mod 7) idx=7 triv",r
aff21_wu_m128_seed1,21,7,x,44,552.575072273439,0.9999911879083155,"S_x,7 (stabilizer mod 7) idx=7 triv",r
aff21_wu_m128_seed1,21,7,x,45,560.2338520533306,0.9999905135036936,"S_x,7 (stabilizer mod 7) idx=7 triv",r
aff21_wu_m128_seed1,21,7,x,46,545.1898214595075,0.9999907701655856,"S_x,7 (stabilizer mod 7) idx=7 triv",r
aff21_wu_m128_seed1,21,7,x,49,556.609451140606,0.9999917044048102,"S_x,7 (stabilizer mod 7) idx=7 triv",r
aff21_wu_m128_seed1,21,7,x,53,535.8217841556321,0.9999910168776021,"S_x,7 (stabilizer mod 7) idx=7 triv",r
aff21_wu_m128_seed1,21,7,x,55,5.093593345282794e-05,0.7796531986512998,other |H|=18 units=6 transl=7Z idx=14 triv,l
aff21_wu_m128_seed1,21,7,x,57,566.347030907353,0.9999901248765821,"S_x,7 (stabilizer mod 7) idx=7 triv",r
aff21_wu_m128_seed1,21,7,x,58,544.9030832326966,0.9999909382621615,other |H|=18 units=6 transl=7Z idx=14 triv,r
aff21_wu_m128_seed1,21,7,x,59,549.5231483595556,0.9999910444978184,"S_x,7 (stabilizer mod 7) idx=7 triv",r
aff21_wu_m128_seed1,21,7,x,60,550.4829123417046,0.9999925486567085,other |H|=18 units=6 transl=7Z idx=14 triv,r
aff21_wu_m128_seed1,21,7,x,62,543.090952844934,0.9999899224127016,"S_x,7 (stabilizer mod 7) idx=7 triv",r
aff21_wu_m128_seed1,21,7,x,63,71.03263456615744,0.999984194934987,other |H|=18 units=6 transl=7Z idx=14 triv,r
aff21_wu_m128_seed1,21,7,x,65,546.2523962666637,0.9999908502320293,other |H|=18 units=6 transl=7Z idx=14 triv,r
aff21_wu_m128_seed1,21,7,x,66,562.7780056507905,0.9999914660670272,other |H|=18 units=6 transl=7Z idx=14 triv,r
aff21_wu_m128_seed1,21,7,x,68,561.7307057527447,0.9999895837201654,"S_x,7 (stabilizer mod 7) idx=7 triv",r
aff21_wu_m128_seed1,21,7,x,69,552.5003183924259,0.9999895026071403,"S_x,7 (stabilizer mod 7) idx=7 triv",r
aff21_wu_m128_seed1,21,7,x,70,540.5278739958505,0.9999909332305229,"S_x,7 (stabilizer mod 7) idx=7 triv",r
aff21_wu_m128_seed1,21,7,x,71,542.1730900095866,0.9999910358756152,"S_x,7 (stabilizer mod 7) idx=7 triv",r
aff21_wu_m128_seed1,21,7,x,72,545.574783437692,0.9999924047738645,"S_x,7 (stabilizer mod 7) idx=7 triv",r
aff21_wu_m128_seed1,21,7,x,73,566.1089227781748,0.9999918821672337,"S_x,7 (stabilizer mod 7) idx=7 triv",r
aff21_wu_m128_seed1,21,7,x,74,558.4299580968453,0.9999896779298413,"S_x,7 (stabilizer mod 7) idx=7 triv",r
aff21_wu_m128_seed1,21,7,x,76,541.2646643024676,0.9999908337512445,"S_x,7 (stabilizer mod 7) idx=7 triv",r
aff21_wu_m128_seed1,21,7,x,78,557.6810426528787,0.9999899290151741,"S_x,7 (stabilizer mod 7) idx=7 triv",r
aff21_wu_m128_seed1,21,7,x,80,552.8367545248909,0.9999894757760259,"S_x,7 (stabilizer mod 7) idx=7 triv",r
aff21_wu_m128_seed1,21,7,x,81,544.6061489341588,0.9999893726939233,"S_x,7 (stabilizer mod 7) idx=7 triv",r
aff21_wu_m128_seed1,21,7,x,82,545.4998339721451,0.9999911444049602,other |H|=18 units=6 transl=7Z idx=14 triv,r
aff21_wu_m128_seed1,21,7,x,85,546.9322525633202,0.9999900088496272,other |H|=18 units=6 transl=7Z idx=14 triv,r
aff21_wu_m128_seed1,21,7,x,89,536.9164891991118,0.9999917689992055,other |H|=18 units=6 transl=7Z idx=14 triv,r
aff21_wu_m128_seed1,21,7,x,91,478.38434706900244,0.9999919364903302,other |H|=18 units=6 transl=7Z idx=14 triv,r
aff21_wu_m128_seed1,21,7,x,92,542.0587298846349,0.9999890896777743,other |H|=18 units=6 transl=7Z idx=14 triv,r
aff21_wu_m128_seed1,21,7,x,94,543.1356777322025,0.9999893219519752,"S_x,7 (stabilizer mod 7) idx=7 triv",r
aff21_wu_m128_seed1,21,7,x,95,532.1513199804159,0.9999891037844394,"S_x,7 (stabilizer mod 7) idx=7 triv",r
aff21_wu_m128_seed1,21,7,x,103,537.2231311698804,0.99999161329186,"S_x,7 (stabilizer mod 7) idx=7 triv",r
aff21_wu_m128_seed1,21,7,x,104,539.0445798567401,0.999991359944949,"S_x,7 (stabilizer mod 7) idx=7 triv",r
aff21_wu_m128_seed1,21,7,x,105,555.1159702359354,0.9999906947194187,"S_x,7 (stabilizer mod 7) idx=7 triv",r
aff21_wu_m128_seed1,21,7,x,106,420.557531651461,0.9999894932015698,"S_x,7 (stabilizer mod 7) idx=7 triv",r
aff21_wu_m128_seed1,21,7,x,108,564.2701435984242,0.9999917794784576,"S_x,7 (stabilizer mod 7) idx=7 triv",r
aff21_wu_m128_seed1,21,7,x,112,556.1814787430542,0.9999893290301864,"S_x,7 (stabilizer mod 7) idx=7 triv",r
aff21_wu_m128_seed1,21,7,x,114,565.7345002822005,0.9999904682017126,"S_x,7 (stabilizer mod 7) idx=7 triv",r
aff21_wu_m128_seed1,21,7,x,115,552.0683053155726,0.9999912188508702,"S_x,7 (stabilizer mod 7) idx=7 triv",r
aff21_wu_m128_seed1,21,7,x,116,557.9165538172734,0.9999914274148002,"S_x,7 (stabilizer mod 7) idx=7 triv",r
aff21_wu_m128_seed1,21,7,x,117,548.2929253184924,0.999991111224011,"S_x,7 (stabilizer mod 7) idx=7 triv",r
aff21_wu_m128_seed1,21,7,x,119,547.8558538753799,0.9999912739352705,other |H|=18 units=6 transl=7Z idx=14 triv,r
aff21_wu_m128_seed1,21,7,x,120,543.5896961858156,0.9999904644482607,"S_x,7 (stabilizer mod 7) idx=7 triv",r
aff21_wu_m128_seed1,21,7,x,122,552.9562684985082,0.9999909802152247,"S_x,7 (stabilizer mod 7) idx=7 triv",r
aff21_wu_m128_seed1,21,7,x,123,542.0565452481602,0.9999925168199815,other |H|=18 units=6 transl=7Z idx=14 triv,r
aff21_wu_m128_seed1,21,7,x,126,554.3473591173499,0.9999905398590315,"S_x,7 (stabilizer mod 7) idx=7 triv",r
aff21_wu_m128_seed1,21,7,x,127,552.5014258974271,0.9999906376421173,"S_x,7 (stabilizer mod 7) idx=7 triv",r
aff21_wu_m128_seed1,21,7,y,0,546.3252755924337,0.9999853973491684,other |H|=18 units=6 transl=7Z idx=14 triv,l
aff21_wu_m128_seed1,21,7,y,1,541.1461393755073,0.9999901617941749,other |H|=18 units=6 transl=7Z idx=14 triv,l
aff21_wu_m128_seed1,21,7,y,2,545.5501346584423,0.9999897500626357,"S_x,7 (stabilizer mod 7) idx=7 triv",l
aff21_wu_m128_seed1,21,7,y,4,551.9944758481934,0.9999905948269139,"S_x,7 (stabilizer mod 7) idx=7 triv",l
aff21_wu_m128_seed1,21,7,y,5,540.586083469003,0.9999903972775195,other |H|=18 units=6 transl=7Z idx=14 triv,l
aff21_wu_m128_seed1,21,7,y,6,540.8306102249313,0.9999929567612322,"S_x,7 (stabilizer mod 7) idx=7 triv",l
aff21_wu_m128_seed1,21,7,y,8,546.5672600322216,0.9999899412392748,"S_x,7 (stabilizer mod 7) idx=7 triv",l
aff21_wu_m128_seed1,21,7,y,10,554.803957945305,0.9999910238977031,other |H|=18 units=6 transl=7Z idx=14 triv,l
aff21_wu_m128_seed1,21,7,y,11,539.1572127460687,0.9999894727696177,"S_x,7 (stabilizer mod 7) idx=7 triv",l
aff21_wu_m128_seed1,21,7,y,12,548.975400612999,0.9999857698237343,other |H|=18 units=6 transl=7Z idx=14 triv,l
aff21_wu_m128_seed1,21,7,y,15,550.6442813991669,0.9999918751896675,"S_x,7 (stabilizer mod 7) idx=7 triv",l
aff21_wu_m128_seed1,21,7,y,18,552.7618039416026,0.9999856230904268,other |H|=18 units=6 transl=7Z idx=14 triv,l
aff21_wu_m128_seed1,21,7,y,19,552.6409526896305,0.9999855591391892,other |H|=18 units=6 transl=7Z idx=14 triv,l
aff21_wu_m128_seed1,21,7,y,21,542.4362986955655,0.9999924901445745,"S_x,7 (stabilizer mod 7) idx=7 triv",l
aff21_wu_m128_seed1,21,7,y,26,142.81659157749286,0.9999768180934971,other |H|=18 units=6 transl=7Z idx=14 triv,l
aff21_wu_m128_seed1,21,7,y,31,535.8072146936038,0.9999913023276965,other |H|=18 units=6 transl=7Z idx=14 triv,l
aff21_wu_m128_seed1,21,7,y,32,544.1929545725094,0.9999852055187846,other |H|=18 units=6 transl=7Z idx=14 triv,l
aff21_wu_m128_seed1,21,7,y,34,540.9674712349071,0.9999906464319761,"S_x,7 (stabilizer mod 7) idx=7 triv",l
aff21_wu_m128_seed1,21,7,y,37,540.1621968211878,0.9999883890138234,"S_x,7 (stabilizer mod 7) idx=7 triv",l
aff21_wu_m128_seed1,21,7,y,38,531.8421293615395,0.9999906979998635,"S_x,7 (stabilizer mod 7) idx=7 triv",l
aff21_wu_m128_seed1,21,7,y,39,538.1465637803765,0.9999900868052345,other |H|=18 units=6 transl=7Z idx=14 triv,l
aff21_wu_m128_seed1,21,7,y,40,562.5957365863234,0.9999896782809234,"S_x,7 (stabilizer mod 7) idx=7 triv",l
aff21_wu_m128_seed1,21,7,y,41,544.8195653443565,0.9999907217926158,other |H|=18 units=6 transl=7Z idx=14 triv,l
aff21_wu_m128_seed1,21,7,y,42,537.2144003786602,0.999989088138383,"S_x,7 (stabilizer mod 7) idx=7 triv",l
aff21_wu_m128_seed1,21,7,y,43,549.5432737631927,0.9999855299532151,other |H|=18 units=6 transl=7Z idx=14 triv,l
aff21_wu_m128_seed1,21,7,y,44,547.8961954875439,0.9999859739737393,other |H|=18 units=6 transl=7Z idx=14 triv,l
aff21_wu_m128_seed1,21,7,y,45,557.938947252797,0.9999904775312858,"S_x,7 (stabilizer mod 7) idx=7 triv",l
aff21_wu_m128_seed1,21,7,y,46,541.8318657618967,0.9999923199715158,"S_x,7 (stabilizer mod 7) idx=7 triv",l
aff21_wu_m128_seed1,21,7,y,49,554.1020651640749,0.999983405913894,other |H|=18 units=6 transl=7Z idx=14 triv,l
aff21_wu_m128_seed1,21,7,y,53,533.5431643360423,0.9999904864495917,"S_x,7 (stabilizer mod 7) idx=7 triv",l
aff21_wu_m128_seed1,21,7,y,57,561.8381947298885,0.9999882256687257,"S_x,7 (stabilizer mod 7) idx=7 triv",l
aff21_wu_m128_seed1,21,7,y,58,541.4264593830542,0.9999907442312459,"S_x,7 (stabilizer mod 7) idx=7 triv",l
aff21_wu_m128_seed1,21,7,y,59,542.3198808934251,0.9999855563952013,other |H|=18 units=6 transl=7Z idx=14 triv,l
aff21_wu_m128_seed1,21,7,y,60,547.1847952550421,0.9999880416275758,"S_x,7 (stabilizer mod 7) idx=7 triv",l
aff21_wu_m128_seed1,21,7,y,62,540.80337819039,0.9999911678385978,"S_x,7 (stabilizer mod 7) idx=7 triv",l
aff21_wu_m128_seed1,21,7,y,63,71.80162017152426,0.9999794106002736,other |H|=18 units=6 transl=7Z idx=14 triv,l
aff21_wu_m128_seed1,21,7,y,65,542.1652369481642,0.9999915520750734,other |H|=18 units=6 transl=7Z idx=14 triv,l
aff21_wu_m128_seed1,21,7,y,66,558.2792237569721,0.9999854732599232,other |H|=18 units=6 transl=7Z idx=14 triv,l
aff21_wu_m128_seed1,21,7,y,68,558.3222350390906,0.9999886230835954,other |H|=18 units=6 transl=7Z idx=14 triv,l
aff21_wu_m128_seed1,21,7,y,69,549.9101958760965,0.9999903362423415,"S_x,7 (stabilizer mod 7) idx=7 triv",l
aff21_wu_m128_seed1,21,7,y,70,537.0304377939093,0.9999905423059188,"S_x,7 (stabilizer mod 7) idx=7 triv",l
aff21_wu_m128_seed1,21,7,y,71,538.4277194093536,0.9999915149333342,"S_x,7 (stabilizer mod 7) idx=7 triv",l
aff21_wu_m128_seed1,21,7,y,72,540.5003244352317,0.9999895188771186,"S_x,7 (stabilizer mod 7) idx=7 triv",l
aff21_wu_m128_seed1,21,7,y,73,563.0553462159911,0.9999900066334665,"S_x,7 (stabilizer mod 7) idx=7 triv",l
aff21_wu_m128_seed1,21,7,y,74,556.3326483072874,0.9999858051329605,"S_x,7 (stabilizer mod 7) idx=7 triv",l
aff21_wu_m128_seed1,21,7,y,76,536.1159739728372,0.9999917201858757,"S_x,7 (stabilizer mod 7) idx=7 triv",l
aff21_wu_m128_seed1,21,7,y,78,555.7478015443876,0.9999887544481127,"S_x,7 (stabilizer mod 7) idx=7 triv",l
aff21_wu_m128_seed1,21,7,y,80,551.0777836291996,0.9999901380969685,"S_x,7 (stabilizer mod 7) idx=7 triv",l
aff21_wu_m128_seed1,21,7,y,81,541.1950157682052,0.9999910629945985,other |H|=18 units=6 transl=7Z idx=14 triv,l
aff21_wu_m128_seed1,21,7,y,82,541.6084308597304,0.9999858153560524,other |H|=18 units=6 transl=7Z idx=14 triv,l
aff21_wu_m128_seed1,21,7,y,85,543.4186199327044,0.9999931009930053,"S_x,7 (stabilizer mod 7) idx=7 triv",l
aff21_wu_m128_seed1,21,7,y,89,534.3435420263337,0.9999907271840673,"S_x,7 (stabilizer mod 7) idx=7 triv",l
aff21_wu_m128_seed1,21,7,y,91,475.2278944421591,0.999989828306259,"S_x,7 (stabilizer mod 7) idx=7 triv",l
aff21_wu_m128_seed1,21,7,y,92,537.2355349591364,0.9999905742780406,"S_x,7 (stabilizer mod 7) idx=7 triv",l
aff21_wu_m128_seed1,21,7,y,94,539.6038155413054,0.9999917758919439,other |H|=18 units=6 transl=7Z idx=14 triv,l
aff21_wu_m128_seed1,21,7,y,95,530.6700891725551,0.999990374280473,"S_x,7 (stabilizer mod 7) idx=7 triv",l
aff21_wu_m128_seed1,21,7,y,103,536.1252734969879,0.9999900399119918,other |H|=18 units=6 transl=7Z idx=14 triv,l
aff21_wu_m128_seed1,21,7,y,104,535.0210940846854,0.9999903957296046,other |H|=18 units=6 transl=7Z idx=14 triv,l
aff21_wu_m128_seed1,21,7,y,105,552.4933357393749,0.9999854870812556,other |H|=18 units=6 transl=7Z idx=14 triv,l
aff21_wu_m128_seed1,21,7,y,106,418.59426720041574,0.9999833319625994,other |H|=18 units=6 transl=7Z idx=14 triv,l
aff21_wu_m128_seed1,21,7,y,108,560.5067447451064,0.9999902511574312,"S_x,7 (stabilizer mod 7) idx=7 triv",l
aff21_wu_m128_seed1,21,7,y,112,552.4922357814451,0.9999856431386331,other |H|=18 units=6 transl=7Z idx=14 triv,l
aff21_wu_m128_seed1,21,7,y,114,564.4715530895284,0.9999906547847843,other |H|=18 units=6 transl=7Z idx=14 triv,l
aff21_wu_m128_seed1,21,7,y,115,548.4984326112814,0.9999919392545576,"S_x,7 (stabilizer mod 7) idx=7 triv",l
aff21_wu_m128_seed1,21,7,y,116,554.661050303725,0.9999904117175643,"S_x,7 (stabilizer mod 7) idx=7 triv",l
aff21_wu_m128_seed1,21,7,y,117,543.4657188691841,0.9999903013595213,"S_x,7 (stabilizer mod 7) idx=7 triv",l
aff21_wu_m128_seed1,21,7,y,119,544.2156517350525,0.9999917696822928,other |H|=18 units=6 transl=7Z idx=14 triv,l
aff21_wu_m128_seed1,21,7,y,120,540.0542984405954,0.9999918100546717,"S_x,7 (stabilizer mod 7) idx=7 triv",l
aff21_wu_m128_seed1,21,7,y,122,549.3401255256614,0.9999902880327872,"S_x,7 (stabilizer mod 7) idx=7 triv",l
aff21_wu_m128_seed1,21,7,y,123,538.0771722907847,0.9999899471058846,"S_x,7 (stabilizer mod 7) idx=7 triv",l
aff21_wu_m128_seed1,21,7,y,126,549.198405300142,0.9999912445285515,other |H|=18 units=6 transl=7Z idx=14 triv,l
aff21_wu_m128_seed1,21,7,y,127,550.4268072349657,0.9999898007953925,"S_x,7 (stabilizer mod 7) idx=7 triv",l
aff21_wu_m128_seed2,21,7,x,0,542.447143178746,0.999988872627754,"S_x,7 (stabilizer mod 7) idx=7 triv",r
aff21_wu_m128_seed2,21,7,x,1,535.8701085563641,0.9999925841438674,"S_x,7 (stabilizer mod 7) idx=7 triv",r
aff21_wu_m128_seed2,21,7,x,2,563.3550507841384,0.9999935438672577,"S_x,7 (stabilizer mod 7) idx=7 triv",r
aff21_wu_m128_seed2,21,7,x,4,556.4285030494241,0.9999938645010131,other |H|=18 units=6 transl=7Z idx=14 triv,r
aff21_wu_m128_seed2,21,7,x,5,568.0785596734962,0.9999925978095481,other |H|=18 units=6 transl=7Z idx=14 triv,r
aff21_wu_m128_seed2,21,7,x,6,531.2248954991657,0.9999933248497335,other |H|=18 units=6 transl=7Z idx=14 triv,r
aff21_wu_m128_seed2,21,7,x,7,553.950494327409,0.9999921081890194,"S_x,7 (stabilizer mod 7) idx=7 triv",r
aff21_wu_m128_seed2,21,7,x,8,565.679170123037,0.9999941751830603,"S_x,7 (stabilizer mod 7) idx=7 triv",r
aff21_wu_m128_seed2,21,7,x,9,540.6888753036619,0.9999935705815205,other |H|=18 units=6 transl=7Z idx=14 triv,r
aff21_wu_m128_seed2,21,7,x,11,565.4890743255504,0.9999940780973867,"S_x,7 (stabilizer mod 7) idx=7 triv",r
aff21_wu_m128_seed2,21,7,x,14,565.3272881837735,0.9999926616804955,other |H|=18 units=6 transl=7Z idx=14 triv,r
aff21_wu_m128_seed2,21,7,x,15,567.2859721595205,0.9999934809307373,"S_x,7 (stabilizer mod 7) idx=7 triv",r
aff21_wu_m128_seed2,21,7,x,16,569.761256168618,0.9999937635343182,"S_x,7 (stabilizer mod 7) idx=7 triv",r
aff21_wu_m128_seed2,21,7,x,17,570.1545894879945,0.9999925936180585,"S_x,7 (stabilizer mod 7) idx=7 triv",r
aff21_wu_m128_seed2,21,7,x,18,581.8442371311107,0.9999904918933575,other |H|=18 units=6 transl=7Z idx=14 triv,r
aff21_wu_m128_seed2,21,7,x,19,540.2320632715262,0.999987874572974,"S_x,7 (stabilizer mod 7) idx=7 triv",r
aff21_wu_m128_seed2,21,7,x,20,539.4511951892254,0.999993987746479,"S_x,7 (stabilizer mod 7) idx=7 triv",r
aff21_wu_m128_seed2,21,7,x,21,565.4041185839377,0.9999914894130317,"S_x,7 (stabilizer mod 7) idx=7 triv",r
aff21_wu_m128_seed2,21,7,x,22,534.9252474917566,0.9999937776420623,"S_x,7 (stabilizer mod 7) idx=7 triv",r
aff21_wu_m128_seed2,21,7,x,25,548.361699057538,0.9999903264790307,"S_x,7 (stabilizer mod 7) idx=7 triv",r
aff21_wu_m128_seed2,21,7,x,27,573.3622426131227,0.9999910805699658,"S_x,7 (stabilizer mod 7) idx=7 triv",r
aff21_wu_m128_seed2,21,7,x,29,539.0138679222626,0.9999942301862975,"S_x,7 (stabilizer mod 7) idx=7 triv",r
aff21_wu_m128_seed2,21,7,x,30,569.7960436984582,0.9999947949752349,"S_x,7 (stabilizer mod 7) idx=7 triv",r
aff21_wu_m128_seed2,21,7,x,33,570.5139137192405,0.9999914658544632,other |H|=18 units=6 transl=7Z idx=14 triv,r
aff21_wu_m128_seed2,21,7,x,35,539.9653767566705,0.9999928126407507,other |H|=18 units=6 transl=7Z idx=14 triv,r
aff21_wu_m128_seed2,21,7,x,37,551.3037548825087,0.9999923483073412,"S_x,7 (stabilizer mod 7) idx=7 triv",r
aff21_wu_m128_seed2,21,7,x,38,564.8641091874813,0.9999937054936751,"S_x,7 (stabilizer mod 7) idx=7 triv",r
aff21_wu_m128_seed2,21,7,x,40,583.5279633096334,0.9999928910201724,other |H|=18 units=6 transl=7Z idx=14 triv,r
aff21_wu_m128_seed2,21,7,x,41,349.03356004553143,0.9999904568408198,other |H|=18 units=6 transl=7Z idx=14 triv,r
aff21_wu_m128_seed2,21,7,x,42,538.331328019287,0.9999921737817422,other |H|=18 units=6 transl=7Z idx=14 triv,r
aff21_wu_m128_seed2,21,7,x,45,0.00020821079503395375,0.717154917588572,other |H|=18 units=6 transl=7Z idx=14 char,l
aff21_wu_m128_seed2,21,7,x,46,573.7292001405534,0.9999938950418235,"S_x,7 (stabilizer mod 7) idx=7 triv",r
aff21_wu_m128_seed2,21,7,x,49,525.7420463898432,0.9999925199806756,"S_x,7 (stabilizer mod 7) idx=7 triv",r
aff21_wu_m128_seed2,21,7,x,54,577.194389884815,0.99999183201823,"S_x,7 (stabilizer mod 7) idx=7 triv",r
aff21_wu_m128_seed2,21,7,x,55,554.2520585748282,0.9999938568925482,other |H|=18 units=6 transl=7Z idx=14 triv,r
aff21_wu_m128_seed2,21,7,x,56,531.9088899497593,0.9999920319469563,"S_x,7 (stabilizer mod 7) idx=7 triv",r
aff21_wu_m128_seed2,21,7,x,57,551.2629906308503,0.9999912396928718,other |H|=18 units=6 transl=7Z idx=14 triv,r
aff21_wu_m128_seed2,21,7,x,61,565.184165543968,0.9999922284058961,"S_x,7 (stabilizer mod 7) idx=7 triv",r
aff21_wu_m128_seed2,21,7,x,62,574.1686639369865,0.9999920652577399,"S_x,7 (stabilizer mod 7) idx=7 triv",r
aff21_wu_m128_seed2,21,7,x,63,547.7283000167483,0.9999938590476155,"S_x,7 (stabilizer mod 7) idx=7 triv",r
aff21_wu_m128_seed2,21,7,x,65,0.003574892863884822,0.8612151779925703,other |H|=18 units=6 transl=7Z idx=14 triv,r
aff21_wu_m128_seed2,21,7,x,67,554.0627939938104,0.9999928920949913,"S_x,7 (stabilizer mod 7) idx=7 triv",r
aff21_wu_m128_seed2,21,7,x,68,542.8893295628778,0.9999896344804592,"S_x,7 (stabilizer mod 7) idx=7 triv",r
aff21_wu_m128_seed2,21,7,x,69,535.428124943848,0.999991061500543,"S_x,7 (stabilizer mod 7) idx=7 triv",r
aff21_wu_m128_seed2,21,7,x,70,395.07215873411116,0.9999920767817231,other |H|=18 units=6 transl=7Z idx=14 triv,r
aff21_wu_m128_seed2,21,7,x,71,538.5397659142081,0.9999939124070634,"S_x,7 (stabilizer mod 7) idx=7 triv",r
aff21_wu_m128_seed2,21,7,x,73,541.9433864620825,0.9999925720989974,"S_x,7 (stabilizer mod 7) idx=7 triv",r
aff21_wu_m128_seed2,21,7,x,76,555.5774036054959,0.9999921693415049,other |H|=18 units=6 transl=7Z idx=14 triv,r
aff21_wu_m128_seed2,21,7,x,77,134.84261021485705,0.9999848526470628,other |H|=18 units=6 transl=7Z idx=14 triv,r
aff21_wu_m128_seed2,21,7,x,81,579.0633891560581,0.9999919711121479,other |H|=18 units=6 transl=7Z idx=14 triv,r
aff21_wu_m128_seed2,21,7,x,82,568.9749471012651,0.9999943666034437,"S_x,7 (stabilizer mod 7) idx=7 triv",r
aff21_wu_m128_seed2,21,7,x,83,570.1165808330417,0.9999919318084137,"S_x,7 (stabilizer mod 7) idx=7 triv",r
aff21_wu_m128_seed2,21,7,x,84,532.9612097913656,0.999993355426593,"S_x,7 (stabilizer mod 7) idx=7 triv",r
aff21_wu_m128_seed2,21,7,x,87,564.0952020681123,0.9999945041488998,"S_x,7 (stabilizer mod 7) idx=7 triv",r
aff21_wu_m128_seed2,21,7,x,89,546.3102183337342,0.9999897862775121,other |H|=18 units=6 transl=7Z idx=14 triv,r
aff21_wu_m128_seed2,21,7,x,90,523.7859309845635,0.9999901926704655,"S_x,7 (stabilizer mod 7) idx=7 triv",r
aff21_wu_m128_seed2,21,7,x,93,569.3665190093533,0.9999915894447362,other |H|=18 units=6 transl=7Z idx=14 triv,r
aff21_wu_m128_seed2,21,7,x,94,537.1637386026878,0.9999933544555163,other |H|=18 units=6 transl=7Z idx=14 triv,r
aff21_wu_m128_seed2,21,7,x,95,554.6075391000813,0.999991692455111,"S_x,7 (stabilizer mod 7) idx=7 triv",r
aff21_wu_m128_seed2,21,7,x,96,564.8661873552802,0.9999922605095726,other |H|=18 units=6 transl=7Z idx=14 triv,r
aff21_wu_m128_seed2,21,7,x,98,553.4093021049162,0.999992330963239,"S_x,7 (stabilizer mod 7) idx=7 triv",r
aff21_wu_m128_seed2,21,7,x,100,0.0006157322113135802,0.7461196774320032,other |H|=18 units=6 transl=7Z idx=14 char,l
aff21_wu_m128_seed2,21,7,x,101,537.3724665290565,0.9999903382689633,"S_x,7 (stabilizer mod 7) idx=7 triv",r
aff21_wu_m128_seed2,21,7,x,104,570.5031253144646,0.9999935963852132,"S_x,7 (stabilizer mod 7) idx=7 triv",r
aff21_wu_m128_seed2,21,7,x,106,554.7897241849586,0.9999940056751736,"S_x,7 (stabilizer mod 7) idx=7 triv",r
aff21_wu_m128_seed2,21,7,x,108,533.6285613791274,0.9999916438898139,"S_x,7 (stabilizer mod 7) idx=7 triv",r
aff21_wu_m128_seed2,21,7,x,109,570.0309718954255,0.9999914610891706,"S_x,7 (stabilizer mod 7) idx=7 triv",r
aff21_wu_m128_seed2,21,7,x,110,546.443859587208,0.9999934035010418,"S_x,7 (stabilizer mod 7) idx=7 triv",r
aff21_wu_m128_seed2,21,7,x,111,537.3991729958748,0.9999902366091136,other |H|=18 units=6 transl=7Z idx=14 triv,r
aff21_wu_m128_seed2,21,7,x,114,537.101149914591,0.9999878789466525,"S_x,7 (stabilizer mod 7) idx=7 triv",r
aff21_wu_m128_seed2,21,7,x,116,570.805778032504,0.9999945771831913,"S_x,7 (stabilizer mod 7) idx=7 triv",r
aff21_wu_m128_seed2,21,7,x,118,556.5638563688808,0.9999916468918639,"S_x,7 (stabilizer mod 7) idx=7 triv",r
aff21_wu_m128_seed2,21,7,x,120,537.5937767996966,0.9999933753684582,other |H|=18 units=6 transl=7Z idx=14 triv,r
aff21_wu_m128_seed2,21,7,x,121,180.72697680949628,0.9999872355104473,other |H|=18 units=6 transl=7Z idx=14 triv,r
aff21_wu_m128_seed2,21,7,x,127,557.5876244039034,0.999991686067703,"S_x,7 (stabilizer mod 7) idx=7 triv",r
aff21_wu_m128_seed2,21,7,y,0,545.2003423191649,0.9999906284632218,"S_x,7 (stabilizer mod 7) idx=7 triv",l
aff21_wu_m128_seed2,21,7,y,1,543.0627537819086,0.9999914943434868,other |H|=18 units=6 transl=7Z idx=14 triv,l
aff21_wu_m128_seed2,21,7,y,2,570.5612215817249,0.9999923262818116,other |H|=18 units=6 transl=7Z idx=14 triv,l
aff21_wu_m128_seed2,21,7,y,4,561.507176395408,0.9999887403061828,"S_x,7 (stabilizer mod 7) idx=7 triv",l
aff21_wu_m128_seed2,21,7,y,5,576.5919975220711,0.9999859443099595,other |H|=18 units=6 transl=7Z idx=14 triv,l
aff21_wu_m128_seed2,21,7,y,6,535.2663399845928,0.9999915855955718,other |H|=18 units=6 transl=7Z idx=14 triv,l
aff21_wu_m128_seed2,21,7,y,7,559.1695638733846,0.9999888415265511,other |H|=18 units=6 transl=7Z idx=14 triv,l
aff21_wu_m128_seed2,21,7,y,8,572.6900853038911,0.999987910134867,other |H|=18 units=6 transl=7Z idx=14 triv,l
aff21_wu_m128_seed2,21,7,y,9,546.1923855005443,0.999989311546909,other |H|=18 units=6 transl=7Z idx=14 triv,l
aff21_wu_m128_seed2,21,7,y,11,571.7599616586449,0.999992160221595,other |H|=18 units=6 transl=7Z idx=14 triv,l
aff21_wu_m128_seed2,21,7,y,13,0.0010877623492291013,0.7537916728033711,other |H|=18 units=6 transl=7Z idx=14 char,r
aff21_wu_m128_seed2,21,7,y,14,572.520403097248,0.9999876609217285,other |H|=18 units=6 transl=7Z idx=14 triv,l
aff21_wu_m128_seed2,21,7,y,15,574.4387004159439,0.9999848584490871,other |H|=18 units=6 transl=7Z idx=14 triv,l
aff21_wu_m128_seed2,21,7,y,16,576.7381535102932,0.999992249904771,other |H|=18 units=6 transl=7Z idx=14 triv,l
aff21_wu_m128_seed2,21,7,y,17,576.8791351025659,0.9999882322235317,other |H|=18 units=6 transl=7Z idx=14 triv,l
aff21_wu_m128_seed2,21,7,y,18,585.0873011746778,0.9999884208357791,other |H|=18 units=6 transl=7Z idx=14 triv,l
aff21_wu_m128_seed2,21,7,y,19,545.2740192746413,0.9999903787435206,other |H|=18 units=6 transl=7Z idx=14 triv,l
aff21_wu_m128_seed2,21,7,y,20,546.7664894104817,0.9999889534649901,other |H|=18 units=6 transl=7Z idx=14 triv,l
aff21_wu_m128_seed2,21,7,y,21,570.5188250995063,0.99998644102159,other |H|=18 units=6 transl=7Z idx=14 triv,l
aff21_wu_m128_seed2,21,7,y,22,539.5097191717019,0.9999914715375661,other |H|=18 units=6 transl=7Z idx=14 triv,l
aff21_wu_m128_seed2,21,7,y,25,552.8204707957689,0.9999917968593144,other |H|=18 units=6 transl=7Z idx=14 triv,l
aff21_wu_m128_seed2,21,7,y,27,579.562426424103,0.99999243428859,other |H|=18 units=6 transl=7Z idx=14 triv,l
aff21_wu_m128_seed2,21,7,y,29,546.1331995380378,0.9999898748135153,other |H|=18 units=6 transl=7Z idx=14 triv,l
aff21_wu_m128_seed2,21,7,y,30,574.0409093805106,0.9999868220398805,other |H|=18 units=6 transl=7Z idx=14 triv,l
aff21_wu_m128_seed2,21,7,y,33,574.9568460297977,0.999987855587192,"S_x,7 (stabilizer mod 7) idx=7 triv",l
aff21_wu_m128_seed2,21,7,y,35,544.8039699565012,0.9999913171723406,other |H|=18 units=6 transl=7Z idx=14 triv,l
aff21_wu_m128_seed2,21,7,y,37,555.8332796889233,0.9999895817457988,other |H|=18 units=6 transl=7Z idx=14 triv,l
aff21_wu_m128_seed2,21,7,y,38,571.88278090189,0.9999925301531569,other |H|=18 units=6 transl=7Z idx=14 triv,l
aff21_wu_m128_seed2,21,7,y,40,589.5755623935795,0.9999916200249563,other |H|=18 units=6 transl=7Z idx=14 triv,l
aff21_wu_m128_seed2,21,7,y,41,353.0262203386533,0.9999908863466819,other |H|=18 units=6 transl=7Z idx=14 triv,l
aff21_wu_m128_seed2,21,7,y,42,546.140002368211,0.999990322448003,"S_x,7 (stabilizer mod 7) idx=7 triv",l
aff21_wu_m128_seed2,21,7,y,46,576.9607832664176,0.9999901710172171,other |H|=18 units=6 transl=7Z idx=14 triv,l
aff21_wu_m128_seed2,21,7,y,49,532.0338022669002,0.9999867463166933,other |H|=18 units=6 transl=7Z idx=14 triv,l
aff21_wu_m128_seed2,21,7,y,54,582.935077527528,0.9999918888778607,other |H|=18 units=6 transl=7Z idx=14 triv,l
aff21_wu_m128_seed2,21,7,y,55,558.2963955398382,0.999988901060308,other |H|=18 units=6 transl=7Z idx=14 triv,l
aff21_wu_m128_seed2,21,7,y,56,540.6392260703639,0.9999923110138945,other |H|=18 units=6 transl=7Z idx=14 triv,l
aff21_wu_m128_seed2,21,7,y,57,557.3579111681474,0.9999900306623134,"S_x,7 (stabilizer mod 7) idx=7 triv",l
aff21_wu_m128_seed2,21,7,y,61,573.8778655582158,0.9999879697214188,other |H|=18 units=6 transl=7Z idx=14 triv,l
aff21_wu_m128_seed2,21,7,y,62,577.8872739917039,0.99998888924324,other |H|=18 units=6 transl=7Z idx=14 triv,l
aff21_wu_m128_seed2,21,7,y,63,553.6029115324667,0.9999896441747937,other |H|=18 units=6 transl=7Z idx=14 triv,l
aff21_wu_m128_seed2,21,7,y,67,559.9477174528929,0.9999901567936044,"S_x,7 (stabilizer mod 7) idx=7 triv",l
aff21_wu_m128_seed2,21,7,y,68,548.8088096163916,0.9999913501803916,other |H|=18 units=6 transl=7Z idx=14 triv,l
aff21_wu_m128_seed2,21,7,y,69,543.0501190617077,0.9999923287445086,other |H|=18 units=6 transl=7Z idx=14 triv,l
aff21_wu_m128_seed2,21,7,y,70,396.4194312205202,0.9999894874014102,"S_x,7 (stabilizer mod 7) idx=7 triv",l
aff21_wu_m128_seed2,21,7,y,71,547.203759075163,0.9999912337467064,"S_x,7 (stabilizer mod 7) idx=7 triv",l
aff21_wu_m128_seed2,21,7,y,73,544.6292433812624,0.9999904399054491,other |H|=18 units=6 transl=7Z idx=14 triv,l
aff21_wu_m128_seed2,21,7,y,76,560.7393369740346,0.9999872426511258,"S_x,7 (stabilizer mod 7) idx=7 triv",l
aff21_wu_m128_seed2,21,7,y,77,137.05423786866118,0.9999885800312429,other |H|=18 units=6 transl=7Z idx=14 triv,l
aff21_wu_m128_seed2,21,7,y,81,583.1410945050898,0.9999923128144373,other |H|=18 units=6 transl=7Z idx=14 triv,l
aff21_wu_m128_seed2,21,7,y,82,574.2453362557741,0.9999885240310358,other |H|=18 units=6 transl=7Z idx=14 triv,l
aff21_wu_m128_seed2,21,7,y,83,574.6469868705942,0.9999893510436623,other |H|=18 units=6 transl=7Z idx=14 triv,l
aff21_wu_m128_seed2,21,7,y,84,538.1068684294545,0.9999916862539192,other |H|=18 units=6 transl=7Z idx=14 triv,l
aff21_wu_m128_seed2,21,7,y,87,571.3291552172251,0.9999921432836398,other |H|=18 units=6 transl=7Z idx=14 triv,l
aff21_wu_m128_seed2,21,7,y,89,551.8411426819865,0.9999889364946727,other |H|=18 units=6 transl=7Z idx=14 triv,l
aff21_wu_m128_seed2,21,7,y,90,530.7155770478314,0.9999924069268402,other |H|=18 units=6 transl=7Z idx=14 triv,l
aff21_wu_m128_seed2,21,7,y,93,571.6130362340531,0.9999910965937174,other |H|=18 units=6 transl=7Z idx=14 triv,l
aff21_wu_m128_seed2,21,7,y,94,541.4631970613256,0.999991989282252,other |H|=18 units=6 transl=7Z idx=14 triv,l
aff21_wu_m128_seed2,21,7,y,95,561.0161339539251,0.9999899993290676,"S_x,7 (stabilizer mod 7) idx=7 triv",l
aff21_wu_m128_seed2,21,7,y,96,567.1742342237575,0.999991519222588,other |H|=18 units=6 transl=7Z idx=14 triv,l
aff21_wu_m128_seed2,21,7,y,98,559.330454540168,0.9999899210010204,other |H|=18 units=6 transl=7Z idx=14 triv,l
aff21_wu_m128_seed2,21,7,y,100,0.0010662713843610978,0.762691749471569,other |H|=18 units=6 transl=7Z idx=14 char,r
aff21_wu_m128_seed2,21,7,y,101,542.3609033304823,0.9999900873931563,"S_x,7 (stabilizer mod 7) idx=7 triv",l
aff21_wu_m128_seed2,21,7,y,104,578.2094430468238,0.9999853828477725,other |H|=18 units=6 transl=7Z idx=14 triv,l
aff21_wu_m128_seed2,21,7,y,106,559.2015344557165,0.9999859951990362,"S_x,7 (stabilizer mod 7) idx=7 triv",l
aff21_wu_m128_seed2,21,7,y,108,540.4955966636114,0.9999919182134334,other |H|=18 units=6 transl=7Z idx=14 triv,l
aff21_wu_m128_seed2,21,7,y,109,576.0273357747533,0.9999917773952427,other |H|=18 units=6 transl=7Z idx=14 triv,l
aff21_wu_m128_seed2,21,7,y,110,553.2044303762691,0.9999867618324177,"S_x,7 (stabilizer mod 7) idx=7 triv",l
aff21_wu_m128_seed2,21,7,y,111,546.7792930812814,0.9999921666082481,other |H|=18 units=6 transl=7Z idx=14 triv,l
aff21_wu_m128_seed2,21,7,y,114,545.7564789645487,0.9999926452002639,other |H|=18 units=6 transl=7Z idx=14 triv,l
aff21_wu_m128_seed2,21,7,y,116,576.2140547683204,0.9999884908575483,other |H|=18 units=6 transl=7Z idx=14 triv,l
aff21_wu_m128_seed2,21,7,y,118,563.0401699563822,0.9999900588138677,"S_x,7 (stabilizer mod 7) idx=7 triv",l
aff21_wu_m128_seed2,21,7,y,120,544.9205692806812,0.9999931162774915,other |H|=18 units=6 transl=7Z idx=14 triv,l
aff21_wu_m128_seed2,21,7,y,121,183.51533632063058,0.9999901182313584,other |H|=18 units=6 transl=7Z idx=14 triv,l
aff21_wu_m128_seed2,21,7,y,127,563.073367812327,0.9999880235521641,"S_x,7 (stabilizer mod 7) idx=7 triv",l
aff21_wu_m128_seed3,21,7,x,1,905.5161184740532,0.9999911674625016,"S_x,7 (stabilizer mod 7) idx=7 triv",r
aff21_wu_m128_seed3,21,7,x,5,908.3495824355971,0.999990235017636,"S_x,7 (stabilizer mod 7) idx=7 triv",r
aff21_wu_m128_seed3,21,7,x,8,919.2688413884405,0.9999910464799354,"S_x,7 (stabilizer mod 7) idx=7 triv",r
aff21_wu_m128_seed3,21,7,x,10,924.6026390518401,0.9999915776959888,"S_x,7 (stabilizer mod 7) idx=7 triv",r
aff21_wu_m128_seed3,21,7,x,11,11.91885218113872,0.5073275150426035,other |H|=18 units=6 transl=7Z idx=14 triv,l
aff21_wu_m128_seed3,21,7,x,12,928.4468496462098,0.9999922968097137,"S_x,7 (stabilizer mod 7) idx=7 triv",r
aff21_wu_m128_seed3,21,7,x,13,907.9496310078288,0.9999911086736918,"S_x,7 (stabilizer mod 7) idx=7 triv",r
aff21_wu_m128_seed3,21,7,x,18,857.3290636240547,0.9999914551744785,"S_x,7 (stabilizer mod 7) idx=7 triv",r
aff21_wu_m128_seed3,21,7,x,20,12.926290029054664,0.9999388027480658,other |H|=18 units=6 transl=7Z idx=14 triv,r
aff21_wu_m128_seed3,21,7,x,21,959.583676215063,0.9999895774731085,"S_x,7 (stabilizer mod 7) idx=7 triv",r
aff21_wu_m128_seed3,21,7,x,23,853.3514099355256,0.9999907699637552,"S_x,7 (stabilizer mod 7) idx=7 triv",r
aff21_wu_m128_seed3,21,7,x,24,922.6914027935517,0.9999910690477878,"S_x,7 (stabilizer mod 7) idx=7 triv",r
aff21_wu_m128_seed3,21,7,x,28,904.6649086163177,0.9999918250281247,"S_x,7 (stabilizer mod 7) idx=7 triv",r
aff21_wu_m128_seed3,21,7,x,30,960.1643320742235,0.9999906085975583,"S_x,7 (stabilizer mod 7) idx=7 triv",r
aff21_wu_m128_seed3,21,7,x,36,624.7573198333632,0.999989691939694,"S_x,7 (stabilizer mod 7) idx=7 triv",r
aff21_wu_m128_seed3,21,7,x,38,926.9690833788428,0.9999918155027354,"S_x,7 (stabilizer mod 7) idx=7 triv",r
aff21_wu_m128_seed3,21,7,x,39,890.6370357615107,0.9999896356586223,"S_x,7 (stabilizer mod 7) idx=7 triv",r
aff21_wu_m128_seed3,21,7,x,41,924.9386907016196,0.9999921666166681,"S_x,7 (stabilizer mod 7) idx=7 triv",r
aff21_wu_m128_seed3,21,7,x,44,859.6185258098324,0.9999911821605961,"S_x,7 (stabilizer mod 7) idx=7 triv",r
aff21_wu_m128_seed3,21,7,x,45,896.4907796599471,0.9999909746750569,"S_x,7 (stabilizer mod 7) idx=7 triv",r
aff21_wu_m128_seed3,21,7,x,48,839.7200312872169,0.9999906644706765,"S_x,7 (stabilizer mod 7) idx=7 triv",r
aff21_wu_m128_seed3,21,7,x,51,0.006682042381013675,0.8893986725241424,other |H|=18 units=6 transl=7Z idx=14 triv,r
aff21_wu_m128_seed3,21,7,x,53,906.2081206659258,0.9999916786256559,"S_x,7 (stabilizer mod 7) idx=7 triv",r
aff21_wu_m128_seed3,21,7,x,54,905.4438226161462,0.9999928260450948,"S_x,7 (stabilizer mod 7) idx=7 triv",r
aff21_wu_m128_seed3,21,7,x,55,888.5070822395026,0.9999908180018535,"S_x,7 (stabilizer mod 7) idx=7 triv",r
aff21_wu_m128_seed3,21,7,x,56,843.4288188648763,0.999992543350323,"S_x,7 (stabilizer mod 7) idx=7 triv",r
aff21_wu_m128_seed3,21,7,x,57,924.2372511705274,0.9999908344023821,"S_x,7 (stabilizer mod 7) idx=7 triv",r
aff21_wu_m128_seed3,21,7,x,60,11.365451227342,0.9997874934485895,other |H|=18 units=6 transl=7Z idx=14 triv,r
aff21_wu_m128_seed3,21,7,x,62,859.9425112389112,0.9999935375787385,"S_x,7 (stabilizer mod 7) idx=7 triv",r
aff21_wu_m128_seed3,21,7,x,64,19.378836896061067,0.5071503676550808,other |H|=18 units=6 transl=7Z idx=14 triv,l
aff21_wu_m128_seed3,21,7,x,65,971.5920586488596,0.9999890163145728,"S_x,7 (stabilizer mod 7) idx=7 triv",r
aff21_wu_m128_seed3,21,7,x,66,879.2199840585064,0.9999908253712261,"S_x,7 (stabilizer mod 7) idx=7 triv",r
aff21_wu_m128_seed3,21,7,x,67,958.1198201705097,0.9999887203101767,"S_x,7 (stabilizer mod 7) idx=7 triv",r
aff21_wu_m128_seed3,21,7,x,69,924.8193252958841,0.9999896175083223,"S_x,7 (stabilizer mod 7) idx=7 triv",r
aff21_wu_m128_seed3,21,7,x,71,818.5583225525068,0.9999909146774492,other |H|=18 units=6 transl=7Z idx=14 triv,r
aff21_wu_m128_seed3,21,7,x,72,896.5670202997321,0.9999885092242892,"S_x,7 (stabilizer mod 7) idx=7 triv",r
aff21_wu_m128_seed3,21,7,x,74,689.3495491971869,0.9999926788439628,"S_x,7 (stabilizer mod 7) idx=7 triv",r
aff21_wu_m128_seed3,21,7,x,75,912.5123356713507,0.9999909215421019,"S_x,7 (stabilizer mod 7) idx=7 triv",r
aff21_wu_m128_seed3,21,7,x,77,961.7315427656899,0.9999890114626862,"S_x,7 (stabilizer mod 7) idx=7 triv",r
aff21_wu_m128_seed3,21,7,x,78,32.88487911013541,0.9999703260088803,other |H|=18 units=6 transl=7Z idx=14 triv,r
aff21_wu_m128_seed3,21,7,x,82,917.5423457800138,0.9999902787956664,"S_x,7 (stabilizer mod 7) idx=7 triv",r
aff21_wu_m128_seed3,21,7,x,86,0.0025614879859267928,0.8001901304399016,other |H|=18 units=6 transl=7Z idx=14 triv,r
aff21_wu_m128_seed3,21,7,x,88,886.8022669215688,0.9999907727679024,"S_x,7 (stabilizer mod 7) idx=7 triv",r
aff21_wu_m128_seed3,21,7,x,89,214.5689331834749,0.9999918265206997,other |H|=18 units=6 transl=7Z idx=14 triv,r
aff21_wu_m128_seed3,21,7,x,90,922.9083208860696,0.9999899635761483,"S_x,7 (stabilizer mod 7) idx=7 triv",r
aff21_wu_m128_seed3,21,7,x,93,841.9890648649075,0.9999912865115379,"S_x,7 (stabilizer mod 7) idx=7 triv",r
aff21_wu_m128_seed3,21,7,x,98,927.9049636180328,0.9999921599451738,other |H|=18 units=6 transl=7Z idx=14 triv,r
aff21_wu_m128_seed3,21,7,x,106,893.5265464341494,0.9999918744202381,"S_x,7 (stabilizer mod 7) idx=7 triv",r
aff21_wu_m128_seed3,21,7,x,107,957.450002471957,0.9999900575990909,"S_x,7 (stabilizer mod 7) idx=7 triv",r
aff21_wu_m128_seed3,21,7,x,108,0.005308803970059283,0.6853266704459323,other |H|=18 units=6 transl=7Z idx=14 triv,r
aff21_wu_m128_seed3,21,7,x,109,893.2843122396772,0.999992076456565,"S_x,7 (stabilizer mod 7) idx=7 triv",r
aff21_wu_m128_seed3,21,7,x,110,0.0004018842316749576,0.7899519967370766,other |H|=18 units=6 transl=7Z idx=14 triv,r
aff21_wu_m128_seed3,21,7,x,111,336.31598193054356,0.9999882451308683,"S_x,7 (stabilizer mod 7) idx=7 triv",r
aff21_wu_m128_seed3,21,7,x,112,895.65311479943,0.9999889745448101,"S_x,7 (stabilizer mod 7) idx=7 triv",r
aff21_wu_m128_seed3,21,7,x,113,911.3435982668808,0.99999152644811,"S_x,7 (stabilizer mod 7) idx=7 triv",r
aff21_wu_m128_seed3,21,7,x,116,889.7476750119613,0.9999900336631442,"S_x,7 (stabilizer mod 7) idx=7 triv",r
aff21_wu_m128_seed3,21,7,x,120,868.5794482723849,0.9999937580255829,"S_x,7 (stabilizer mod 7) idx=7 triv",r
aff21_wu_m128_seed3,21,7,x,124,916.2491225906529,0.9999910502588117,"S_x,7 (stabilizer mod 7) idx=7 triv",r
aff21_wu_m128_seed3,21,7,x,125,911.4693078234723,0.9999903263650614,"S_x,7 (stabilizer mod 7) idx=7 triv",r
aff21_wu_m128_seed3,21,7,x,126,845.5651267446028,0.9999905550414858,"S_x,7 (stabilizer mod 7) idx=7 triv",r
aff21_wu_m128_seed3,21,7,x,127,949.1499770382827,0.9999900347219536,"S_x,7 (stabilizer mod 7) idx=7 triv",r
aff21_wu_m128_seed3,21,7,y,1,908.7556116796994,0.9999901252157711,other |H|=18 units=6 transl=7Z idx=14 triv,l
aff21_wu_m128_seed3,21,7,y,5,910.9608598588632,0.9999896195855216,"S_x,7 (stabilizer mod 7) idx=7 triv",l
aff21_wu_m128_seed3,21,7,y,8,921.5622024070432,0.99998997558633,"S_x,7 (stabilizer mod 7) idx=7 triv",l
aff21_wu_m128_seed3,21,7,y,10,926.1707370157766,0.9999900724115331,"S_x,7 (stabilizer mod 7) idx=7 triv",l
aff21_wu_m128_seed3,21,7,y,11,11.873158552882078,0.5075337149686822,other |H|=18 units=6 transl=7Z idx=14 triv,r
aff21_wu_m128_seed3,21,7,y,12,931.5075102555782,0.9999887300446733,"S_x,7 (stabilizer mod 7) idx=7 triv",l
aff21_wu_m128_seed3,21,7,y,13,910.0739492678126,0.9999905460212171,"S_x,7 (stabilizer mod 7) idx=7 triv",l
aff21_wu_m128_seed3,21,7,y,18,862.758857969485,0.9999897822139409,"S_x,7 (stabilizer mod 7) idx=7 triv",l
aff21_wu_m128_seed3,21,7,y,20,13.113928812566849,0.9998325645620356,other |H|=18 units=6 transl=7Z idx=14 triv,l
aff21_wu_m128_seed3,21,7,y,21,963.4543236294182,0.9999909870248574,"S_x,7 (stabilizer mod 7) idx=7 triv",l
aff21_wu_m128_seed3,21,7,y,23,858.1405372185733,0.9999931593166461,"S_x,7 (stabilizer mod 7) idx=7 triv",l
aff21_wu_m128_seed3,21,7,y,24,924.9486078883617,0.999988840623318,"S_x,7 (stabilizer mod 7) idx=7 triv",l
aff21_wu_m128_seed3,21,7,y,28,908.2689484435002,0.999989000795076,"S_x,7 (stabilizer mod 7) idx=7 triv",l
aff21_wu_m128_seed3,21,7,y,30,963.7047634881775,0.9999896317236967,"S_x,7 (stabilizer mod 7) idx=7 triv",l
aff21_wu_m128_seed3,21,7,y,34,0.004411493178400796,0.7504776562678345,other |H|=18 units=6 transl=7Z idx=14 triv,l
aff21_wu_m128_seed3,21,7,y,36,627.4137424124527,0.999990375019966,"S_x,7 (stabilizer mod 7) idx=7 triv",l
aff21_wu_m128_seed3,21,7,y,38,931.6415282663244,0.9999931270869413,other |H|=18 units=6 transl=7Z idx=14 triv,l
aff21_wu_m128_seed3,21,7,y,39,894.2511260955823,0.9999924363081771,"S_x,7 (stabilizer mod 7) idx=7 triv",l
aff21_wu_m128_seed3,21,7,y,41,927.9296662529486,0.9999892209559361,"S_x,7 (stabilizer mod 7) idx=7 triv",l
aff21_wu_m128_seed3,21,7,y,44,864.4646645788188,0.999993458022283,"S_x,7 (stabilizer mod 7) idx=7 triv",l
aff21_wu_m128_seed3,21,7,y,45,900.6225009751214,0.9999922824872568,"S_x,7 (stabilizer mod 7) idx=7 triv",l
aff21_wu_m128_seed3,21,7,y,48,844.0181977196062,0.9999897496599397,other |H|=18 units=6 transl=7Z idx=14 triv,l
aff21_wu_m128_seed3,21,7,y,53,910.8403115874501,0.9999891663814271,"S_x,7 (stabilizer mod 7) idx=7 triv",l
aff21_wu_m128_seed3,21,7,y,54,908.805295864932,0.9999908069256209,"S_x,7 (stabilizer mod 7) idx=7 triv",l
aff21_wu_m128_seed3,21,7,y,55,891.0222862057178,0.9999904785367871,other |H|=18 units=6 transl=7Z idx=14 triv,l
aff21_wu_m128_seed3,21,7,y,56,848.9278426898046,0.9999895147191001,"S_x,7 (stabilizer mod 7) idx=7 triv",l
aff21_wu_m128_seed3,21,7,y,57,926.2674743694649,0.9999896659130908,"S_x,7 (stabilizer mod 7) idx=7 triv",l
aff21_wu_m128_seed3,21,7,y,60,11.458970733990773,0.9999660753662016,other |H|=18 units=6 transl=7Z idx=14 triv,l
aff21_wu_m128_seed3,21,7,y,62,863.8642510976351,0.9999895832269022,other |H|=18 units=6 transl=7Z idx=14 triv,l
aff21_wu_m128_seed3,21,7,y,64,19.416353896081976,0.5075161200802268,other |H|=18 units=6 transl=7Z idx=14 triv,r
aff21_wu_m128_seed3,21,7,y,65,974.6895773876392,0.9999905562900911,"S_x,7 (stabilizer mod 7) idx=7 triv",l
aff21_wu_m128_seed3,21,7,y,66,881.7578489035028,0.99999020315095,other |H|=18 units=6 transl=7Z idx=14 triv,l
aff21_wu_m128_seed3,21,7,y,67,961.0688781178336,0.9999903466022844,"S_x,7 (stabilizer mod 7) idx=7 triv",l
aff21_wu_m128_seed3,21,7,y,69,929.2910583830252,0.9999894824747431,"S_x,7 (stabilizer mod 7) idx=7 triv",l
aff21_wu_m128_seed3,21,7,y,71,823.1428557923606,0.9999885718146019,"S_x,7 (stabilizer mod 7) idx=7 triv",l
aff21_wu_m128_seed3,21,7,y,72,900.1865696775386,0.9999886329852194,other |H|=18 units=6 transl=7Z idx=14 triv,l
aff21_wu_m128_seed3,21,7,y,74,692.1312137947687,0.9999901826881854,"S_x,7 (stabilizer mod 7) idx=7 triv",l
aff21_wu_m128_seed3,21,7,y,75,914.3331926685579,0.9999899660568621,"S_x,7 (stabilizer mod 7) idx=7 triv",l
aff21_wu_m128_seed3,21,7,y,77,964.3412527758527,0.9999902367010125,"S_x,7 (stabilizer mod 7) idx=7 triv",l
aff21_wu_m128_seed3,21,7,y,78,33.48291912338281,0.9999723061146522,other |H|=18 units=6 transl=7Z idx=14 triv,l
aff21_wu_m128_seed3,21,7,y,82,920.9655969574947,0.9999932366854023,"S_x,7 (stabilizer mod 7) idx=7 triv",l
aff21_wu_m128_seed3,21,7,y,88,890.8520587589613,0.9999933690815842,"S_x,7 (stabilizer mod 7) idx=7 triv",l
aff21_wu_m128_seed3,21,7,y,89,216.73294438056146,0.9999813270610496,"S_x,7 (stabilizer mod 7) idx=7 triv",l
aff21_wu_m128_seed3,21,7,y,90,927.1542036846195,0.9999898094978913,other |H|=18 units=6 transl=7Z idx=14 triv,l
aff21_wu_m128_seed3,21,7,y,93,845.8574263518658,0.9999891264968158,"S_x,7 (stabilizer mod 7) idx=7 triv",l
aff21_wu_m128_seed3,21,7,y,98,929.8226321742319,0.9999897149591661,"S_x,7 (stabilizer mod 7) idx=7 triv",l
aff21_wu_m128_seed3,21,7,y,106,897.1236863953992,0.9999890916940453,other |H|=18 units=6 transl=7Z idx=14 triv,l
aff21_wu_m128_seed3,21,7,y,107,960.6531643683946,0.9999912818224105,"S_x,7 (stabilizer mod 7) idx=7 triv",l
aff21_wu_m128_seed3,21,7,y,108,0.00512232677412611,0.4926807391403788,other |H|=18 units=6 transl=7Z idx=14 triv,l
aff21_wu_m128_seed3,21,7,y,109,897.4340736219818,0.9999887012794653,"S_x,7 (stabilizer mod 7) idx=7 triv",l
aff21_wu_m128_seed3,21,7,y,111,337.4105869840878,0.9999862370440878,"S_x,7 (stabilizer mod 7) idx=7 triv",l
aff21_wu_m128_seed3,21,7,y,112,898.9804633796397,0.9999897640631354,other |H|=18 units=6 transl=7Z idx=14 triv,l
aff21_wu_m128_seed3,21,7,y,113,915.0147448430441,0.9999888162962113,other |H|=18 units=6 transl=7Z idx=14 triv,l
aff21_wu_m128_seed3,21,7,y,116,893.2530209871846,0.9999928927950809,"S_x,7 (stabilizer mod 7) idx=7 triv",l
aff21_wu_m128_seed3,21,7,y,120,872.8789625848474,0.9999888525095029,"S_x,7 (stabilizer mod 7) idx=7 triv",l
aff21_wu_m128_seed3,21,7,y,124,920.6199687776187,0.9999935226716287,other |H|=18 units=6 transl=7Z idx=14 triv,l
aff21_wu_m128_seed3,21,7,y,125,914.5080254901497,0.9999927574815618,"S_x,7 (stabilizer mod 7) idx=7 triv",l
aff21_wu_m128_seed3,21,7,y,126,849.6823431280375,0.9999879152478158,"S_x,7 (stabilizer mod 7) idx=7 triv",l
aff21_wu_m128_seed3,21,7,y,127,951.4761925032965,0.9999894691508471,"S_x,7 (stabilizer mod 7) idx=7 triv",l
aff21_wu_m128_seed4,21,7β,x,0,473.4438055068965,0.9869941850698576,other |H|=18 units=6 transl=7Z idx=14 char,l
aff21_wu_m128_seed4,21,7β,x,1,310.76084047241534,0.9860474050305597,other |H|=18 units=6 transl=7Z idx=14 char,l
aff21_wu_m128_seed4,21,7β,x,2,486.2064720214221,0.9870681242417216,other |H|=18 units=6 transl=7Z idx=14 char,l
aff21_wu_m128_seed4,21,7β,x,3,198.09070472242632,0.9999794191447375,other |H|=18 units=6 transl=7Z idx=14 char,r
aff21_wu_m128_seed4,21,7β,x,5,283.56573895199824,0.9874105667445787,other |H|=18 units=6 transl=7Z idx=14 char,l
aff21_wu_m128_seed4,21,7β,x,6,325.076193732891,0.9871018493574504,other |H|=18 units=6 transl=7Z idx=14 char,l
aff21_wu_m128_seed4,21,7β,x,7,235.56291592866702,0.9856937840940995,other |H|=18 units=6 transl=7Z idx=14 char,l
aff21_wu_m128_seed4,21,7β,x,8,359.92345874018986,0.9999747880176304,other |H|=18 units=6 transl=7Z idx=14 char,r
aff21_wu_m128_seed4,21,7β,x,9,352.1325655909529,0.9868395863507218,other |H|=18 units=6 transl=7Z idx=14 char,l
aff21_wu_m128_seed4,21,7β,x,10,480.28244340251854,0.9999735384276518,other |H|=18 units=6 transl=7Z idx=14 char,r
aff21_wu_m128_seed4,21,7β,x,11,359.52371917637146,0.9999568747083414,other |H|=18 units=6 transl=7Z idx=14 char,r
aff21_wu_m128_seed4,21,7β,x,12,248.87399866365956,0.9999821986496766,other |H|=18 units=6 transl=7Z idx=14 char,r
aff21_wu_m128_seed4,21,7β,x,15,218.1106272505448,0.99998289742348,other |H|=18 units=6 transl=7Z idx=14 char,r
aff21_wu_m128_seed4,21,7β,x,16,377.6287044284443,0.9999792205498532,other |H|=18 units=6 transl=7Z idx=14 char,r
aff21_wu_m128_seed4,21,7β,x,17,242.6800504761392,0.9999841346237431,other |H|=18 units=6 transl=7Z idx=14 char,r
aff21_wu_m128_seed4,21,7β,x,19,259.901343347013,0.9863088513445659,other |H|=18 units=6 transl=7Z idx=14 char,l
aff21_wu_m128_seed4,21,7β,x,20,363.20410770175124,0.9999505640269851,other |H|=18 units=6 transl=7Z idx=14 char,r
aff21_wu_m128_seed4,21,7β,x,21,167.24357112198035,0.9861166638093443,other |H|=18 units=6 transl=7Z idx=14 char,l
aff21_wu_m128_seed4,21,7β,x,22,378.3914495718432,0.9999835570364861,other |H|=18 units=6 transl=7Z idx=14 char,r
aff21_wu_m128_seed4,21,7β,x,23,385.53950076432255,0.9999670044802094,other |H|=18 units=6 transl=7Z idx=14 char,r
aff21_wu_m128_seed4,21,7β,x,24,421.8769997157098,0.9862153497013807,other |H|=18 units=6 transl=7Z idx=14 char,l
aff21_wu_m128_seed4,21,7β,x,25,387.2986231251275,0.9999827464178718,other |H|=18 units=6 transl=7Z idx=14 char,r
aff21_wu_m128_seed4,21,7β,x,26,402.83299346448115,0.9999800013489624,other |H|=18 units=6 transl=7Z idx=14 char,r
aff21_wu_m128_seed4,21,7β,x,27,246.1233710348558,0.9873738524996735,other |H|=18 units=6 transl=7Z idx=14 char,l
aff21_wu_m128_seed4,21,7β,x,28,439.4587299196111,0.9861425920602187,other |H|=18 units=6 transl=7Z idx=14 char,l
aff21_wu_m128_seed4,21,7β,x,29,287.8927179054978,0.9863636370395142,other |H|=18 units=6 transl=7Z idx=14 char,l
aff21_wu_m128_seed4,21,7β,x,30,406.4766542935863,0.9861413434821718,other |H|=18 units=6 transl=7Z idx=14 char,l
aff21_wu_m128_seed4,21,7β,x,31,260.93374978840353,0.9999887726553399,other |H|=18 units=6 transl=7Z idx=14 char,r
aff21_wu_m128_seed4,21,7β,x,32,436.88174616327416,0.9862973552807172,other |H|=18 units=6 transl=7Z idx=14 char,l
aff21_wu_m128_seed4,21,7β,x,33,229.26593560703805,0.9861157074771372,other |H|=18 units=6 transl=7Z idx=14 char,l
aff21_wu_m128_seed4,21,7β,x,34,177.20743974056808,0.9861193807208285,other |H|=18 units=6 transl=7Z idx=14 char,l
aff21_wu_m128_seed4,21,7β,x,36,390.1195464684857,0.9999642576487745,other |H|=18 units=6 transl=7Z idx=14 char,r
aff21_wu_m128_seed4,21,7β,x,38,419.97078259094314,0.9999544484816834,other |H|=18 units=6 transl=7Z idx=14 char,r
aff21_wu_m128_seed4,21,7β,x,39,269.6054247232658,0.9999686369476738,other |H|=18 units=6 transl=7Z idx=14 char,r
aff21_wu_m128_seed4,21,7β,x,42,156.00313412180813,0.9860561857972651,other |H|=18 units=6 transl=7Z idx=14 char,l
aff21_wu_m128_seed4,21,7β,x,43,420.60280074343575,0.9999764891584227,other |H|=18 units=6 transl=7Z idx=14 char,r
aff21_wu_m128_seed4,21,7β,x,45,362.350266823254,0.9999771381184627,other |H|=18 units=6 transl=7Z idx=14 char,r
aff21_wu_m128_seed4,21,7β,x,47,449.3788166609237,0.9859725934992555,other |H|=18 units=6 transl=7Z idx=14 char,l
aff21_wu_m128_seed4,21,7β,x,48,398.2392914501343,0.9999920954490152,other |H|=18 units=6 transl=7Z idx=14 char,r
aff21_wu_m128_seed4,21,7β,x,49,454.37884199482295,0.9871536414819061,other |H|=18 units=6 transl=7Z idx=14 char,l
aff21_wu_m128_seed4,21,7β,x,50,441.4799058501646,0.9860072224748304,other |H|=18 units=6 transl=7Z idx=14 char,l
aff21_wu_m128_seed4,21,7β,x,52,391.83974939771616,0.9873238298759496,other |H|=18 units=6 transl=7Z idx=14 char,l
aff21_wu_m128_seed4,21,7β,x,53,349.6403792610297,0.9999444533186581,other |H|=18 units=6 transl=7Z idx=14 char,r
aff21_wu_m128_seed4,21,7β,x,54,419.3818895939581,0.9999873564134159,other |H|=18 units=6 transl=7Z idx=14 char,r
aff21_wu_m128_seed4,21,7β,x,55,266.5751310349727,0.9999659570554056,other |H|=18 units=6 transl=7Z idx=14 char,r
aff21_wu_m128_seed4,21,7β,x,56,242.70921267465937,0.9868373089520236,other |H|=18 units=6 transl=7Z idx=14 char,l
aff21_wu_m128_seed4,21,7β,x,57,254.4185516794126,0.9878024369288818,other |H|=18 units=6 transl=7Z idx=14 char,l
aff21_wu_m128_seed4,21,7β,x,58,314.84782527094075,0.9860832768785337,other |H|=18 units=6 transl=7Z idx=14 char,l
aff21_wu_m128_seed4,21,7β,x,59,430.71741709822226,0.9873826533211035,other |H|=18 units=6 transl=7Z idx=14 char,l
aff21_wu_m128_seed4,21,7β,x,60,252.5789392205391,0.9858727443000785,other |H|=18 units=6 transl=7Z idx=14 char,l
aff21_wu_m128_seed4,21,7β,x,61,175.71063853733182,0.986154607716948,other |H|=18 units=6 transl=7Z idx=14 char,l
aff21_wu_m128_seed4,21,7β,x,62,351.2554678492552,0.9866187812862245,other |H|=18 units=6 transl=7Z idx=14 char,l
aff21_wu_m128_seed4,21,7β,x,67,375.7710311853739,0.9866819315830521,other |H|=18 units=6 transl=7Z idx=14 char,l
aff21_wu_m128_seed4,21,7β,x,69,455.98377439387605,0.9999742553900642,other |H|=18 units=6 transl=7Z idx=14 char,r
aff21_wu_m128_seed4,21,7β,x,70,441.33932732231835,0.999984977544743,other |H|=18 units=6 transl=7Z idx=14 char,r
aff21_wu_m128_seed4,21,7β,x,72,423.64493982973573,0.9999876814008696,other |H|=18 units=6 transl=7Z idx=14 char,r
aff21_wu_m128_seed4,21,7β,x,73,311.38114100209987,0.9863510783532821,other |H|=18 units=6 transl=7Z idx=14 char,l
aff21_wu_m128_seed4,21,7β,x,74,62.334279913662414,0.98679052113005,other |H|=18 units=6 transl=7Z idx=14 char,l
aff21_wu_m128_seed4,21,7β,x,75,438.0130324929832,0.9872526497456723,other |H|=18 units=6 transl=7Z idx=14 char,l
aff21_wu_m128_seed4,21,7β,x,76,265.50243827187165,0.9999795456428624,other |H|=18 units=6 transl=7Z idx=14 char,r
aff21_wu_m128_seed4,21,7β,x,78,213.1718949935288,0.999955773931546,other |H|=18 units=6 transl=7Z idx=14 char,r
aff21_wu_m128_seed4,21,7β,x,79,375.03031055727354,0.9999757506644131,other |H|=18 units=6 transl=7Z idx=14 char,r
aff21_wu_m128_seed4,21,7β,x,80,90.84440490468631,0.9998589825390677,other |H|=18 units=6 transl=7Z idx=14 char,r
aff21_wu_m128_seed4,21,7β,x,81,271.7597619739081,0.9997507119872502,other |H|=18 units=6 transl=7Z idx=14 char,r
aff21_wu_m128_seed4,21,7β,x,82,427.6792199837272,0.9861701028601129,other |H|=18 units=6 transl=7Z idx=14 char,l
aff21_wu_m128_seed4,21,7β,x,83,265.63914197498497,0.986913363632785,other |H|=18 units=6 transl=7Z idx=14 char,l
aff21_wu_m128_seed4,21,7β,x,84,476.9665581369768,0.985996360946789,other |H|=18 units=6 transl=7Z idx=14 char,l
aff21_wu_m128_seed4,21,7β,x,85,433.6571176798963,0.9867267161417838,other |H|=18 units=6 transl=7Z idx=14 char,l
aff21_wu_m128_seed4,21,7β,x,86,275.344991044477,0.9871860027470735,other |H|=18 units=6 transl=7Z idx=14 char,l
aff21_wu_m128_seed4,21,7β,x,87,361.4499551827326,0.9998640462513398,other |H|=18 units=6 transl=7Z idx=14 char,r
aff21_wu_m128_seed4,21,7β,x,88,273.22491584447965,0.9999758060332724,other |H|=18 units=6 transl=7Z idx=14 char,r
aff21_wu_m128_seed4,21,7β,x,89,407.3791420181666,0.9999696094073117,other |H|=18 units=6 transl=7Z idx=14 char,r
aff21_wu_m128_seed4,21,7β,x,90,268.75238223297947,0.9869196033534722,other |H|=18 units=6 transl=7Z idx=14 char,l
aff21_wu_m128_seed4,21,7β,x,91,427.4786223390099,0.9999781151009628,other |H|=18 units=6 transl=7Z idx=14 char,r
aff21_wu_m128_seed4,21,7β,x,95,360.0017665315384,0.9999754508328228,other |H|=18 units=6 transl=7Z idx=14 char,r
aff21_wu_m128_seed4,21,7β,x,96,378.6063908343688,0.9872630581124487,other |H|=18 units=6 transl=7Z idx=14 char,l
aff21_wu_m128_seed4,21,7β,x,97,229.34138842173348,0.9876752512334369,other |H|=18 units=6 transl=7Z idx=14 char,l
aff21_wu_m128_seed4,21,7β,x,98,347.4869098855097,0.9999808974876874,other |H|=18 units=6 transl=7Z idx=14 char,r
aff21_wu_m128_seed4,21,7β,x,100,306.41135090780455,0.9870059770105174,other |H|=18 units=6 transl=7Z idx=14 char,l
aff21_wu_m128_seed4,21,7β,x,101,338.5280444114809,0.9999851529818851,other |H|=18 units=6 transl=7Z idx=14 char,r
aff21_wu_m128_seed4,21,7β,x,102,442.2616745658987,0.9999834607769938,other |H|=18 units=6 transl=7Z idx=14 char,r
aff21_wu_m128_seed4,21,7β,x,104,412.55043386439735,0.9870863827394578,other |H|=18 units=6 transl=7Z idx=14 char,l
aff21_wu_m128_seed4,21,7β,x,105,91.25277061402647,0.9862449279045054,other |H|=18 units=6 transl=7Z idx=14 char,l
aff21_wu_m128_seed4,21,7β,x,106,397.7544078541329,0.9874647925207041,other |H|=18 units=6 transl=7Z idx=14 char,l
aff21_wu_m128_seed4,21,7β,x,107,370.10989884258987,0.9864495416892164,other |H|=18 units=6 transl=7Z idx=14 char,l
aff21_wu_m128_seed4,21,7β,x,109,289.11053817701594,0.9999521056220888,other |H|=18 units=6 transl=7Z idx=14 char,r
aff21_wu_m128_seed4,21,7β,x,110,402.46894188101135,0.9999806234627702,other |H|=18 units=6 transl=7Z idx=14 char,r
aff21_wu_m128_seed4,21,7β,x,111,374.5671764236001,0.9999862209741576,other |H|=18 units=6 transl=7Z idx=14 char,r
aff21_wu_m128_seed4,21,7β,x,112,394.504000530133,0.999945934090618,other |H|=18 units=6 transl=7Z idx=14 char,r
aff21_wu_m128_seed4,21,7β,x,113,413.7209345418673,0.9999852529593154,other |H|=18 units=6 transl=7Z idx=14 char,r
aff21_wu_m128_seed4,21,7β,x,114,349.54897969483994,0.9874161301347325,other |H|=18 units=6 transl=7Z idx=14 char,l
aff21_wu_m128_seed4,21,7β,x,115,56.169345414783585,0.9847805008739978,other |H|=18 units=6 transl=7Z idx=14 char,l
aff21_wu_m128_seed4,21,7β,x,117,388.29068372130365,0.9871732327941803,other |H|=18 units=6 transl=7Z idx=14 char,l
aff21_wu_m128_seed4,21,7β,x,119,92.3156615184276,0.9865690680391019,other |H|=18 units=6 transl=7Z idx=14 char,l
aff21_wu_m128_seed4,21,7β,x,120,467.36547067835824,0.9999721722287728,other |H|=18 units=6 transl=7Z idx=14 char,r
aff21_wu_m128_seed4,21,7β,x,121,400.23468273337437,0.9874164481557932,other |H|=18 units=6 transl=7Z idx=14 char,l
aff21_wu_m128_seed4,21,7β,x,123,363.4330358927826,0.999943242418614,other |H|=18 units=6 transl=7Z idx=14 char,r
aff21_wu_m128_seed4,21,7β,x,124,201.58478475351188,0.9872636508571218,other |H|=18 units=6 transl=7Z idx=14 char,l
aff21_wu_m128_seed4,21,7β,x,125,458.0724405367624,0.9871636205562435,other |H|=18 units=6 transl=7Z idx=14 char,l
aff21_wu_m128_seed4,21,7β,x,126,327.50836847876377,0.9999572821719154,other |H|=18 units=6 transl=7Z idx=14 char,r
aff21_wu_m128_seed4,21,7β,x,127,296.414671566591,0.9999897454870449,other |H|=18 units=6 transl=7Z idx=14 char,r
aff21_wu_m128_seed4,21,7β,y,0,474.9743493663562,0.9868437917533712,other |H|=18 units=6 transl=7Z idx=14 char,r
aff21_wu_m128_seed4,21,7β,y,1,361.89964975325466,0.986067032294573,other |H|=18 units=6 transl=7Z idx=14 char,r
aff21_wu_m128_seed4,21,7β,y,2,514.960315282042,0.9868222598310449,other |H|=18 units=6 transl=7Z idx=14 char,r
aff21_wu_m128_seed4,21,7β,y,3,198.51158579438507,0.9999837285235688,other |H|=18 units=6 transl=7Z idx=14 char,l
aff21_wu_m128_seed4,21,7β,y,5,284.31194738847734,0.9999786783909244,other |H|=18 units=6 transl=7Z idx=14 char,l
aff21_wu_m128_seed4,21,7β,y,6,324.09947108530656,0.9869382909786028,other |H|=18 units=6 transl=7Z idx=14 char,r
aff21_wu_m128_seed4,21,7β,y,7,273.61848811257477,0.9862756618109929,other |H|=18 units=6 transl=7Z idx=14 char,r
aff21_wu_m128_seed4,21,7β,y,8,360.28049886115934,0.9999835747442978,"S_x,7 (stabilizer mod 7) idx=7 char",l
aff21_wu_m128_seed4,21,7β,y,9,343.67424803802373,0.9866410493371492,other |H|=18 units=6 transl=7Z idx=14 char,r
aff21_wu_m128_seed4,21,7β,y,10,480.33656457067843,0.9999741902685656,other |H|=18 units=6 transl=7Z idx=14 char,l
aff21_wu_m128_seed4,21,7β,y,11,359.59484674795607,0.9999829189965129,other |H|=18 units=6 transl=7Z idx=14 char,l
aff21_wu_m128_seed4,21,7β,y,12,250.14290702790638,0.9999842732343917,other |H|=18 units=6 transl=7Z idx=14 char,l
aff21_wu_m128_seed4,21,7β,y,15,219.75152714054255,0.9999814589429656,other |H|=18 units=6 transl=7Z idx=14 char,l
aff21_wu_m128_seed4,21,7β,y,16,378.17826173186046,0.9864815570359475,other |H|=18 units=6 transl=7Z idx=14 char,r
aff21_wu_m128_seed4,21,7β,y,17,242.89674906013892,0.9999785236865399,other |H|=18 units=6 transl=7Z idx=14 char,l
aff21_wu_m128_seed4,21,7β,y,19,300.61769640361945,0.9999618928802643,other |H|=18 units=6 transl=7Z idx=14 char,l
aff21_wu_m128_seed4,21,7β,y,20,362.75491731203886,0.9999752311867396,other |H|=18 units=6 transl=7Z idx=14 char,l
aff21_wu_m128_seed4,21,7β,y,21,194.26745321559426,0.9865692503354225,other |H|=18 units=6 transl=7Z idx=14 char,r
aff21_wu_m128_seed4,21,7β,y,22,380.5080747446699,0.986653112764827,other |H|=18 units=6 transl=7Z idx=14 char,r
aff21_wu_m128_seed4,21,7β,y,23,383.0182257429699,0.9998769486859638,other |H|=18 units=6 transl=7Z idx=14 char,l
aff21_wu_m128_seed4,21,7β,y,24,423.3653495152478,0.9863862339961481,other |H|=18 units=6 transl=7Z idx=14 char,r
aff21_wu_m128_seed4,21,7β,y,25,388.0395580957683,0.986400994077386,other |H|=18 units=6 transl=7Z idx=14 char,r
aff21_wu_m128_seed4,21,7β,y,26,403.1969482029605,0.9865516206267242,other |H|=18 units=6 transl=7Z idx=14 char,r
aff21_wu_m128_seed4,21,7β,y,27,245.47598528143166,0.9999193461231604,other |H|=18 units=6 transl=7Z idx=14 char,l
aff21_wu_m128_seed4,21,7β,y,28,440.91593598220936,0.9999855229561748,other |H|=18 units=6 transl=7Z idx=14 char,l
aff21_wu_m128_seed4,21,7β,y,29,288.4909625345294,0.9999846677983805,other |H|=18 units=6 transl=7Z idx=14 char,l
aff21_wu_m128_seed4,21,7β,y,30,472.53468086179276,0.9999875122248689,other |H|=18 units=6 transl=7Z idx=14 char,l
aff21_wu_m128_seed4,21,7β,y,31,262.2148608620789,0.9999822311024721,other |H|=18 units=6 transl=7Z idx=14 char,l
aff21_wu_m128_seed4,21,7β,y,32,436.3866508379792,0.9865027202898685,other |H|=18 units=6 transl=7Z idx=14 char,r
aff21_wu_m128_seed4,21,7β,y,33,228.09163397319904,0.9854535111872307,other |H|=18 units=6 transl=7Z idx=14 char,r
aff21_wu_m128_seed4,21,7β,y,34,177.54376741708057,0.9866377081922928,other |H|=18 units=6 transl=7Z idx=14 char,r
aff21_wu_m128_seed4,21,7β,y,36,386.6398431802076,0.9999439159751742,other |H|=18 units=6 transl=7Z idx=14 char,l
aff21_wu_m128_seed4,21,7β,y,38,420.30566345138016,0.9999808276040935,"S_x,7 (stabilizer mod 7) idx=7 char",l
aff21_wu_m128_seed4,21,7β,y,39,237.59637523606344,0.9864967513998195,other |H|=18 units=6 transl=7Z idx=14 char,r
aff21_wu_m128_seed4,21,7β,y,42,180.84706373893732,0.9999528841879534,other |H|=18 units=6 transl=7Z idx=14 char,l
aff21_wu_m128_seed4,21,7β,y,43,363.1981410912309,0.98658869572045,other |H|=18 units=6 transl=7Z idx=14 char,r
aff21_wu_m128_seed4,21,7β,y,45,364.48085927633014,0.9999873256132148,other |H|=18 units=6 transl=7Z idx=14 char,l
aff21_wu_m128_seed4,21,7β,y,47,450.92629127307845,0.9999865678217237,other |H|=18 units=6 transl=7Z idx=14 char,l
aff21_wu_m128_seed4,21,7β,y,48,399.3375079983856,0.9999843195650158,other |H|=18 units=6 transl=7Z idx=14 char,l
aff21_wu_m128_seed4,21,7β,y,49,454.9561939283069,0.9999795888160905,other |H|=18 units=6 transl=7Z idx=14 char,l
aff21_wu_m128_seed4,21,7β,y,50,441.48944814456553,0.9999854694006114,other |H|=18 units=6 transl=7Z idx=14 char,l
aff21_wu_m128_seed4,21,7β,y,52,392.8042342926907,0.9999473303006675,other |H|=18 units=6 transl=7Z idx=14 char,l
aff21_wu_m128_seed4,21,7β,y,53,347.5557309082784,0.9999758661644224,"S_x,7 (stabilizer mod 7) idx=7 char",l
aff21_wu_m128_seed4,21,7β,y,54,417.98509757088294,0.9999729813930598,other |H|=18 units=6 transl=7Z idx=14 char,l
aff21_wu_m128_seed4,21,7β,y,55,264.57337871109195,0.9999712705429644,other |H|=18 units=6 transl=7Z idx=14 char,l
aff21_wu_m128_seed4,21,7β,y,56,243.05950814206705,0.9865929469122664,other |H|=18 units=6 transl=7Z idx=14 char,r
aff21_wu_m128_seed4,21,7β,y,57,293.43233936429795,0.9999786173043737,other |H|=18 units=6 transl=7Z idx=14 char,l
aff21_wu_m128_seed4,21,7β,y,58,367.0837700761261,0.9866734843392394,other |H|=18 units=6 transl=7Z idx=14 char,r
aff21_wu_m128_seed4,21,7β,y,59,429.33286123405287,0.9999795637087052,other |H|=18 units=6 transl=7Z idx=14 char,l
aff21_wu_m128_seed4,21,7β,y,60,252.83507941660773,0.9864978874024679,other |H|=18 units=6 transl=7Z idx=14 char,r
aff21_wu_m128_seed4,21,7β,y,61,203.7476458978991,0.9864415184112464,other |H|=18 units=6 transl=7Z idx=14 char,r
aff21_wu_m128_seed4,21,7β,y,62,408.6315932842561,0.986697553098525,other |H|=18 units=6 transl=7Z idx=14 char,r
aff21_wu_m128_seed4,21,7β,y,67,436.02188539654094,0.9999577168052376,other |H|=18 units=6 transl=7Z idx=14 char,l
aff21_wu_m128_seed4,21,7β,y,69,457.0778906668029,0.9871919723952957,other |H|=18 units=6 transl=7Z idx=14 char,r
aff21_wu_m128_seed4,21,7β,y,70,442.2626911106407,0.9999846518142704,other |H|=18 units=6 transl=7Z idx=14 char,l
aff21_wu_m128_seed4,21,7β,y,72,425.9138967794945,0.9864901283297167,other |H|=18 units=6 transl=7Z idx=14 char,r
aff21_wu_m128_seed4,21,7β,y,73,362.12452878254675,0.9867162537755694,other |H|=18 units=6 transl=7Z idx=14 char,r
aff21_wu_m128_seed4,21,7β,y,74,72.08900113089787,0.9999768606878293,other |H|=18 units=6 transl=7Z idx=14 char,l
aff21_wu_m128_seed4,21,7β,y,75,439.6961204028565,0.9999791929372378,other |H|=18 units=6 transl=7Z idx=14 char,l
aff21_wu_m128_seed4,21,7β,y,76,266.5224083212052,0.9865579353421711,other |H|=18 units=6 transl=7Z idx=14 char,r
aff21_wu_m128_seed4,21,7β,y,78,212.9114655493702,0.9999763588173821,"S_x,7 (stabilizer mod 7) idx=7 char",l
aff21_wu_m128_seed4,21,7β,y,79,375.02047654666944,0.9999804428799689,other |H|=18 units=6 transl=7Z idx=14 char,l
aff21_wu_m128_seed4,21,7β,y,80,105.6123285650719,0.9867992359369079,other |H|=18 units=6 transl=7Z idx=14 char,r
aff21_wu_m128_seed4,21,7β,y,81,310.1248286360677,0.9866374027563288,other |H|=18 units=6 transl=7Z idx=14 char,r
aff21_wu_m128_seed4,21,7β,y,82,429.88099843207266,0.9864526629880571,other |H|=18 units=6 transl=7Z idx=14 char,r
aff21_wu_m128_seed4,21,7β,y,83,307.0986368720003,0.9870700613964872,other |H|=18 units=6 transl=7Z idx=14 char,r
aff21_wu_m128_seed4,21,7β,y,84,480.42444909141216,0.9999787039700578,other |H|=18 units=6 transl=7Z idx=14 char,l
aff21_wu_m128_seed4,21,7β,y,85,433.3726576747487,0.9861808147141544,other |H|=18 units=6 transl=7Z idx=14 char,r
aff21_wu_m128_seed4,21,7β,y,86,269.68618328773533,0.9868408802128037,other |H|=18 units=6 transl=7Z idx=14 char,r
aff21_wu_m128_seed4,21,7β,y,87,359.8115847878181,0.999977016800503,other |H|=18 units=6 transl=7Z idx=14 char,l
aff21_wu_m128_seed4,21,7β,y,88,274.1956560432834,0.9865726985992038,other |H|=18 units=6 transl=7Z idx=14 char,r
aff21_wu_m128_seed4,21,7β,y,89,349.21511611823803,0.9866752719267555,other |H|=18 units=6 transl=7Z idx=14 char,r
aff21_wu_m128_seed4,21,7β,y,90,265.66730161388324,0.9864678433049976,other |H|=18 units=6 transl=7Z idx=14 char,r
aff21_wu_m128_seed4,21,7β,y,91,427.8649434545,0.9999803790482569,other |H|=18 units=6 transl=7Z idx=14 char,l
aff21_wu_m128_seed4,21,7β,y,95,359.7359531403224,0.9999775823729581,other |H|=18 units=6 transl=7Z idx=14 char,l
aff21_wu_m128_seed4,21,7β,y,96,378.06669599490886,0.987121606490372,other |H|=18 units=6 transl=7Z idx=14 char,r
aff21_wu_m128_seed4,21,7β,y,97,262.55330200661257,0.987504780472667,other |H|=18 units=6 transl=7Z idx=14 char,r
aff21_wu_m128_seed4,21,7β,y,98,349.0990726977886,0.9999871140839868,other |H|=18 units=6 transl=7Z idx=14 char,l
aff21_wu_m128_seed4,21,7β,y,100,353.0633747475479,0.9998878826861208,other |H|=18 units=6 transl=7Z idx=14 char,l
aff21_wu_m128_seed4,21,7β,y,101,338.7439950018617,0.9864393042746341,other |H|=18 units=6 transl=7Z idx=14 char,r
aff21_wu_m128_seed4,21,7β,y,102,444.5258225682941,0.9999784531366758,other |H|=18 units=6 transl=7Z idx=14 char,l
aff21_wu_m128_seed4,21,7β,y,104,410.72723081575435,0.9867391453339274,other |H|=18 units=6 transl=7Z idx=14 char,r
aff21_wu_m128_seed4,21,7β,y,105,91.50220958073483,0.9999488228792405,other |H|=18 units=6 transl=7Z idx=14 char,l
aff21_wu_m128_seed4,21,7β,y,106,337.31692035986083,0.9870273613539726,other |H|=18 units=6 transl=7Z idx=14 char,r
aff21_wu_m128_seed4,21,7β,y,107,372.7811483467894,0.9860500163675421,other |H|=18 units=6 transl=7Z idx=14 char,r
aff21_wu_m128_seed4,21,7β,y,109,288.673605393126,0.999983402751308,other |H|=18 units=6 transl=7Z idx=14 char,l
aff21_wu_m128_seed4,21,7β,y,110,402.7363408382723,0.9999760085980396,other |H|=18 units=6 transl=7Z idx=14 char,l
aff21_wu_m128_seed4,21,7β,y,111,376.31012830086695,0.9863761941440418,other |H|=18 units=6 transl=7Z idx=14 char,r
aff21_wu_m128_seed4,21,7β,y,112,393.99444401920505,0.9999824897693761,other |H|=18 units=6 transl=7Z idx=14 char,l
aff21_wu_m128_seed4,21,7β,y,113,414.0681357599673,0.9863878211970005,other |H|=18 units=6 transl=7Z idx=14 char,r
aff21_wu_m128_seed4,21,7β,y,114,348.5392239607672,0.9999402394612854,other |H|=18 units=6 transl=7Z idx=14 char,l
aff21_wu_m128_seed4,21,7β,y,115,42.6571470800279,0.984493387414993,other |H|=18 units=6 transl=7Z idx=14 char,r
aff21_wu_m128_seed4,21,7β,y,117,387.37989586206015,0.9999593229316814,other |H|=18 units=6 transl=7Z idx=14 char,l
aff21_wu_m128_seed4,21,7β,y,119,92.21765289767399,0.9866679429543057,other |H|=18 units=6 transl=7Z idx=14 char,r
aff21_wu_m128_seed4,21,7β,y,120,467.14784312187265,0.9999702617079321,other |H|=18 units=6 transl=7Z idx=14 char,l
aff21_wu_m128_seed4,21,7β,y,121,394.43096435819604,0.9997347692943802,other |H|=18 units=6 transl=7Z idx=14 char,l
aff21_wu_m128_seed4,21,7β,y,123,363.4400282851085,0.9999802643150515,other |H|=18 units=6 transl=7Z idx=14 char,l
aff21_wu_m128_seed4,21,7β,y,124,200.69335775234555,0.9867928417094667,other |H|=18 units=6 transl=7Z idx=14 char,r
aff21_wu_m128_seed4,21,7β,y,125,459.22118397221436,0.9999778891133818,other |H|=18 units=6 transl=7Z idx=14 char,l
aff21_wu_m128_seed4,21,7β,y,126,325.2920453510787,0.9999785446531606,other |H|=18 units=6 transl=7Z idx=14 char,l
aff21_wu_m128_seed4,21,7β,y,127,298.2028304105535,0.9864014862183944,other |H|=18 units=6 transl=7Z idx=14 char,r
aff21_wu_m128_seed5,21,7,x,43,259.9124477910979,0.9999785624868126,"S_x,7 (stabilizer mod 7) idx=7 triv",r
aff21_wu_m128_seed5,21,7,x,49,254.6443713499995,0.9999796296321763,other |H|=18 units=6 transl=7Z idx=14 triv,r
aff21_wu_m128_seed5,21,7,x,51,128.35490345586078,0.9999828621114499,other |H|=18 units=6 transl=7Z idx=14 triv,r
aff21_wu_m128_seed5,21,7,x,58,269.83651029616885,0.9999807199344389,"S_x,7 (stabilizer mod 7) idx=7 triv",r
aff21_wu_m128_seed5,21,7,x,68,276.4555191704678,0.9999817828097881,"S_x,7 (stabilizer mod 7) idx=7 triv",r
aff21_wu_m128_seed5,21,7,x,78,116.33781237136685,0.99998194632549,other |H|=18 units=6 transl=7Z idx=14 triv,r
aff21_wu_m128_seed5,21,7,x,103,273.88347232754387,0.9999821562404112,"S_x,7 (stabilizer mod 7) idx=7 triv",r
aff21_wu_m128_seed5,21,7,x,104,274.3278680632275,0.9999819558549088,other |H|=18 units=6 transl=7Z idx=14 triv,r
aff21_wu_m128_seed5,21,7,x,106,266.19442883478496,0.9999810155594563,"S_x,7 (stabilizer mod 7) idx=7 triv",r
aff21_wu_m128_seed5,21,7,x,108,267.9123820744086,0.9999814256029252,other |H|=18 units=6 transl=7Z idx=14 triv,r
aff21_wu_m128_seed5,21,7,x,109,265.6075002055511,0.9999762247640847,other |H|=18 units=6 transl=7Z idx=14 triv,r
aff21_wu_m128_seed5,21,7,x,113,275.8958974608558,0.9999825698245226,other |H|=18 units=6 transl=7Z idx=14 triv,r
aff21_wu_m128_seed5,21,7,x,118,264.08644974289496,0.9999786475023477,other |H|=18 units=6 transl=7Z idx=14 triv,r
aff21_wu_m128_seed5,21,7,y,43,260.8762328490166,0.9999833313277936,other |H|=18 units=6 transl=7Z idx=14 triv,l
aff21_wu_m128_seed5,21,7,y,49,255.0215098777586,0.9999833067176046,other |H|=18 units=6 transl=7Z idx=14 triv,l
aff21_wu_m128_seed5,21,7,y,51,128.8183499640299,0.9999786617540802,"S_x,7 (stabilizer mod 7) idx=7 triv",l
aff21_wu_m128_seed5,21,7,y,58,270.0255840294057,0.9999883236191396,other |H|=18 units=6 transl=7Z idx=14 triv,l
aff21_wu_m128_seed5,21,7,y,68,277.32732932951103,0.9999857668159913,other |H|=18 units=6 transl=7Z idx=14 triv,l
aff21_wu_m128_seed5,21,7,y,78,116.79875999766438,0.9999858497447257,other |H|=18 units=6 transl=7Z idx=14 triv,l
aff21_wu_m128_seed5,21,7,y,103,274.52323584478705,0.9999851452034921,other |H|=18 units=6 transl=7Z idx=14 triv,l
aff21_wu_m128_seed5,21,7,y,104,274.84783431148173,0.9999877005998379,other |H|=18 units=6 transl=7Z idx=14 triv,l
aff21_wu_m128_seed5,21,7,y,106,266.8985031327458,0.9999830738045897,"S_x,7 (stabilizer mod 7) idx=7 triv",l
aff21_wu_m128_seed5,21,7,y,108,267.65166174473893,0.9999860100605206,other |H|=18 units=6 transl=7Z idx=14 triv,l
aff21_wu_m128_seed5,21,7,y,109,265.5529586224679,0.9999861117204785,other |H|=18 units=6 transl=7Z idx=14 triv,l
aff21_wu_m128_seed5,21,7,y,113,276.50137946146145,0.999985276247827,other |H|=18 units=6 transl=7Z idx=14 triv,l
aff21_wu_m128_seed5,21,7,y,118,263.96157131413054,0.9999858788811576,other |H|=18 units=6 transl=7Z idx=14 triv,l
aff21_wu_m128_seed5,21,7β,x,0,469.9195448297909,0.9487768581300385,other |H|=18 units=6 transl=7Z idx=14 char,l
aff21_wu_m128_seed5,21,7β,x,1,293.9431968524607,0.9486311543055019,other |H|=18 units=6 transl=7Z idx=14 char,l
aff21_wu_m128_seed5,21,7β,x,2,300.9510027563962,0.948648032087651,other |H|=18 units=6 transl=7Z idx=14 char,l
aff21_wu_m128_seed5,21,7β,x,3,220.54749964608476,0.9492384625485136,other |H|=18 units=6 transl=7Z idx=14 char,l
aff21_wu_m128_seed5,21,7β,x,4,414.86148522794525,0.9483868096914406,other |H|=18 units=6 transl=7Z idx=14 char,l
aff21_wu_m128_seed5,21,7β,x,5,476.432939436311,0.9488766571719974,other |H|=18 units=6 transl=7Z idx=14 char,l
aff21_wu_m128_seed5,21,7β,x,6,428.9834387223506,0.9483589911103715,other |H|=18 units=6 transl=7Z idx=14 char,l
aff21_wu_m128_seed5,21,7β,x,7,592.0993413066371,0.9999679686860865,other |H|=18 units=6 transl=7Z idx=14 char,r
aff21_wu_m128_seed5,21,7β,x,8,431.87708834052466,0.9999677373275316,other |H|=18 units=6 transl=7Z idx=14 char,r
aff21_wu_m128_seed5,21,7β,x,9,494.3513134030471,0.9488194714233023,other |H|=18 units=6 transl=7Z idx=14 char,l
aff21_wu_m128_seed5,21,7β,x,13,633.5234855323572,0.94880422722946,other |H|=18 units=6 transl=7Z idx=14 char,l
aff21_wu_m128_seed5,21,7β,x,14,455.50685557021126,0.9478103800091717,other |H|=18 units=6 transl=7Z idx=14 char,l
aff21_wu_m128_seed5,21,7β,x,15,343.8124272332709,0.9999454699226858,other |H|=18 units=6 transl=7Z idx=14 char,r
aff21_wu_m128_seed5,21,7β,x,16,262.6922511293023,0.9478086751734853,other |H|=18 units=6 transl=7Z idx=14 char,l
aff21_wu_m128_seed5,21,7β,x,17,535.8703415083514,0.9479152160055604,other |H|=18 units=6 transl=7Z idx=14 char,l
aff21_wu_m128_seed5,21,7β,x,18,556.8213796992668,0.9491368683761906,other |H|=18 units=6 transl=7Z idx=14 char,l
aff21_wu_m128_seed5,21,7β,x,19,552.0663958081213,0.9489096278689716,other |H|=18 units=6 transl=7Z idx=14 char,l
aff21_wu_m128_seed5,21,7β,x,20,432.87311081240676,0.9488493190032549,other |H|=18 units=6 transl=7Z idx=14 char,l
aff21_wu_m128_seed5,21,7β,x,22,689.0709653074582,0.9489645012596556,other |H|=18 units=6 transl=7Z idx=14 char,l
aff21_wu_m128_seed5,21,7β,x,23,520.3396830958452,0.9477278122207635,other |H|=18 units=6 transl=7Z idx=14 char,l
aff21_wu_m128_seed5,21,7β,x,24,319.63135691944694,0.9487819853968518,other |H|=18 units=6 transl=7Z idx=14 char,l
aff21_wu_m128_seed5,21,7β,x,25,553.8810027847701,0.9476980400300592,other |H|=18 units=6 transl=7Z idx=14 char,l
aff21_wu_m128_seed5,21,7β,x,26,417.95934668961695,0.948719365623615,other |H|=18 units=6 transl=7Z idx=14 char,l
aff21_wu_m128_seed5,21,7β,x,27,710.821186236795,0.9487743026177421,other |H|=18 units=6 transl=7Z idx=14 char,l
aff21_wu_m128_seed5,21,7β,x,28,128.82008999378124,0.9486369517146047,other |H|=18 units=6 transl=7Z idx=14 char,l
aff21_wu_m128_seed5,21,7β,x,29,511.67287353796894,0.9484983520972429,other |H|=18 units=6 transl=7Z idx=14 char,l
aff21_wu_m128_seed5,21,7β,x,31,421.2787436517454,0.9999629108810456,other |H|=18 units=6 transl=7Z idx=14 char,r
aff21_wu_m128_seed5,21,7β,x,32,309.70601852043745,0.9486432380888915,other |H|=18 units=6 transl=7Z idx=14 char,l
aff21_wu_m128_seed5,21,7β,x,33,410.03495097673493,0.9492138803300982,other |H|=18 units=6 transl=7Z idx=14 char,l
aff21_wu_m128_seed5,21,7β,x,34,392.3576841799548,0.9484326042781712,other |H|=18 units=6 transl=7Z idx=14 char,l
aff21_wu_m128_seed5,21,7β,x,35,366.41592550582567,0.9485448389679048,other |H|=18 units=6 transl=7Z idx=14 char,l
aff21_wu_m128_seed5,21,7β,x,36,733.0200790118341,0.9489664728339114,other |H|=18 units=6 transl=7Z idx=14 char,l
aff21_wu_m128_seed5,21,7β,x,37,364.480541753401,0.9481567219861039,other |H|=18 units=6 transl=7Z idx=14 char,l
aff21_wu_m128_seed5,21,7β,x,38,267.7706358408477,0.9486016324781231,other |H|=18 units=6 transl=7Z idx=14 char,l
aff21_wu_m128_seed5,21,7β,x,39,332.83373568189506,0.9477477505608106,other |H|=18 units=6 transl=7Z idx=14 char,l
aff21_wu_m128_seed5,21,7β,x,40,331.9952302448556,0.9485535090285775,other |H|=18 units=6 transl=7Z idx=14 char,l
aff21_wu_m128_seed5,21,7β,x,41,548.0649464380388,0.948943100678979,other |H|=18 units=6 transl=7Z idx=14 char,l
aff21_wu_m128_seed5,21,7β,x,42,500.6948350983006,0.9999465717609033,other |H|=18 units=6 transl=7Z idx=14 char,r
aff21_wu_m128_seed5,21,7β,x,44,620.2469073726917,0.9489173327033756,other |H|=18 units=6 transl=7Z idx=14 char,l
aff21_wu_m128_seed5,21,7β,x,46,455.3385164544935,0.9478059319211986,other |H|=18 units=6 transl=7Z idx=14 char,l
aff21_wu_m128_seed5,21,7β,x,47,407.10237759919545,0.9999626478549491,other |H|=18 units=6 transl=7Z idx=14 char,r
aff21_wu_m128_seed5,21,7β,x,48,530.5631430469307,0.947753084122886,other |H|=18 units=6 transl=7Z idx=14 char,l
aff21_wu_m128_seed5,21,7β,x,50,381.5555994608088,0.9999645153566655,other |H|=18 units=6 transl=7Z idx=14 char,r
aff21_wu_m128_seed5,21,7β,x,52,268.86599774682423,0.9999598269269744,other |H|=18 units=6 transl=7Z idx=14 char,r
aff21_wu_m128_seed5,21,7β,x,53,441.0976725567793,0.9487181950077063,other |H|=18 units=6 transl=7Z idx=14 char,l
aff21_wu_m128_seed5,21,7β,x,55,376.03390051380546,0.948539323587441,other |H|=18 units=6 transl=7Z idx=14 char,l
aff21_wu_m128_seed5,21,7β,x,56,414.3555782734077,0.9479528977920649,other |H|=18 units=6 transl=7Z idx=14 char,l
aff21_wu_m128_seed5,21,7β,x,57,537.9985214402151,0.9477449175900424,other |H|=18 units=6 transl=7Z idx=14 char,l
aff21_wu_m128_seed5,21,7β,x,59,347.131833986209,0.9999190918439563,other |H|=18 units=6 transl=7Z idx=14 char,r
aff21_wu_m128_seed5,21,7β,x,62,445.89218514349415,0.9484748219791629,other |H|=18 units=6 transl=7Z idx=14 char,l
aff21_wu_m128_seed5,21,7β,x,65,709.3869638318835,0.948967686636317,other |H|=18 units=6 transl=7Z idx=14 char,l
aff21_wu_m128_seed5,21,7β,x,66,395.9621270062891,0.9478988824200493,other |H|=18 units=6 transl=7Z idx=14 char,l
aff21_wu_m128_seed5,21,7β,x,67,145.22644402255554,0.9486980457002545,other |H|=18 units=6 transl=7Z idx=14 char,l
aff21_wu_m128_seed5,21,7β,x,69,192.61440470676828,0.9488672288869878,other |H|=18 units=6 transl=7Z idx=14 char,l
aff21_wu_m128_seed5,21,7β,x,70,541.6157546381983,0.9491079280968376,other |H|=18 units=6 transl=7Z idx=14 char,l
aff21_wu_m128_seed5,21,7β,x,71,540.5391162487733,0.9485785908875646,other |H|=18 units=6 transl=7Z idx=14 char,l
aff21_wu_m128_seed5,21,7β,x,72,192.08125310415346,0.9486843539620535,other |H|=18 units=6 transl=7Z idx=14 char,l
aff21_wu_m128_seed5,21,7β,x,73,472.9737083445096,0.9488972209382678,other |H|=18 units=6 transl=7Z idx=14 char,l
aff21_wu_m128_seed5,21,7β,x,76,500.4237110332071,0.9487716896752291,other |H|=18 units=6 transl=7Z idx=14 char,l
aff21_wu_m128_seed5,21,7β,x,81,467.39697551221764,0.9999716246167084,other |H|=18 units=6 transl=7Z idx=14 char,r
aff21_wu_m128_seed5,21,7β,x,83,479.7271787484649,0.9478458680961932,other |H|=18 units=6 transl=7Z idx=14 char,l
aff21_wu_m128_seed5,21,7β,x,84,658.2231668176582,0.9483523449011672,other |H|=18 units=6 transl=7Z idx=14 char,l
aff21_wu_m128_seed5,21,7β,x,85,464.606036835046,0.9485645288299062,other |H|=18 units=6 transl=7Z idx=14 char,l
aff21_wu_m128_seed5,21,7β,x,86,489.4286253887458,0.9999620563845782,other |H|=18 units=6 transl=7Z idx=14 char,r
aff21_wu_m128_seed5,21,7β,x,88,316.1328641054421,0.9486078056713436,other |H|=18 units=6 transl=7Z idx=14 char,l
aff21_wu_m128_seed5,21,7β,x,91,620.7062860215705,0.9488227655542958,other |H|=18 units=6 transl=7Z idx=14 char,l
aff21_wu_m128_seed5,21,7β,x,92,539.9139965207532,0.9488900299386824,other |H|=18 units=6 transl=7Z idx=14 char,l
aff21_wu_m128_seed5,21,7β,x,93,681.9101536588481,0.9489194800209622,other |H|=18 units=6 transl=7Z idx=14 char,l
aff21_wu_m128_seed5,21,7β,x,94,474.18081383018006,0.9487372489655277,other |H|=18 units=6 transl=7Z idx=14 char,l
aff21_wu_m128_seed5,21,7β,x,96,485.2464925421942,0.9486572674805447,other |H|=18 units=6 transl=7Z idx=14 char,l
aff21_wu_m128_seed5,21,7β,x,97,471.19826178686174,0.9484223524536466,other |H|=18 units=6 transl=7Z idx=14 char,l
aff21_wu_m128_seed5,21,7β,x,99,327.0340634283028,0.9999621835429684,other |H|=18 units=6 transl=7Z idx=14 char,r
aff21_wu_m128_seed5,21,7β,x,100,415.80792281303206,0.9486279295094383,other |H|=18 units=6 transl=7Z idx=14 char,l
aff21_wu_m128_seed5,21,7β,x,101,496.6714930393657,0.9999378906955859,other |H|=18 units=6 transl=7Z idx=14 char,r
aff21_wu_m128_seed5,21,7β,x,105,549.0354263089216,0.9487598817629026,other |H|=18 units=6 transl=7Z idx=14 char,l
aff21_wu_m128_seed5,21,7β,x,111,424.4782134951124,0.9999642963884009,other |H|=18 units=6 transl=7Z idx=14 char,r
aff21_wu_m128_seed5,21,7β,x,112,558.8311650303588,0.9489586351433722,other |H|=18 units=6 transl=7Z idx=14 char,l
aff21_wu_m128_seed5,21,7β,x,115,468.5705931011486,0.9485631315005287,other |H|=18 units=6 transl=7Z idx=14 char,l
aff21_wu_m128_seed5,21,7β,x,119,436.8778092884447,0.9999697389193842,other |H|=18 units=6 transl=7Z idx=14 char,r
aff21_wu_m128_seed5,21,7β,x,120,541.353137759842,0.9488186508095691,other |H|=18 units=6 transl=7Z idx=14 char,l
aff21_wu_m128_seed5,21,7β,x,121,668.160996565449,0.948633859504498,other |H|=18 units=6 transl=7Z idx=14 char,l
aff21_wu_m128_seed5,21,7β,x,122,449.50930095629997,0.9487534088382562,other |H|=18 units=6 transl=7Z idx=14 char,l
aff21_wu_m128_seed5,21,7β,x,123,634.2313677810778,0.9488772763809573,other |H|=18 units=6 transl=7Z idx=14 char,l
aff21_wu_m128_seed5,21,7β,x,124,563.4217026187929,0.9479794156372301,other |H|=18 units=6 transl=7Z idx=14 char,l
aff21_wu_m128_seed5,21,7β,x,126,598.1508399882848,0.9485881408065124,other |H|=18 units=6 transl=7Z idx=14 char,l
aff21_wu_m128_seed5,21,7β,x,127,488.1355166460107,0.999940960280205,other |H|=18 units=6 transl=7Z idx=14 char,r
aff21_wu_m128_seed5,21,7β,y,0,474.20401259196194,0.9482472094039615,other |H|=18 units=6 transl=7Z idx=14 char,r
aff21_wu_m128_seed5,21,7β,y,1,294.8890829626801,0.9481059476403411,other |H|=18 units=6 transl=7Z idx=14 char,r
aff21_wu_m128_seed5,21,7β,y,2,300.07074239530334,0.9478315390530184,other |H|=18 units=6 transl=7Z idx=14 char,r
aff21_wu_m128_seed5,21,7β,y,3,222.3161558218879,0.9497630611612402,other |H|=18 units=6 transl=7Z idx=14 char,r
aff21_wu_m128_seed5,21,7β,y,4,413.7193125924137,0.9482279403474436,other |H|=18 units=6 transl=7Z idx=14 char,r
aff21_wu_m128_seed5,21,7β,y,5,476.4270300419116,0.9482553669456326,other |H|=18 units=6 transl=7Z idx=14 char,r
aff21_wu_m128_seed5,21,7β,y,6,430.92378585577745,0.9481175505518519,other |H|=18 units=6 transl=7Z idx=14 char,r
aff21_wu_m128_seed5,21,7β,y,7,592.9629725315181,0.9999539318548044,other |H|=18 units=6 transl=7Z idx=14 char,l
aff21_wu_m128_seed5,21,7β,y,8,432.3708169452089,0.9999316454309259,other |H|=18 units=6 transl=7Z idx=14 char,l
aff21_wu_m128_seed5,21,7β,y,9,491.3440481630999,0.948097846649303,other |H|=18 units=6 transl=7Z idx=14 char,r
aff21_wu_m128_seed5,21,7β,y,13,621.3680384771037,0.9487329883407508,other |H|=18 units=6 transl=7Z idx=14 char,r
aff21_wu_m128_seed5,21,7β,y,14,456.4690191015696,0.9487634328306151,other |H|=18 units=6 transl=7Z idx=14 char,r
aff21_wu_m128_seed5,21,7β,y,15,342.6933766458126,0.9999296940642564,other |H|=18 units=6 transl=7Z idx=14 char,l
aff21_wu_m128_seed5,21,7β,y,16,264.2769877081726,0.9491223347104575,other |H|=18 units=6 transl=7Z idx=14 char,r
aff21_wu_m128_seed5,21,7β,y,17,537.2945598325498,0.9484838975300545,other |H|=18 units=6 transl=7Z idx=14 char,r
aff21_wu_m128_seed5,21,7β,y,18,564.5482403002883,0.9495111452029928,other |H|=18 units=6 transl=7Z idx=14 char,r
aff21_wu_m128_seed5,21,7β,y,19,560.2810172036511,0.9487327390017231,other |H|=18 units=6 transl=7Z idx=14 char,r
aff21_wu_m128_seed5,21,7β,y,20,429.07009959080307,0.9489079110654121,other |H|=18 units=6 transl=7Z idx=14 char,r
aff21_wu_m128_seed5,21,7β,y,22,698.9921024751984,0.9491752543686527,other |H|=18 units=6 transl=7Z idx=14 char,r
aff21_wu_m128_seed5,21,7β,y,23,527.1715753010687,0.949488286775987,other |H|=18 units=6 transl=7Z idx=14 char,r
aff21_wu_m128_seed5,21,7β,y,24,321.3986360372444,0.948840003670367,other |H|=18 units=6 transl=7Z idx=14 char,r
aff21_wu_m128_seed5,21,7β,y,25,555.9302548903612,0.9481019144316359,other |H|=18 units=6 transl=7Z idx=14 char,r
aff21_wu_m128_seed5,21,7β,y,26,421.79221073235,0.9492805222566671,other |H|=18 units=6 transl=7Z idx=14 char,r
aff21_wu_m128_seed5,21,7β,y,27,703.8954723230318,0.9487336490113039,other |H|=18 units=6 transl=7Z idx=14 char,r
aff21_wu_m128_seed5,21,7β,y,28,129.34474016185249,0.9481451366407339,other |H|=18 units=6 transl=7Z idx=14 char,r
aff21_wu_m128_seed5,21,7β,y,29,522.0231393722671,0.9486767793637295,other |H|=18 units=6 transl=7Z idx=14 char,r
aff21_wu_m128_seed5,21,7β,y,31,420.42343701517785,0.9999500588458391,other |H|=18 units=6 transl=7Z idx=14 char,l
aff21_wu_m128_seed5,21,7β,y,32,309.5265938149719,0.9482175645529215,other |H|=18 units=6 transl=7Z idx=14 char,r
aff21_wu_m128_seed5,21,7β,y,33,412.3957355766436,0.9487398246294588,other |H|=18 units=6 transl=7Z idx=14 char,r
aff21_wu_m128_seed5,21,7β,y,34,393.5525383141997,0.949549483207616,other |H|=18 units=6 transl=7Z idx=14 char,r
aff21_wu_m128_seed5,21,7β,y,35,365.257979033808,0.9480568698283753,other |H|=18 units=6 transl=7Z idx=14 char,r
aff21_wu_m128_seed5,21,7β,y,36,727.4639318577549,0.9488167498991323,other |H|=18 units=6 transl=7Z idx=14 char,r
aff21_wu_m128_seed5,21,7β,y,37,363.01928806762817,0.9476557178291838,other |H|=18 units=6 transl=7Z idx=14 char,r
aff21_wu_m128_seed5,21,7β,y,38,267.25488455916167,0.9480236748920338,other |H|=18 units=6 transl=7Z idx=14 char,r
aff21_wu_m128_seed5,21,7β,y,39,333.22869079199097,0.9482705424480778,other |H|=18 units=6 transl=7Z idx=14 char,r
aff21_wu_m128_seed5,21,7β,y,40,333.2817324711332,0.948481575040153,other |H|=18 units=6 transl=7Z idx=14 char,r
aff21_wu_m128_seed5,21,7β,y,41,550.4380032411485,0.9484924165801819,other |H|=18 units=6 transl=7Z idx=14 char,r
aff21_wu_m128_seed5,21,7β,y,42,501.92886666021474,0.9999578767688906,other |H|=18 units=6 transl=7Z idx=14 char,l
aff21_wu_m128_seed5,21,7β,y,44,613.3044707081984,0.9488143015764058,other |H|=18 units=6 transl=7Z idx=14 char,r
aff21_wu_m128_seed5,21,7β,y,46,457.5569788244836,0.9482528659645283,other |H|=18 units=6 transl=7Z idx=14 char,r
aff21_wu_m128_seed5,21,7β,y,47,409.25402542578263,0.9999325540331986,other |H|=18 units=6 transl=7Z idx=14 char,l
aff21_wu_m128_seed5,21,7β,y,48,538.4895571204605,0.9494393372198462,other |H|=18 units=6 transl=7Z idx=14 char,r
aff21_wu_m128_seed5,21,7β,y,50,381.84420870484723,0.9999474163156857,other |H|=18 units=6 transl=7Z idx=14 char,l
aff21_wu_m128_seed5,21,7β,y,52,268.25080212641063,0.9999504737164774,other |H|=18 units=6 transl=7Z idx=14 char,l
aff21_wu_m128_seed5,21,7β,y,53,438.89662547081593,0.9486611028307925,other |H|=18 units=6 transl=7Z idx=14 char,r
aff21_wu_m128_seed5,21,7β,y,55,379.391574889809,0.9494656314239451,other |H|=18 units=6 transl=7Z idx=14 char,r
aff21_wu_m128_seed5,21,7β,y,56,418.6968002517731,0.9490168736660736,other |H|=18 units=6 transl=7Z idx=14 char,r
aff21_wu_m128_seed5,21,7β,y,57,538.056268252792,0.9479242721960602,other |H|=18 units=6 transl=7Z idx=14 char,r
aff21_wu_m128_seed5,21,7β,y,59,348.8338170327482,0.9999226587387771,other |H|=18 units=6 transl=7Z idx=14 char,l
aff21_wu_m128_seed5,21,7β,y,62,444.75354874451614,0.9486456414869032,other |H|=18 units=6 transl=7Z idx=14 char,r
aff21_wu_m128_seed5,21,7β,y,65,734.4424895504739,0.9491646550688482,other |H|=18 units=6 transl=7Z idx=14 char,r
aff21_wu_m128_seed5,21,7β,y,66,395.9610878834225,0.9497039845110654,other |H|=18 units=6 transl=7Z idx=14 char,r
aff21_wu_m128_seed5,21,7β,y,67,145.200442131656,0.9488601048193055,other |H|=18 units=6 transl=7Z idx=14 char,r
aff21_wu_m128_seed5,21,7β,y,69,193.71066422246375,0.9491372173337325,other |H|=18 units=6 transl=7Z idx=14 char,r
aff21_wu_m128_seed5,21,7β,y,70,544.3350560684381,0.9488073571288093,other |H|=18 units=6 transl=7Z idx=14 char,r
aff21_wu_m128_seed5,21,7β,y,71,541.6809321782541,0.9487784122895987,other |H|=18 units=6 transl=7Z idx=14 char,r
aff21_wu_m128_seed5,21,7β,y,72,192.9049254576172,0.9486890736290542,other |H|=18 units=6 transl=7Z idx=14 char,r
aff21_wu_m128_seed5,21,7β,y,73,474.63970807650156,0.9484116358120243,other |H|=18 units=6 transl=7Z idx=14 char,r
aff21_wu_m128_seed5,21,7β,y,76,497.3934166866937,0.9481333978165761,other |H|=18 units=6 transl=7Z idx=14 char,r
aff21_wu_m128_seed5,21,7β,y,81,469.8766558241316,0.9999328775380987,other |H|=18 units=6 transl=7Z idx=14 char,l
aff21_wu_m128_seed5,21,7β,y,83,480.0980553069458,0.9487080467417217,other |H|=18 units=6 transl=7Z idx=14 char,r
aff21_wu_m128_seed5,21,7β,y,84,664.4643695183014,0.9491468365300643,other |H|=18 units=6 transl=7Z idx=14 char,r
aff21_wu_m128_seed5,21,7β,y,85,466.8267807840491,0.9487821289817739,other |H|=18 units=6 transl=7Z idx=14 char,r
aff21_wu_m128_seed5,21,7β,y,86,489.7809352491745,0.9999555772816263,other |H|=18 units=6 transl=7Z idx=14 char,l
aff21_wu_m128_seed5,21,7β,y,88,313.0683338425053,0.9480942360544743,other |H|=18 units=6 transl=7Z idx=14 char,r
aff21_wu_m128_seed5,21,7β,y,91,622.6135895817588,0.9493513834504047,other |H|=18 units=6 transl=7Z idx=14 char,r
aff21_wu_m128_seed5,21,7β,y,92,537.60732292877,0.9485467882760884,other |H|=18 units=6 transl=7Z idx=14 char,r
aff21_wu_m128_seed5,21,7β,y,93,684.6830508304819,0.9484791431594269,other |H|=18 units=6 transl=7Z idx=14 char,r
aff21_wu_m128_seed5,21,7β,y,94,474.97543841191373,0.948221514290785,other |H|=18 units=6 transl=7Z idx=14 char,r
aff21_wu_m128_seed5,21,7β,y,96,485.49728045527615,0.9479986797643359,other |H|=18 units=6 transl=7Z idx=14 char,r
aff21_wu_m128_seed5,21,7β,y,97,478.0806838621908,0.9494130911909221,other |H|=18 units=6 transl=7Z idx=14 char,r
aff21_wu_m128_seed5,21,7β,y,99,322.7151196995964,0.9997055769964762,other |H|=18 units=6 transl=7Z idx=14 char,l
aff21_wu_m128_seed5,21,7β,y,100,416.43499916450264,0.9487273076326354,other |H|=18 units=6 transl=7Z idx=14 char,r
aff21_wu_m128_seed5,21,7β,y,101,495.82888783701463,0.9999589042869738,other |H|=18 units=6 transl=7Z idx=14 char,l
aff21_wu_m128_seed5,21,7β,y,105,548.8271988428291,0.9481765791565955,other |H|=18 units=6 transl=7Z idx=14 char,r
aff21_wu_m128_seed5,21,7β,y,111,423.5220855346711,0.9999314262014598,other |H|=18 units=6 transl=7Z idx=14 char,l
aff21_wu_m128_seed5,21,7β,y,112,562.8817720017432,0.9494395942632552,other |H|=18 units=6 transl=7Z idx=14 char,r
aff21_wu_m128_seed5,21,7β,y,115,470.72966648668034,0.9492947374825295,other |H|=18 units=6 transl=7Z idx=14 char,r
aff21_wu_m128_seed5,21,7β,y,119,438.77066559949026,0.9999308268601833,other |H|=18 units=6 transl=7Z idx=14 char,l
aff21_wu_m128_seed5,21,7β,y,120,541.7661831831565,0.9480877631371315,other |H|=18 units=6 transl=7Z idx=14 char,r
aff21_wu_m128_seed5,21,7β,y,121,679.3148003785517,0.9486962264024081,other |H|=18 units=6 transl=7Z idx=14 char,r
aff21_wu_m128_seed5,21,7β,y,122,449.25333660626023,0.9495461096420675,other |H|=18 units=6 transl=7Z idx=14 char,r
aff21_wu_m128_seed5,21,7β,y,123,643.3050307733934,0.9491546731694828,other |H|=18 units=6 transl=7Z idx=14 char,r
aff21_wu_m128_seed5,21,7β,y,124,559.8273290228999,0.9487934562620209,other |H|=18 units=6 transl=7Z idx=14 char,r
aff21_wu_m128_seed5,21,7β,y,126,603.6436158289424,0.9495002718973163,other |H|=18 units=6 transl=7Z idx=14 char,r
aff21_wu_m128_seed5,21,7β,y,127,485.48631784067226,0.9999234803717514,other |H|=18 units=6 transl=7Z idx=14 char,l
